PCON24NM,nation,mp_name,mp_party,mp_email,la_name,child_pop_0_19,imd_decile,imd_score,pct_non_decent_homes,total_homes_la,n_dwellings_voa,estimated_children_bl_5plus,rate_per_1000_bl_5plus,pct_pre_1900,pct_pre_1945,pct_pre_1972,pct_pre_1992,housing_source,n_mines_total,n_macklin,n_macklin_pb_relevant,n_iocmwf_metalliferous,n_iocmwf_water_pollution
Aldershot,England,Alex Baker,Labour,alex.baker.mp@parliament.uk,Rushmoor,28878.0,8,15.065516774696345,10.6,41656.0,49751,559,19.4,7.77,22.11,52.94,72.91,VOA CTSOP 2023 (LAD),0,0,0,0,0
Aldridge-Brownhills,England,Wendy Morton,Conservative,wendy.morton.mp@parliament.uk,Walsall,21369.0,6,18.854042679945444,13.1,113850.0,44838,455,21.3,8.56,29.83,71.05,83.46,VOA CTSOP 2023 (LAD),0,0,0,0,0
Altrincham and Sale West,England,Mr Connor Rand,Labour,connor.rand.mp@parliament.uk,Trafford,27227.0,10,10.403262170786212,13.7,99194.0,44203,499,18.3,12.69,49.82,75.36,84.76,VOA CTSOP 2023 (LAD),0,0,0,0,0
Amber Valley,England,Linsey Farnsworth,Labour,linsey.farnsworth.mp@parliament.uk,Amber Valley,19570.0,5,20.9255008764385,18.1,59064.0,38870,450,23.0,21.02,41.14,63.51,78.85,VOA CTSOP 2023 (LAD),0,0,0,0,0
Arundel and South Downs,England,Andrew Griffith,Conservative,andrew.griffith.mp@parliament.uk,Chichester,19536.0,9,11.190291413864642,16.7,57115.0,49628,382,19.6,12.12,25.5,52.33,71.86,VOA CTSOP 2023 (LAD),0,0,0,0,0
Ashfield,England,Lee Anderson,Reform UK,lee.anderson.mp@parliament.uk,Ashfield,22539.0,3,27.021796272702755,14.7,57315.0,47310,539,23.9,9.67,35.66,61.85,76.15,VOA CTSOP 2023 (LAD),0,0,0,0,0
Ashford,England,Sojan Joseph,Labour,sojan.joseph.mp@parliament.uk,Ashford,28629.0,6,18.833146133483073,13.8,56533.0,43142,613,21.4,14.86,24.94,48.95,66.0,VOA CTSOP 2023 (LAD),0,0,0,0,0
Ashton-under-Lyne,England,Angela Rayner,Labour,angela.rayner.mp@parliament.uk,Tameside,26697.0,2,34.50986996455214,15.9,102516.0,43642,666,24.9,18.02,41.32,71.21,84.47,VOA CTSOP 2023 (LAD),0,0,0,0,0
Aylesbury,England,Laura Kyrke-Smith,Labour,laura.kyrkesmith.mp@parliament.uk,Buckinghamshire,30160.0,9,12.35722899967364,11.0,232712.0,40607,563,18.7,8.89,22.93,55.2,74.53,VOA CTSOP 2023 (LAD),0,0,0,0,0
Banbury,England,Sean Woodcock,Labour,sean.woodcock.mp@parliament.uk,Cherwell,25309.0,8,14.957919095521275,12.0,69571.0,45264,496,19.6,12.87,19.14,45.52,67.59,VOA CTSOP 2023 (LAD),0,0,0,0,0
Barking,England,Nesil Caliskan,Labour,nesil.caliskan.mp@parliament.uk,Barking and Dagenham,45619.0,2,33.53486512148632,10.2,80291.0,43008,1085,23.8,1.23,55.4,74.09,78.8,VOA CTSOP 2023 (LAD),0,0,0,0,0
Barnsley North,England,Dan Jarvis,Labour,dan.jarvis.mp@parliament.uk,Barnsley,24741.0,5.0,,13.9,112048.0,49114,550,22.2,13.61,37.47,63.81,76.19,VOA CTSOP 2023 (LAD),0,0,0,0,0
Barnsley South,England,Stephanie Peacock,Labour,stephanie.peacock.mp@parliament.uk,Barnsley,25318.0,5.0,,13.9,112048.0,49114,562,22.2,13.61,37.47,63.81,76.19,VOA CTSOP 2023 (LAD),0,0,0,0,0
Barrow and Furness,England,Michelle Scrogham,Labour,michelle.scrogham.mp@parliament.uk,Westmorland and Furness,20212.0,3,27.113983821716236,28.0,106687.0,,535,26.5,,,,,,0,0,0,0,0
Basildon and Billericay,England,Mr Richard Holden,Conservative,richard.holden.mp@parliament.uk,Basildon,30178.0,5,22.19717662779899,7.3,79420.0,44356,634,21.0,0.56,4.73,48.65,76.93,VOA CTSOP 2023 (LAD),0,0,0,0,0
Basingstoke,England,Luke Murphy,Labour,luke.murphy.mp@parliament.uk,Basingstoke and Deane,27185.0,8,14.829738430810647,9.7,81103.0,46524,522,19.2,5.99,12.13,42.89,70.37,VOA CTSOP 2023 (LAD),0,0,0,0,0
Bassetlaw,England,Jo White,Labour,jo.white.mp@parliament.uk,Bassetlaw,24612.0,5,22.9073226021376,18.1,54102.0,44768,565,23.0,11.44,29.7,57.77,73.18,VOA CTSOP 2023 (LAD),0,0,0,0,0
Bath,England,Wera Hobhouse,Liberal Democrat,wera.hobhouse.mp@parliament.uk,Bath and North East Somerset,23777.0,9,11.990987377336628,14.9,84479.0,41619,458,19.3,25.26,38.63,66.69,79.07,VOA CTSOP 2023 (LAD),0,0,0,0,0
Battersea,England,Marsha De Cordova,Labour,marsha.decordova.mp@parliament.uk,Wandsworth,20897.0,7,16.62835797856406,9.6,148854.0,53010,417,20.0,33.11,52.1,69.84,78.35,VOA CTSOP 2023 (LAD),0,0,0,0,0
Beaconsfield,England,Joy Morrissey,Conservative,joy.morrissey.mp@parliament.uk,Buckinghamshire,23245.0,10,8.631533032141224,11.0,232712.0,45119,416,17.9,8.89,22.93,55.2,74.53,VOA CTSOP 2023 (LAD),0,0,0,0,0
Beckenham and Penge,England,Liam Conlon,Labour,liam.conlon.mp@parliament.uk,Bromley,25253.0,5.0,,8.1,147288.0,37020,534,21.1,12.12,47.1,73.91,87.55,VOA CTSOP 2023 (LAD),0,0,0,0,0
Bedford,England,Mohammad Yasin,Labour,mohammad.yasin.mp@parliament.uk,Bedford,28202.0,5,23.274184488275914,11.1,77918.0,38516,612,21.7,13.65,27.01,53.5,68.88,VOA CTSOP 2023 (LAD),0,0,0,0,0
Bermondsey and Old Southwark,England,Neil Coyle,Labour,neil.coyle.mp@parliament.uk,Southwark,18297.0,4,25.767731810030426,9.5,141408.0,51214,405,22.1,22.65,32.31,53.15,66.03,VOA CTSOP 2023 (LAD),0,0,0,0,0
Bethnal Green and Stepney,England,Rushanara Ali,Labour,rushanara.ali.mp@parliament.uk,Tower Hamlets,28535.0,5.0,,7.9,130618.0,58592,603,21.1,10.9,16.13,34.95,47.34,VOA CTSOP 2023 (LAD),0,0,0,0,0
Beverley and Holderness,England,Graham Stuart,Conservative,grahamstuartmp@parliament.uk,East Riding of Yorkshire,17447.0,8,15.76702053915276,17.7,157802.0,36182,358,20.5,14.43,29.68,54.93,74.34,VOA CTSOP 2023 (LAD),0,0,0,0,0
Bexhill and Battle,England,Dr Kieran Mullan,Conservative,kieran.mullan.mp@parliament.uk,Rother,17362.0,7,17.16719101060599,20.2,44448.0,43310,377,21.7,21.45,38.89,66.43,82.67,VOA CTSOP 2023 (LAD),0,0,0,0,0
Bexleyheath and Crayford,England,Daniel Francis,Labour,daniel.francis.mp@parliament.uk,Bexley,26560.0,7,17.28948649981636,8.3,103473.0,41617,524,19.7,6.9,52.0,74.2,87.11,VOA CTSOP 2023 (LAD),0,0,0,0,0
Bicester and Woodstock,England,Calum Miller,Liberal Democrat,calum.miller.mp@parliament.uk,Cherwell,24763.0,5.0,,12.0,69571.0,45264,542,21.9,12.87,19.14,45.52,67.59,VOA CTSOP 2023 (LAD),0,0,0,0,0
Birkenhead,England,Alison McGovern,Labour,alison.mcgovern.mp@parliament.uk,Wirral,26144.0,1,44.051791969064055,16.8,147536.0,45963,677,25.9,15.49,48.24,74.84,88.54,VOA CTSOP 2023 (LAD),0,0,0,0,0
Birmingham Edgbaston,England,Preet Kaur Gill,Labour (Co-op),preet.gill.mp@parliament.uk,Birmingham,27532.0,5.0,,18.1,429733.0,31840,633,23.0,11.67,47.2,70.36,81.58,VOA CTSOP 2023 (LAD),0,0,0,0,0
Birmingham Erdington,England,Paulette Hamilton,Labour,paulette.hamilton.mp@parliament.uk,Birmingham,34925.0,5.0,,18.1,429733.0,50943,802,23.0,11.67,47.2,70.36,81.58,VOA CTSOP 2023 (LAD),0,0,0,0,0
Birmingham Hall Green and Moseley,England,Tahir Ali,Labour,tahir.ali.mp@parliament.uk,Birmingham,35080.0,5.0,,18.1,429733.0,38208,806,23.0,11.67,47.2,70.36,81.58,VOA CTSOP 2023 (LAD),0,0,0,0,0
Birmingham Hodge Hill and Solihull North,England,Liam Byrne,Labour,liam.byrne.mp@parliament.uk,Birmingham,39702.0,5.0,,18.1,429733.0,49403,912,23.0,9.17,40.25,68.89,81.2,VOA CTSOP 2023 (LAD),0,0,0,0,0
Birmingham Ladywood,England,Shabana Mahmood,Labour,shabana.mahmood.mp@parliament.uk,Birmingham,44482.0,5.0,,18.1,429733.0,50943,1022,23.0,11.67,47.2,70.36,81.58,VOA CTSOP 2023 (LAD),0,0,0,0,0
Birmingham Northfield,England,Laurence Turner,Labour,laurence.turner.mp@parliament.uk,Birmingham,29797.0,5.0,,18.1,429733.0,50943,685,23.0,11.67,47.2,70.36,81.58,VOA CTSOP 2023 (LAD),0,0,0,0,0
Birmingham Perry Barr,England,Ayoub Khan,Independent,ayoub.khan.mp@parliament.uk,Birmingham,36913.0,5.0,,18.1,429733.0,50943,848,23.0,11.67,47.2,70.36,81.58,VOA CTSOP 2023 (LAD),0,0,0,0,0
Birmingham Selly Oak,England,Al Carns,Labour,al.carns.mp@parliament.uk,Birmingham,24906.0,5.0,,18.1,429733.0,50943,572,23.0,11.67,47.2,70.36,81.58,VOA CTSOP 2023 (LAD),0,0,0,0,0
Birmingham Yardley,England,Jess Phillips,Labour,jess.phillips.mp@parliament.uk,Birmingham,35870.0,5.0,,18.1,429733.0,44575,824,23.0,11.67,47.2,70.36,81.58,VOA CTSOP 2023 (LAD),0,0,0,0,0
Bishop Auckland,England,Sam Rushworth,Labour,sam.rushworth.mp@parliament.uk,County Durham,19277.0,3,29.118400336632778,14.7,242900.0,43464,461,23.9,13.72,35.98,64.71,78.73,VOA CTSOP 2023 (LAD),24,5,5,18,21
Blackburn,England,Mr Adnan Hussain,Independent,adnan.hussain.mp@parliament.uk,Blackburn with Darwen,36286.0,1,39.38047543360458,20.2,60538.0,44506,965,26.6,30.83,46.88,65.42,80.79,VOA CTSOP 2023 (LAD),0,0,0,0,0
Blackley and Middleton South,England,Graham Stringer,Labour,graham.stringer.mp@parliament.uk,Manchester,34822.0,5.0,,17.9,221040.0,49252,799,22.9,15.59,41.57,62.0,74.43,VOA CTSOP 2023 (LAD),0,0,0,0,0
Blackpool North and Fleetwood,England,Lorraine Beavers,Labour,lorraine.beavers.mp@parliament.uk,Wyre,19210.0,5.0,,17.7,52313.0,48547,440,22.9,10.94,40.24,70.55,82.77,VOA CTSOP 2023 (LAD),0,0,0,0,0
Blackpool South,England,Chris Webb,Labour,chris.webb.mp@parliament.uk,Blackpool,26127.0,1,49.00181414343877,24.6,66821.0,53417,719,27.5,15.0,62.88,82.72,90.47,VOA CTSOP 2023 (LAD),0,0,0,0,0
Blaydon and Consett,England,Liz Twist,Labour,liz.twist.mp@parliament.uk,County Durham,19913.0,5.0,,14.7,242900.0,45292,445,22.3,13.45,36.91,68.56,81.69,VOA CTSOP 2023 (LAD),1,0,0,0,0
Blyth and Ashington,England,Ian Lavery,Labour,ian.lavery.mp@parliament.uk,Northumberland,23776.0,5.0,,17.5,152126.0,50715,544,22.9,15.38,33.94,61.16,79.1,VOA CTSOP 2023 (LAD),0,0,0,0,0
Bognor Regis and Littlehampton,England,Alison Griffiths,Conservative,alison.griffiths.mp@parliament.uk,Arun,21242.0,5,21.470888324873098,14.1,76720.0,51847,473,22.3,6.97,26.0,58.35,78.24,VOA CTSOP 2023 (LAD),0,0,0,0,0
Bolsover,England,Natalie Fleet,Labour,natalie.fleet.mp@parliament.uk,Bolsover,22469.0,4,24.65547841995593,16.1,36988.0,52365,526,23.4,13.03,33.69,60.43,76.57,VOA CTSOP 2023 (LAD),0,0,0,0,0
Bolton North East,England,Kirith Entwistle,Labour,kirith.entwistle.mp@parliament.uk,Bolton,31456.0,2,34.807888374107385,16.6,122402.0,42487,789,25.1,18.88,41.31,65.24,82.46,VOA CTSOP 2023 (LAD),0,0,0,0,0
Bolton South and Walkden,England,Yasmin Qureshi,Labour,yasmin.qureshi.mp@parliament.uk,Bolton,39603.0,5.0,,16.6,122402.0,56832,899,22.7,16.56,38.77,62.2,77.96,VOA CTSOP 2023 (LAD),0,0,0,0,0
Bolton West,England,Phil Brickell,Labour,phil.brickell.mp@parliament.uk,Bolton,25042.0,5,21.71368340487149,16.6,122402.0,47798,568,22.7,18.88,41.31,65.24,82.46,VOA CTSOP 2023 (LAD),0,0,0,0,0
Bootle,England,Peter Dowd,Labour,peter.dowd.mp@parliament.uk,Sefton,24652.0,1,42.20251706756279,17.8,126783.0,45259,644,26.1,21.72,48.22,75.95,88.45,VOA CTSOP 2023 (LAD),0,0,0,0,0
Boston and Skegness,England,Richard Tice,Reform UK,richard.tice.mp@parliament.uk,Boston,25275.0,3,28.81706354253064,17.4,30846.0,52661,618,24.5,16.65,30.49,53.91,71.43,VOA CTSOP 2023 (LAD),0,0,0,0,0
Bournemouth East,England,Tom Hayes,Labour,tom.hayes.mp@parliament.uk,"Bournemouth, Christchurch and Poole",23404.0,5,21.645607290039706,13.4,184493.0,51559,518,22.1,10.84,36.18,60.23,80.3,VOA CTSOP 2023 (LAD),0,0,0,0,0
Bournemouth West,England,Jessica Toale,Labour,jessica.toale.mp@parliament.uk,"Bournemouth, Christchurch and Poole",21041.0,5,22.413539044593865,13.4,184493.0,45830,465,22.1,10.84,36.18,60.23,80.3,VOA CTSOP 2023 (LAD),0,0,0,0,0
Bracknell,England,Peter Swallow,Labour,peter.swallow.mp@parliament.uk,Bracknell Forest,26296.0,10,10.920735231468333,7.7,53273.0,39495,458,17.4,3.19,6.31,37.43,70.56,VOA CTSOP 2023 (LAD),0,0,0,0,0
Bradford East,England,Imran Hussain,Labour,imran.hussain.mp@parliament.uk,Bradford,39634.0,1,44.644486939255174,20.9,217823.0,42908,1060,26.7,23.66,46.45,68.66,79.52,VOA CTSOP 2023 (LAD),0,0,0,0,0
Bradford South,England,Judith Cummins,Labour,judith.cummins.mp@parliament.uk,Bradford,32789.0,1,38.25947971030936,20.9,217823.0,50059,877,26.7,23.66,46.45,68.66,79.52,VOA CTSOP 2023 (LAD),0,0,0,0,0
Bradford West,England,Naz Shah,Labour,naz.shah.mp@parliament.uk,Bradford,39265.0,1,42.17544704154893,20.9,217823.0,42908,1050,26.7,23.66,46.45,68.66,79.52,VOA CTSOP 2023 (LAD),0,0,0,0,0
Braintree,England,Sir James Cleverly,Conservative,james.cleverly.mp@parliament.uk,Braintree,24291.0,8,14.83900432994368,12.3,67524.0,48715,477,19.6,12.13,23.62,49.59,69.49,VOA CTSOP 2023 (LAD),0,0,0,0,0
Brent East,England,Dawn Butler,Labour,dawn.butler.mp@parliament.uk,Brent,34500.0,5.0,,12.1,128525.0,48175,755,21.9,20.69,61.01,68.8,75.22,VOA CTSOP 2023 (LAD),0,0,0,0,0
Brent West,England,Barry Gardiner,Labour,barry.gardiner.mp@parliament.uk,Brent,32057.0,5.0,,12.1,128525.0,60218,702,21.9,20.69,61.01,68.8,75.22,VOA CTSOP 2023 (LAD),0,0,0,0,0
Brentford and Isleworth,England,Ruth Cadbury,Labour,ruthcadburymp@parliament.uk,Hounslow,33056.0,6,19.61859481988251,9.3,111524.0,54542,682,20.6,11.66,47.24,65.12,77.41,VOA CTSOP 2023 (LAD),0,0,0,0,0
Brentwood and Ongar,England,Alex Burghart,Conservative,alex.burghart.mp@parliament.uk,Brentwood,23490.0,9,11.609344796314806,9.0,33635.0,47134,431,18.3,7.28,22.53,67.02,81.56,VOA CTSOP 2023 (LAD),0,0,0,0,0
Bridgwater,England,Sir Ashley Fox,Conservative,ashley.fox.mp@parliament.uk,Somerset,23235.0,5.0,,16.9,266140.0,,529,22.8,,,,,,0,0,0,0,0
Bridlington and The Wolds,England,Charlie Dewhirst,Conservative,charlie.dewhirst.mp@parliament.uk,,,,,,,,,,,,,,,0,0,0,0,0
Brigg and Immingham,England,Martin Vickers,Conservative,martin.vickers.mp@parliament.uk,North East Lincolnshire,19125.0,5.0,,16.7,72582.0,42549,435,22.7,12.66,33.39,65.04,80.96,VOA CTSOP 2023 (LAD),0,0,0,0,0
Brighton Kemptown and Peacehaven,England,Chris Ward,Labour,chris.ward.mp@parliament.uk,Brighton and Hove,18316.0,5.0,,23.0,128334.0,48420,437,23.9,26.38,46.9,73.81,86.36,VOA CTSOP 2023 (LAD),0,0,0,0,0
Brighton Pavilion,England,Siân Berry,Green Party,sian.berry.mp@parliament.uk,Brighton and Hove,17642.0,5.0,,23.0,128334.0,49444,421,23.9,33.24,56.76,80.16,87.93,VOA CTSOP 2023 (LAD),0,0,0,0,0
Bristol Central,England,Carla Denyer,Green Party,carla.denyer.mp@parliament.uk,"Bristol, City of",12430.0,5.0,,14.5,203529.0,43128,277,22.3,9.71,51.19,72.78,80.59,VOA CTSOP 2023 (LAD),0,0,0,0,0
Bristol East,England,Kerry McCarthy,Labour,kerry.mccarthy.mp@parliament.uk,"Bristol, City of",25481.0,4,26.23238503050444,14.5,203529.0,55451,589,23.1,9.71,51.19,72.78,80.59,VOA CTSOP 2023 (LAD),0,0,0,0,0
Bristol North East,England,Damien Egan,Labour,damien.egan.mp@parliament.uk,"Bristol, City of",23313.0,5.0,,14.5,203529.0,42608,520,22.3,8.67,34.75,60.26,75.64,VOA CTSOP 2023 (LAD),0,0,0,0,0
Bristol North West,England,Darren Jones,Labour,darren.jones.mp@parliament.uk,"Bristol, City of",26573.0,4,24.442144765622054,14.5,203529.0,43128,614,23.1,9.71,51.19,72.78,80.59,VOA CTSOP 2023 (LAD),0,0,0,0,0
Bristol South,England,Karin Smyth,Labour,karin.smyth.mp@parliament.uk,"Bristol, City of",25321.0,2,32.742763033926515,14.5,203529.0,43128,624,24.6,9.71,51.19,72.78,80.59,VOA CTSOP 2023 (LAD),0,0,0,0,0
Broadland and Fakenham,England,Jerome Mayhew,Conservative,jerome.mayhew.mp@parliament.uk,Broadland,19384.0,5.0,,12.2,60070.0,49409,425,21.9,10.83,22.86,50.52,71.8,VOA CTSOP 2023 (LAD),0,0,0,0,0
Bromley and Biggin Hill,England,Peter Fortune,Conservative,peter.fortune.mp@parliament.uk,Bromley,24218.0,5.0,,8.1,147288.0,47597,512,21.1,12.12,47.1,73.91,87.55,VOA CTSOP 2023 (LAD),0,0,0,0,0
Bromsgrove,England,Bradley Thomas,Conservative,bradley.thomas.mp@parliament.uk,Bromsgrove,23191.0,9,11.68277928735195,12.1,41850.0,42790,437,18.8,8.88,26.57,58.45,75.88,VOA CTSOP 2023 (LAD),0,0,0,0,0
Broxbourne,England,Lewis Cocking,Conservative,lewis.cocking.mp@parliament.uk,Broxbourne,27835.0,7,17.60758984253196,9.0,41398.0,46567,552,19.8,6.58,18.61,54.09,76.07,VOA CTSOP 2023 (LAD),0,0,0,0,0
Broxtowe,England,Juliet Campbell,Labour,juliet.campbell.mp@parliament.uk,Broxtowe,20432.0,9,12.680272884685488,15.5,50901.0,41666,396,19.4,9.5,33.34,67.11,86.05,VOA CTSOP 2023 (LAD),0,0,0,0,0
Buckingham and Bletchley,England,Callum Anderson,Labour,callum.anderson.mp@parliament.uk,Buckinghamshire,29426.0,5.0,,11.0,232712.0,43698,638,21.7,6.89,15.58,37.74,66.87,VOA CTSOP 2023 (LAD),0,0,0,0,0
Burnley,England,Oliver Ryan,Labour (Co-op),oliver.ryan.mp@parliament.uk,Burnley,30103.0,1,38.554301968061175,20.3,41069.0,49592,802,26.6,34.01,56.72,73.23,85.01,VOA CTSOP 2023 (LAD),1,0,0,0,2
Burton and Uttoxeter,England,Jacob Collier,Labour,jacob.collier.mp@parliament.uk,East Staffordshire,28922.0,5.0,,16.5,52022.0,45833,656,22.7,15.27,32.75,55.09,70.95,VOA CTSOP 2023 (LAD),0,0,0,0,0
Bury North,England,Mr James Frith,Labour,james.frith.mp@parliament.uk,Bury,25527.0,4,24.229296437955234,15.9,83138.0,42455,596,23.3,17.95,43.81,71.3,85.01,VOA CTSOP 2023 (LAD),0,0,0,0,0
Bury South,England,Christian Wakeford,Labour,christian.wakeford.mp@parliament.uk,Bury,30483.0,4,23.836147972497,15.9,83138.0,49007,712,23.4,17.33,42.81,69.83,83.41,VOA CTSOP 2023 (LAD),0,0,0,0,0
Bury St Edmunds and Stowmarket,England,Peter Prinsley,Labour,peter.prinsley.mp@parliament.uk,West Suffolk,23136.0,5.0,,12.7,81778.0,43794,509,22.0,15.24,20.96,45.94,69.07,VOA CTSOP 2023 (LAD),0,0,0,0,0
Calder Valley,England,Josh Fenton-Glynn,Labour,josh.fentonglynn.mp@parliament.uk,Calderdale,21181.0,6,20.631261790018844,22.5,93875.0,48360,486,22.9,32.07,51.15,71.23,81.42,VOA CTSOP 2023 (LAD),0,0,0,0,0
Camborne and Redruth,England,Perran Moon,Labour,perran.moon.mp@parliament.uk,Cornwall,22422.0,4,26.485812904597395,23.1,266162.0,46765,554,24.7,25.6,35.26,54.41,73.51,VOA CTSOP 2023 (LAD),8,4,0,4,4
Cambridge,England,Daniel Zeichner,Labour,daniel@danielzeichner.co.uk,Cambridge,23236.0,8,15.306197529796398,10.6,54693.0,51394,450,19.4,14.48,31.4,53.75,68.75,VOA CTSOP 2023 (LAD),0,0,0,0,0
Cannock Chase,England,Josh Newbury,Labour,josh.newbury.mp@parliament.uk,Cannock Chase,22981.0,6,20.45915396677319,11.2,44094.0,45780,482,21.0,4.33,18.04,55.13,74.4,VOA CTSOP 2023 (LAD),0,0,0,0,0
Canterbury,England,Rosie Duffield,Independent,rosie.duffield.mp@parliament.uk,Canterbury,23175.0,8,15.556338794733177,15.1,67401.0,47000,466,20.1,15.21,32.41,60.11,76.68,VOA CTSOP 2023 (LAD),0,0,0,0,0
Carlisle,England,Ms Julie Minns,Labour,julie.minns.mp@parliament.uk,Cumberland,23029.0,5,22.859102138341605,22.0,129197.0,,545,23.7,,,,,,0,0,0,0,0
Carshalton and Wallington,England,Bobby Dean,Liberal Democrat,bobby.dean.mp@parliament.uk,Sutton,28742.0,7,17.10900144263819,8.9,89336.0,42985,570,19.8,5.25,53.93,68.22,82.54,VOA CTSOP 2023 (LAD),0,0,0,0,0
Castle Point,England,Rebecca Harris,Conservative,rebecca.harris.mp@parliament.uk,Castle Point,19895.0,7,16.821148114543682,8.5,38918.0,43836,393,19.8,1.38,12.48,60.86,83.93,VOA CTSOP 2023 (LAD),0,0,0,0,0
Central Devon,England,Sir Mel Stride,Conservative,mel.stride.mp@parliament.uk,Mid Devon,19698.0,7,16.28722436406364,21.7,37877.0,44363,433,22.0,26.35,35.18,55.22,73.69,VOA CTSOP 2023 (LAD),1,2,2,1,1
Central Suffolk and North Ipswich,England,Patrick Spencer,Independent,patrick.spencer.mp@parliament.uk,Mid Suffolk,21177.0,8,14.526365107773714,17.7,45999.0,45462,434,20.5,18.48,31.27,52.96,72.87,VOA CTSOP 2023 (LAD),0,0,0,0,0
Chatham and Aylesford,England,Tristan Osborne,Labour,tristan.osborne.mp@parliament.uk,Medway,29011.0,4,24.91484786504597,14.7,117761.0,48709,671,23.1,14.59,30.4,61.36,78.58,VOA CTSOP 2023 (LAD),0,0,0,0,0
Cheadle,England,Tom Morrison,Liberal Democrat,tom.morrison.mp@parliament.uk,Stockport,23756.0,9,11.521205478878255,14.5,130518.0,50923,456,19.2,13.9,42.26,76.86,90.0,VOA CTSOP 2023 (LAD),0,0,0,0,0
Chelmsford,England,Marie Goldman,Liberal Democrat,marie.goldman.mp@parliament.uk,Chelmsford,26603.0,9,12.566074472353744,9.0,78424.0,43312,488,18.3,5.03,18.0,51.21,75.26,VOA CTSOP 2023 (LAD),0,0,0,0,0
Chelsea and Fulham,England,Ben Coleman,Labour,ben.coleman.mp@parliament.uk,Hammersmith and Fulham,21836.0,7,17.235375601060426,12.5,88372.0,60078,446,20.4,53.21,68.36,77.05,84.87,VOA CTSOP 2023 (LAD),0,0,0,0,0
Cheltenham,England,Max Wilkinson,Liberal Democrat,max.wilkinson.mp@parliament.uk,Cheltenham,22502.0,8,14.514859265087882,13.1,56336.0,44695,445,19.8,22.45,33.44,63.05,79.85,VOA CTSOP 2023 (LAD),0,0,0,0,0
Chesham and Amersham,England,Sarah Green,Liberal Democrat,sarah.green.mp@parliament.uk,Buckinghamshire,25319.0,10,6.977283114341046,11.0,232712.0,49631,454,17.9,8.89,22.93,55.2,74.53,VOA CTSOP 2023 (LAD),0,0,0,0,0
Chester North and Neston,England,Samantha Dixon,Labour,Samantha.dixon.mp@parliament.uk,Cheshire West and Chester,18456.0,5.0,,14.1,159832.0,36553,411,22.3,12.83,27.67,61.24,76.25,VOA CTSOP 2023 (LAD),0,0,0,0,0
Chester South and Eddisbury,England,Aphra Brandreth,Conservative,aphra.brandreth.mp@parliament.uk,Cheshire West and Chester,21026.0,5.0,,14.1,159832.0,47280,468,22.3,13.78,28.27,60.01,75.44,VOA CTSOP 2023 (LAD),0,0,0,0,0
Chesterfield,England,Mr Toby Perkins,Labour,toby.perkins.mp@parliament.uk,Chesterfield,19989.0,4,24.452959259024166,15.1,50523.0,42292,464,23.2,13.18,35.33,64.85,83.17,VOA CTSOP 2023 (LAD),0,0,0,0,0
Chichester,England,Jess Brown-Fuller,Liberal Democrat,jess.brownfuller.mp@parliament.uk,Chichester,21343.0,8,13.897356320913419,16.7,57115.0,44841,434,20.3,14.33,28.46,55.41,72.79,VOA CTSOP 2023 (LAD),0,0,0,0,0
Chingford and Woodford Green,England,Sir Iain Duncan Smith,Conservative,Iain.duncansmith.mp@parliament.uk,Waltham Forest,27267.0,6,18.727545716099005,12.5,111422.0,43102,578,21.2,19.58,63.72,76.65,83.62,VOA CTSOP 2023 (LAD),0,0,0,0,0
Chippenham,England,Sarah Gibson,Liberal Democrat,sarah.gibson.mp@parliament.uk,Wiltshire,22300.0,9,12.602057985860048,13.5,229103.0,44590,425,19.1,16.77,26.38,52.43,70.4,VOA CTSOP 2023 (LAD),0,0,0,0,0
Chipping Barnet,England,Dan Tomlinson,Labour,dan.tomlinson.mp@parliament.uk,Barnet,29418.0,8,13.971072858933061,9.9,161231.0,52743,566,19.2,6.7,55.02,69.1,79.26,VOA CTSOP 2023 (LAD),0,0,0,0,0
Chorley,England,Sir Lindsay Hoyle,Speaker,Lindsay.hoyle.mp@parliament.uk,Chorley,23591.0,7,17.78665467612221,14.6,51621.0,45154,490,20.8,14.52,28.45,51.06,72.61,VOA CTSOP 2023 (LAD),2,0,0,0,2
Christchurch,England,Sir Christopher Chope,Conservative,chopec@parliament.uk,"Bournemouth, Christchurch and Poole",15351.0,9,11.59545744025903,13.4,184493.0,46001,292,19.0,14.42,31.95,56.32,77.92,VOA CTSOP 2023 (LAD),0,0,0,0,0
Cities of London and Westminster,England,Rachel Blake,Labour (Co-op),rachel.blake.mp@parliament.uk,City of London,17292.0,7,16.882227236955423,9.9,5290.0,80908,346,20.0,27.5,33.56,66.28,72.32,VOA CTSOP 2023 (LAD),0,0,0,0,0
City of Durham,England,Mary Kelly Foy,Labour,mary.foy.mp@parliament.uk,County Durham,18247.0,7,17.618695275605607,14.7,242900.0,39512,380,20.8,13.72,35.98,64.71,78.73,VOA CTSOP 2023 (LAD),3,5,5,0,0
Clacton,England,Nigel Farage,Reform UK,nigel.farage.mp@parliament.uk,Tendring,19505.0,1,35.99501186272346,15.2,70116.0,50944,499,25.6,10.4,29.87,59.08,79.82,VOA CTSOP 2023 (LAD),0,0,0,0,0
Clapham and Brixton Hill,England,Bell Ribeiro-Addy,Labour,bell.ribeiroaddy.mp@parliament.uk,Lambeth,16914.0,5.0,,11.1,145797.0,52027,367,21.7,36.88,53.84,71.11,80.06,VOA CTSOP 2023 (LAD),0,0,0,0,0
Colchester,England,Pam Cox,Labour,pam.cox.mp@parliament.uk,Colchester,30483.0,6,19.687278293402404,10.5,83024.0,47411,635,20.8,9.94,21.6,47.38,68.78,VOA CTSOP 2023 (LAD),0,0,0,0,0
Colne Valley,England,Paul Davies,Labour,paul.davies.mp@parliament.uk,Kirklees,21426.0,6,18.989373923376657,19.2,184772.0,38308,479,22.4,22.76,41.82,67.94,79.46,VOA CTSOP 2023 (LAD),0,0,0,0,0
Congleton,England,Sarah Russell,Labour,sarah.russell.mp@parliament.uk,Cheshire East,21005.0,9,12.44616201455067,14.4,180017.0,35954,403,19.2,15.92,29.61,57.23,73.64,VOA CTSOP 2023 (LAD),1,1,1,0,0
Corby and East Northamptonshire,England,Lee Barron,Labour,lee.barron.mp@parliament.uk,North Northamptonshire,31052.0,5.0,,14.6,156363.0,48932,694,22.3,12.56,25.13,51.99,69.02,VOA CTSOP 2023 (LAD),0,0,0,0,0
Coventry East,England,Mary Creagh,Labour,mary.creagh.mp@parliament.uk,Coventry,36087.0,5.0,,16.6,136126.0,50497,819,22.7,4.13,40.13,70.94,78.48,VOA CTSOP 2023 (LAD),0,0,0,0,0
Coventry North West,England,Taiwo Owatemi,Labour,taiwo.owatemi.mp@parliament.uk,Coventry,27847.0,5,22.83219944590911,16.6,136126.0,50497,632,22.7,4.13,40.13,70.94,78.48,VOA CTSOP 2023 (LAD),0,0,0,0,0
Coventry South,England,Zarah Sultana,Your Party,zarah.sultana.mp@parliament.uk,Coventry,28819.0,5,22.76098718341347,16.6,136126.0,50497,654,22.7,4.13,40.13,70.94,78.48,VOA CTSOP 2023 (LAD),0,0,0,0,0
Cramlington and Killingworth,England,Emma Foody,Labour (Co-op),emma.foody.mp@parliament.uk,Northumberland,21470.0,5.0,,17.5,152126.0,59085,491,22.9,12.39,35.57,63.27,79.75,VOA CTSOP 2023 (LAD),2,1,1,0,1
Crawley,England,Peter Lamb,Labour,peter.lamb.mp@parliament.uk,Crawley,32724.0,6,18.96680220444982,9.6,48152.0,47080,677,20.7,1.44,4.29,46.5,75.3,VOA CTSOP 2023 (LAD),0,0,0,0,0
Crewe and Nantwich,England,Connor Naismith,Labour,connor.naismith.mp@parliament.uk,Cheshire East,27030.0,6,19.81589496204526,14.4,180017.0,46740,582,21.5,15.92,29.61,57.23,73.64,VOA CTSOP 2023 (LAD),0,0,0,0,0
Croydon East,England,Natasha Irons,Labour,natasha.irons.mp@parliament.uk,Croydon,28321.0,5.0,,10.9,165899.0,51281,614,21.7,19.44,52.74,72.83,83.23,VOA CTSOP 2023 (LAD),0,0,0,0,0
Croydon South,England,Chris Philp,Conservative,chris.philp.mp@parliament.uk,Croydon,26384.0,8,14.717169175651641,10.9,165899.0,45583,512,19.4,19.44,52.74,72.83,83.23,VOA CTSOP 2023 (LAD),0,0,0,0,0
Croydon West,England,Sarah Jones,Labour,sarah.jones.mp@parliament.uk,Croydon,35003.0,5.0,,10.9,165899.0,45583,758,21.7,19.44,52.74,72.83,83.23,VOA CTSOP 2023 (LAD),0,0,0,0,0
Dagenham and Rainham,England,Margaret Mullane,Labour,margaret.mullane.mp@parliament.uk,Barking and Dagenham,37505.0,3,26.921771272360527,10.2,80291.0,57561,864,23.0,1.38,50.56,74.89,80.94,VOA CTSOP 2023 (LAD),0,0,0,0,0
Darlington,England,Lola McEvoy,Labour,lola.mcevoy.mp@parliament.uk,Darlington,22887.0,3,27.95413559506098,14.7,50652.0,47790,547,23.9,10.02,40.68,62.35,77.08,VOA CTSOP 2023 (LAD),0,0,0,0,0
Dartford,England,Jim Dickson,Labour,jim.dickson.mp@parliament.uk,Dartford,33331.0,6,18.93044004960016,10.8,48385.0,46636,697,20.9,10.19,31.41,56.77,67.2,VOA CTSOP 2023 (LAD),1,2,2,0,0
Daventry,England,Stuart Andrew,Conservative,stuart.andrew.mp@parliament.uk,West Northamptonshire,24391.0,9,12.390963470140468,15.9,181459.0,50997,474,19.4,12.57,23.88,48.07,70.37,VOA CTSOP 2023 (LAD),0,0,0,0,0
Derby North,England,Catherine Atkinson,Labour,catherine.atkinson.mp@parliament.uk,Derby,25857.0,5,23.096751889711356,17.5,111119.0,51819,591,22.9,14.86,38.08,62.63,82.13,VOA CTSOP 2023 (LAD),0,0,0,0,0
Derby South,England,Baggy Shanker,Labour (Co-op),baggy.shanker.mp@parliament.uk,Derby,34694.0,2,35.14526765748452,17.5,111119.0,42398,876,25.2,14.86,38.08,62.63,82.13,VOA CTSOP 2023 (LAD),0,0,0,0,0
Derbyshire Dales,England,John Whitby,Labour,john.whitby.mp@parliament.uk,Derbyshire Dales,17397.0,9,11.853298483521094,27.5,33997.0,47750,370,21.3,30.02,43.5,63.32,77.01,VOA CTSOP 2023 (LAD),6,7,7,0,0
Dewsbury and Batley,England,Iqbal Mohamed,Independent,iqbal.mohamed.mp@parliament.uk,Kirklees,30460.0,5.0,,19.2,184772.0,45970,706,23.2,22.76,41.82,67.94,79.46,VOA CTSOP 2023 (LAD),0,0,0,0,0
Didcot and Wantage,England,Olly Glover,Liberal Democrat,olly.glover.mp@parliament.uk,Vale of White Horse,28974.0,5.0,,11.2,60678.0,44777,629,21.7,11.28,21.67,50.61,69.85,VOA CTSOP 2023 (LAD),0,0,0,0,0
Doncaster Central,England,Sally Jameson,Labour (Co-op),sally.jameson.mp@parliament.uk,Doncaster,28342.0,2,31.150123215135118,14.3,138626.0,54297,698,24.6,5.75,34.13,63.71,79.81,VOA CTSOP 2023 (LAD),0,0,0,0,0
Doncaster East and the Isle of Axholme,England,Lee Pitcher,Labour,lee.pitcher.mp@parliament.uk,Doncaster,21607.0,5.0,,14.3,138626.0,37676,482,22.3,7.43,31.75,62.3,78.77,VOA CTSOP 2023 (LAD),0,0,0,0,0
Doncaster North,England,Ed Miliband,Labour,ed.miliband.mp@parliament.uk,Doncaster,23647.0,2,33.58912741539772,14.3,138626.0,47510,582,24.6,5.75,34.13,63.71,79.81,VOA CTSOP 2023 (LAD),0,0,0,0,0
Dorking and Horley,England,Chris Coghlan,Liberal Democrat,chris.coghlan.mp@parliament.uk,Mole Valley,22109.0,5.0,,12.2,39194.0,40274,484,21.9,13.63,36.14,64.21,79.97,VOA CTSOP 2023 (LAD),0,0,0,0,0
Dover and Deal,England,Mike Tapp,Labour,mike.tapp.mp@parliament.uk,Dover,23594.0,5.0,,18.1,53317.0,48476,542,23.0,25.99,43.37,68.15,81.94,VOA CTSOP 2023 (LAD),0,0,0,0,0
Droitwich and Evesham,England,Nigel Huddleston,Conservative,nigel.huddleston.mp@parliament.uk,Wychavon,22338.0,5.0,,16.6,58183.0,44799,507,22.7,14.49,23.23,46.39,66.64,VOA CTSOP 2023 (LAD),0,0,0,0,0
Dudley,England,Sonia Kumar,Labour,sonia.kumar.mp@parliament.uk,Dudley,27152.0,5.0,,13.2,139013.0,43357,600,22.1,6.15,28.58,69.6,86.2,VOA CTSOP 2023 (LAD),0,0,0,0,0
Dulwich and West Norwood,England,Helen Hayes,Labour,helen.hayes.mp@parliament.uk,Lambeth,23411.0,4,23.716529473103638,11.1,145797.0,53890,526,22.5,33.0,47.97,66.22,76.23,VOA CTSOP 2023 (LAD),0,0,0,0,0
Dunstable and Leighton Buzzard,England,Alex Mayer,Labour,alex.mayer.mp@parliament.uk,Central Bedfordshire,30433.0,5.0,,8.9,125410.0,44942,648,21.3,8.93,17.96,45.87,66.38,VOA CTSOP 2023 (LAD),0,0,0,0,0
Ealing Central and Acton,England,Dr Rupa Huq,Labour,rupa.huq.mp@parliament.uk,Ealing,29636.0,6,20.055090720832222,10.9,144747.0,52007,620,20.9,20.81,60.74,72.15,81.34,VOA CTSOP 2023 (LAD),0,0,0,0,0
Ealing North,England,James Murray,Labour (Co-op),james.murray.mp@parliament.uk,Ealing,33916.0,5,23.405919624574807,10.9,144747.0,49243,735,21.7,12.79,59.23,71.46,81.03,VOA CTSOP 2023 (LAD),0,0,0,0,0
Ealing Southall,England,Deirdre Costigan,Labour,deirdre.costigan.mp@parliament.uk,Ealing,31881.0,5.0,,10.9,144747.0,55399,691,21.7,12.79,59.23,71.46,81.03,VOA CTSOP 2023 (LAD),0,0,0,0,0
Earley and Woodley,England,Yuan Yang,Labour,yuan.yang.mp@parliament.uk,Wokingham,29100.0,5.0,,7.3,73124.0,44542,612,21.0,7.63,19.06,47.25,71.62,VOA CTSOP 2023 (LAD),0,0,0,0,0
Easington,England,Grahame Morris,Labour,grahame.morris.mp@parliament.uk,County Durham,21361.0,1,36.12225120755358,14.7,242900.0,51366,544,25.5,13.72,35.98,64.71,78.73,VOA CTSOP 2023 (LAD),0,0,0,0,0
East Grinstead and Uckfield,England,Mims Davies,Conservative,mims.davies.mp@parliament.uk,Mid Sussex,23124.0,5.0,,11.1,66782.0,46958,502,21.7,12.54,25.43,55.35,74.35,VOA CTSOP 2023 (LAD),0,0,0,0,0
East Ham,England,Sir Stephen Timms,Labour,timmss@parliament.uk,Newham,38760.0,3,28.362951920972645,12.5,125886.0,47404,910,23.5,28.94,43.46,58.43,68.53,VOA CTSOP 2023 (LAD),0,0,0,0,0
East Hampshire,England,Damian Hinds,Conservative,damian.hinds.mp@parliament.uk,East Hampshire,19644.0,10,10.94830676167223,12.6,55650.0,47546,357,18.2,10.38,21.01,46.91,73.37,VOA CTSOP 2023 (LAD),0,0,0,0,0
East Surrey,England,Claire Coutinho,Conservative,claire.coutinho.mp@parliament.uk,Tandridge,25098.0,9,12.024301960508872,11.9,37626.0,42125,472,18.8,12.98,35.53,64.76,76.96,VOA CTSOP 2023 (LAD),0,0,0,0,0
East Thanet,England,Ms Polly Billington,Labour,polly.billington.mp@parliament.uk,Thanet,24796.0,5.0,,18.3,65608.0,50830,571,23.0,26.04,47.75,73.13,85.97,VOA CTSOP 2023 (LAD),0,0,0,0,0
East Wiltshire,England,Danny Kruger,Reform UK,danny.kruger.mp@parliament.uk,Wiltshire,25477.0,5.0,,13.5,229103.0,49557,564,22.1,15.89,25.49,51.51,70.49,VOA CTSOP 2023 (LAD),0,0,0,0,0
East Worthing and Shoreham,England,Tom Rutland,Labour,tom.rutland.mp@parliament.uk,Adur,22047.0,7,16.41525235363489,13.3,29282.0,44688,453,20.5,4.67,37.06,74.9,88.52,VOA CTSOP 2023 (LAD),0,0,0,0,0
Eastbourne,England,Josh Babarinde,Liberal Democrat,josh.babarinde.mp@parliament.uk,Eastbourne,21885.0,5,21.29003707864159,17.3,48285.0,49580,500,22.8,19.67,36.33,61.44,82.73,VOA CTSOP 2023 (LAD),0,0,0,0,0
Eastleigh,England,Liz Jarvis,Liberal Democrat,liz.jarvis.mp@parliament.uk,Eastleigh,22581.0,9,11.455446239390234,9.2,60144.0,41566,415,18.4,4.27,17.16,42.57,68.67,VOA CTSOP 2023 (LAD),0,0,0,0,0
Edmonton and Winchmore Hill,England,Kate Osamor,Labour (Co-op),kate.osamor.mp@parliament.uk,Enfield,34205.0,5.0,,11.2,131096.0,45846,743,21.7,10.69,58.81,75.62,85.0,VOA CTSOP 2023 (LAD),0,0,0,0,0
Ellesmere Port and Bromborough,England,Justin Madders,Labour,justin.madders.mp@parliament.uk,Cheshire West and Chester,23062.0,5.0,,14.1,159832.0,46030,513,22.2,13.32,31.41,63.72,78.48,VOA CTSOP 2023 (LAD),0,0,0,0,0
Eltham and Chislehurst,England,Clive Efford,Labour,clive.efford.mp@parliament.uk,Greenwich,28480.0,5.0,,8.8,123901.0,47531,606,21.3,15.0,41.38,62.44,74.36,VOA CTSOP 2023 (LAD),0,0,0,0,0
Ely and East Cambridgeshire,England,Charlotte Cane,Liberal Democrat,charlotte.cane.mp@parliament.uk,East Cambridgeshire,25699.0,5.0,,12.0,38605.0,45670,562,21.9,11.67,21.26,42.18,60.95,VOA CTSOP 2023 (LAD),0,0,0,0,0
Enfield North,England,Feryal Clark,Labour,feryal.clark.mp@parliament.uk,Enfield,37174.0,3,27.039375064920865,11.2,131096.0,45846,864,23.2,10.69,58.81,75.62,85.0,VOA CTSOP 2023 (LAD),0,0,0,0,0
Epping Forest,England,Dr Neil Hudson,Conservative,neil.hudson.mp@parliament.uk,Epping Forest,24846.0,8,14.921783902245968,10.3,56762.0,38573,480,19.3,7.69,24.78,64.43,80.9,VOA CTSOP 2023 (LAD),0,0,0,0,0
Epsom and Ewell,England,Helen Maguire,Liberal Democrat,helen.maguire.mp@parliament.uk,Epsom and Ewell,27678.0,10,8.269831896087098,10.0,33081.0,47176,492,17.8,7.73,46.35,69.5,80.58,VOA CTSOP 2023 (LAD),0,0,0,0,0
Erewash,England,Adam Thompson,Labour,adam.thompson.mp@parliament.uk,Erewash,20736.0,5,20.71555837955198,16.9,52945.0,44640,472,22.8,14.09,36.62,64.03,82.46,VOA CTSOP 2023 (LAD),0,0,0,0,0
Erith and Thamesmead,England,Ms Abena Oppong-Asare,Labour,abena.oppongasare.mp@parliament.uk,Greenwich,37697.0,4,24.12355775069769,8.8,123901.0,54790,830,22.0,13.45,43.08,63.47,75.35,VOA CTSOP 2023 (LAD),0,0,0,0,0
Esher and Walton,England,Monica Harding,Liberal Democrat,monica.harding.mp@parliament.uk,Elmbridge,28321.0,10,8.227923156284152,9.7,58639.0,44550,502,17.7,8.69,34.18,62.27,76.06,VOA CTSOP 2023 (LAD),0,0,0,0,0
Exeter,England,Steve Race,Labour,steve.race.mp@parliament.uk,Exeter,17102.0,7,17.09642735468361,15.0,56010.0,46362,357,20.9,14.22,33.98,56.48,71.51,VOA CTSOP 2023 (LAD),0,0,0,0,0
Exmouth and Exeter East,England,David Reed,Conservative,david.reed.mp@parliament.uk,East Devon,24168.0,5.0,,16.9,70913.0,43348,550,22.8,17.29,31.48,54.52,72.7,VOA CTSOP 2023 (LAD),0,0,0,0,0
Fareham and Waterlooville,England,Suella Braverman,Conservative,suella.braverman.mp@parliament.uk,Fareham,20781.0,5.0,,9.4,51319.0,45228,445,21.4,5.15,18.25,54.89,79.19,VOA CTSOP 2023 (LAD),0,0,0,0,0
Farnham and Bordon,England,Gregory Stafford,Conservative,greg.stafford.mp@parliament.uk,Waverley,25072.0,5.0,,12.2,55316.0,38637,549,21.9,14.46,30.74,57.67,78.36,VOA CTSOP 2023 (LAD),0,0,0,0,0
Faversham and Mid Kent,England,Helen Whately,Conservative,helen.whately.mp@parliament.uk,Maidstone,26059.0,6,19.173284683916027,13.2,75085.0,50571,555,21.3,15.59,28.76,56.23,72.32,VOA CTSOP 2023 (LAD),0,0,0,0,0
Feltham and Heston,England,Seema Malhotra,Labour (Co-op),seema.malhotra.mp@parliament.uk,Hounslow,36830.0,5,23.525094999296304,9.3,111524.0,44808,787,21.4,10.8,45.77,63.81,76.38,VOA CTSOP 2023 (LAD),0,0,0,0,0
Filton and Bradley Stoke,England,Claire Hazelgrove,Labour,claire.hazelgrove.mp@parliament.uk,South Gloucestershire,27581.0,9,11.344761694599272,9.9,125685.0,44907,510,18.5,7.63,18.31,47.74,70.69,VOA CTSOP 2023 (LAD),0,0,0,0,0
Finchley and Golders Green,England,Sarah Sackman,Labour,sarah.sackman.mp@parliament.uk,Barnet,33539.0,8,14.915372312572,9.9,161231.0,52743,645,19.2,6.7,55.02,69.1,79.26,VOA CTSOP 2023 (LAD),0,0,0,0,0
Folkestone and Hythe,England,Tony Vaughan,Labour,tony.vaughan.mp@parliament.uk,Folkestone and Hythe,19473.0,5,23.596818836171938,18.9,50972.0,44762,450,23.1,22.46,41.36,65.73,81.27,VOA CTSOP 2023 (LAD),0,0,0,0,0
Forest of Dean,England,Matt Bishop,Labour,matt.bishop.mp@parliament.uk,Forest of Dean,19318.0,7,17.78275640070961,20.2,39520.0,42195,420,21.7,24.95,32.85,55.88,74.71,VOA CTSOP 2023 (LAD),0,0,0,0,0
Frome and East Somerset,England,Anna Sabine,Liberal Democrat,anna.sabine.mp@parliament.uk,Bath and North East Somerset,21769.0,5.0,,14.9,84479.0,15607,487,22.4,25.26,38.63,66.69,79.07,VOA CTSOP 2023 (LAD),0,0,0,0,0
Fylde,England,Mr Andrew Snowden,Conservative,andrew.snowden.mp@parliament.uk,Fylde,23777.0,8,15.761169030121104,18.1,38711.0,47882,489,20.6,13.09,30.84,62.34,76.62,VOA CTSOP 2023 (LAD),0,0,0,0,0
Gainsborough,England,Sir Edward Leigh,Conservative,edward.leigh.mp@parliament.uk,West Lindsey,20624.0,6,20.637184706504925,21.1,44483.0,45640,468,22.7,17.48,26.84,52.78,67.59,VOA CTSOP 2023 (LAD),0,0,0,0,0
Gateshead Central and Whickham,England,Mark Ferguson,Labour,mark.ferguson.mp@parliament.uk,Gateshead,22997.0,5.0,,13.5,92244.0,47485,509,22.1,13.12,38.03,73.17,85.24,VOA CTSOP 2023 (LAD),0,0,0,0,0
Gedling,England,Michael Payne,Labour,michael.payne.mp@parliament.uk,Gedling,22786.0,8,15.753646044220895,15.0,54275.0,48495,457,20.1,6.11,29.17,64.13,83.36,VOA CTSOP 2023 (LAD),0,0,0,0,0
Gillingham and Rainham,England,Naushabah Khan,Labour,naushabah.khan.mp@parliament.uk,Medway,27118.0,5,23.00294566339952,14.7,117761.0,35889,606,22.3,14.33,33.55,65.15,81.99,VOA CTSOP 2023 (LAD),0,0,0,0,0
Glastonbury and Somerton,England,Sarah Dyke,Liberal Democrat,sarah.dyke.mp@parliament.uk,Somerset,19220.0,5.0,,16.9,266140.0,,437,22.7,,,,,,0,0,0,0,0
Gloucester,England,Alex McIntyre,Labour,alex.mcintyre.mp@parliament.uk,Gloucester,29586.0,5,23.13011547259279,11.2,58997.0,52649,643,21.7,16.16,27.6,49.62,72.35,VOA CTSOP 2023 (LAD),0,0,0,0,0
Godalming and Ash,England,Sir Jeremy Hunt,Conservative,huntj@parliament.uk,Waverley,24924.0,5.0,,12.2,55316.0,36950,546,21.9,15.85,35.75,63.62,80.74,VOA CTSOP 2023 (LAD),0,0,0,0,0
Goole and Pocklington,England,David Davis,Conservative,david.davis.mp@parliament.uk,East Riding of Yorkshire,22872.0,5.0,,17.7,157802.0,54273,524,22.9,14.43,29.68,54.93,74.34,VOA CTSOP 2023 (LAD),0,0,0,0,0
Gorton and Denton,England,Andrew Gwynne,Independent,gwynnea@parliament.uk,Manchester,34305.0,5.0,,17.9,221040.0,48257,787,22.9,16.52,42.67,64.79,76.91,VOA CTSOP 2023 (LAD),0,0,0,0,0
Gosport,England,Dame Caroline Dinenage,Conservative,caroline.dinenage.mp@parliament.uk,Gosport,20674.0,6,18.55886677025841,14.6,37984.0,42999,446,21.6,10.26,29.25,63.29,80.66,VOA CTSOP 2023 (LAD),0,0,0,0,0
Grantham and Bourne,England,Gareth Davies,Conservative,gareth.davies.mp@parliament.uk,South Kesteven,22580.0,5.0,,17.0,66033.0,48079,514,22.8,11.47,20.38,44.08,64.59,VOA CTSOP 2023 (LAD),0,0,0,0,0
Gravesham,England,Dr Lauren Sullivan,Labour,lauren.sullivan.mp@parliament.uk,Gravesham,29586.0,5,21.76374323679855,13.6,44161.0,44480,656,22.2,13.42,36.13,72.62,85.16,VOA CTSOP 2023 (LAD),0,0,0,0,0
Great Grimsby and Cleethorpes,England,Melanie Onn,Labour,melanie.onn.mp@parliament.uk,North East Lincolnshire,26442.0,5.0,,16.7,72582.0,50007,601,22.7,15.64,38.19,69.66,84.52,VOA CTSOP 2023 (LAD),0,0,0,0,0
Great Yarmouth,England,Rupert Lowe,Independent,rupert.lowe.mp@parliament.uk,Great Yarmouth,21648.0,2,33.29233555810582,15.7,46342.0,49330,539,24.9,18.95,33.41,60.0,80.8,VOA CTSOP 2023 (LAD),0,0,0,0,0
Greenwich and Woolwich,England,Matthew Pennycook,Labour,matthew.pennycook.mp@parliament.uk,Greenwich,27318.0,4,24.456688249561548,8.8,123901.0,49272,602,22.0,15.64,40.1,59.89,71.43,VOA CTSOP 2023 (LAD),0,0,0,0,0
Guildford,England,Zöe Franklin,Liberal Democrat,zoe.franklin.mp@parliament.uk,Guildford,22259.0,10,8.94385095693986,12.0,58992.0,49753,402,18.1,12.01,33.76,62.64,78.72,VOA CTSOP 2023 (LAD),0,0,0,0,0
Hackney North and Stoke Newington,England,Ms Diane Abbott,Independent,diane.abbott.office@parliament.uk,Hackney,32095.0,2,31.025784987923796,10.8,114871.0,51240,767,23.9,29.65,43.1,64.6,72.96,VOA CTSOP 2023 (LAD),0,0,0,0,0
Hackney South and Shoreditch,England,Dame Meg Hillier,Labour (Co-op),meghilliermp@parliament.uk,Hackney,21335.0,2,34.16512611950614,10.8,114871.0,51240,510,23.9,29.65,43.1,64.6,72.96,VOA CTSOP 2023 (LAD),0,0,0,0,0
Halesowen,England,Alex Ballinger,Labour,alex.ballinger.mp@parliament.uk,Dudley,23922.0,5.0,,13.2,139013.0,48797,528,22.1,6.29,30.79,69.44,85.18,VOA CTSOP 2023 (LAD),0,0,0,0,0
Halifax,England,Kate Dearden,Labour (Co-op),kate.dearden.mp@parliament.uk,Calderdale,28913.0,2,32.34121912203787,22.5,93875.0,48360,759,26.3,32.07,51.15,71.23,81.42,VOA CTSOP 2023 (LAD),0,0,0,0,0
Hamble Valley,England,Paul Holmes,Conservative,paul.holmes.mp@parliament.uk,Fareham,25310.0,5.0,,9.4,51319.0,46305,542,21.4,4.47,18.36,48.93,74.93,VOA CTSOP 2023 (LAD),0,0,0,0,0
Hammersmith and Chiswick,England,Andy Slaughter,Labour,slaughtera@parliament.uk,Hammersmith and Fulham,22729.0,5.0,,12.5,88372.0,59531,499,22.0,40.09,61.35,72.07,81.05,VOA CTSOP 2023 (LAD),0,0,0,0,0
Hampstead and Highgate,England,Tulip Siddiq,Labour,tulip.siddiq.mp@parliament.uk,Camden,23644.0,5.0,,14.3,101042.0,59155,527,22.3,44.59,58.72,74.82,84.14,VOA CTSOP 2023 (LAD),0,0,0,0,0
"Harborough, Oadby and Wigston",England,Neil O'Brien,Conservative,neil.obrien.mp@parliament.uk,Oadby and Wigston,24964.0,5.0,,14.0,23853.0,40104,555,22.2,7.84,20.68,59.46,76.24,VOA CTSOP 2023 (LAD),0,0,0,0,0
Harlow,England,Chris Vince,Labour (Co-op),chris.vince.mp@parliament.uk,Harlow,30887.0,6,20.353234821337157,7.8,39403.0,50729,629,20.4,4.53,9.5,59.11,74.25,VOA CTSOP 2023 (LAD),0,0,0,0,0
Harpenden and Berkhamsted,England,Victoria Collins,Liberal Democrat,victoria.collins.mp@parliament.uk,Dacorum,25649.0,5.0,,8.8,65946.0,52982,546,21.3,8.57,24.33,60.05,79.37,VOA CTSOP 2023 (LAD),0,0,0,0,0
Harrogate and Knaresborough,England,Tom Gordon,Liberal Democrat,tom.gordon.mp@parliament.uk,North Yorkshire,23071.0,10,10.494683397160653,21.7,285064.0,,450,19.5,,,,,,0,0,0,0,0
Harrow East,England,Bob Blackman,Conservative,bob.blackman.mp@parliament.uk,Harrow,28900.0,8,15.801011667019933,8.9,97224.0,40924,551,19.1,4.62,62.49,75.07,83.35,VOA CTSOP 2023 (LAD),0,0,0,0,0
Harrow West,England,Gareth Thomas,Labour (Co-op),gareth.thomas.mp@parliament.uk,Harrow,32614.0,8,15.791265048421355,8.9,97224.0,47990,622,19.1,2.62,62.68,75.85,84.37,VOA CTSOP 2023 (LAD),0,0,0,0,0
Hartlepool,England,Mr Jonathan Brash,Labour,jonathan.brash.mp@parliament.uk,Hartlepool,23410.0,2,34.960676467762084,11.4,42420.0,45160,563,24.0,10.39,26.24,61.65,75.95,VOA CTSOP 2023 (LAD),0,0,0,0,0
Harwich and North Essex,England,Sir Bernard Jenkin,Conservative,bernard.jenkin.mp@parliament.uk,Tendring,21333.0,7,16.906988813234584,15.2,70116.0,46862,446,20.9,10.25,27.11,55.18,76.14,VOA CTSOP 2023 (LAD),0,0,0,0,0
Hastings and Rye,England,Helena Dollimore,Labour (Co-op),helena.dollimore.mp@parliament.uk,Hastings,22368.0,2,32.45480176862703,21.5,42740.0,50743,583,26.1,33.51,49.48,70.97,88.14,VOA CTSOP 2023 (LAD),0,0,0,0,0
Havant,England,Alan Mak,Conservative,alan.mak.mp@parliament.uk,Havant,21481.0,4,23.868802876594508,11.2,56532.0,42532,483,22.5,3.54,13.44,64.29,84.78,VOA CTSOP 2023 (LAD),0,0,0,0,0
Hayes and Harlington,England,John McDonnell,Labour,mcdonnellj@parliament.uk,Hillingdon,37615.0,4,24.471897395550734,8.0,118452.0,44648,823,21.9,1.87,41.75,67.35,81.5,VOA CTSOP 2023 (LAD),0,0,0,0,0
Hazel Grove,England,Lisa Smart,Liberal Democrat,lisa.smart.mp@parliament.uk,Stockport,21783.0,6,18.863448437907927,14.5,130518.0,40738,469,21.5,13.9,42.26,76.86,90.0,VOA CTSOP 2023 (LAD),0,0,0,0,0
Hemel Hempstead,England,David Taylor,Labour,david.taylor.mp@parliament.uk,Dacorum,27738.0,8,15.918807717431879,8.8,65946.0,37570,529,19.1,8.3,18.33,58.56,79.55,VOA CTSOP 2023 (LAD),0,0,0,0,0
Hendon,England,David Pinto-Duschinsky,Labour,david.pintoduschinsky.mp@parliament.uk,Barnet,36190.0,6,19.253780989601506,9.9,161231.0,46150,751,20.8,6.7,55.02,69.1,79.26,VOA CTSOP 2023 (LAD),0,0,0,0,0
Henley and Thame,England,Freddie van Mierlo,Liberal Democrat,freddie.vanmierlo.mp@parliament.uk,South Oxfordshire,21855.0,5.0,,12.5,64909.0,46764,480,22.0,13.85,23.95,53.81,70.86,VOA CTSOP 2023 (LAD),0,0,0,0,0
Hereford and South Herefordshire,England,Jesse Norman,Conservative,jesse.norman.mp@parliament.uk,"Herefordshire, County of",20746.0,6,19.403015333287403,25.0,84052.0,45340,485,23.4,25.79,34.17,55.13,75.26,VOA CTSOP 2023 (LAD),0,0,0,0,0
Herne Bay and Sandwich,England,Sir Roger Gale,Conservative,galerj@parliament.uk,Canterbury,20433.0,5.0,,15.1,67401.0,47904,458,22.4,20.98,40.01,66.39,81.1,VOA CTSOP 2023 (LAD),0,0,0,0,0
Hertford and Stortford,England,Josh Dean,Labour,josh.dean.mp@parliament.uk,East Hertfordshire,27451.0,10,7.953605912097808,10.3,64475.0,40181,489,17.8,13.67,24.8,52.07,71.47,VOA CTSOP 2023 (LAD),0,0,0,0,0
Hertsmere,England,Sir Oliver Dowden,Conservative,oliver.dowden.mp@parliament.uk,Hertsmere,26477.0,8,13.968569553655676,8.2,44372.0,45959,502,19.0,4.31,24.0,64.23,77.15,VOA CTSOP 2023 (LAD),0,0,0,0,0
Hexham,England,Joe Morris,Labour,joe.morris.mp@parliament.uk,Northumberland,18699.0,9,12.462519487528752,17.5,152126.0,48432,368,19.7,15.21,34.38,61.46,79.19,VOA CTSOP 2023 (LAD),9,7,7,7,7
Heywood and Middleton North,England,Mrs Elsie Blundell,Labour,elsie.blundell.mp@parliament.uk,Rochdale,28642.0,5.0,,15.2,92959.0,46593,643,22.4,16.53,37.48,68.05,82.9,VOA CTSOP 2023 (LAD),0,0,0,0,0
High Peak,England,Jon Pearce,Labour,jon.pearce.mp@parliament.uk,High Peak,19022.0,8,15.62222436492349,20.3,42885.0,43380,398,20.9,29.78,44.81,67.17,80.31,VOA CTSOP 2023 (LAD),2,3,3,0,0
Hinckley and Bosworth,England,Dr Luke Evans,Conservative,luke.evans.mp@parliament.uk,Hinckley and Bosworth,21715.0,5.0,,14.7,51927.0,44582,485,22.3,9.09,24.92,50.97,72.49,VOA CTSOP 2023 (LAD),0,0,0,0,0
Hitchin,England,Alistair Strathern,Labour,alistair.strathern.mp@parliament.uk,North Hertfordshire,26466.0,5.0,,9.5,58986.0,44612,567,21.4,9.11,25.63,53.79,73.86,VOA CTSOP 2023 (LAD),0,0,0,0,0
Holborn and St Pancras,England,Sir Keir Starmer,Labour,keir.starmer.mp@parliament.uk,Camden,17931.0,4,23.625056613110146,14.3,101042.0,59143,414,23.1,45.34,58.0,74.5,83.91,VOA CTSOP 2023 (LAD),0,0,0,0,0
Honiton and Sidmouth,England,Richard Foord,Liberal Democrat,richard.foord.mp@parliament.uk,East Devon,17362.0,5.0,,16.9,70913.0,53194,395,22.8,19.82,31.09,53.68,72.71,VOA CTSOP 2023 (LAD),0,0,0,0,0
Hornchurch and Upminster,England,Julia Lopez,Conservative,julia.lopez.mp@parliament.uk,Havering,28026.0,7,16.79794711572913,7.8,109822.0,44059,550,19.6,1.66,40.87,76.49,85.23,VOA CTSOP 2023 (LAD),0,0,0,0,0
Hornsey and Friern Barnet,England,Catherine West,Labour,catherine.west.mp@parliament.uk,Haringey,22533.0,5.0,,14.0,113713.0,44310,501,22.2,33.33,64.56,76.87,85.52,VOA CTSOP 2023 (LAD),0,0,0,0,0
Horsham,England,John Milne,Liberal Democrat,john.milne.mp@parliament.uk,Horsham,25938.0,10,9.439649197507798,12.3,65797.0,47964,470,18.1,10.34,20.83,45.76,68.46,VOA CTSOP 2023 (LAD),0,0,0,0,0
Houghton and Sunderland South,England,Bridget Phillipson,Labour,bridget.phillipson.mp@parliament.uk,Sunderland,23692.0,3,30.226530649536368,12.5,126606.0,47938,556,23.5,14.43,32.47,67.91,84.31,VOA CTSOP 2023 (LAD),0,0,0,0,0
Hove and Portslade,England,Peter Kyle,Labour,peter.kyle.mp@parliament.uk,Brighton and Hove,20717.0,5.0,,23.0,128334.0,44500,494,23.8,33.24,56.76,80.16,87.93,VOA CTSOP 2023 (LAD),0,0,0,0,0
Huddersfield,England,Harpreet Uppal,Labour,harpreet.uppal.mp@parliament.uk,Kirklees,30007.0,3,30.17399131283366,19.2,184772.0,45970,744,24.8,22.76,41.82,67.94,79.46,VOA CTSOP 2023 (LAD),0,0,0,0,0
Huntingdon,England,Ben Obese-Jecty,Conservative,ben.obesejecty.mp@parliament.uk,Huntingdonshire,25746.0,9,12.613059860323148,10.2,79903.0,53393,477,18.5,8.55,13.91,40.85,70.12,VOA CTSOP 2023 (LAD),0,0,0,0,0
Hyndburn,England,Sarah Smith,Labour,sarah.smith.mp@parliament.uk,Hyndburn,24587.0,2,33.55412111831286,21.9,35865.0,47722,643,26.2,38.61,54.83,72.91,86.04,VOA CTSOP 2023 (LAD),0,0,0,0,0
Ilford North,England,Wes Streeting,Labour,wes.streeting.mp@parliament.uk,Redbridge,32570.0,7,16.35815553336392,10.9,112626.0,39145,657,20.2,8.45,61.72,77.82,85.13,VOA CTSOP 2023 (LAD),0,0,0,0,0
Ilford South,England,Jas Athwal,Labour,jas.athwal.mp@parliament.uk,Redbridge,40906.0,6,20.342244579950425,10.9,112626.0,42454,856,20.9,7.65,61.02,77.4,84.43,VOA CTSOP 2023 (LAD),0,0,0,0,0
Ipswich,England,Jack Abbott,Labour (Co-op),jack.abbott.mp@parliament.uk,Ipswich,29234.0,4,26.45675610531896,12.6,61849.0,50424,665,22.7,15.02,42.17,68.95,80.2,VOA CTSOP 2023 (LAD),0,0,0,0,0
Isle of Wight East,England,Joe Robertson,Conservative,joe.robertson.mp@parliament.uk,Isle of Wight,11975.0,5.0,,21.7,68293.0,37128,283,23.6,28.04,40.17,61.53,80.01,VOA CTSOP 2023 (LAD),0,0,0,0,0
Isle of Wight West,England,Mr Richard Quigley,Labour,richard.quigley.mp@parliament.uk,Isle of Wight,13945.0,5.0,,21.7,68293.0,35272,329,23.6,28.04,40.17,61.53,80.01,VOA CTSOP 2023 (LAD),0,0,0,0,0
Islington North,England,Jeremy Corbyn,Independent,jeremy.corbyn.mp@parliament.uk,Islington,20971.0,3,28.335079633396067,11.3,104538.0,52447,488,23.3,36.12,47.44,64.36,76.16,VOA CTSOP 2023 (LAD),0,0,0,0,0
Islington South and Finsbury,England,Emily Thornberry,Labour,thornberrye@parliament.uk,Islington,20378.0,3,26.60132237404617,11.3,104538.0,64696,474,23.3,35.48,47.0,64.38,75.84,VOA CTSOP 2023 (LAD),0,0,0,0,0
Jarrow and Gateshead East,England,Kate Osborne,Labour,kate.osborne.mp@parliament.uk,South Tyneside,22233.0,5.0,,12.7,70787.0,45582,489,22.0,11.57,36.73,73.26,86.77,VOA CTSOP 2023 (LAD),0,0,0,0,0
Keighley and Ilkley,England,Robbie Moore,Conservative,robbie.moore.mp@parliament.uk,Bradford,24422.0,5.0,,20.9,217823.0,42908,573,23.5,23.66,46.45,68.66,79.52,VOA CTSOP 2023 (LAD),0,0,0,0,0
Kenilworth and Southam,England,Sir Jeremy Wright,Conservative,Jeremy.wright.mp@parliament.uk,Stratford-on-Avon,22083.0,10,9.811884713561396,16.9,60315.0,43480,415,18.8,14.82,24.17,51.49,67.63,VOA CTSOP 2023 (LAD),0,0,0,0,0
Kensington and Bayswater,England,Joe Powell,Labour,joe.powell.mp@parliament.uk,Kensington and Chelsea,22536.0,5.0,,17.8,73749.0,84383,517,22.9,60.67,71.85,81.63,89.31,VOA CTSOP 2023 (LAD),0,0,0,0,0
Kettering,England,Rosie Wrighting,Labour,rosie.wrighting.mp@parliament.uk,North Northamptonshire,28537.0,6,19.181936664832573,14.6,156363.0,48932,615,21.6,12.56,25.13,51.99,69.02,VOA CTSOP 2023 (LAD),0,0,0,0,0
Kingston and Surbiton,England,Ed Davey,Liberal Democrat,edward.davey.mp@parliament.uk,Kingston upon Thames,27663.0,9,12.68927855948353,9.3,71273.0,42225,509,18.4,13.98,55.67,75.0,84.33,VOA CTSOP 2023 (LAD),0,0,0,0,0
Kingston upon Hull East,England,Karl Turner,Labour,karl.turner.mp@parliament.uk,"Kingston upon Hull, City of",27413.0,1,38.17242526407663,15.4,119917.0,47326,702,25.6,13.05,43.05,65.56,82.34,VOA CTSOP 2023 (LAD),0,0,0,0,0
Kingston upon Hull North and Cottingham,England,Dame Diana Johnson,Labour,johnsond@parliament.uk,"Kingston upon Hull, City of",29121.0,5.0,,15.4,119917.0,59386,655,22.5,13.32,40.38,63.43,80.74,VOA CTSOP 2023 (LAD),0,0,0,0,0
Kingston upon Hull West and Haltemprice,England,Emma Hardy,Labour,emma.hardy.mp@parliament.uk,"Kingston upon Hull, City of",24951.0,5.0,,15.4,119917.0,47670,561,22.5,13.57,38.04,61.57,79.34,VOA CTSOP 2023 (LAD),0,0,0,0,0
Kingswinford and South Staffordshire,England,Mike Wood,Conservative,mike.wood.mp@parliament.uk,South Staffordshire,17935.0,5.0,,13.0,46805.0,40689,395,22.0,6.41,19.38,58.62,81.94,VOA CTSOP 2023 (LAD),0,0,0,0,0
Knowsley,England,Anneliese Midgley,Labour,anneliese.midgley.mp@parliament.uk,Knowsley,24676.0,1,46.522150796836925,10.7,68066.0,39724,608,24.6,2.52,22.76,62.06,73.52,VOA CTSOP 2023 (LAD),0,0,0,0,0
Lancaster and Wyre,England,Cat Smith,Labour,cat.smith.mp@parliament.uk,Lancaster,19270.0,5.0,,22.3,61896.0,44347,457,23.7,16.42,38.64,66.95,80.23,VOA CTSOP 2023 (LAD),0,0,0,0,0
Leeds Central and Headingley,England,Alex Sobel,Labour (Co-op),alex.sobel.mp@parliament.uk,Leeds,14989.0,5.0,,16.8,354607.0,43486,341,22.8,12.53,36.58,65.56,77.7,VOA CTSOP 2023 (LAD),0,0,0,0,0
Leeds East,England,Richard Burgon,Labour,richard@richardburgon.com,Leeds,32111.0,1,42.80784091808078,16.8,354607.0,54357,832,25.9,12.53,36.58,65.56,77.7,VOA CTSOP 2023 (LAD),0,0,0,0,0
Leeds North East,England,Fabian Hamilton,Labour,fabian.hamilton.mp@parliament.uk,Leeds,24312.0,5,21.175840529143567,16.8,354607.0,43486,553,22.7,12.53,36.58,65.56,77.7,VOA CTSOP 2023 (LAD),0,0,0,0,0
Leeds North West,England,Katie White,Labour,katie.white.mp@parliament.uk,Leeds,21764.0,8,15.62984559391835,16.8,354607.0,43486,443,20.4,12.53,36.58,65.56,77.7,VOA CTSOP 2023 (LAD),0,0,0,0,0
Leeds South,England,Hilary Benn,Labour,bennh@parliament.uk,Leeds,36387.0,5.0,,16.8,354607.0,54357,827,22.7,12.53,36.58,65.56,77.7,VOA CTSOP 2023 (LAD),0,0,0,0,0
Leeds South West and Morley,England,Mark Sewards,Labour,mark.sewards.mp@parliament.uk,Leeds,22751.0,5.0,,16.8,354607.0,43486,517,22.7,12.53,36.58,65.56,77.7,VOA CTSOP 2023 (LAD),0,0,0,0,0
Leeds West and Pudsey,England,Rachel Reeves,Labour,public.enquiries@hmtreasury.gov.uk,Leeds,25160.0,5.0,,16.8,354607.0,43486,572,22.7,12.53,36.58,65.56,77.7,VOA CTSOP 2023 (LAD),0,0,0,0,0
Leicester East,England,Shivani Raja,Conservative,shivani.raja.mp@parliament.uk,Leicester,33807.0,3,27.580471963178596,19.7,134234.0,45716,841,24.9,20.41,46.68,67.76,80.18,VOA CTSOP 2023 (LAD),0,0,0,0,0
Leicester South,England,Shockat Adam,Independent,shockat.adam.mp@parliament.uk,Leicester,29841.0,3,28.98179050131926,19.7,134234.0,52247,743,24.9,20.41,46.68,67.76,80.18,VOA CTSOP 2023 (LAD),0,0,0,0,0
Leicester West,England,Liz Kendall,Labour,liz.kendall.mp@parliament.uk,Leicester,37098.0,1,36.55895827747682,19.7,134234.0,45716,983,26.5,20.41,46.68,67.76,80.18,VOA CTSOP 2023 (LAD),0,0,0,0,0
Leigh and Atherton,England,Jo Platt,Labour (Co-op),jo.platt.mp@parliament.uk,Wigan,27269.0,5.0,,13.6,147357.0,45864,604,22.1,14.18,34.73,65.17,79.14,VOA CTSOP 2023 (LAD),1,0,0,0,1
Lewes,England,James MacCleary,Liberal Democrat,james.maccleary.mp@parliament.uk,Lewes,23777.0,8,14.996791010781529,14.9,46134.0,45319,477,20.1,13.77,27.97,59.97,80.23,VOA CTSOP 2023 (LAD),0,0,0,0,0
Lewisham East,England,Janet Daby,Labour,janet.daby.mp@parliament.uk,Lewisham,29219.0,3,26.58476618309065,11.6,132713.0,48285,681,23.3,28.16,53.15,69.27,78.66,VOA CTSOP 2023 (LAD),0,0,0,0,0
Lewisham North,England,Vicky Foxcroft,Labour,vicky.foxcroft.mp@parliament.uk,Lewisham,23700.0,5.0,,11.6,132713.0,55183,517,21.8,28.16,53.15,69.27,78.66,VOA CTSOP 2023 (LAD),0,0,0,0,0
Lewisham West and East Dulwich,England,Ellie Reeves,Labour,ellie.reeves.mp@parliament.uk,Lewisham,23522.0,5.0,,11.6,132713.0,46797,513,21.8,25.8,44.22,62.36,73.25,VOA CTSOP 2023 (LAD),0,0,0,0,0
Leyton and Wanstead,England,Mr Calvin Bailey,Labour,calvin.bailey.mp@parliament.uk,Waltham Forest,28252.0,5,22.33791107418912,12.5,111422.0,43102,620,21.9,19.58,63.72,76.65,83.62,VOA CTSOP 2023 (LAD),0,0,0,0,0
Lichfield,England,Dave Robertson,Labour,dave.robertson.mp@parliament.uk,Lichfield,21504.0,9,12.070601932735842,12.3,46298.0,44837,406,18.9,8.72,18.81,54.92,71.81,VOA CTSOP 2023 (LAD),0,0,0,0,0
Lincoln,England,Mr Hamish Falconer,Labour,hamish.falconer.mp@parliament.uk,Lincoln,24195.0,4,24.373907737068773,17.2,44674.0,53404,571,23.6,14.92,31.12,54.52,73.31,VOA CTSOP 2023 (LAD),0,0,0,0,0
Liverpool Garston,England,Maria Eagle,Labour,maria.eagle.mp@parliament.uk,Liverpool,22280.0,5.0,,19.0,213927.0,43061,515,23.1,26.17,52.69,65.01,76.04,VOA CTSOP 2023 (LAD),0,0,0,0,0
Liverpool Riverside,England,Kim Johnson,Labour,kim.johnson.mp@parliament.uk,Liverpool,22536.0,5.0,,19.0,213927.0,60285,521,23.1,26.17,52.69,65.01,76.04,VOA CTSOP 2023 (LAD),0,0,0,0,0
Liverpool Walton,England,Dan Carden,Labour,dan.carden.mp@parliament.uk,Liverpool,25530.0,5.0,,19.0,213927.0,42977,591,23.1,25.85,52.37,65.8,76.93,VOA CTSOP 2023 (LAD),0,0,0,0,0
Liverpool Wavertree,England,Paula Barker,Labour,paula.barker.mp@parliament.uk,Liverpool,21329.0,5.0,,19.0,213927.0,57414,493,23.1,26.17,52.69,65.01,76.04,VOA CTSOP 2023 (LAD),0,0,0,0,0
Liverpool West Derby,England,Ian Byrne,Labour,ian.byrne.mp@parliament.uk,Liverpool,24030.0,5.0,,19.0,213927.0,49018,556,23.1,23.21,48.95,64.65,75.72,VOA CTSOP 2023 (LAD),0,0,0,0,0
Loughborough,England,Dr Jeevun Sandher,Labour,jeevun.sandher.mp@parliament.uk,Charnwood,20300.0,8,14.584903335730983,14.3,77638.0,42118,405,20.0,9.59,25.66,54.17,72.4,VOA CTSOP 2023 (LAD),0,0,0,0,0
Louth and Horncastle,England,Victoria Atkins,Conservative,Victoria@victoriaatkins.org.uk,East Lindsey,17782.0,4,26.31214794678202,25.4,68150.0,50089,447,25.1,18.43,30.93,51.99,73.08,VOA CTSOP 2023 (LAD),0,0,0,0,0
Lowestoft,England,Jess Asato,Labour,jess.asato.mp@parliament.uk,East Suffolk,19735.0,5.0,,16.3,115269.0,37524,447,22.7,18.87,31.73,55.26,77.26,VOA CTSOP 2023 (LAD),0,0,0,0,0
Luton North,England,Sarah Owen,Labour,sarah.owen.mp@parliament.uk,Luton,34965.0,5,23.482268744372185,13.6,82175.0,37299,775,22.2,5.31,32.94,64.94,84.78,VOA CTSOP 2023 (LAD),0,0,0,0,0
Luton South and South Bedfordshire,England,Rachel Hopkins,Labour,rachel.hopkins.mp@parliament.uk,Luton,37137.0,5.0,,13.6,82175.0,55642,823,22.2,5.76,31.06,62.56,82.48,VOA CTSOP 2023 (LAD),0,0,0,0,0
Macclesfield,England,Tim Roca,Labour,tim.roca.mp@parliament.uk,Cheshire East,20462.0,9,13.195317570313335,14.4,180017.0,50335,393,19.2,15.92,29.61,57.23,73.64,VOA CTSOP 2023 (LAD),0,0,0,0,0
Maidenhead,England,Mr Joshua Reynolds,Liberal Democrat,joshua.reynolds.mp@parliament.uk,Windsor and Maidenhead,27067.0,10,7.655966007041399,10.4,64283.0,52489,482,17.8,10.16,20.12,53.33,77.09,VOA CTSOP 2023 (LAD),0,0,0,0,0
Maidstone and Malling,England,Helen Grant,Conservative,helen.grant.mp@parliament.uk,Maidstone,28677.0,5.0,,13.2,75085.0,41365,633,22.1,14.45,26.85,54.82,71.83,VOA CTSOP 2023 (LAD),0,0,0,0,0
Makerfield,England,Josh Simons,Labour,josh.simons.mp@parliament.uk,Wigan,23518.0,5,22.19680448377695,13.6,147357.0,50450,521,22.2,14.18,34.73,65.17,79.14,VOA CTSOP 2023 (LAD),0,0,0,0,0
Maldon,England,Sir John Whittingdale,Conservative,john.whittingdale.mp@parliament.uk,Maldon,21564.0,9,13.417626808142051,13.5,28978.0,46148,411,19.1,9.86,21.59,49.89,72.61,VOA CTSOP 2023 (LAD),0,0,0,0,0
Manchester Central,England,Lucy Powell,Labour (Co-op),contact@lucypowell.org.uk,Manchester,28201.0,1,40.96990580652183,17.9,221040.0,54067,737,26.1,16.19,43.37,61.4,73.42,VOA CTSOP 2023 (LAD),0,0,0,0,0
Manchester Rusholme,England,Afzal Khan,Labour,afzal.khan.mp@parliament.uk,Manchester,26044.0,5.0,,17.9,221040.0,46200,597,22.9,15.02,44.02,58.37,69.35,VOA CTSOP 2023 (LAD),0,0,0,0,0
Manchester Withington,England,Jeff Smith,Labour,jeff.smith.mp@parliament.uk,Manchester,17883.0,5.0,,17.9,221040.0,46200,410,22.9,15.02,44.02,58.37,69.35,VOA CTSOP 2023 (LAD),0,0,0,0,0
Mansfield,England,Steve Yemm,Labour,steve.yemm.mp@parliament.uk,Mansfield,24794.0,3,28.508844565605187,14.5,50496.0,44798,592,23.9,6.29,33.01,61.21,78.13,VOA CTSOP 2023 (LAD),0,0,0,0,0
Melksham and Devizes,England,Brian Mathew,Liberal Democrat,brian.mathew.mp@parliament.uk,Wiltshire,19977.0,5.0,,13.5,229103.0,44590,442,22.1,16.77,26.38,52.43,70.4,VOA CTSOP 2023 (LAD),0,0,0,0,0
Melton and Syston,England,Edward Argar,Conservative,edward.argar.mp@parliament.uk,Melton,21456.0,5.0,,19.7,23734.0,39312,499,23.3,15.81,26.77,54.43,74.47,VOA CTSOP 2023 (LAD),0,0,0,0,0
Meriden and Solihull East,England,Saqib Bhatti,Conservative,saqib.bhatti@parliament.uk,Solihull,25024.0,5.0,,10.4,90783.0,44781,540,21.6,1.68,19.37,64.5,80.07,VOA CTSOP 2023 (LAD),0,0,0,0,0
Mid Bedfordshire,England,Blake Stephenson,Conservative,blake.stephenson.mp@parliament.uk,Central Bedfordshire,26919.0,10,9.27616880903098,8.9,125410.0,41585,474,17.6,9.78,19.61,47.26,66.83,VOA CTSOP 2023 (LAD),0,0,0,0,0
Mid Buckinghamshire,England,Greg Smith,Conservative,greg.smith.mp@parliament.uk,Buckinghamshire,25494.0,5.0,,11.0,232712.0,40607,553,21.7,8.89,22.93,55.2,74.53,VOA CTSOP 2023 (LAD),0,0,0,0,0
Mid Cheshire,England,Andrew Cooper,Labour,andrew.cooper.mp@parliament.uk,Cheshire West and Chester,22798.0,5.0,,14.1,159832.0,43804,507,22.2,13.09,27.83,60.91,76.03,VOA CTSOP 2023 (LAD),0,0,0,0,0
Mid Derbyshire,England,Jonathan Davies,Labour,jonathan.davies.mp@parliament.uk,Amber Valley,18394.0,10,10.39576235050022,18.1,59064.0,42163,349,19.0,17.23,38.99,63.35,80.84,VOA CTSOP 2023 (LAD),0,0,0,0,0
Mid Dorset and North Poole,England,Vikki Slade,Liberal Democrat,vikki.slade.mp@parliament.uk,Dorset,20675.0,10,10.622909046102063,15.6,180159.0,41486,385,18.6,15.85,30.25,54.75,76.97,VOA CTSOP 2023 (LAD),0,0,0,0,0
Mid Leicestershire,England,Mr Peter Bedford,Conservative,peter.bedford.mp@parliament.uk,Blaby,24079.0,5.0,,12.6,44738.0,47969,529,22.0,7.47,23.1,54.84,73.09,VOA CTSOP 2023 (LAD),0,0,0,0,0
Mid Norfolk,England,George Freeman,Conservative,george.freeman.mp@parliament.uk,Breckland,20211.0,7,16.854427944207714,15.8,62705.0,43107,424,21.0,13.36,18.26,44.03,67.6,VOA CTSOP 2023 (LAD),0,0,0,0,0
Mid Sussex,England,Alison Bennett,Liberal Democrat,alison.bennett.mp@parliament.uk,Mid Sussex,25644.0,10,7.662923267175306,11.1,66782.0,42573,460,17.9,10.21,22.1,51.84,71.47,VOA CTSOP 2023 (LAD),0,0,0,0,0
Middlesbrough and Thornaby East,England,Andy McDonald,Labour,andy.mcdonald.2nd@parliament.uk,Middlesbrough,31739.0,5.0,,12.7,62381.0,47593,698,22.0,8.85,30.03,62.66,79.66,VOA CTSOP 2023 (LAD),0,0,0,0,0
Middlesbrough South and East Cleveland,England,Luke Myer,Labour,luke.myer.mp@parliament.uk,Middlesbrough,21518.0,3,27.031662751677857,12.7,62381.0,48306,506,23.5,10.54,29.37,65.98,82.51,VOA CTSOP 2023 (LAD),0,0,0,0,0
Milton Keynes Central,England,Emily Darlington,Labour,emily.darlington.mp@parliament.uk,Milton Keynes,37369.0,5.0,,8.3,119573.0,51301,792,21.2,4.89,8.22,20.27,59.2,VOA CTSOP 2023 (LAD),0,0,0,0,0
Milton Keynes North,England,Chris Curtis,Labour,chris.curtis.mp@parliament.uk,Milton Keynes,26983.0,8,15.881096522544969,8.3,119573.0,44888,512,19.0,4.89,8.22,20.27,59.2,VOA CTSOP 2023 (LAD),0,0,0,0,0
Mitcham and Morden,England,Dame Siobhain McDonagh,Labour,mcdonaghs@parliament.uk,Merton,30668.0,6,20.04905691445494,10.0,88985.0,48081,637,20.8,11.61,63.48,74.58,84.96,VOA CTSOP 2023 (LAD),0,0,0,0,0
Morecambe and Lunesdale,England,Lizzi Collinge,Labour,lizzi.collinge.mp@parliament.uk,Lancaster,20806.0,3,28.26112225639204,22.3,61896.0,40296,528,25.4,21.77,45.08,68.42,80.96,VOA CTSOP 2023 (LAD),0,0,0,0,0
New Forest East,England,Sir Julian Lewis,Conservative,,New Forest,18648.0,9,13.697081327101209,13.0,81951.0,44655,354,19.0,8.14,22.38,54.07,83.01,VOA CTSOP 2023 (LAD),0,0,0,0,0
New Forest West,England,Sir Desmond Swayne,Conservative,swayned@parliament.uk,New Forest,14616.0,9,12.298796753803051,13.0,81951.0,38275,277,19.0,8.14,22.38,54.07,83.01,VOA CTSOP 2023 (LAD),0,0,0,0,0
Newark,England,Robert Jenrick,Conservative,robert.jenrick.mp@parliament.uk,Newark and Sherwood,23496.0,7,16.10957648879899,17.5,56087.0,56343,500,21.3,10.82,27.07,55.87,71.49,VOA CTSOP 2023 (LAD),0,0,0,0,0
Newbury,England,Mr Lee Dillon,Liberal Democrat,lee.dillon.mp@parliament.uk,West Berkshire,23783.0,10,10.627769949824115,12.0,70409.0,36936,430,18.1,11.52,19.92,47.64,74.95,VOA CTSOP 2023 (LAD),0,0,0,0,0
Newcastle upon Tyne Central and West,England,Dame Chi Onwurah,Labour,chi.onwurah.mp@parliament.uk,Newcastle upon Tyne,32586.0,5.0,,15.5,127150.0,54588,733,22.5,12.19,42.38,66.86,80.79,VOA CTSOP 2023 (LAD),0,0,0,0,0
Newcastle upon Tyne East and Wallsend,England,Mary Glindon,Labour,mary.glindon.mp@parliament.uk,Newcastle upon Tyne,24005.0,5.0,,15.5,127150.0,45969,540,22.5,10.94,40.06,66.19,80.61,VOA CTSOP 2023 (LAD),0,0,0,0,0
Newcastle upon Tyne North,England,Catherine McKinnell,Labour,catherine.mckinnell.mp@parliament.uk,Newcastle upon Tyne,22596.0,4,24.634421344270162,15.5,127150.0,56808,526,23.3,11.41,40.93,66.44,80.68,VOA CTSOP 2023 (LAD),0,0,0,0,0
Newcastle-under-Lyme,England,Adam Jogee,Labour,adam.jogee.mp@parliament.uk,Newcastle-under-Lyme,19862.0,6,19.59796715601946,15.0,54234.0,44130,430,21.6,13.38,36.43,69.65,83.32,VOA CTSOP 2023 (LAD),0,0,0,0,0
Newton Abbot,England,Martin Wrigley,Liberal Democrat,martin.wrigley.mp@parliament.uk,Teignbridge,18228.0,7,16.87588539449068,17.3,63564.0,45787,387,21.2,21.69,32.64,55.54,75.62,VOA CTSOP 2023 (LAD),0,0,0,0,0
Newton Aycliffe and Spennymoor,England,Alan Strickland,Labour,alan.strickland.mp@parliament.uk,County Durham,21936.0,5.0,,14.7,242900.0,43464,490,22.3,13.72,35.98,64.71,78.73,VOA CTSOP 2023 (LAD),0,0,0,0,0
Normanton and Hemsworth,England,Jon Trickett,Labour,trickettj@parliament.uk,Wakefield,24906.0,5.0,,13.0,158839.0,46694,549,22.0,8.73,31.17,61.34,76.08,VOA CTSOP 2023 (LAD),0,0,0,0,0
North Bedfordshire,England,Richard Fuller,Conservative,richard.fuller.mp@parliament.uk,Bedford,25953.0,5.0,,11.1,77918.0,56537,563,21.7,12.47,24.75,51.59,68.26,VOA CTSOP 2023 (LAD),0,0,0,0,0
North Cornwall,England,Ben Maguire,Liberal Democrat,ben.maguire.mp@parliament.uk,Cornwall,20909.0,4,23.622368941171498,23.1,266162.0,46765,517,24.7,25.6,35.26,54.41,73.51,VOA CTSOP 2023 (LAD),2,0,0,2,2
North Cotswolds,England,Sir Geoffrey Clifton-Brown,Conservative,cliftonbrowng@parliament.uk,Cotswold,21439.0,5.0,,17.4,43283.0,42755,490,22.9,19.78,27.77,51.08,71.0,VOA CTSOP 2023 (LAD),0,0,0,0,0
North Devon,England,Ian Roome,Liberal Democrat,ian.roome.mp@parliament.uk,North Devon,20841.0,6,20.403279736476403,21.9,45904.0,48340,476,22.8,26.27,35.21,55.38,74.37,VOA CTSOP 2023 (LAD),0,0,0,0,0
North Dorset,England,Simon Hoare,Conservative,simon.hoare.mp@parliament.uk,Dorset,19638.0,8,13.902309202180025,15.6,180159.0,45127,396,20.2,18.0,27.71,52.4,75.54,VOA CTSOP 2023 (LAD),0,0,0,0,0
North Durham,England,Luke Akehurst,Labour,luke.akehurst.mp@parliament.uk,County Durham,20473.0,4,26.3104582201702,14.7,242900.0,51366,474,23.2,13.72,35.98,64.71,78.73,VOA CTSOP 2023 (LAD),4,5,5,0,0
North East Cambridgeshire,England,Steve Barclay,Conservative,steve@stevebarclay.net,Fenland,22999.0,4,23.95452654948198,11.9,45651.0,47040,520,22.6,10.44,24.32,45.22,65.86,VOA CTSOP 2023 (LAD),0,0,0,0,0
North East Derbyshire,England,Louise Sandher-Jones,Labour,louise.sandherjones.mp@parliament.uk,North East Derbyshire,19822.0,7,17.80383053019034,15.3,48325.0,48475,414,20.9,11.77,24.56,61.32,79.55,VOA CTSOP 2023 (LAD),0,0,0,0,0
North East Hampshire,England,Alex Brewer,Liberal Democrat,alex.brewer.mp@parliament.uk,Hart,24600.0,10,6.2332401687450565,8.3,42223.0,43158,431,17.5,5.85,12.62,44.49,71.56,VOA CTSOP 2023 (LAD),0,0,0,0,0
North East Hertfordshire,England,Chris Hinchliff,Labour,chris.hinchliff.mp@parliament.uk,North Hertfordshire,24638.0,9,11.951842074689614,9.5,58986.0,49688,454,18.4,10.83,27.54,55.46,75.15,VOA CTSOP 2023 (LAD),0,0,0,0,0
North East Somerset and Hanham,England,Dan Norris,Independent,dan.norris.mp@parliament.uk,Bath and North East Somerset,21328.0,5.0,,14.9,84479.0,46576,478,22.4,20.56,33.21,61.64,76.83,VOA CTSOP 2023 (LAD),0,0,0,0,0
North Herefordshire,England,Dr Ellie Chowns,Green Party,ellie.chowns.mp@parliament.uk,"Herefordshire, County of",17481.0,6,18.373856906307573,25.0,84052.0,43660,409,23.4,25.79,34.17,55.13,75.26,VOA CTSOP 2023 (LAD),0,0,0,0,0
North Norfolk,England,Steff Aquarone,Liberal Democrat,steff.aquarone.mp@parliament.uk,North Norfolk,14135.0,5,20.86585227635965,22.0,50370.0,47098,335,23.7,20.67,32.55,54.53,75.71,VOA CTSOP 2023 (LAD),0,0,0,0,0
North Northumberland,England,David Smith,Labour,david.smith.mp@parliament.uk,Northumberland,16472.0,5.0,,17.5,152126.0,43470,377,22.9,15.38,33.94,61.16,79.1,VOA CTSOP 2023 (LAD),1,0,0,0,1
North Shropshire,England,Helen Morgan,Liberal Democrat,helen.morgan.mp@parliament.uk,Shropshire,21521.0,7,18.179911365499102,21.8,141477.0,42840,473,22.0,20.53,30.7,55.59,72.26,VOA CTSOP 2023 (LAD),0,0,0,0,0
North Somerset,England,Sadik Al-Hassan,Labour,sadik.alhassan.mp@parliament.uk,North Somerset,20842.0,10,8.752089225129664,12.1,100784.0,54508,377,18.1,14.8,25.68,52.44,74.34,VOA CTSOP 2023 (LAD),0,0,0,0,0
North Warwickshire and Bedworth,England,Rachel Taylor,Labour,rachel.taylor.mp@parliament.uk,North Warwickshire,21837.0,5.0,,16.2,27996.0,41021,494,22.6,9.07,28.05,63.14,78.68,VOA CTSOP 2023 (LAD),0,0,0,0,0
North West Cambridgeshire,England,Sam Carling,Labour,sam.carling.mp@parliament.uk,Peterborough,32824.0,7,17.857831683607795,9.3,87976.0,50054,653,19.9,7.83,17.23,39.59,71.22,VOA CTSOP 2023 (LAD),0,0,0,0,0
North West Essex,England,Mrs Kemi Badenoch,Conservative,kemi.badenoch.mp@parliament.uk,Uttlesford,27285.0,5.0,,13.1,38347.0,45604,602,22.1,15.93,24.3,48.22,66.43,VOA CTSOP 2023 (LAD),0,0,0,0,0
North West Hampshire,England,Kit Malthouse,Conservative,kit.malthouse.mp@parliament.uk,Test Valley,27407.0,9,12.158393369330652,11.4,57818.0,41570,513,18.7,7.57,15.63,43.35,68.7,VOA CTSOP 2023 (LAD),0,0,0,0,0
North West Leicestershire,England,Amanda Hack,Labour,amanda.hack.mp@parliament.uk,North West Leicestershire,23473.0,8,14.463790224976114,15.5,47187.0,45483,473,20.2,14.04,26.39,50.53,66.13,VOA CTSOP 2023 (LAD),0,0,0,0,0
North West Norfolk,England,James Wild,Conservative,james.wild.mp@parliament.uk,King's Lynn and West Norfolk,20995.0,4,24.811379027881593,17.3,70065.0,47137,496,23.6,12.96,27.1,52.39,73.52,VOA CTSOP 2023 (LAD),0,0,0,0,0
Northampton North,England,Lucy Rigby,Labour,lucy.rigby.mp@parliament.uk,West Northamptonshire,33191.0,4,24.529052754339027,15.9,181459.0,51255,775,23.3,12.57,23.72,47.57,70.54,VOA CTSOP 2023 (LAD),0,0,0,0,0
Northampton South,England,Mike Reader,Labour,mike.reader.mp@parliament.uk,West Northamptonshire,30154.0,3,27.237974792311853,15.9,181459.0,45560,728,24.1,12.57,23.72,47.57,70.54,VOA CTSOP 2023 (LAD),0,0,0,0,0
Norwich North,England,Alice Macdonald,Labour (Co-op),alice.macdonald.mp@parliament.uk,Broadland,21733.0,5,21.196141391827535,12.2,60070.0,41423,476,21.9,11.49,25.63,54.26,73.69,VOA CTSOP 2023 (LAD),0,0,0,0,0
Norwich South,England,Clive Lewis,Labour,clive.lewis.mp@parliament.uk,Norwich,20108.0,4,24.447251092417563,13.0,66928.0,49952,459,22.8,18.59,36.22,63.1,78.83,VOA CTSOP 2023 (LAD),0,0,0,0,0
Nottingham East,England,Nadia Whittome,Labour,nadia.whittome.mp@parliament.uk,Nottingham,26658.0,1,36.33271061648431,18.3,131561.0,50813,699,26.2,11.64,36.9,61.94,78.72,VOA CTSOP 2023 (LAD),0,0,0,0,0
Nottingham North and Kimberley,England,Alex Norris,Labour (Co-op),alex.norris.mp@parliament.uk,Nottingham,30199.0,5.0,,18.3,131561.0,53358,695,23.0,10.78,35.48,64.01,81.65,VOA CTSOP 2023 (LAD),0,0,0,0,0
Nottingham South,England,Lilian Greenwood,Labour,lilian.greenwood.mp@parliament.uk,Nottingham,22944.0,4,25.495290026322518,18.3,131561.0,50813,546,23.8,11.64,36.9,61.94,78.72,VOA CTSOP 2023 (LAD),0,0,0,0,0
Nuneaton,England,Jodie Gosling,Labour,jodie.gosling.mp@parliament.uk,Nuneaton and Bedworth,26091.0,4,24.01771036953758,12.0,57410.0,42469,590,22.6,5.03,25.21,59.72,76.87,VOA CTSOP 2023 (LAD),0,0,0,0,0
Old Bexley and Sidcup,England,Mr Louie French,Conservative,louie.french.mp@parliament.uk,Bexley,24554.0,9,11.891448754269078,8.3,103473.0,41617,448,18.2,6.9,52.0,74.2,87.11,VOA CTSOP 2023 (LAD),0,0,0,0,0
Oldham East and Saddleworth,England,Debbie Abrahams,Labour,abrahamsd@parliament.uk,Oldham,31501.0,2,31.90163234918261,16.9,96064.0,47203,792,25.1,19.7,41.41,70.49,85.63,VOA CTSOP 2023 (LAD),0,0,0,0,0
"Oldham West, Chadderton and Royton",England,Jim McMahon,Labour (Co-op),jim.mcmahon.mp@parliament.uk,Oldham,34512.0,5.0,,16.9,96064.0,43270,785,22.7,19.7,41.41,70.49,85.63,VOA CTSOP 2023 (LAD),0,0,0,0,0
Orpington,England,Gareth Bacon,Conservative,gareth.bacon.mp@parliament.uk,Bromley,25151.0,9,12.949188096605376,8.1,147288.0,47597,458,18.2,12.12,47.1,73.91,87.55,VOA CTSOP 2023 (LAD),0,0,0,0,0
Ossett and Denby Dale,England,Jade Botterill,Labour,jade.botterill.mp@parliament.uk,Wakefield,20074.0,5.0,,13.0,158839.0,46453,443,22.1,13.4,34.72,63.54,77.21,VOA CTSOP 2023 (LAD),0,0,0,0,0
Oxford East,England,Anneliese Dodds,Labour (Co-op),anneliese.dodds.mp@parliament.uk,Oxford,26435.0,7,18.23698431827723,14.1,58532.0,44944,547,20.7,16.11,41.59,62.54,74.41,VOA CTSOP 2023 (LAD),0,0,0,0,0
Oxford West and Abingdon,England,Layla Moran,Liberal Democrat,layla.moran.mp@parliament.uk,Vale of White Horse,21949.0,10,8.958982153090462,11.2,60678.0,44577,394,18.0,12.36,29.07,54.39,71.37,VOA CTSOP 2023 (LAD),0,0,0,0,0
Peckham,England,Miatta Fahnbulleh,Labour (Co-op),miatta.fahnbulleh.mp@parliament.uk,Southwark,22623.0,5.0,,9.5,141408.0,44812,484,21.4,22.65,32.31,53.15,66.03,VOA CTSOP 2023 (LAD),0,0,0,0,0
Pendle and Clitheroe,England,Jonathan Hinder,Labour,jonathan.hinder.mp@parliament.uk,Pendle,28501.0,5.0,,25.7,39253.0,45516,694,24.4,33.03,52.0,69.42,78.83,VOA CTSOP 2023 (LAD),1,1,1,0,0
Penistone and Stocksbridge,England,Dr Marie Tidball,Labour,marie.tidball.mp@parliament.uk,Barnsley,18036.0,7,16.97040046483316,13.9,112048.0,43161,373,20.7,12.87,39.06,65.08,78.0,VOA CTSOP 2023 (LAD),2,0,0,0,2
Penrith and Solway,England,Markus Campbell-Savours,Independent,markus.campbellsavours.mp@parliament.uk,Cumberland,19109.0,5.0,,22.0,129197.0,,453,23.7,,,,,,16,4,4,13,15
Peterborough,England,Andrew Pakes,Labour (Co-op),andrew.pakes.mp@parliament.uk,Peterborough,38030.0,2,31.671114737636962,9.3,87976.0,48758,898,23.6,7.62,18.22,39.21,71.55,VOA CTSOP 2023 (LAD),0,0,0,0,0
Plymouth Moor View,England,Fred Thomas,Labour,fred.thomas.mp@parliament.uk,Plymouth,24328.0,5.0,,14.3,121869.0,46869,542,22.3,17.68,36.4,66.5,83.65,VOA CTSOP 2023 (LAD),0,0,0,0,0
Plymouth Sutton and Devonport,England,Luke Pollard,Labour (Co-op),luke.pollard.mp@parliament.uk,Plymouth,21335.0,5.0,,14.3,121869.0,46869,475,22.3,17.68,36.4,66.5,83.65,VOA CTSOP 2023 (LAD),0,0,0,0,0
"Pontefract, Castleford and Knottingley",England,Yvette Cooper,Labour,coopery@parliament.uk,Wakefield,24929.0,5.0,,13.0,158839.0,46694,550,22.1,8.73,31.17,61.34,76.08,VOA CTSOP 2023 (LAD),0,0,0,0,0
Poole,England,Neil Duncan-Jordan,Labour,neil.duncanjordan.mp@parliament.uk,"Bournemouth, Christchurch and Poole",23777.0,8,15.90162551955127,13.4,184493.0,45830,471,19.8,10.84,36.18,60.23,80.3,VOA CTSOP 2023 (LAD),0,0,0,0,0
Poplar and Limehouse,England,Apsana Begum,Labour,apsana.begum.mp@parliament.uk,Tower Hamlets,31485.0,4,25.59183520047513,7.9,130618.0,65916,688,21.9,10.9,16.13,34.95,47.34,VOA CTSOP 2023 (LAD),0,0,0,0,0
Portsmouth North,England,Amanda Martin,Labour,amanda.martin.mp@parliament.uk,Portsmouth,25118.0,4,25.00160655012616,20.8,91006.0,47030,610,24.3,27.4,56.84,75.56,86.13,VOA CTSOP 2023 (LAD),0,0,0,0,0
Portsmouth South,England,Stephen Morgan,Labour,stephen.morgan.mp@parliament.uk,Portsmouth,22674.0,3,29.232991769618632,20.8,91006.0,47030,569,25.1,27.4,56.84,75.56,86.13,VOA CTSOP 2023 (LAD),0,0,0,0,0
Preston,England,Sir Mark Hendrick,Labour (Co-op),mark.hendrick.mp@parliament.uk,Preston,30735.0,1,38.14412534405443,18.2,61441.0,50662,805,26.2,18.3,39.66,61.35,76.99,VOA CTSOP 2023 (LAD),0,0,0,0,0
Putney,England,Fleur Anderson,Labour,fleur.anderson.mp@parliament.uk,Wandsworth,23433.0,7,16.241025508928125,9.6,148854.0,47120,467,19.9,33.11,52.1,69.84,78.35,VOA CTSOP 2023 (LAD),0,0,0,0,0
Queen's Park and Maida Vale,England,Georgia Gould,Labour,georgia.gould.mp@parliament.uk,Westminster,26400.0,5.0,,16.8,103366.0,61822,600,22.7,36.6,60.01,72.32,79.79,VOA CTSOP 2023 (LAD),0,0,0,0,0
Rawmarsh and Conisbrough,England,John Healey,Labour,john.healey.mp@parliament.uk,Rotherham,22486.0,5.0,,12.7,118370.0,47362,495,22.0,6.42,30.61,63.79,80.97,VOA CTSOP 2023 (LAD),0,0,0,0,0
Rayleigh and Wickford,England,Mr Mark Francois,Conservative,mark.francois.mp@parliament.uk,Rochford,22170.0,10,9.856443675248926,8.2,36970.0,42291,388,17.5,3.17,12.5,56.51,77.75,VOA CTSOP 2023 (LAD),0,0,0,0,0
Reading Central,England,Matt Rodda,Labour,matt.rodda.mp@parliament.uk,Reading,27704.0,5.0,,15.2,71487.0,45546,622,22.5,18.06,38.47,62.22,74.55,VOA CTSOP 2023 (LAD),0,0,0,0,0
Reading West and Mid Berkshire,England,Olivia Bailey,Labour,olivia.bailey.mp@parliament.uk,West Berkshire,24044.0,5.0,,12.0,70409.0,53072,526,21.9,13.44,25.38,51.93,74.83,VOA CTSOP 2023 (LAD),0,0,0,0,0
Redcar,England,Anna Turley,Labour (Co-op),anna.turley.mp@parliament.uk,Redcar and Cleveland,21314.0,2,32.599242289293855,14.0,63840.0,44020,523,24.5,11.39,26.64,67.58,84.02,VOA CTSOP 2023 (LAD),0,0,0,0,0
Redditch,England,Chris Bloore,Labour,chris.bloore.mp@parliament.uk,Redditch,23299.0,5,21.807497683914733,10.2,36905.0,43849,502,21.5,7.85,15.9,40.79,76.32,VOA CTSOP 2023 (LAD),0,0,0,0,0
Reigate,England,Rebecca Paul,Conservative,rebecca.paul.mp@parliament.uk,Reigate and Banstead,27840.0,9,11.469554334622789,9.8,63249.0,47021,514,18.5,10.68,32.16,60.54,75.53,VOA CTSOP 2023 (LAD),0,0,0,0,0
Ribble Valley,England,Maya Ellis,Labour,maya.ellis.mp@parliament.uk,Ribble Valley,24049.0,9,12.263385734965386,20.1,27551.0,50395,483,20.1,21.76,35.89,60.44,74.01,VOA CTSOP 2023 (LAD),1,2,0,0,0
Richmond and Northallerton,England,Rishi Sunak,Conservative,rishi.sunak.mp@parliament.uk,North Yorkshire,17874.0,5.0,,21.7,285064.0,,422,23.6,,,,,,16,1,1,15,15
Richmond Park,England,Sarah Olney,Liberal Democrat,sarah.olney.mp@parliament.uk,Richmond upon Thames,28429.0,10,9.097891162487182,9.0,87525.0,48369,501,17.6,17.67,59.36,76.9,86.28,VOA CTSOP 2023 (LAD),0,0,0,0,0
Rochdale,England,Paul Waugh,Labour (Co-op),paul.waugh.mp@parliament.uk,Rochdale,30606.0,1,38.43211233991999,15.2,92959.0,39425,783,25.6,16.53,37.48,68.05,82.9,VOA CTSOP 2023 (LAD),1,0,0,0,0
Rochester and Strood,England,Lauren Edwards,Labour,lauren.edwards.mp@parliament.uk,Medway,28412.0,5,21.340052873704227,14.7,117761.0,47852,635,22.3,14.33,33.55,65.15,81.99,VOA CTSOP 2023 (LAD),0,0,0,0,0
Romford,England,Andrew Rosindell,Conservative,andrew.rosindell.mp@parliament.uk,Havering,29232.0,7,16.35569741320307,7.8,109822.0,39164,574,19.6,1.66,40.87,76.49,85.23,VOA CTSOP 2023 (LAD),0,0,0,0,0
Romsey and Southampton North,England,Caroline Nokes,Conservative,caroline.nokes.mp@parliament.uk,Test Valley,20694.0,9,13.379137458390446,11.4,57818.0,55115,388,18.7,9.49,23.04,49.63,70.89,VOA CTSOP 2023 (LAD),0,0,0,0,0
Rossendale and Darwen,England,Andy MacNae,Labour,andy.macnae.mp@parliament.uk,Rossendale,24384.0,4,25.03983215290285,19.1,31466.0,41072,584,24.0,34.52,49.46,68.41,82.69,VOA CTSOP 2023 (LAD),0,0,0,0,0
Rother Valley,England,Jake Richards,Labour,jake.richards.mp@parliament.uk,Rotherham,21292.0,5,22.456883394211857,12.7,118370.0,43441,468,22.0,6.61,29.6,63.82,81.3,VOA CTSOP 2023 (LAD),0,0,0,0,0
Rotherham,England,Sarah Champion,Labour,sarah.champion.mp@parliament.uk,Rotherham,29125.0,1,38.977308296962434,12.7,118370.0,43441,730,25.1,6.61,29.6,63.82,81.3,VOA CTSOP 2023 (LAD),0,0,0,0,0
Rugby,England,John Slinger,Labour,john.slinger.mp@parliament.uk,Rugby,23777.0,8,14.56525149769255,13.1,47696.0,49960,470,19.8,10.95,27.49,55.96,69.44,VOA CTSOP 2023 (LAD),0,0,0,0,0
"Ruislip, Northwood and Pinner",England,David Simmonds,Conservative,david.simmonds.mp@parliament.uk,Hillingdon,23822.0,10,10.734600401257,8.0,118452.0,40993,416,17.5,2.15,49.6,70.54,82.58,VOA CTSOP 2023 (LAD),0,0,0,0,0
Runcorn and Helsby,England,Sarah Pochin,Reform UK,sarah.pochin.mp@parliament.uk,Halton,21310.0,5.0,,11.4,57601.0,44016,464,21.8,9.37,24.46,54.8,77.34,VOA CTSOP 2023 (LAD),0,0,0,0,0
Runnymede and Weybridge,England,Dr Ben Spencer,Conservative,ben.spencer.mp@parliament.uk,Runnymede,26072.0,10,10.835006991881547,10.9,36855.0,45249,467,17.9,9.75,29.79,56.94,72.29,VOA CTSOP 2023 (LAD),0,0,0,0,0
Rushcliffe,England,James Naish,Labour,james.naish.mp@parliament.uk,Rushcliffe,24261.0,10,7.166617491235671,15.0,52478.0,41246,449,18.5,8.69,25.14,54.94,72.08,VOA CTSOP 2023 (LAD),0,0,0,0,0
Rutland and Stamford,England,Alicia Kearns,Conservative,alicia.kearns.mp@parliament.uk,Rutland,20541.0,5.0,,19.7,17574.0,44727,478,23.3,15.89,23.21,47.46,67.03,VOA CTSOP 2023 (LAD),0,0,0,0,0
Salford,England,Rebecca Long Bailey,Labour,rebecca.longbailey.mp@parliament.uk,Salford,28679.0,5.0,,14.0,118578.0,58968,638,22.2,11.16,32.84,55.11,67.47,VOA CTSOP 2023 (LAD),0,0,0,0,0
Salisbury,England,John Glen,Conservative,john.glen.mp@parliament.uk,Wiltshire,20008.0,9,13.528023595214666,13.5,229103.0,42243,381,19.0,16.77,26.38,52.43,70.4,VOA CTSOP 2023 (LAD),0,0,0,0,0
Scarborough and Whitby,England,Alison Hume,Labour,alison.hume.mp@parliament.uk,North Yorkshire,19394.0,3,26.647152279300514,21.7,285064.0,,490,25.3,,,,,,0,0,0,0,0
Scunthorpe,England,Sir Nicholas Dakin,Labour,nic.dakin.mp@parliament.uk,North Lincolnshire,25480.0,3,27.01484277966248,15.8,75942.0,49127,615,24.1,9.68,28.58,60.43,77.4,VOA CTSOP 2023 (LAD),0,0,0,0,0
Sefton Central,England,Bill Esterson,Labour,bill.esterson.mp@parliament.uk,Sefton,18787.0,8,14.473410198665825,17.8,126783.0,45259,386,20.5,21.72,48.22,75.95,88.45,VOA CTSOP 2023 (LAD),0,0,0,0,0
Selby,England,Keir Mather,Labour,keir.mather.mp@parliament.uk,North Yorkshire,23777.0,5.0,,21.7,285064.0,10871,562,23.6,12.53,36.58,65.56,77.7,VOA CTSOP 2023 (LAD),0,0,0,0,0
Sevenoaks,England,Laura Trott,Conservative,laura.trott.mp@parliament.uk,Sevenoaks,25254.0,9,12.124608080519373,12.7,51736.0,40608,478,18.9,15.25,31.7,62.32,81.31,VOA CTSOP 2023 (LAD),0,0,0,0,0
Sheffield Brightside and Hillsborough,England,Gill Furniss,Labour,gill.furniss.mp@parliament.uk,Sheffield,31992.0,5.0,,15.5,241172.0,44650,720,22.5,12.12,40.65,66.35,79.81,VOA CTSOP 2023 (LAD),0,0,0,0,0
Sheffield Central,England,Abtisam Mohamed,Labour,abtisam.mohamed.mp@parliament.uk,Sheffield,14186.0,4,25.051023708485104,15.5,241172.0,35720,330,23.3,12.12,40.65,66.35,79.81,VOA CTSOP 2023 (LAD),0,0,0,0,0
Sheffield Hallam,England,Olivia Blake,Labour,olivia.blake.mp@parliament.uk,Sheffield,20243.0,5.0,,15.5,241172.0,44650,456,22.5,12.12,40.65,66.35,79.81,VOA CTSOP 2023 (LAD),0,0,0,0,0
Sheffield Heeley,England,Louise Haigh,Labour,louise.haigh.mp@parliament.uk,Sheffield,27092.0,5.0,,15.5,241172.0,53580,610,22.5,12.12,40.65,66.35,79.81,VOA CTSOP 2023 (LAD),0,0,0,0,0
Sheffield South East,England,Mr Clive Betts,Labour,officeofclivebettsmp@parliament.uk,Sheffield,24958.0,3,28.79862852130843,15.5,241172.0,53580,601,24.1,12.12,40.65,66.35,79.81,VOA CTSOP 2023 (LAD),0,0,0,0,0
Sherwood Forest,England,Michelle Welsh,Labour,michelle.welsh.mp@parliament.uk,Newark and Sherwood,23997.0,5.0,,17.5,56087.0,40248,549,22.9,10.37,29.56,58.37,73.71,VOA CTSOP 2023 (LAD),0,0,0,0,0
Shipley,England,Anna Dixon,Labour,anna.dixon.mp@parliament.uk,Bradford,22046.0,6,18.856589620424998,20.9,217823.0,42908,500,22.7,23.66,46.45,68.66,79.52,VOA CTSOP 2023 (LAD),0,0,0,0,0
Shrewsbury,England,Julia Buckley,Labour,julia.buckley.mp@parliament.uk,Shropshire,22500.0,5.0,,21.8,141477.0,47600,532,23.6,20.53,30.7,55.59,72.26,VOA CTSOP 2023 (LAD),1,1,1,0,0
Sittingbourne and Sheppey,England,Kevin McKenna,Labour,kevin.mckenna.mp@parliament.uk,Swale,29301.0,3,29.09546286613912,15.0,63876.0,44053,702,24.0,17.39,29.84,57.81,73.32,VOA CTSOP 2023 (LAD),0,0,0,0,0
Skipton and Ripon,England,Sir Julian Smith,Conservative,julian.smith.mp@parliament.uk,North Yorkshire,19179.0,9,12.388547029136266,21.7,285064.0,,390,20.3,,,,,,9,24,24,4,4
Sleaford and North Hykeham,England,Dr Caroline Johnson,Conservative,caroline.johnson.mp@parliament.uk,North Kesteven,21191.0,9,11.960114609055221,16.1,53460.0,41961,412,19.4,10.55,18.37,43.97,60.43,VOA CTSOP 2023 (LAD),0,0,0,0,0
Slough,England,Mr Tanmanjeet Singh Dhesi,Labour,tan.dhesi.mp@parliament.uk,Slough,45122.0,5,22.82096490688225,12.9,55491.0,46352,994,22.0,3.05,26.07,56.32,74.03,VOA CTSOP 2023 (LAD),0,0,0,0,0
Smethwick,England,Gurinder Singh Josan,Labour,gurinder.josan.mp@parliament.uk,Sandwell,34393.0,5.0,,14.8,132111.0,43437,770,22.4,6.8,38.55,68.85,81.63,VOA CTSOP 2023 (LAD),0,0,0,0,0
Solihull West and Shirley,England,Dr Neil Shastri-Hurst,Conservative,neil.shastrihurst.mp@parliament.uk,Solihull,23100.0,5.0,,10.4,90783.0,39184,498,21.6,1.68,19.37,64.5,80.07,VOA CTSOP 2023 (LAD),0,0,0,0,0
South Basildon and East Thurrock,England,James McMurdock,Independent,james.mcmurdock.mp@parliament.uk,Thurrock,27133.0,4,24.31600429087624,10.0,69129.0,42197,604,22.3,2.65,14.87,54.09,74.97,VOA CTSOP 2023 (LAD),0,0,0,0,0
South Cambridgeshire,England,Pippa Heylings,Liberal Democrat,pippa.heylings.mp@parliament.uk,South Cambridgeshire,25244.0,10,7.985670813827261,9.3,69649.0,49966,446,17.7,10.72,19.65,43.45,64.69,VOA CTSOP 2023 (LAD),0,0,0,0,0
South Cotswolds,England,Dr Roz Savage,Liberal Democrat,roz.savage.mp@parliament.uk,Cotswold,20461.0,5.0,,17.4,43283.0,45567,467,22.8,20.81,29.69,51.57,71.11,VOA CTSOP 2023 (LAD),0,0,0,0,0
South Derbyshire,England,Samantha Niblett,Labour,samantha.niblett.mp@parliament.uk,South Derbyshire,24327.0,8,14.229967285406625,14.5,47486.0,42640,486,20.0,12.74,22.15,40.65,58.01,VOA CTSOP 2023 (LAD),0,0,0,0,0
South Devon,England,Caroline Voaden,Liberal Democrat,caroline.voaden.mp@parliament.uk,South Hams,17307.0,5.0,,21.4,41787.0,51460,408,23.6,25.13,36.48,59.08,79.66,VOA CTSOP 2023 (LAD),1,0,0,1,1
South Dorset,England,Lloyd Hatton,Labour,lloyd.hatton.mp@parliament.uk,Dorset,18862.0,5,22.42124693849373,15.6,180159.0,41656,425,22.5,18.0,27.71,52.4,75.54,VOA CTSOP 2023 (LAD),0,0,0,0,0
South East Cornwall,England,Anna Gelderd,Labour,anna.gelderd.mp@parliament.uk,Cornwall,17262.0,5,21.579726860454826,23.1,266162.0,43647,412,23.9,25.6,35.26,54.41,73.51,VOA CTSOP 2023 (LAD),6,2,2,5,5
South Holland and The Deepings,England,Sir John Hayes,Conservative,hayesj@parliament.uk,,,7,16.746565587141,,,,,,,,,,,0,0,0,0,0
South Leicestershire,England,Alberto Costa,Conservative,alberto.costa.mp@parliament.uk,Blaby,23948.0,10,9.958867296517008,12.6,44738.0,47650,435,18.2,8.34,20.49,50.74,68.05,VOA CTSOP 2023 (LAD),0,0,0,0,0
South Norfolk,England,Ben Goldsborough,Labour,ben.goldsborough.mp@parliament.uk,South Norfolk,23105.0,9,13.51817240422733,15.2,63798.0,42879,446,19.3,13.78,21.0,44.19,65.02,VOA CTSOP 2023 (LAD),0,0,0,0,0
South Northamptonshire,England,Sarah Bool,Conservative,sarah.bool.mp@parliament.uk,West Northamptonshire,23650.0,10,8.444046487875593,15.9,181459.0,45302,441,18.6,12.57,23.9,48.13,70.35,VOA CTSOP 2023 (LAD),0,0,0,0,0
South Ribble,England,Mr Paul Foster,Labour,paul.foster.mp@parliament.uk,South Ribble,20955.0,8,14.34489146967106,13.2,50099.0,43310,414,19.8,8.92,26.16,57.84,76.81,VOA CTSOP 2023 (LAD),1,0,0,0,1
South Shields,England,Emma Lewell,Labour,emma.lewell.mp@parliament.uk,South Tyneside,19585.0,2,33.77498477751757,12.7,70787.0,44495,476,24.3,10.69,35.98,73.31,87.65,VOA CTSOP 2023 (LAD),0,0,0,0,0
South Shropshire,England,Stuart Anderson,Conservative,stuart.anderson.mp@parliament.uk,Shropshire,16950.0,5.0,,21.8,141477.0,47600,401,23.7,20.53,30.7,55.59,72.26,VOA CTSOP 2023 (LAD),7,1,1,7,7
South Suffolk,England,James Cartlidge,Conservative,james.cartlidge.mp@parliament.uk,Babergh,19654.0,8,14.217942695823066,16.3,41811.0,43140,399,20.3,19.22,25.68,53.11,75.17,VOA CTSOP 2023 (LAD),0,0,0,0,0
South West Devon,England,Rebecca Smith,Conservative,rebecca.smith.mp@parliament.uk,South Hams,21098.0,9,11.371183014618206,21.4,41787.0,48516,428,20.3,23.73,36.04,59.55,79.37,VOA CTSOP 2023 (LAD),0,0,0,0,0
South West Hertfordshire,England,Mr Gagan Mohindra,Conservative,gagan.mohindra.mp@parliament.uk,Three Rivers,24825.0,10,8.295880526691807,7.8,38344.0,41384,433,17.4,5.51,26.62,65.1,77.86,VOA CTSOP 2023 (LAD),0,0,0,0,0
South West Norfolk,England,Terry Jermy,Labour,terry.jermy.mp@parliament.uk,King's Lynn and West Norfolk,22701.0,5,22.26289371556993,17.3,70065.0,54021,518,22.8,13.12,22.89,48.55,70.95,VOA CTSOP 2023 (LAD),0,0,0,0,0
South West Wiltshire,England,Dr Andrew Murrison,Conservative,murrisona@parliament.uk,Wiltshire,21474.0,7,16.42259897376319,13.5,229103.0,44590,442,20.6,16.77,26.38,52.43,70.4,VOA CTSOP 2023 (LAD),0,0,0,0,0
Southampton Itchen,England,Darren Paffey,Labour,darren.paffey.mp@parliament.uk,Southampton,25050.0,5.0,,16.9,108155.0,40211,570,22.8,11.83,37.76,67.51,81.05,VOA CTSOP 2023 (LAD),0,0,0,0,0
Southampton Test,England,Satvir Kaur,Labour,satvir.kaur.mp@parliament.uk,Southampton,25773.0,5.0,,16.9,108155.0,50264,586,22.7,11.83,37.76,67.51,81.05,VOA CTSOP 2023 (LAD),0,0,0,0,0
Southend East and Rochford,England,Mr Bayo Alaba,Labour,bayo.alaba.mp@parliament.uk,Southend-on-Sea,24361.0,5.0,,14.1,81393.0,42860,542,22.2,3.24,40.8,70.4,84.92,VOA CTSOP 2023 (LAD),0,0,0,0,0
Southend West and Leigh,England,David Burton-Sampson,Labour,david.burtonsampson.mp@parliament.uk,Southend-on-Sea,24966.0,5.0,,14.1,81393.0,48806,555,22.2,2.93,51.92,75.34,87.89,VOA CTSOP 2023 (LAD),0,0,0,0,0
Southgate and Wood Green,England,Bambos Charalambous,Labour,bambos.charalambous.mp@parliament.uk,Enfield,28736.0,5.0,,11.2,131096.0,57210,624,21.7,20.31,61.4,76.48,85.52,VOA CTSOP 2023 (LAD),0,0,0,0,0
Southport,England,Patrick Hurley,Labour,patrick.hurley.mp@parliament.uk,Sefton,19306.0,5,22.16715665477349,17.8,126783.0,43670,442,22.9,18.08,39.82,70.74,84.78,VOA CTSOP 2023 (LAD),0,0,0,0,0
Spelthorne,England,Lincoln Jopp,Conservative,lincoln.jopp.mp@parliament.uk,Spelthorne,25704.0,8,14.99546810023637,10.2,44138.0,44160,496,19.3,5.34,29.03,69.88,83.08,VOA CTSOP 2023 (LAD),0,0,0,0,0
Spen Valley,England,Kim Leadbeater,Labour,kim.leadbeater.mp@parliament.uk,Kirklees,22858.0,5.0,,19.2,184772.0,45970,530,23.2,22.76,41.82,67.94,79.46,VOA CTSOP 2023 (LAD),0,0,0,0,0
St Albans,England,Daisy Cooper,Liberal Democrat,daisy.cooper.mp@parliament.uk,St Albans,26458.0,10,9.540887990995412,7.8,61300.0,36604,461,17.4,8.83,30.33,61.53,79.19,VOA CTSOP 2023 (LAD),0,0,0,0,0
St Austell and Newquay,England,Noah Law,Labour,noah.law.mp@parliament.uk,Cornwall,21370.0,4,23.88049019969561,23.1,266162.0,49883,528,24.7,25.6,35.26,54.41,73.51,VOA CTSOP 2023 (LAD),0,0,0,0,0
St Helens North,England,David Baines,Labour,david.baines.mp@parliament.uk,St. Helens,22807.0,2,30.944065495532087,13.5,83436.0,45011,558,24.5,11.52,34.07,68.26,79.74,VOA CTSOP 2023 (LAD),0,0,0,0,0
St Helens South and Whiston,England,Ms Marie Rimmer,Labour,marie.rimmer.mp@parliament.uk,St. Helens,21860.0,2,33.6818900276666,13.5,83436.0,49337,535,24.5,9.88,32.02,67.14,78.61,VOA CTSOP 2023 (LAD),0,0,0,0,0
St Ives,England,Andrew George,Liberal Democrat,andrew.george.mp@parliament.uk,Cornwall,16680.0,4,24.237184472705568,23.1,266162.0,41680,412,24.7,29.6,38.03,59.11,76.28,VOA CTSOP 2023 (LAD),5,3,1,3,3
St Neots and Mid Cambridgeshire,England,Ian Sollom,Liberal Democrat,ian.sollom.mp@parliament.uk,South Cambridgeshire,28828.0,5.0,,9.3,69649.0,43685,616,21.4,9.55,16.42,41.58,66.53,VOA CTSOP 2023 (LAD),0,0,0,0,0
Stafford,England,Leigh Ingham,Labour,leigh.ingham.mp@parliament.uk,Stafford,20844.0,8,14.536003222406265,14.7,60904.0,46766,417,20.0,10.66,24.86,57.22,73.83,VOA CTSOP 2023 (LAD),0,0,0,0,0
Staffordshire Moorlands,England,Dame Karen Bradley,Conservative,karen.bradley.mp@parliament.uk,Staffordshire Moorlands,16808.0,8,15.27788248531543,19.5,42973.0,41463,350,20.8,20.28,36.69,68.69,82.72,VOA CTSOP 2023 (LAD),0,0,0,0,0
Stalybridge and Hyde,England,Jonathan Reynolds,Labour (Co-op),jonathan.reynolds.mp@parliament.uk,Tameside,24298.0,2,30.464546319021668,15.9,102516.0,43642,606,24.9,18.02,41.32,71.21,84.47,VOA CTSOP 2023 (LAD),0,0,0,0,0
Stevenage,England,Kevin Bonavia,Labour,kevin.bonavia.mp@parliament.uk,Stevenage,25456.0,6,18.54521097016368,7.4,37962.0,44901,517,20.3,2.92,7.64,58.13,78.23,VOA CTSOP 2023 (LAD),0,0,0,0,0
Stockport,England,Navendu Mishra,Labour,navendu.mishra.mp@parliament.uk,Stockport,26511.0,2,31.71955276970557,14.5,130518.0,40738,654,24.7,13.9,42.26,76.86,90.0,VOA CTSOP 2023 (LAD),0,0,0,0,0
Stockton North,England,Chris McDonald,Labour,chris.mcdonald.mp@parliament.uk,Stockton-on-Tees,25942.0,2,34.47406433325117,10.7,86781.0,46178,620,23.9,5.47,21.79,55.75,74.27,VOA CTSOP 2023 (LAD),0,0,0,0,0
Stockton West,England,Matt Vickers,Conservative,matt.vickers.mp@parliament.uk,Stockton-on-Tees,21971.0,5.0,,10.7,86781.0,40623,475,21.6,6.07,24.31,56.63,74.65,VOA CTSOP 2023 (LAD),0,0,0,0,0
Stoke-on-Trent Central,England,Gareth Snell,Labour (Co-op),gareth.snell.mp@parliament.uk,Stoke-on-Trent,30327.0,1,36.55919035190146,15.0,112079.0,53349,774,25.5,16.76,40.65,70.43,84.11,VOA CTSOP 2023 (LAD),0,0,0,0,0
Stoke-on-Trent North,England,David Williams,Labour,david.williams.mp@parliament.uk,Stoke-on-Trent,25976.0,2,33.96164402239345,15.0,112079.0,42794,643,24.8,16.04,39.74,70.26,83.94,VOA CTSOP 2023 (LAD),0,0,0,0,0
Stoke-on-Trent South,England,Dr Allison Gardner,Labour,allison.gardner.mp@parliament.uk,Stoke-on-Trent,23028.0,2,31.245360325105356,15.0,112079.0,42949,570,24.8,15.94,36.65,67.22,81.62,VOA CTSOP 2023 (LAD),0,0,0,0,0
"Stone, Great Wyrley and Penkridge",England,Sir Gavin Williamson,Conservative,gavin.williamson.mp@parliament.uk,South Staffordshire,19296.0,5.0,,13.0,46805.0,38180,425,22.0,7.76,18.85,55.4,77.96,VOA CTSOP 2023 (LAD),0,0,0,0,0
Stourbridge,England,Cat Eccles,Labour,cat.eccles.mp@parliament.uk,Dudley,21421.0,5,20.75541109177373,13.2,139013.0,37937,473,22.1,6.15,28.58,69.6,86.2,VOA CTSOP 2023 (LAD),0,0,0,0,0
Stratford and Bow,England,Uma Kumaran,Labour,uma.kumaran.mp@parliament.uk,Newham,29595.0,5.0,,12.5,125886.0,50414,650,22.0,22.93,34.35,50.61,61.47,VOA CTSOP 2023 (LAD),0,0,0,0,0
Stratford-on-Avon,England,Manuela Perteghella,Liberal Democrat,manuela.perteghella.mp@parliament.uk,Stratford-on-Avon,20495.0,9,11.957974920119428,16.9,60315.0,48190,401,19.6,15.38,23.25,49.36,65.46,VOA CTSOP 2023 (LAD),0,0,0,0,0
Streatham and Croydon North,England,Steve Reed,Labour (Co-op),steve.reed.mp@parliament.uk,Lambeth,27064.0,5.0,,11.1,145797.0,53141,587,21.7,30.54,53.44,71.74,81.21,VOA CTSOP 2023 (LAD),0,0,0,0,0
Stretford and Urmston,England,Andrew Western,Labour,andrew.western.mp@parliament.uk,Trafford,26809.0,5,23.30005161684796,13.7,99194.0,44203,595,22.2,12.69,49.82,75.36,84.76,VOA CTSOP 2023 (LAD),0,0,0,0,0
Stroud,England,Dr Simon Opher,Labour,simon.opher.mp@parliament.uk,Stroud,21048.0,9,11.240344033640264,15.3,55595.0,44039,407,19.3,23.34,32.7,57.77,76.09,VOA CTSOP 2023 (LAD),0,0,0,0,0
Suffolk Coastal,England,Jenny Riddell-Carpenter,Labour,jenny.riddellcarpenter.mp@parliament.uk,East Suffolk,17244.0,7,16.063315220845247,16.3,115269.0,54201,363,21.1,18.87,31.73,55.26,77.26,VOA CTSOP 2023 (LAD),0,0,0,0,0
Sunderland Central,England,Lewis Atkinson,Labour,lewis.atkinson.mp@parliament.uk,Sunderland,22020.0,2,30.895745607559427,12.5,126606.0,47938,534,24.3,14.43,32.47,67.91,84.31,VOA CTSOP 2023 (LAD),0,0,0,0,0
Surrey Heath,England,Dr Al Pinkerton,Liberal Democrat,al.pinkerton.mp@parliament.uk,Surrey Heath,23570.0,10,8.907872110855516,8.0,38014.0,41347,412,17.5,5.08,16.92,51.23,77.03,VOA CTSOP 2023 (LAD),0,0,0,0,0
Sussex Weald,England,Ms Nusrat Ghani,Conservative,nusrat.ghani.mp@parliament.uk,Wealden,20538.0,5.0,,15.8,71977.0,41091,463,22.5,15.71,29.35,58.02,74.99,VOA CTSOP 2023 (LAD),0,0,0,0,0
Sutton and Cheam,England,Luke Taylor,Liberal Democrat,luke.taylor.mp@parliament.uk,Sutton,27706.0,10,11.043800011643023,8.9,89336.0,42985,488,17.6,5.25,53.93,68.22,82.54,VOA CTSOP 2023 (LAD),0,0,0,0,0
Sutton Coldfield,England,Sir Andrew Mitchell,Conservative,andrew.mitchell.mp@parliament.uk,Birmingham,22385.0,9,13.546102570620572,18.1,429733.0,50943,443,19.8,11.67,47.2,70.36,81.58,VOA CTSOP 2023 (LAD),0,0,0,0,0
Swindon North,England,Will Stone,Labour,will.stone.mp@parliament.uk,Swindon,28685.0,5.0,,9.9,102277.0,38278,616,21.5,11.51,21.08,46.92,70.92,VOA CTSOP 2023 (LAD),0,0,0,0,0
Swindon South,England,Heidi Alexander,Labour,heidi.alexander.mp@parliament.uk,Swindon,28351.0,5.0,,9.9,102277.0,47848,609,21.5,11.51,21.08,46.92,70.92,VOA CTSOP 2023 (LAD),0,0,0,0,0
Tamworth,England,Sarah Edwards,Labour,sarah.edwards.mp@parliament.uk,Tamworth,23323.0,6,19.432155112443464,10.4,33364.0,47130,486,20.8,5.98,14.36,47.15,74.99,VOA CTSOP 2023 (LAD),0,0,0,0,0
Tatton,England,Esther McVey,Conservative,esther.mcvey.mp@parliament.uk,Cheshire East,22334.0,9,11.274230646448524,14.4,180017.0,51577,429,19.2,14.48,29.14,57.38,74.26,VOA CTSOP 2023 (LAD),0,0,0,0,0
Taunton and Wellington,England,Gideon Amos,Liberal Democrat,gideon.amos.mp@parliament.uk,Somerset,25790.0,5.0,,16.9,266140.0,,587,22.8,,,,,,0,0,0,0,0
Telford,England,Shaun Davies,Labour,shaun.davies.mp@parliament.uk,Telford and Wrekin,29409.0,3,29.677274038121237,11.0,77633.0,38612,682,23.2,6.72,12.11,39.4,65.67,VOA CTSOP 2023 (LAD),0,0,0,0,0
Tewkesbury,England,Cameron Thomas,Liberal Democrat,cameron.thomas.mp@parliament.uk,Tewkesbury,23061.0,9,11.66297273581666,11.2,43589.0,49215,431,18.7,13.45,20.73,50.26,69.97,VOA CTSOP 2023 (LAD),0,0,0,0,0
The Wrekin,England,Mark Pritchard,Conservative,mark.pritchard.mp@parliament.uk,Telford and Wrekin,25506.0,7,18.160740187415232,11.0,77633.0,55338,515,20.2,9.72,16.15,42.92,67.1,VOA CTSOP 2023 (LAD),0,0,0,0,0
Thirsk and Malton,England,Kevin Hollinrake,Conservative,kevin.hollinrake.mp@parliament.uk,North Yorkshire,18700.0,8,15.39573704697332,21.7,285064.0,,396,21.2,,,,,,0,0,0,0,0
Thornbury and Yate,England,Claire Young,Liberal Democrat,claire.young.mp@parliament.uk,South Gloucestershire,23031.0,10,10.778721828426026,9.9,125685.0,44907,409,17.8,7.63,18.31,47.74,70.69,VOA CTSOP 2023 (LAD),0,0,0,0,0
Thurrock,England,Jen Craft,Labour,jen.craft.mp@parliament.uk,Thurrock,36606.0,5,22.902058953820013,10.0,69129.0,45416,787,21.5,3.84,20.67,57.21,73.85,VOA CTSOP 2023 (LAD),0,0,0,0,0
Tipton and Wednesbury,England,Antonia Bance,Labour,antonia.bance.mp@parliament.uk,Sandwell,32605.0,5.0,,14.8,132111.0,43427,730,22.4,6.72,37.31,68.95,82.2,VOA CTSOP 2023 (LAD),0,0,0,0,0
Tiverton and Minehead,England,Rachel Gilmour,Liberal Democrat,rachel.gilmour.mp@parliament.uk,Mid Devon,18000.0,5.0,,21.7,37877.0,13550,425,23.6,25.11,31.77,52.6,71.81,VOA CTSOP 2023 (LAD),0,0,0,0,0
Tonbridge,England,Tom Tugendhat,Conservative,tom.tugendhat.mp@parliament.uk,Tonbridge and Malling,23777.0,5.0,,10.8,56594.0,44826,515,21.7,15.22,27.32,57.51,75.99,VOA CTSOP 2023 (LAD),0,0,0,0,0
Tooting,England,Dr Rosena Allin-Khan,Labour,rosena.allinkhan.mp@parliament.uk,Wandsworth,20860.0,7,17.00212784371006,9.6,148854.0,53010,416,19.9,33.11,52.1,69.84,78.35,VOA CTSOP 2023 (LAD),0,0,0,0,0
Torbay,England,Steve Darling,Liberal Democrat,steve.darling.mp@parliament.uk,Torbay,20664.0,3,29.6417456849356,17.8,67042.0,46874,507,24.5,24.27,43.15,70.12,84.66,VOA CTSOP 2023 (LAD),0,0,0,0,0
Torridge and Tavistock,England,Sir Geoffrey Cox,Conservative,coxg@parliament.uk,Torridge,18368.0,5.0,,24.5,32329.0,46880,443,24.1,29.23,37.4,54.2,70.01,VOA CTSOP 2023 (LAD),3,0,0,3,3
Tottenham,England,Mr David Lammy,Labour,david.lammy.mp@parliament.uk,Haringey,33593.0,2,34.60647248783524,14.0,113713.0,59880,825,24.6,35.78,61.77,75.54,83.97,VOA CTSOP 2023 (LAD),0,0,0,0,0
Truro and Falmouth,England,Jayne Kirkham,Labour (Co-op),jayne.kirkham.mp@parliament.uk,Cornwall,19134.0,6,18.368499516291706,23.1,266162.0,53000,441,23.0,25.6,35.26,54.41,73.51,VOA CTSOP 2023 (LAD),4,1,1,3,3
Tunbridge Wells,England,Mike Martin,Liberal Democrat,mike.martin.mp@parliament.uk,Tunbridge Wells,27598.0,10,11.10861676415051,16.3,50897.0,44902,516,18.7,30.63,42.13,67.01,81.1,VOA CTSOP 2023 (LAD),0,0,0,0,0
Twickenham,England,Munira Wilson,Liberal Democrat,munira.wilson.mp@parliament.uk,Richmond upon Thames,27033.0,10,9.308053342016459,9.0,87525.0,47556,476,17.6,20.3,62.0,78.26,87.68,VOA CTSOP 2023 (LAD),0,0,0,0,0
Tynemouth,England,Sir Alan Campbell,Labour,alan.campbell.mp@parliament.uk,North Tyneside,20798.0,7,17.67007460604236,12.8,99556.0,40484,426,20.5,9.06,36.57,65.18,80.35,VOA CTSOP 2023 (LAD),0,0,0,0,0
Uxbridge and South Ruislip,England,Danny Beales,Labour,danny.beales.mp@parliament.uk,Hillingdon,32035.0,8,15.837113429655888,8.0,118452.0,44648,607,18.9,1.87,41.75,67.35,81.5,VOA CTSOP 2023 (LAD),0,0,0,0,0
Vauxhall and Camberwell Green,England,Florence Eshalomi,Labour (Co-op),florence.eshalomi.mp@parliament.uk,Lambeth,17559.0,5.0,,11.1,145797.0,43153,381,21.7,33.72,49.05,67.12,76.94,VOA CTSOP 2023 (LAD),0,0,0,0,0
Wakefield and Rothwell,England,Simon Lightwood,Labour (Co-op),simon.lightwood.mp@parliament.uk,Wakefield,26598.0,5.0,,13.0,158839.0,49783,586,22.0,9.36,32.07,62.04,76.35,VOA CTSOP 2023 (LAD),0,0,0,0,0
Wallasey,England,Dame Angela Eagle,Labour,eaglea@parliament.uk,Wirral,22149.0,2,35.21108441156304,16.8,147536.0,45963,556,25.1,15.49,48.24,74.84,88.54,VOA CTSOP 2023 (LAD),0,0,0,0,0
Walsall and Bloxwich,England,Valerie Vaz,Labour,valerie.vaz.mp@parliament.uk,Walsall,36805.0,5.0,,13.1,113850.0,44838,812,22.1,8.56,29.83,71.05,83.46,VOA CTSOP 2023 (LAD),0,0,0,0,0
Walthamstow,England,Ms Stella Creasy,Labour (Co-op),stella.creasy.mp@parliament.uk,Waltham Forest,31520.0,3,27.117095859069234,12.5,111422.0,52785,740,23.5,24.35,64.58,76.15,82.97,VOA CTSOP 2023 (LAD),0,0,0,0,0
Warrington North,England,Charlotte Nichols,Labour,charlotte.nichols.mp@parliament.uk,Warrington,21894.0,4,23.652081906410334,11.7,93301.0,41561,494,22.6,8.93,28.22,54.25,75.39,VOA CTSOP 2023 (LAD),0,0,0,0,0
Warrington South,England,Sarah Hall,Labour (Co-op),sarah.hall.mp@parliament.uk,Warrington,24762.0,8,15.192064133437212,11.7,93301.0,45717,484,19.5,8.93,28.22,54.25,75.39,VOA CTSOP 2023 (LAD),0,0,0,0,0
Warwick and Leamington,England,Matt Western,Labour,matt.western.mp@parliament.uk,Warwick,24020.0,9,13.243361062823514,14.0,63540.0,48240,460,19.2,14.74,24.71,54.54,72.08,VOA CTSOP 2023 (LAD),0,0,0,0,0
Washington and Gateshead South,England,Mrs Sharon Hodgson,Labour,sharon.hodgson.mp@parliament.uk,Sunderland,21488.0,5.0,,12.5,126606.0,45918,472,22.0,14.14,33.71,69.08,84.52,VOA CTSOP 2023 (LAD),0,0,0,0,0
Watford,England,Matt Turmaine,Labour,matt.turmaine.mp@parliament.uk,Watford,30168.0,8,14.468723798735168,11.6,41136.0,44814,589,19.5,13.54,44.36,65.91,74.95,VOA CTSOP 2023 (LAD),0,0,0,0,0
Waveney Valley,England,Adrian Ramsay,Green Party,adrian.ramsay.mp@parliament.uk,Mid Suffolk,16548.0,5.0,,17.7,45999.0,43869,379,22.9,17.74,25.19,45.52,67.23,VOA CTSOP 2023 (LAD),0,0,0,0,0
Weald of Kent,England,Katie Lam,Conservative,katie.lam.mp@parliament.uk,Ashford,22598.0,5.0,,13.8,56533.0,50225,502,22.2,15.52,26.27,51.18,67.94,VOA CTSOP 2023 (LAD),0,0,0,0,0
Wellingborough and Rushden,England,Gen Kitchen,Labour,gen.kitchen.mp@parliament.uk,North Northamptonshire,28167.0,5.0,,14.6,156363.0,48932,629,22.3,12.56,25.13,51.99,69.02,VOA CTSOP 2023 (LAD),0,0,0,0,0
Wells and Mendip Hills,England,Tessa Munt,Liberal Democrat,tessa.munt.mp@parliament.uk,Somerset,19153.0,5.0,,16.9,266140.0,11475,436,22.8,14.8,25.68,52.44,74.34,VOA CTSOP 2023 (LAD),0,0,0,0,0
Welwyn Hatfield,England,Andrew Lewin,Labour,andrew.lewin.mp@parliament.uk,Welwyn Hatfield,27524.0,8,14.638401366208432,7.8,48133.0,47147,520,18.9,2.29,16.76,57.75,76.68,VOA CTSOP 2023 (LAD),0,0,0,0,0
West Bromwich,England,Sarah Coombes,Labour,sarah.coombes.mp@parliament.uk,Sandwell,30415.0,5.0,,14.8,132111.0,43437,681,22.4,6.8,38.55,68.85,81.63,VOA CTSOP 2023 (LAD),0,0,0,0,0
West Dorset,England,Edward Morello,Liberal Democrat,edward.morello.mp@parliament.uk,Dorset,17643.0,8,15.750153776716848,15.6,180159.0,55541,356,20.2,18.0,27.71,52.4,75.54,VOA CTSOP 2023 (LAD),0,0,0,0,0
West Ham and Beckton,England,James Asser,Labour,james.asser.mp@parliament.uk,Newham,35329.0,5.0,,12.5,125886.0,52144,776,22.0,28.94,43.46,58.43,68.53,VOA CTSOP 2023 (LAD),0,0,0,0,0
West Lancashire,England,Ashley Dalton,Labour,ashley.dalton.mp@parliament.uk,West Lancashire,21793.0,6,19.879879840889387,15.3,49955.0,42144,473,21.7,10.8,23.02,60.32,77.44,VOA CTSOP 2023 (LAD),0,0,0,0,0
West Suffolk,England,Nick Timothy,Conservative,nick.timothy.mp@parliament.uk,West Suffolk,28990.0,7,17.257263360071374,12.7,81778.0,54060,593,20.5,12.88,18.12,46.72,70.38,VOA CTSOP 2023 (LAD),0,0,0,0,0
West Worcestershire,England,Dame Harriett Baldwin,Conservative,harriett.baldwin.mp@parliament.uk,Malvern Hills,20037.0,8,15.576966968978667,21.4,35394.0,47992,423,21.1,23.12,31.17,56.51,73.73,VOA CTSOP 2023 (LAD),0,0,0,0,0
Westmorland and Lonsdale,England,Tim Farron,Liberal Democrat,tim.farron.mp@parliament.uk,Westmorland and Furness,15571.0,9,12.188202638423506,28.0,106687.0,,332,21.3,,,,,,8,3,3,7,8
Weston-super-Mare,England,Dan Aldridge,Labour,daniel.aldridge.mp@parliament.uk,North Somerset,22050.0,5.0,,12.1,100784.0,34426,483,21.9,14.8,25.68,52.44,74.34,VOA CTSOP 2023 (LAD),0,0,0,0,0
Wetherby and Easingwold,England,Sir Alec Shelbrooke,Conservative,alec.shelbrooke.mp@parliament.uk,North Yorkshire,20065.0,5.0,,21.7,285064.0,21743,474,23.6,12.53,36.58,65.56,77.7,VOA CTSOP 2023 (LAD),0,0,0,0,0
Whitehaven and Workington,England,Josh MacAlister,Labour,josh.macalister.mp@parliament.uk,Cumberland,20034.0,5.0,,22.0,129197.0,,474,23.7,,,,,,0,0,0,0,0
Widnes and Halewood,England,Derek Twigg,Labour,derek.twigg.mp@parliament.uk,Halton,21824.0,5.0,,11.4,57601.0,42636,475,21.8,6.5,22.96,54.46,76.74,VOA CTSOP 2023 (LAD),0,0,0,0,0
Wigan,England,Lisa Nandy,Labour,lisa.nandy.mp@parliament.uk,Wigan,23777.0,3,28.009562262967293,13.6,147357.0,41277,564,23.7,14.18,34.73,65.17,79.14,VOA CTSOP 2023 (LAD),0,0,0,0,0
Wimbledon,England,Mr Paul Kohler,Liberal Democrat,paul.kohler.mp@parliament.uk,Merton,26180.0,10,8.655202926565442,10.0,88985.0,51403,465,17.8,12.34,61.07,74.71,84.76,VOA CTSOP 2023 (LAD),0,0,0,0,0
Winchester,England,Dr Danny Chambers,Liberal Democrat,danny.chambers.mp@parliament.uk,Winchester,24565.0,10,8.046847591541022,12.7,54531.0,46248,446,18.2,14.11,25.12,49.95,69.76,VOA CTSOP 2023 (LAD),0,0,0,0,0
Windsor,England,Jack Rankin,Conservative,jack.rankin.mp@parliament.uk,Windsor and Maidenhead,27904.0,10,8.404771190244633,10.4,64283.0,45965,497,17.8,9.95,26.67,58.32,76.63,VOA CTSOP 2023 (LAD),0,0,0,0,0
Wirral West,England,Matthew Patrick,Labour,matthew.patrick.mp@parliament.uk,Wirral,17995.0,7,17.641357002262108,16.8,147536.0,45963,381,21.2,15.49,48.24,74.84,88.54,VOA CTSOP 2023 (LAD),0,0,0,0,0
Witham,England,Priti Patel,Conservative,withammp@parliament.uk,Braintree,25143.0,9,13.279771202734457,12.3,67524.0,45138,474,18.9,11.39,23.07,49.2,70.11,VOA CTSOP 2023 (LAD),0,0,0,0,0
Witney,England,Charlie Maynard,Liberal Democrat,charlie.maynard.mp@parliament.uk,West Oxfordshire,24593.0,10,8.736159973970336,13.7,50684.0,43761,450,18.3,15.42,21.28,48.13,68.09,VOA CTSOP 2023 (LAD),0,0,0,0,0
Woking,England,Mr Will Forster,Liberal Democrat,will.forster.mp@parliament.uk,Woking,26065.0,10,10.780597056236982,10.3,43820.0,44140,464,17.8,5.94,22.68,53.31,77.07,VOA CTSOP 2023 (LAD),0,0,0,0,0
Wokingham,England,Clive Jones,Liberal Democrat,clive.jones.mp@parliament.uk,Wokingham,27315.0,10,6.064711140989138,7.3,73124.0,40524,474,17.4,4.15,12.6,42.26,70.64,VOA CTSOP 2023 (LAD),0,0,0,0,0
Wolverhampton North East,England,Sureena Brackenridge,Labour,sureena.brackenridge.mp@parliament.uk,Wolverhampton,30425.0,2,34.21139897366492,14.8,106692.0,48943,752,24.7,7.52,35.88,72.49,84.95,VOA CTSOP 2023 (LAD),0,0,0,0,0
Wolverhampton South East,England,Pat McFadden,Labour,mcfaddenp@parliament.uk,Wolverhampton,37163.0,1,37.00718008720012,14.8,106692.0,45114,947,25.5,7.69,34.87,72.25,84.7,VOA CTSOP 2023 (LAD),0,0,0,0,0
Wolverhampton West,England,Warinder Juss,Labour,warinder.juss.mp@parliament.uk,Wolverhampton,29865.0,5.0,,14.8,106692.0,47167,668,22.4,7.26,37.39,72.85,85.32,VOA CTSOP 2023 (LAD),0,0,0,0,0
Worcester,England,Tom Collins,Labour,tom.collins.mp@parliament.uk,Worcester,23084.0,6,20.556707919227044,14.5,45375.0,47380,497,21.5,16.25,31.07,55.91,74.36,VOA CTSOP 2023 (LAD),0,0,0,0,0
Worsley and Eccles,England,Michael Wheeler,Labour,michael.wheeler.mp@parliament.uk,Salford,27029.0,5.0,,14.0,118578.0,59623,601,22.2,12.06,33.41,58.13,70.97,VOA CTSOP 2023 (LAD),0,0,0,0,0
Worthing West,England,Dr Beccy Cooper,Labour,beccy.cooper.mp@parliament.uk,Worthing,19809.0,7,17.26515287031395,17.0,52239.0,45424,420,21.2,7.87,39.4,71.18,85.98,VOA CTSOP 2023 (LAD),0,0,0,0,0
Wycombe,England,Emma Reynolds,Labour,emma.reynolds.mp@parliament.uk,Buckinghamshire,29593.0,9,13.082962668556714,11.0,232712.0,40607,552,18.7,8.89,22.93,55.2,74.53,VOA CTSOP 2023 (LAD),0,0,0,0,0
Wyre Forest,England,Mark Garnier,Conservative,mark.garnier.mp@parliament.uk,Wyre Forest,21384.0,5,22.784010227957076,16.2,45976.0,48350,484,22.6,13.9,27.67,64.2,79.98,VOA CTSOP 2023 (LAD),0,0,0,0,0
Wythenshawe and Sale East,England,Mike Kane,Labour,mike.kane.mp@parliament.uk,Manchester,32078.0,2,34.80568207276452,17.9,221040.0,53234,813,25.3,14.15,46.19,64.74,75.13,VOA CTSOP 2023 (LAD),0,0,0,0,0
Yeovil,England,Adam Dance,Liberal Democrat,adam.dance.mp@parliament.uk,Somerset,22981.0,6,18.431565258266406,16.9,266140.0,,505,22.0,,,,,,0,0,0,0,0
York Central,England,Rachael Maskell,Labour (Co-op),rachael.maskell.mp@parliament.uk,York,19799.0,8,15.817020163736931,15.3,88781.0,39609,398,20.1,14.49,33.24,59.74,77.42,VOA CTSOP 2023 (LAD),0,0,0,0,0
York Outer,England,Mr Luke Charters,Labour,luke.charters.mp@parliament.uk,York,18782.0,10,7.109094799739935,15.3,88781.0,52811,349,18.6,14.49,33.24,59.74,77.42,VOA CTSOP 2023 (LAD),0,0,0,0,0
Belfast East,Northern Ireland,Gavin Robinson,Democratic Unionist Party,gavin.robinson.mp@parliament.uk,Belfast,23777.0,1,38.74047030089032,14.2,,46111,603,25.4,8.0,16.5,42.51,70.47,NIHCS 2023 (NI-wide; no district breakdown),0,0,0,0,0
Belfast North,Northern Ireland,John Finucane,Sinn Féin,john.finucane.mp@parliament.uk,Belfast,23777.0,1,65.38729141722065,14.2,,46111,603,25.4,8.0,16.5,42.51,70.47,NIHCS 2023 (NI-wide; no district breakdown),0,0,0,0,0
Belfast South and Mid Down,Northern Ireland,Claire Hanna,Social Democratic & Labour Party,claire.hanna.mp@parliament.uk,Belfast,23777.0,5.0,,14.2,,46111,529,22.2,8.0,16.5,42.51,70.47,NIHCS 2023 (NI-wide; no district breakdown),0,0,0,0,0
Belfast West,Northern Ireland,Paul Maskey,Sinn Féin,paul.maskey.mp@parliament.uk,Belfast,23777.0,1,71.9006169718264,14.2,,46111,603,25.4,8.0,16.5,42.51,70.47,NIHCS 2023 (NI-wide; no district breakdown),0,0,0,0,0
East Antrim,Northern Ireland,Sammy Wilson,Democratic Unionist Party,barronj@parliament.uk,Mid and East Antrim,23777.0,1,36.91611384109566,14.2,,46111,603,25.4,8.0,16.5,42.51,70.47,NIHCS 2023 (NI-wide; no district breakdown),0,0,0,0,0
East Londonderry,Northern Ireland,Mr Gregory Campbell,Democratic Unionist Party,aaron.callan@parliament.uk,Causeway Coast and Glens,23777.0,1,47.81467916687612,14.2,,46111,603,25.4,8.0,16.5,42.51,70.47,NIHCS 2023 (NI-wide; no district breakdown),0,0,0,0,0
Fermanagh and South Tyrone,Northern Ireland,Pat Cullen,Sinn Féin,pat.cullen.mp@parliament.uk,Fermanagh and Omagh,23777.0,1,44.78015792609703,14.2,,46111,603,25.4,8.0,16.5,42.51,70.47,NIHCS 2023 (NI-wide; no district breakdown),0,0,0,0,0
Foyle,Northern Ireland,Colum Eastwood,Social Democratic & Labour Party,colum.eastwood.mp@parliament.uk,Derry City and Strabane,23777.0,1,63.10188564348571,14.2,,46111,603,25.4,8.0,16.5,42.51,70.47,NIHCS 2023 (NI-wide; no district breakdown),0,0,0,0,0
Lagan Valley,Northern Ireland,Sorcha Eastwood,Alliance,sorcha.eastwood.mp@parliament.uk,Lisburn and Castlereagh,23777.0,2,31.410263838342626,14.2,,46111,585,24.6,8.0,16.5,42.51,70.47,NIHCS 2023 (NI-wide; no district breakdown),0,0,0,0,0
Mid Ulster,Northern Ireland,Mr Cathal Mallaghan,Sinn Féin,cathal.mallaghan.mp@parliament.uk,Mid Ulster,23777.0,1,42.40653306347661,14.2,,46111,603,25.4,8.0,16.5,42.51,70.47,NIHCS 2023 (NI-wide; no district breakdown),0,0,0,0,0
Newry and Armagh,Northern Ireland,Dáire Hughes,Sinn Féin,daire.hughes.mp@parliament.uk,"Newry, Mourne and Down",23777.0,1,50.463105691555164,14.2,,46111,603,25.4,8.0,16.5,42.51,70.47,NIHCS 2023 (NI-wide; no district breakdown),0,0,0,0,0
North Antrim,Northern Ireland,Jim Allister,Traditional Unionist Voice,jim.allister.mp@parliament.uk,Mid and East Antrim,23777.0,1,40.13383968370222,14.2,,46111,603,25.4,8.0,16.5,42.51,70.47,NIHCS 2023 (NI-wide; no district breakdown),0,0,0,0,0
North Down,Northern Ireland,Alex Easton,Independent,alex.easton.mp@parliament.uk,Ards and North Down,23777.0,2,32.401584490658855,14.2,,46111,585,24.6,8.0,16.5,42.51,70.47,NIHCS 2023 (NI-wide; no district breakdown),0,0,0,0,0
South Antrim,Northern Ireland,Robin Swann,Ulster Unionist Party,robin.swann.mp@parliament.uk,Antrim and Newtownabbey,23777.0,2,33.3385194082542,14.2,,46111,585,24.6,8.0,16.5,42.51,70.47,NIHCS 2023 (NI-wide; no district breakdown),0,0,0,0,0
South Down,Northern Ireland,Chris Hazzard,Sinn Féin,chris.hazzard.mp@parliament.uk,"Newry, Mourne and Down",23777.0,1,44.76939539369285,14.2,,46111,603,25.4,8.0,16.5,42.51,70.47,NIHCS 2023 (NI-wide; no district breakdown),0,0,0,0,0
Strangford,Northern Ireland,Jim Shannon,Democratic Unionist Party,jim.shannon.mp@parliament.uk,Ards and North Down,23777.0,1,38.68062846098938,14.2,,46111,603,25.4,8.0,16.5,42.51,70.47,NIHCS 2023 (NI-wide; no district breakdown),0,0,0,0,0
Upper Bann,Northern Ireland,Carla Lockhart,Democratic Unionist Party,carla.lockhart.mp@parliament.uk,"Armagh City, Banbridge and Craigavon",23777.0,1,42.74928900626301,14.2,,46111,603,25.4,8.0,16.5,42.51,70.47,NIHCS 2023 (NI-wide; no district breakdown),0,0,0,0,0
West Tyrone,Northern Ireland,Órfhlaith Begley,Sinn Féin,,Fermanagh and Omagh,23777.0,1,54.88352367656629,14.2,,46111,603,25.4,8.0,16.5,42.51,70.47,NIHCS 2023 (NI-wide; no district breakdown),0,0,0,0,0
East Renfrewshire,Scotland,Blair McDougall,Labour,blair.mcdougall.mp@parliament.uk,East Renfrewshire,23777.0,10,10.038859863561807,14.2,,,437,18.4,,39.29,,,SHCS 2017-2019 (LA: East Renfrewshire); pre-1945 only,1,1,1,0,0
Na h-Eileanan an Iar,Scotland,Torcuil Crichton,Labour,torcuil.crichton.mp@parliament.uk,Na h-Eileanan Siar,23777.0,7,17.186569946950932,14.2,,,493,20.7,,23.32,,,SHCS 2017-2019 (LA: Na h-Eileanan Siar); pre-1945 only,0,0,0,0,0
Midlothian,Scotland,Kirsty McNeill,Labour (Co-op),kirsty.mcneill.mp@parliament.uk,Midlothian,23777.0,6,18.746261923308126,14.2,,,511,21.5,,23.12,,,SHCS 2017-2019 (LA: Midlothian); pre-1945 only,0,0,0,0,0
North Ayrshire and Arran,Scotland,Irene Campbell,Labour,irene.campbell.mp@parliament.uk,North Ayrshire,23777.0,4,24.914756154694853,14.2,,,548,23.0,,25.2,,,SHCS 2017-2019 (LA: North Ayrshire); pre-1945 only,2,3,3,0,0
Orkney and Shetland,Scotland,Mr Alistair Carmichael,Liberal Democrat,carmichaela@parliament.uk,Shetland Islands,23777.0,9,13.553019284018939,14.2,,,456,19.2,,25.07,,,SHCS 2017-2019 (LA: Shetland Islands); pre-1945 only,0,0,0,0,0
Aberdeen North,Scotland,Kirsty Blackman,Scottish National Party,kirsty.blackman.mp@parliament.uk,Aberdeen City,23777.0,6,20.578823738033677,14.2,,,511,21.5,,34.55,,,SHCS 2017-2019 (LA: Aberdeen City); pre-1945 only,0,0,0,0,0
Aberdeen South,Scotland,Stephen Flynn,Scottish National Party,stephen.flynn.mp@parliament.uk,Aberdeen City,23777.0,9,11.418505008687442,14.2,,,456,19.2,,34.55,,,SHCS 2017-2019 (LA: Aberdeen City); pre-1945 only,0,0,0,0,0
Aberdeenshire North and Moray East,Scotland,Seamus Logan,Scottish National Party,seamus.logan.mp@parliament.uk,Aberdeenshire,23777.0,5.0,,14.2,,,529,22.2,,26.13,,,SHCS 2017-2019 (LA: Aberdeenshire); pre-1945 only,0,0,0,0,0
Airdrie and Shotts,Scotland,Kenneth Stevenson,Labour,kenneth.stevenson.mp@parliament.uk,North Lanarkshire,23777.0,3,28.175493454670367,14.2,,,566,23.8,,21.13,,,SHCS 2017-2019 (LA: North Lanarkshire); pre-1945 only,0,0,0,0,0
Alloa and Grangemouth,Scotland,Brian Leishman,Labour,brian.leishman.mp@parliament.uk,Clackmannanshire,23777.0,5.0,,14.2,,,529,22.2,,17.71,,,SHCS 2017-2019 (LA: Clackmannanshire); pre-1945 only,0,0,0,0,0
Angus and Perthshire Glens,Scotland,Dave Doogan,Scottish National Party,dave.doogan.mp@parliament.uk,Angus,23777.0,5.0,,14.2,,,529,22.2,,29.73,,,SHCS 2017-2019 (LA: Angus); pre-1945 only,2,3,3,0,0
Arbroath and Broughty Ferry,Scotland,Stephen Gethins,Scottish National Party,stephen.gethins.mp@parliament.uk,Angus,23777.0,5.0,,14.2,,,529,22.2,,29.73,,,SHCS 2017-2019 (LA: Angus); pre-1945 only,0,0,0,0,0
"Argyll, Bute and South Lochaber",Scotland,Brendan O'Hara,Scottish National Party,brendan.ohara.mp@parliament.uk,Argyll and Bute,23777.0,5.0,,14.2,,,529,22.2,,31.34,,,SHCS 2017-2019 (LA: Argyll and Bute); pre-1945 only,1,2,2,0,0
Bathgate and Linlithgow,Scotland,Kirsteen Sullivan,Labour (Co-op),kirsteen.sullivan.mp@parliament.uk,West Lothian,23777.0,5.0,,14.2,,,529,22.2,,11.67,,,SHCS 2017-2019 (LA: West Lothian); pre-1945 only,0,0,0,0,0
"Caithness, Sutherland and Easter Ross",Scotland,Jamie Stone,Liberal Democrat,jamie.stone.mp@parliament.uk,Highland,23777.0,5,20.998417584365765,14.2,,,529,22.2,,22.66,,,SHCS 2017-2019 (LA: Highland); pre-1945 only,0,0,0,0,0
Coatbridge and Bellshill,Scotland,Frank McNally,Labour,frank.mcnally.mp@parliament.uk,North Lanarkshire,23777.0,5.0,,14.2,,,529,22.2,,21.13,,,SHCS 2017-2019 (LA: North Lanarkshire); pre-1945 only,0,0,0,0,0
Cowdenbeath and Kirkcaldy,Scotland,Melanie Ward,Labour,melanie.ward.mp@parliament.uk,Fife,23777.0,5.0,,14.2,,,529,22.2,,29.44,,,SHCS 2017-2019 (LA: Fife); pre-1945 only,0,0,0,0,0
Cumbernauld and Kirkintilloch,Scotland,Katrina Murray,Labour,katrina.murray.mp@parliament.uk,North Lanarkshire,23777.0,5.0,,14.2,,,529,22.2,,21.13,,,SHCS 2017-2019 (LA: North Lanarkshire); pre-1945 only,0,0,0,0,0
Dumfries and Galloway,Scotland,John Cooper,Conservative,john.cooper.mp@parliament.uk,Dumfries and Galloway,23777.0,6,19.958589352305015,14.2,,,511,21.5,,34.09,,,SHCS 2017-2019 (LA: Dumfries and Galloway); pre-1945 only,1,4,4,0,0
"Dumfriesshire, Clydesdale and Tweeddale",Scotland,David Mundell,Conservative,david.mundell.mp@parliament.uk,Dumfries and Galloway,23777.0,7,16.19557885044804,14.2,,,493,20.7,,34.09,,,SHCS 2017-2019 (LA: Dumfries and Galloway); pre-1945 only,1,1,1,0,0
Dundee Central,Scotland,Chris Law,Scottish National Party,chris.law.mp@parliament.uk,Dundee City,23777.0,5.0,,14.2,,,529,22.2,,33.63,,,SHCS 2017-2019 (LA: Dundee City); pre-1945 only,0,0,0,0,0
Dunfermline and Dollar,Scotland,Graeme Downie,Labour,graeme.downie.mp@parliament.uk,Fife,23777.0,5.0,,14.2,,,529,22.2,,29.44,,,SHCS 2017-2019 (LA: Fife); pre-1945 only,0,0,0,0,0
East Kilbride and Strathaven,Scotland,Joani Reid,Labour,joani.reid.mp@parliament.uk,South Lanarkshire,23777.0,5.0,,14.2,,,529,22.2,,19.96,,,SHCS 2017-2019 (LA: South Lanarkshire); pre-1945 only,0,0,0,0,0
Edinburgh East and Musselburgh,Scotland,Chris Murray,Labour,chris.murray.mp@parliament.uk,City of Edinburgh,23777.0,5.0,,14.2,,,529,22.2,,48.09,,,SHCS 2017-2019 (LA: City of Edinburgh); pre-1945 only,0,0,0,0,0
Edinburgh North and Leith,Scotland,Tracy Gilbert,Labour,tracy.gilbert.mp@parliament.uk,City of Edinburgh,23777.0,8,14.095783242497086,14.2,,,474,19.9,,48.09,,,SHCS 2017-2019 (LA: City of Edinburgh); pre-1945 only,0,0,0,0,0
Edinburgh South,Scotland,Ian Murray,Labour,ian.murray.mp@parliament.uk,City of Edinburgh,23777.0,9,11.42205807156718,14.2,,,456,19.2,,48.09,,,SHCS 2017-2019 (LA: City of Edinburgh); pre-1945 only,0,0,0,0,0
Edinburgh South West,Scotland,Dr Scott Arthur,Labour,scott.arthur.mp@parliament.uk,City of Edinburgh,23777.0,8,15.60515212704396,14.2,,,474,19.9,,48.09,,,SHCS 2017-2019 (LA: City of Edinburgh); pre-1945 only,0,0,0,0,0
Edinburgh West,Scotland,Christine Jardine,Liberal Democrat,christine.jardine.mp@parliament.uk,City of Edinburgh,23777.0,9,12.057759285657772,14.2,,,456,19.2,,48.09,,,SHCS 2017-2019 (LA: City of Edinburgh); pre-1945 only,0,0,0,0,0
Falkirk,Scotland,Euan Stainbank,Labour,euan.stainbank.mp@parliament.uk,Falkirk,23777.0,6,19.454314145994843,14.2,,,511,21.5,,22.35,,,SHCS 2017-2019 (LA: Falkirk); pre-1945 only,0,0,0,0,0
Glasgow East,Scotland,John Grady,Labour,john.grady.mp@parliament.uk,Glasgow City,23777.0,1,39.84081457015104,14.2,,,603,25.4,,40.61,,,SHCS 2017-2019 (LA: Glasgow City); pre-1945 only,0,0,0,0,0
Glasgow North,Scotland,Martin Rhodes,Labour,martin.rhodes.mp@parliament.uk,Glasgow City,23777.0,5,21.927765696101535,14.2,,,529,22.2,,40.61,,,SHCS 2017-2019 (LA: Glasgow City); pre-1945 only,0,0,0,0,0
Glasgow North East,Scotland,Maureen Burke,Labour,maureen.burke.mp@parliament.uk,Glasgow City,23777.0,1,42.17335658867449,14.2,,,603,25.4,,40.61,,,SHCS 2017-2019 (LA: Glasgow City); pre-1945 only,0,0,0,0,0
Glasgow South,Scotland,Gordon McKee,Labour,gordon.mckee.mp@parliament.uk,Glasgow City,23777.0,4,23.83346748492771,14.2,,,548,23.0,,40.61,,,SHCS 2017-2019 (LA: Glasgow City); pre-1945 only,0,0,0,0,0
Glasgow South West,Scotland,Dr Zubir Ahmed,Labour,zubir.ahmed.mp@parliament.uk,Glasgow City,23777.0,1,35.706545425406624,14.2,,,603,25.4,,40.61,,,SHCS 2017-2019 (LA: Glasgow City); pre-1945 only,0,0,0,0,0
Glasgow West,Scotland,Patricia Ferguson,Labour,patricia.ferguson.mp@parliament.uk,Glasgow City,23777.0,5.0,,14.2,,,529,22.2,,40.61,,,SHCS 2017-2019 (LA: Glasgow City); pre-1945 only,0,0,0,0,0
Glenrothes and Mid Fife,Scotland,Richard Baker,Labour,richard.baker.mp@parliament.uk,Fife,23777.0,5.0,,14.2,,,529,22.2,,29.44,,,SHCS 2017-2019 (LA: Fife); pre-1945 only,0,0,0,0,0
Gordon and Buchan,Scotland,Harriet Cross,Conservative,harriet.cross.mp@parliament.uk,Aberdeenshire,23777.0,5.0,,14.2,,,529,22.2,,26.13,,,SHCS 2017-2019 (LA: Aberdeenshire); pre-1945 only,0,0,0,0,0
Hamilton and Clyde Valley,Scotland,Imogen Walker,Labour,imogen.walker.mp@parliament.uk,South Lanarkshire,23777.0,5.0,,14.2,,,529,22.2,,19.96,,,SHCS 2017-2019 (LA: South Lanarkshire); pre-1945 only,0,0,0,0,0
Inverclyde and Renfrewshire West,Scotland,Martin McCluskey,Labour,martin.mccluskey.mp@parliament.uk,Inverclyde,23777.0,5.0,,14.2,,,529,22.2,,29.6,,,SHCS 2017-2019 (LA: Inverclyde); pre-1945 only,0,0,0,0,0
"Inverness, Skye and West Ross-shire",Scotland,Mr Angus MacDonald,Liberal Democrat,angus.macdonald.mp@parliament.uk,Highland,23777.0,5.0,,14.2,,,529,22.2,,22.66,,,SHCS 2017-2019 (LA: Highland); pre-1945 only,0,0,0,0,0
Livingston,Scotland,Gregor Poynton,Labour,gregor.poynton.mp@parliament.uk,West Lothian,23777.0,6,19.646789384166386,14.2,,,511,21.5,,11.67,,,SHCS 2017-2019 (LA: West Lothian); pre-1945 only,0,0,0,0,0
Lothian East,Scotland,Mr Douglas Alexander,Labour (Co-op),douglas.alexander.mp@parliament.uk,East Lothian,23777.0,5.0,,14.2,,,529,22.2,,29.72,,,SHCS 2017-2019 (LA: East Lothian); pre-1945 only,0,0,0,0,0
Mid Dunbartonshire,Scotland,Susan Murray,Liberal Democrat,susan.murray.mp@parliament.uk,East Dunbartonshire,23777.0,5.0,,14.2,,,529,22.2,,24.62,,,SHCS 2017-2019 (LA: East Dunbartonshire); pre-1945 only,0,0,0,0,0
"Moray West, Nairn and Strathspey",Scotland,Graham Leadbitter,Scottish National Party,graham.leadbitter.mp@parliament.uk,Moray,23777.0,5.0,,14.2,,,529,22.2,,28.41,,,SHCS 2017-2019 (LA: Moray); pre-1945 only,1,1,1,0,0
"Motherwell, Wishaw and Carluke",Scotland,Pamela Nash,Labour,pamela.nash.mp@parliament.uk,North Lanarkshire,23777.0,5.0,,14.2,,,529,22.2,,21.13,,,SHCS 2017-2019 (LA: North Lanarkshire); pre-1945 only,0,0,0,0,0
North East Fife,Scotland,Wendy Chamberlain,Liberal Democrat,wendy.chamberlain.mp@parliament.uk,Fife,23777.0,9,12.09916530070057,14.2,,,456,19.2,,29.44,,,SHCS 2017-2019 (LA: Fife); pre-1945 only,0,0,0,0,0
Paisley and Renfrewshire North,Scotland,Alison Taylor,Labour,alison.taylor.mp@parliament.uk,Renfrewshire,23777.0,6,19.016047881149166,14.2,,,511,21.5,,23.31,,,SHCS 2017-2019 (LA: Renfrewshire); pre-1945 only,0,0,0,0,0
Paisley and Renfrewshire South,Scotland,Johanna Baxter,Labour,johanna.baxter.mp@parliament.uk,Renfrewshire,23777.0,4,25.370815806389825,14.2,,,548,23.0,,23.31,,,SHCS 2017-2019 (LA: Renfrewshire); pre-1945 only,2,4,4,0,0
Perth and Kinross-shire,Scotland,Pete Wishart,Scottish National Party,pete.wishart.mp@parliament.uk,Perth and Kinross,23777.0,5.0,,14.2,,,529,22.2,,35.0,,,SHCS 2017-2019 (LA: Perth and Kinross); pre-1945 only,0,0,0,0,0
Rutherglen,Scotland,Michael Shanks,Labour,michael.shanks.mp@parliament.uk,South Lanarkshire,23777.0,5.0,,14.2,,,529,22.2,,19.96,,,SHCS 2017-2019 (LA: South Lanarkshire); pre-1945 only,0,0,0,0,0
Stirling and Strathallan,Scotland,Chris Kane,Labour,chris.kane.mp@parliament.uk,Stirling,23777.0,5.0,,14.2,,,529,22.2,,30.86,,,SHCS 2017-2019 (LA: Stirling); pre-1945 only,0,0,0,0,0
West Dunbartonshire,Scotland,Douglas McAllister,Labour,douglas.mcallister.mp@parliament.uk,West Dunbartonshire,23777.0,3,29.016676482041536,14.2,,,566,23.8,,22.92,,,SHCS 2017-2019 (LA: West Dunbartonshire); pre-1945 only,0,0,0,0,0
"Ayr, Carrick and Cumnock",Scotland,Elaine Stewart,Labour,elaine.stewart.mp@parliament.uk,South Ayrshire,23777.0,4,25.65685366145496,14.2,,,548,23.0,,37.66,,,SHCS 2017-2019 (LA: South Ayrshire); pre-1945 only,0,0,0,0,0
"Berwickshire, Roxburgh and Selkirk",Scotland,John Lamont,Conservative,john.lamont.mp@parliament.uk,Scottish Borders,23777.0,7,16.90179724101959,14.2,,,493,20.7,,33.14,,,SHCS 2017-2019 (LA: Scottish Borders); pre-1945 only,0,0,0,0,0
Central Ayrshire,Scotland,Alan Gemmell,Labour,alan.gemmell.mp@parliament.uk,South Ayrshire,23777.0,5,22.988177612508817,14.2,,,529,22.2,,37.66,,,SHCS 2017-2019 (LA: South Ayrshire); pre-1945 only,0,0,0,0,0
Kilmarnock and Loudoun,Scotland,Lillian Jones,Labour,lillian.jones.mp@parliament.uk,East Ayrshire,23777.0,4,24.57811184183527,14.2,,,548,23.0,,22.24,,,SHCS 2017-2019 (LA: East Ayrshire); pre-1945 only,6,21,21,0,0
West Aberdeenshire and Kincardine,Scotland,Andrew Bowie,Conservative,andrew.bowie.mp@parliament.uk,Aberdeenshire,23777.0,10,8.161710053206363,14.2,,,437,18.4,,26.13,,,SHCS 2017-2019 (LA: Aberdeenshire); pre-1945 only,0,0,0,0,0
Aberafan Maesteg,Wales,Stephen Kinnock,Labour,stephen.kinnock.mp@parliament.uk,Neath Port Talbot,20989.0,5.0,,14.2,,36600,467,22.2,12.44,41.2,69.93,82.53,VOA CTSOP 2023 (LAD),0,0,0,0,0
Alyn and Deeside,Wales,Sir Mark Tami,Labour,tamim@parliament.uk,Flintshire,23111.0,7,16.051453856464324,14.2,,42600,479,20.7,11.39,28.51,62.87,77.49,VOA CTSOP 2023 (LAD),0,0,0,0,0
Bangor Aberconwy,Wales,Claire Hughes,Labour,claire.hughes.mp@parliament.uk,Conwy,18265.0,5.0,,14.2,,49393,407,22.3,28.72,46.96,69.34,84.25,VOA CTSOP 2023 (LAD),5,1,1,6,6
Blaenau Gwent and Rhymney,Wales,Nick Smith,Labour,nick.smith.mp@parliament.uk,Blaenau Gwent,21319.0,5.0,,14.2,,48234,475,22.3,32.08,50.28,75.24,86.93,VOA CTSOP 2023 (LAD),0,0,0,0,0
"Brecon, Radnor and Cwm Tawe",Wales,David Chadwick,Liberal Democrat,david.chadwick.mp@parliament.uk,Powys,17670.0,5.0,,14.2,,47555,393,22.2,30.37,42.54,62.93,79.93,VOA CTSOP 2023 (LAD),0,0,0,0,0
Bridgend,Wales,Chris Elmore,Labour,Chris.Elmore.mp@parliament.uk,Bridgend,20275.0,6,18.73737130468534,14.2,,43169,436,21.5,13.86,32.27,61.01,77.96,VOA CTSOP 2023 (LAD),0,0,0,0,0
Caerfyrddin,Wales,Ann Davies,Plaid Cymru,ann.davies.mp@parliament.uk,Carmarthenshire,19316.0,5.0,,14.2,,50960,430,22.3,24.72,46.33,66.35,79.13,VOA CTSOP 2023 (LAD),2,1,0,1,1
Caerphilly,Wales,Chris Evans,Labour (Co-op),chris.evans.mp@parliament.uk,Caerphilly,22036.0,4,24.922150315184847,14.2,,40305,508,23.1,21.47,42.14,67.5,81.38,VOA CTSOP 2023 (LAD),0,0,0,0,0
Cardiff East,Wales,Jo Stevens,Labour,jo.stevens.mp@parliament.uk,Cardiff,26600.0,5.0,,14.2,,46934,592,22.3,18.17,36.99,59.64,75.28,VOA CTSOP 2023 (LAD),0,0,0,0,0
Cardiff North,Wales,Anna McMorrin,Labour,anna.mcmorrin.mp@parliament.uk,Cardiff,21305.0,9,12.678709575858802,14.2,,49203,408,19.2,20.04,38.84,61.15,76.33,VOA CTSOP 2023 (LAD),0,0,0,0,0
Cardiff South and Penarth,Wales,Stephen Doughty,Labour (Co-op),stephen.doughty.mp@parliament.uk,Vale of Glamorgan,20963.0,3,26.994400279471208,14.2,,41378,499,23.8,17.59,32.47,58.0,76.14,VOA CTSOP 2023 (LAD),0,0,0,0,0
Cardiff West,Wales,Mr Alex Barros-Curtis,Labour,alex.barroscurtis.mp@parliament.uk,Cardiff,26118.0,3,27.72130353905321,14.2,,53742,622,23.8,22.76,41.53,63.34,77.84,VOA CTSOP 2023 (LAD),0,0,0,0,0
Ceredigion Preseli,Wales,Ben Lake,Plaid Cymru,ben.lake.mp@parliament.uk,Ceredigion,16926.0,5.0,,14.2,,48366,377,22.3,34.44,44.8,63.47,80.95,VOA CTSOP 2023 (LAD),24,0,0,24,24
Clwyd East,Wales,Becky Gittins,Labour,becky.gittins.mp@parliament.uk,Flintshire,19869.0,5.0,,14.2,,50323,442,22.2,14.93,33.17,64.72,79.67,VOA CTSOP 2023 (LAD),0,0,0,0,0
Clwyd North,Wales,Gill German,Labour,gill.german.mp@parliament.uk,Denbighshire,22187.0,5.0,,14.2,,41955,494,22.3,20.55,41.54,67.13,82.86,VOA CTSOP 2023 (LAD),0,0,0,0,0
Dwyfor Meirionnydd,Wales,Liz Saville Roberts,Plaid Cymru,liz.savilleroberts.mp@parliament.uk,Gwynedd,19170.0,7,17.311896050375196,14.2,,53552,397,20.7,43.74,54.5,74.42,86.67,VOA CTSOP 2023 (LAD),1,1,1,0,0
Gower,Wales,Tonia Antoniazzi,Labour,tonia.antoniazzi.mp@parliament.uk,Swansea,23777.0,8,14.55300897521326,14.2,,64231,474,19.9,19.0,41.1,66.96,81.67,VOA CTSOP 2023 (LAD),0,0,0,0,0
Llanelli,Wales,Dame Nia Griffith,Labour,nia.griffith.mp@parliament.uk,Carmarthenshire,21129.0,4,25.102381820681842,14.2,,38660,487,23.0,24.72,46.33,66.35,79.13,VOA CTSOP 2023 (LAD),0,0,0,0,0
Merthyr Tydfil and Aberdare,Wales,Gerald Jones,Labour,gerald.jones.mp@parliament.uk,Merthyr Tydfil,23243.0,5.0,,14.2,,43404,518,22.3,34.98,49.99,72.48,85.11,VOA CTSOP 2023 (LAD),0,0,0,0,0
Mid and South Pembrokeshire,Wales,Henry Tufnell,Labour,henry.tufnell.mp@parliament.uk,Pembrokeshire,21618.0,5.0,,14.2,,49864,481,22.2,28.41,37.03,62.88,78.74,VOA CTSOP 2023 (LAD),0,0,0,0,0
Monmouthshire,Wales,Catherine Fookes,Labour,catherine.fookes.mp@parliament.uk,Monmouthshire,18962.0,5.0,,14.2,,43690,422,22.3,19.41,27.95,54.34,75.1,VOA CTSOP 2023 (LAD),0,0,0,0,0
Montgomeryshire and Glyndwr,Wales,,,,,,,,,,,,,,,,,,10,9,9,7,7
Neath and Swansea East,Wales,Carolyn Harris,Labour,carolyn.harris.mp@parliament.uk,Neath Port Talbot,21988.0,5.0,,14.2,,47527,490,22.3,13.46,44.58,72.62,84.07,VOA CTSOP 2023 (LAD),0,0,0,0,0
Newport East,Wales,Jessica Morden,Labour,mordenj@parliament.uk,Newport,29788.0,4,26.207893749293785,14.2,,47040,686,23.0,14.71,34.34,62.3,76.74,VOA CTSOP 2023 (LAD),0,0,0,0,0
Newport West and Islwyn,Wales,Ruth Jones,Labour,ruth.jones.mp@parliament.uk,Caerphilly,23859.0,5.0,,14.2,,48711,531,22.3,18.69,38.93,65.36,79.47,VOA CTSOP 2023 (LAD),0,0,0,0,0
Pontypridd,Wales,Alex Davies-Jones,Labour,alex.daviesjones.mp@parliament.uk,Rhondda Cynon Taf,23496.0,6,19.993637532867336,14.2,,49922,505,21.5,35.01,53.64,73.2,84.66,VOA CTSOP 2023 (LAD),0,0,0,0,0
Rhondda and Ogmore,Wales,Chris Bryant,Labour,chris.bryant.mp@parliament.uk,Rhondda Cynon Taf,22725.0,5.0,,14.2,,45395,506,22.3,30.78,49.36,70.76,83.32,VOA CTSOP 2023 (LAD),0,0,0,0,0
Swansea West,Wales,Torsten Bell,Labour,torsten.bell.mp@parliament.uk,Swansea,23569.0,4,23.79733403063663,14.2,,33806,543,23.0,19.0,41.1,66.96,81.67,VOA CTSOP 2023 (LAD),0,0,0,0,0
Torfaen,Wales,Nick Thomas-Symonds,Labour,nick.thomassymonds.mp@parliament.uk,Torfaen,21544.0,4,25.795874776980934,14.2,,43040,496,23.0,13.57,27.32,70.24,84.85,VOA CTSOP 2023 (LAD),0,0,0,0,0
Vale of Glamorgan,Wales,Kanishka Narayan,Labour,kanishka.narayan.mp@parliament.uk,Vale of Glamorgan,22597.0,6,18.36252913020691,14.2,,43499,486,21.5,17.26,29.88,57.06,76.63,VOA CTSOP 2023 (LAD),0,0,0,0,0
Wrexham,Wales,Andrew Ranger,Labour,andrew.ranger.mp@parliament.uk,Wrexham,22675.0,5,21.46847575638035,14.2,,43843,505,22.3,16.36,31.13,62.98,80.14,VOA CTSOP 2023 (LAD),0,0,0,0,0
Ynys Môn,Wales,Llinos Medi,Plaid Cymru,llinos.medi.mp@parliament.uk,Isle of Anglesey,23777.0,6,19.77929441595097,14.2,,35460,511,21.5,23.63,34.97,63.34,83.5,VOA CTSOP 2023 (LAD),1,0,0,1,1
