{"type":"FeatureCollection","features":[{"type":"Feature","properties":{"adm0_a3":"BRA","shape_name":"Roraima","ihme_name":"Roraima"},"geometry":{"type":"Polygon","coordinates":[[[-60.018789227999946,0.249984785000038],[-58.88399571599996,0.255407651000041],[-58.877699341884146,1.178246167399784],[-58.92343667499995,1.315650798000036],[-59.05998693299995,1.325883869000052],[-59.081207406999965,1.353681288000075],[-59.109636052999974,1.350824426000031],[-59.14385753099998,1.396338418000028],[-59.223166954999954,1.385827017000054],[-59.33332316899998,1.53009822000007],[-59.43669265999995,1.543773840000028],[-59.45138842499995,1.607366236000075],[-59.49686875599997,1.625024846000031],[-59.486934668999936,1.670112526000025],[-59.498839844999964,1.696022652000067],[-59.56733699899996,1.717131940000058],[-59.57397234299998,1.746749332000036],[-59.63431225199997,1.76179260400005],[-59.64341265799993,1.857592718000035],[-59.68676765999999,1.87308444100006],[-59.696838027999945,1.893744509000044],[-59.69928763899998,2.28300650500006],[-59.71679433799994,2.296419290000074],[-59.803648360999944,2.301995020000049],[-59.82214502099998,2.348174614000072],[-59.86839066999994,2.365435759000036],[-59.89200200299996,2.419810192000057],[-59.87670521899997,2.499348691000023],[-59.92639803299994,2.522253984000031],[-59.95424089299996,2.652635589000056],[-59.981060473999946,2.677330913000048],[-59.96665991599997,2.811225676000049],[-59.982876002999944,2.881823424000061],[-59.95256554699995,2.953459896000027],[-59.94940698499994,3.07849274900002],[-59.879861593999976,3.12025533800005],[-59.86973263999994,3.201396673000033],[-59.83532961999998,3.251363717000061],[-59.83270082299998,3.403691517000027],[-59.81542423199994,3.457343797000021],[-59.84789174799994,3.496445025000071],[-59.84673463799999,3.516825837000056],[-59.830648966999945,3.538047449000032],[-59.78270397999995,3.551967783000066],[-59.723953148999954,3.610244865000027],[-59.71180955099999,3.670446209000033],[-59.663004118999936,3.691202435000037],[-59.61599126999994,3.752335084000038],[-59.59614217699993,3.806675910000024],[-59.53334882199994,3.876635969000063],[-59.52257883699997,3.914256263000027],[-59.534051112999975,3.937328852000064],[-59.58970400199996,3.95840286400005],[-59.63406102299996,4.002267152000059],[-59.62174430099998,4.096494739000036],[-59.68621078799998,4.158632888000056],[-59.70002996799997,4.215472551000062],[-59.64745500399994,4.261712163000027],[-59.63631810299995,4.318074946000024],[-59.684618710999985,4.355280317000052],[-59.70751288499997,4.407699489000038],[-59.76117597499996,4.382834108000054],[-59.89371178599998,4.383190416000048],[-59.93996009199998,4.455949086000032],[-60.07372899099994,4.461395215000039],[-60.10447627499997,4.487885194000057],[-60.100836596999955,4.529990109000039],[-59.994901906999985,4.586287761000051],[-60.00328233299996,4.702555893000067],[-59.99039845799996,4.758358563000058],[-60.00858470199995,4.815426264000052],[-60.01268835399998,5.03007440500005],[-60.06037300899993,5.050611925000055],[-60.134425384999986,5.171288875000073],[-60.23367042999996,5.159448629000053],[-60.31148205499994,5.172603853000055],[-60.33484293799995,5.143952905000049],[-60.44858808699996,5.126516557000059],[-60.546709748999945,5.14432542000003],[-60.59523000399997,5.177862383000047],[-60.72249276699995,5.174709308000047],[-60.728757239999936,5.130267257000071],[-60.660683767999956,5.071846992000076],[-60.649729968999964,4.97481818600005],[-60.598883540999964,4.935093100000074],[-60.59775680499996,4.881598846000031],[-60.62871747599996,4.857062725000048],[-60.638719626999944,4.801006692000044],[-60.66521779799996,4.78256899400003],[-60.68314395799996,4.73657558900004],[-60.78544649899993,4.695481854000036],[-60.89216730199996,4.690429081000048],[-60.932952169999965,4.64092542700007],[-60.97834870099996,4.627824424000039],[-60.99516006799996,4.482708947000049],[-61.19517251299993,4.480014235000056],[-61.22996437399996,4.513432336000051],[-61.26017380299999,4.517036356000062],[-61.29453014499995,4.485704931000043],[-61.269001525999954,4.443432533000021],[-61.463176060999956,4.435989046000032],[-61.48563462299995,4.394243101000029],[-61.47831319599999,4.353257522000035],[-61.52839560099994,4.327705969000021],[-61.538150884999936,4.252111204000073],[-61.751496035999935,4.243015212000046],[-61.78805073799998,4.17538044500003],[-61.86285923299994,4.128069725000046],[-62.012551791999954,4.120959016000029],[-62.067153994999956,4.097874153000021],[-62.18439169199996,4.083905494000021],[-62.28503688999996,4.124342581000064],[-62.396591841999964,4.132229317000053],[-62.45984462399997,4.110649197000043],[-62.500767794999945,4.122969003000037],[-62.538944424999954,4.10244271800002],[-62.56124480899996,4.053386432000025],[-62.72853382799997,4.047796797000046],[-62.74902645199995,4.00010399100006],[-62.797501067999974,3.967927598000074],[-62.808465860999945,3.938634499000045],[-62.77579550599995,3.865470056000049],[-62.725107537999975,3.82791786100006],[-62.725358333999964,3.769303419000039],[-62.79184117899996,3.753751694000073],[-62.82744085699994,3.726083162000066],[-62.87200048899996,3.729413770000065],[-62.90817252499994,3.62425995500007],[-62.934548319999976,3.603565394000043],[-62.96961189099994,3.607520151000074],[-63.02478250399997,3.666268529000035],[-63.081505611999944,3.831350288000067],[-63.15982160599998,3.841307979000021],[-63.17808989499997,3.887700083000027],[-63.26210916599996,3.941300148000039],[-63.28054879999996,4.02197753400003],[-63.34811783599997,3.972312783000064],[-63.408320850999985,4.007651622000026],[-63.45806680199996,3.951299005000067],[-63.49588584199995,3.939861145000066],[-63.61188750799994,3.942421861000071],[-63.62963013299998,3.961216947000025],[-63.626744016999965,3.988780486000053],[-63.65224728099997,4.007923220000066],[-63.730590494999944,3.960715673000038],[-63.97108530299994,3.948236380000026],[-64.06201904799997,3.998487408000074],[-64.08083582299997,4.106619602000023],[-64.25398737899997,4.122584937000056],[-64.28485131899998,4.112442265000027],[-64.34326540899997,4.128528115000051],[-64.55016903399996,4.104746052000053],[-64.60456959999993,4.202247567000029],[-64.72714831499997,4.263315156000033],[-64.80353484499994,4.258777690000045],[-64.80481695199995,4.153648254000075],[-64.73893917699996,4.12170646200002],[-64.72626924599996,4.037146206000045],[-64.61744628899999,3.911866601000042],[-64.56339480599996,3.887826732000065],[-64.54806744699994,3.839865650000036],[-64.48362238899995,3.787936924000064],[-64.48951280899996,3.74480614600003],[-64.36170273199997,3.736382757000058],[-64.27308195699999,3.695724250000069],[-64.17252345699995,3.520573769000066],[-64.22395178899995,3.442159695000043],[-64.18589353799996,3.350880258000075],[-64.18603960899998,3.114127709000059],[-64.19833407399994,3.064508351000029],[-64.15314965699997,3.036586364000073],[-64.02873362499997,2.853171216000021],[-63.96553411399998,2.829877753000062],[-63.947512003999975,2.806953085000032],[-63.95836364599995,2.648342121000042],[-64.00404964899997,2.564583585000037],[-64.00476306399997,2.461375708000048],[-63.96095308499997,2.468320095000024],[-63.835970104999944,2.415034727000034],[-63.58628660599999,2.421159895000073],[-63.43990377999995,2.451695751000045],[-63.43906810499993,2.384258531000057],[-63.405391372999986,2.330919212000026],[-63.42215614699995,2.241903728000068],[-63.40234482899996,2.207883358000061],[-63.13505203699998,2.18991319600002],[-63.09846167099994,2.09572716100007],[-63.014290991999985,2.03995526600005],[-62.78273306699998,2.01621100400007],[-62.66472938399994,1.930208729000071],[-62.67030727599996,1.884933477000061],[-62.712666437999985,1.82715272400003],[-62.731592372999955,1.695760533000055],[-62.77895364999995,1.656729841000072],[-62.78355102599994,1.632951450000064],[-62.76452857399994,1.577714738000054],[-62.60860530499997,1.435547278000058],[-62.54775981999995,1.288007294000067],[-62.52893570599997,1.157611694000025],[-62.42582549999997,1.08343566700006],[-62.43807833999995,0.945554015000027],[-62.46312493299996,0.892892880000034],[-62.42989082399998,0.807120611000073],[-62.478626245999976,0.760073420000026],[-62.51441600299995,0.683007321000048],[-62.479390620999936,0.51658100700007],[-62.43573486599996,0.438113476000069],[-62.42254929999996,0.119116422000047],[-62.40822336699995,0.100046408000026],[-62.32466048799995,0.080692443000032],[-62.30242364399999,-0.047195453999962],[-62.196096789999956,-0.137187595999933],[-62.19851453899997,-0.17332317499995],[-62.23130857499996,-0.22133335999996],[-62.19306251499995,-0.261103034999962],[-62.17912924299998,-0.308470004999947],[-62.20004989499995,-0.374376568999935],[-62.24040228299998,-0.407235948999926],[-62.27076936499998,-0.466034],[-62.271246047999966,-0.515436773999966],[-62.251129839999976,-0.560457399999962],[-62.265614392999964,-0.61709792399995],[-62.33772046099995,-0.689490321999926],[-62.426589338999975,-0.639498274999937],[-62.47358593399997,-0.629995525999959],[-62.48869715799998,-0.722034060999931],[-62.44361410199997,-0.759785912999973],[-62.35407057899994,-0.787837445999969],[-62.30054771799996,-0.906632684999977],[-62.09207436899999,-0.974467280999932],[-62.07241136299996,-1.034796710999956],[-62.01156894099995,-1.096344077999959],[-61.92988039399995,-1.293915772999981],[-61.87040137699995,-1.359145273999957],[-61.84601753299995,-1.370306554999956],[-61.78774775099998,-1.312094366999929],[-61.74257383599996,-1.360478461999946],[-61.63965545599996,-1.382953864999934],[-61.562674346999984,-1.42806464399996],[-61.53990199899994,-1.418176618999951],[-61.53319820299998,-1.389716376999957],[-61.58109482699996,-1.342664418999959],[-61.59021573899997,-1.253456863999929],[-61.58861321899997,-1.076337646999946],[-61.54416428899998,-1.009744917999967],[-61.581575090999934,-0.970358652999948],[-61.59330641299994,-0.898577680999949],[-61.58609205099998,-0.875154219999956],[-61.53952089499995,-0.84224140799995],[-61.52408106199994,-0.708249147999936],[-61.42619181099997,-0.636709644999939],[-61.39847194299995,-0.599385799999936],[-61.33306477899998,-0.580265354999938],[-61.295985178999956,-0.538901584999962],[-61.21596200699997,-0.521910894999962],[-61.15226969799994,-0.456674256999975],[-61.112240472999986,-0.456308060999959],[-61.020553624999934,-0.517858383999965],[-60.919617577999986,-0.545073034999973],[-60.88118773499997,-0.622324396999943],[-60.80072592799996,-0.653351977999932],[-60.78224954199993,-0.699236378999956],[-60.73875572999998,-0.714280702999929],[-60.72681053599996,-0.793840407999937],[-60.680749213999945,-0.812728245999949],[-60.659265964999975,-0.860089648999974],[-60.53329090999995,-0.813658577999945],[-60.501258518999975,-0.748295011999971],[-60.420489707999934,-0.764140596999937],[-60.383218101999944,-0.717630989999975],[-60.29511422599995,-0.693988586999978],[-60.280392286999984,-0.608816687999933],[-60.38923706199995,-0.573160083999937],[-60.39607827599997,-0.443646937999972],[-60.28694062999995,-0.30772260699996],[-60.281378651999944,-0.161193604999937],[-60.22686024999996,-0.126028304999977],[-60.21985030899998,-0.015069393999966],[-60.11414396499998,0.041542780000043],[-60.10214530199994,0.12101450900002],[-60.07107092599995,0.147389941000029],[-60.064174339999965,0.239088371000037],[-60.018789227999946,0.249984785000038]]]}},{"type":"Feature","properties":{"adm0_a3":"BRA","shape_name":"Amapa","ihme_name":"Amap\u00e1"},"geometry":{"type":"Polygon","coordinates":[[[-50.505887249999944,0.405729988000076],[-50.49184903699995,0.508460422000041],[-50.40527266599997,0.582328413000027],[-50.176769537999974,0.607698696000057],[-50.16105109099993,0.626611961000037],[-50.16590076699998,0.652976023000065],[-50.124106826999935,0.681209035000052],[-50.08286077699995,0.742661063000071],[-50.05342026699998,0.829117936000046],[-49.984075065999946,0.883048752000036],[-49.97681552999995,1.036750347000066],[-49.92104385999994,1.112651898000024],[-49.92416932799995,1.15273604500004],[-49.957113910999965,1.187694778000036],[-49.94152279999997,1.231327773000032],[-49.93988945299998,1.485319771000036],[-49.92337142799994,1.562031683000043],[-49.989644072999965,1.576638820000028],[-50.02687568399995,1.65082589900004],[-50.064839560999985,1.667497146000073],[-50.10360322699995,1.652255246000038],[-50.16146390499995,1.660348489000057],[-50.20431142999996,1.707178038000052],[-50.304464494999934,1.738531141000067],[-50.35773918099994,1.822010207000062],[-50.404564713999946,1.839984706000052],[-50.40770243299994,1.941218885000069],[-50.391981235999936,1.988317945000063],[-50.48000447499993,2.031270838000069],[-50.49676993799994,2.118021448000036],[-50.574790822999944,2.118836104000025],[-50.636261640999976,2.069465079000054],[-50.732121950999954,2.105849359000047],[-50.774127411999984,2.146836633000021],[-50.78288369699993,2.248929464000071],[-50.804733641999974,2.272253096000043],[-50.85031214299994,2.285226151000074],[-50.863005656999974,2.345186257000023],[-50.89167561099998,2.366094503000056],[-50.883920494999984,2.42808519600004],[-50.91152705099995,2.462002468000037],[-50.919861985999944,2.541112377000047],[-50.968837425999936,2.595699023000066],[-50.97879236699998,2.657727427000054],[-51.01145619599998,2.702049119000037],[-51.01710015799995,2.83364739700005],[-51.08575105099993,2.927950880000026],[-51.073693385999945,2.998694950000072],[-51.14942472299998,3.31664616200004],[-51.16820065699994,3.684680807000063],[-51.156641254999954,3.755323100000055],[-51.18164442799997,3.775761554000042],[-51.28042659199997,3.78476469800006],[-51.299077703999956,3.974423407000074],[-51.34137574399995,4.003355860000056],[-51.35784151499996,4.059821550000038],[-51.438612227999954,4.138931507000052],[-51.46998551399997,4.204035791000024],[-51.49096168899996,4.22204389500007],[-51.550108156999954,4.231382670000073],[-51.588700734999975,4.28089975000006],[-51.629541176999965,4.261335408000036],[-51.630386742999974,4.235068277000039],[-51.67425638699996,4.166515306000065],[-51.663074775999974,4.013250052000046],[-51.70492985299995,3.975240055000029],[-51.72974179399995,3.907944737000037],[-51.79092453399994,3.84556083700005],[-51.88196919699993,3.793252642000027],[-51.899148998999976,3.746118301000024],[-52.02151734499995,3.654630312000052],[-52.07289080999993,3.472209130000067],[-52.138498099999936,3.440093213000068],[-52.172508016999984,3.404303432000063],[-52.17266258899997,3.360099998000067],[-52.196525505999944,3.341907859000059],[-52.19151989799997,3.315257871000028],[-52.237692298999946,3.261903296000071],[-52.24893093199995,3.219414893000021],[-52.412668431999975,3.069460958000036],[-52.48441841099998,2.844333391000021],[-52.52597228999997,2.807653046000041],[-52.54579220599993,2.723614366000049],[-52.59172968399997,2.692186802000037],[-52.59623307199996,2.547747440000023],[-52.62691555899994,2.485370509000063],[-52.61719112499998,2.44721521200006],[-52.66553678399998,2.38874319100006],[-52.677131688999964,2.346931735000055],[-52.727697224999986,2.328330730000062],[-52.780438980999975,2.262745808000034],[-52.84935692399995,2.274000650000062],[-52.88493694799996,2.231067317000054],[-52.95248775699997,2.206348834000039],[-52.990782868999986,2.088785307000023],[-53.05697352399994,2.08769938100005],[-53.09782178199998,2.158209050000039],[-53.232485258999986,2.131507103000047],[-53.262611110999956,2.208660418000022],[-53.30849888599994,2.227312785000038],[-53.33136536799998,2.275783128000057],[-53.398607105999986,2.275704214000029],[-53.42349070499995,2.24383210000002],[-53.47261763399996,2.220550443000036],[-53.756867470999964,2.219351453000058],[-53.780024965999985,2.228980514000057],[-53.79248376999993,2.295207654000023],[-53.83222598799995,2.31728259800002],[-53.85784759799998,2.307171960000062],[-53.86946779999994,2.245880109000041],[-53.90681674599995,2.224659092000024],[-53.99175327599994,2.215147993000073],[-54.08644649399997,2.145523481000055],[-54.25952144099995,2.105283856000028],[-54.343460911999955,2.158166813000037],[-54.48743748299995,2.173772046000067],[-54.604226719999986,2.252919739000049],[-54.634169939999936,2.292706456000076],[-54.70746551499997,2.312625393000076],[-54.71533664699996,2.372757895000063],[-54.91151385499995,2.365806422000048],[-54.90520996199996,2.326287241000045],[-54.84896732699997,2.249185362000048],[-54.799644281999974,2.134926687000075],[-54.86222585899998,2.011777962000053],[-54.85191795299994,1.953693477000058],[-54.80849237499996,1.904928355000038],[-54.785750718999964,1.726227999000059],[-54.36278703399995,1.698556828000051],[-54.253327913999954,1.585266299000068],[-54.18014505399998,1.569149623000044],[-54.14911204599997,1.492590694000057],[-54.10601572599995,1.451609261000044],[-53.971034937999946,1.426662298000053],[-53.86787309899995,1.32429240700003],[-53.78364627299993,1.324153929000033],[-53.752120943999955,1.35504634800003],[-53.638655022999956,1.318023321000055],[-53.60240637099997,1.192113240000026],[-53.54353739399994,1.152842476000046],[-53.492615772999955,1.16517828700006],[-53.45975190799999,1.144346350000035],[-53.46084770699997,1.090178482000056],[-53.50882853599995,1.053903651000041],[-53.51441449899994,1.030777964000038],[-53.50195665999996,0.988132195000048],[-53.46157106399994,0.949242453000068],[-53.44251443699994,0.870733251000047],[-53.34886108599994,0.80238832200007],[-53.31854058999994,0.746723169000063],[-53.243095048999976,0.717178473000047],[-53.20959738999994,0.656127482000045],[-53.15728742299996,0.616508879000037],[-53.16825889699999,0.524479021000047],[-53.217076307999946,0.484262798000032],[-53.21747555999997,0.30823986200005],[-53.16281837499997,0.273032796000052],[-53.155842131999975,0.142632950000063],[-53.10941503899994,0.124274608000064],[-53.09389994299994,0.081248745000039],[-53.04759919199995,0.062911381000049],[-53.04105208599998,-0.026860872999976],[-53.00682209299998,-0.075782149999952],[-52.99237410599994,-0.181666851999978],[-52.856142906999935,-0.214977337999926],[-52.81482491899993,-0.302615476999961],[-52.71989329199994,-0.338491588999943],[-52.71120055099993,-0.450346905999936],[-52.72679946399995,-0.548467462999952],[-52.686109527999974,-0.620224662999931],[-52.61281063399997,-0.608566283999949],[-52.549936086999935,-0.639672885999971],[-52.530402788999936,-0.779098182999974],[-52.55375758499997,-0.88433312199993],[-52.541165174999946,-0.900936377999926],[-52.46661310999997,-0.920988226999953],[-52.47596664599996,-1.080763751999939],[-52.38282843899998,-1.106244151999931],[-52.332058762999964,-1.14755148699993],[-52.16817686999997,-1.165248414999951],[-52.12661594299993,-1.28217490399993],[-52.05344070499996,-1.196731350999926],[-51.991691816999946,-1.211113889999979],[-51.94929447699997,-1.198351809999963],[-51.866223101999935,-1.206894318999957],[-51.75507801899994,-1.110480700999972],[-51.724506315999975,-0.841030667999974],[-51.66578006199995,-0.79444777599997],[-51.598640185999955,-0.683256422999932],[-51.58313565999998,-0.626125325999965],[-51.506590700999936,-0.589670805999958],[-51.45682663599996,-0.476692595999964],[-51.40772825799996,-0.424923069999977],[-51.39213446399998,-0.334309780999945],[-51.31928766699997,-0.266548001999979],[-51.292204642999934,-0.175140243999977],[-51.14197888199993,-0.147482339999954],[-51.03092570299998,-0.073431622999976],[-50.98734459999997,-0.006893032999926],[-50.789453622999986,0.065289361000055],[-50.69246995999998,0.123732964000055],[-50.505887249999944,0.405729988000076]]]}},{"type":"Feature","properties":{"adm0_a3":"BRA","shape_name":"Amazonas","ihme_name":"Amazonas"},"geometry":{"type":"Polygon","coordinates":[[[-63.13505203699998,2.18991319600002],[-63.42953067299999,2.207199745000025],[-63.49270728199997,2.144894425000075],[-63.61416847199996,2.135616967000033],[-63.71074687799995,2.027281587000061],[-63.81346531899999,2.043980023000074],[-63.91062879699996,2.027848255000038],[-63.94720331499997,2.037292371000035],[-64.00190381299996,1.945689600000037],[-64.01984847799997,1.717453568000053],[-64.11484549899995,1.642222204000063],[-64.15239239599998,1.563478822000036],[-64.22895812299998,1.536109229000033],[-64.33583761799997,1.55597163300007],[-64.39070099499997,1.521442326000056],[-64.46314842999993,1.514543201000038],[-64.48592755699997,1.466597272000058],[-64.52917660199995,1.451308538000035],[-64.55905524999997,1.38846138100007],[-64.64341725699995,1.345349006000049],[-64.67361336399995,1.350972769000066],[-64.72077569299995,1.41344489200003],[-64.77532441599993,1.369171931000039],[-64.80417368999997,1.372359235000033],[-64.86238189299996,1.29678995300003],[-64.87536280699999,1.251187276000053],[-64.93045970399999,1.211146581000037],[-65.13145274199996,1.20111808300004],[-65.14722543999994,1.137947895000025],[-65.17953820999998,1.10364370800005],[-65.17557178299995,1.078701159000047],[-65.14813257899993,1.054215446000057],[-65.19540263999994,0.992936490000034],[-65.33614030199993,0.989269526000044],[-65.36707853699994,0.936311133000061],[-65.45333576199994,0.932913849000045],[-65.53905429999998,1.042336457000033],[-65.61902516099997,1.062590724000074],[-65.64847470999996,1.027023467000049],[-65.75865764599996,1.003647555000043],[-65.80259936699997,0.962426857000025],[-65.88559500599996,0.940676366000048],[-65.92295382399993,0.900753750000035],[-66.07609292299998,0.883373778000021],[-66.13059662799998,0.834976384000072],[-66.17479067799997,0.883546828000021],[-66.25277536599998,0.855734919000042],[-66.34763859499998,0.854569720000029],[-66.45854735099994,0.917240779000053],[-66.49347275899999,0.961255332000064],[-66.57842927999997,0.997585953000055],[-66.61485362699995,1.069607379000047],[-66.70602836499995,1.12434429700005],[-66.71619270099995,1.185319527000047],[-66.77343333599998,1.212465623000071],[-66.80432568099997,1.257004924000057],[-66.98459882299994,1.224660564000033],[-67.06644313399994,1.266279113000053],[-67.07106636899994,1.346020129000067],[-67.03976184399994,1.371358771000075],[-67.01616440599997,1.439659003000031],[-67.01749176999994,1.677905133000024],[-67.07080696599996,1.707953800000041],[-67.07565018399998,1.814774106000073],[-67.09974214799996,1.880883994000044],[-67.17520047299996,1.917874798000071],[-67.22346739299996,1.976568071000031],[-67.26500688099998,1.97682982300006],[-67.30375036199996,2.086256075000051],[-67.30755929799994,2.232898474000024],[-67.32379774299994,2.257163490000039],[-67.43473823299996,2.253896577000035],[-67.46530083999994,2.213511844000038],[-67.51951154799997,2.19211424100007],[-67.54897121499994,2.129038991000073],[-67.62659914199998,2.068958847000033],[-67.73429255999997,2.113714334000065],[-67.78910733299995,2.059762198000044],[-67.80241738199999,1.991933718000041],[-67.87352847999995,1.930380846000048],[-67.91708992499997,1.915390739000031],[-68.00485768899995,1.912391868000043],[-68.03717451699998,1.977911240000026],[-68.08258312999993,1.996108282000023],[-68.09563551499997,2.037459077000051],[-68.15554193099996,2.039797227000065],[-68.17245581199995,1.994601316000058],[-68.22158714999995,1.992379510000035],[-68.22688300399994,1.863370843000041],[-68.26406280699996,1.79132611600005],[-69.35737553499996,1.790351095000062],[-69.44159310899994,1.823210263000021],[-69.47549704499994,1.813156585000058],[-69.54879795899996,1.829801282000062],[-69.58016765599996,1.824781545000064],[-69.59864225999996,1.797833407000041],[-69.63022501299997,1.805053694000037],[-69.71616120199997,1.783383596000021],[-69.72337531399995,1.754113682000025],[-69.81839843199998,1.744996117000028],[-69.82511647199993,1.157741483000052],[-69.83817481699998,1.095191034000038],[-69.46730406999995,1.098868109000023],[-69.44326956199995,1.073188260000052],[-69.41029358399999,1.068635961000041],[-69.38584379199995,1.073680775000071],[-69.36596551799994,1.100185694000061],[-69.34137296899996,1.076063195000074],[-69.31068251199997,1.120550739000066],[-69.28890848899994,1.122855535000042],[-69.19959939499995,1.040223214000036],[-69.14593615899997,0.962480310000046],[-69.16137960099996,0.794111588000021],[-69.13498413699995,0.699629602000073],[-69.22250672099995,0.646649773000036],[-69.25808210099996,0.67599335400007],[-69.36120279699998,0.680818887000044],[-69.42789044599994,0.761149654000064],[-69.44221670499996,0.809032715000058],[-69.47813374899994,0.813258552000036],[-69.51586378799993,0.746147669000038],[-69.56407601999996,0.719943728000032],[-69.70132215199999,0.701358142000061],[-69.78120261899994,0.622376656000029],[-69.99859187799996,0.612602641000024],[-70.01475341399998,0.591278527000043],[-70.00310476899995,0.536899915000049],[-70.05273743699996,0.378653702000065],[-70.05965515799994,0.104224726000041],[-70.07771010899995,0.042826241000057],[-70.04282996999996,0.001521054000023],[-70.03878416799995,-0.039563353999938],[-70.04442191199996,-0.072594998999932],[-70.07673104899999,-0.102178150999976],[-70.07105892399994,-0.18167501299996],[-69.94549754099995,-0.307375053999976],[-69.87980808899994,-0.32615801399993],[-69.84734728799998,-0.365752726999972],[-69.72842650199993,-0.426572370999963],[-69.64283908899995,-0.450802753999938],[-69.62643512699998,-0.575403688999927],[-69.59390021499996,-0.606044552999947],[-69.60970583099999,-0.657501056999934],[-69.60782509899997,-0.731378008999968],[-69.55918626699997,-0.753527708999968],[-69.49972563599994,-0.811625149999941],[-69.50569890799994,-0.898113971999976],[-69.44873396299994,-0.933590862999949],[-69.46703759099995,-0.972803314999965],[-69.42104790099995,-1.104408131999946],[-69.45001670799996,-1.152139433999935],[-69.41575002299999,-1.303494709999939],[-69.47235619199995,-1.407751214999962],[-69.45517273899998,-1.501816485999939],[-69.48958961899996,-1.578813915999945],[-69.47540294199996,-1.643680307999944],[-69.50861700999997,-1.705690638999954],[-69.49949026399997,-1.77021313399996],[-69.53091595999996,-1.843799646999969],[-69.51900552299998,-1.890000371999975],[-69.60954224999995,-2.268897286999959],[-69.67022201399993,-2.753593837999972],[-69.70584767699995,-2.827519859999938],[-69.69345906299998,-2.896929401999955],[-69.73043730199998,-3.073802360999935],[-69.76301919199994,-3.119009765999976],[-69.75330240399995,-3.156883984999979],[-69.80215603699997,-3.313870495999936],[-69.78816559299997,-3.38421307699997],[-69.84168185299995,-3.468792821999955],[-69.86701709399995,-3.689482384999963],[-69.90599426399996,-3.831707691999952],[-69.93238481599997,-3.871989946999975],[-69.92430074199996,-3.922485740999946],[-69.95161812799995,-3.969421457999943],[-69.94590865499998,-4.007897207999974],[-69.97206799799994,-4.051352583999972],[-69.96748279199994,-4.238461029999939],[-70.02970222999994,-4.284465638999961],[-70.14726674199994,-4.247196953999946],[-70.22065650899998,-4.251809039999955],[-70.30697568399995,-4.212263993999954],[-70.31247344899998,-4.149216485999943],[-70.29590466999997,-4.099044808999963],[-70.31723808599997,-4.069277203999945],[-70.61866568399995,-4.059224790999963],[-70.73024549999997,-4.03085207099997],[-70.81979286199999,-4.102160872999946],[-70.84441163599996,-4.186473416999945],[-70.87108815299996,-4.203930540999977],[-70.88609908099994,-4.247217632999934],[-70.92936537299994,-4.262421933999974],[-70.94773094999994,-4.308736175999968],[-71.26852962599997,-4.314434393999932],[-71.29822296799995,-4.347222611999939],[-71.35135166299995,-4.370552656999962],[-71.41110362399996,-4.35283815899993],[-71.48179761599994,-4.368026172999976],[-71.52606338499999,-4.355035114999964],[-71.55266552699999,-4.405484959999967],[-71.62679059599998,-4.413492235999968],[-71.71146314399994,-4.44623315399997],[-71.75224147699998,-4.412887449999971],[-71.80645686999998,-4.413835806999941],[-71.87963096899995,-4.463039984999966],[-71.94926250699996,-4.476323247999971],[-71.97627418199994,-4.533965740999975],[-72.00597504999996,-4.539108990999978],[-72.03708413699997,-4.597563864999927],[-72.08072876199998,-4.61252439499998],[-72.09824043699996,-4.658225159999972],[-72.20596863899993,-4.669902398999966],[-72.25836523699996,-4.719202597999981],[-72.41637787099995,-4.737625996999952],[-72.44689845999994,-4.807915885999932],[-72.47413932299997,-4.810315496999976],[-72.48887658599995,-4.892388703999927],[-72.65942394199993,-4.918720651999934],[-72.68443267499998,-4.989372309999965],[-72.78384615999994,-5.000835117999941],[-72.79874472699998,-5.044310081999981],[-72.83858826499994,-5.057103669999947],[-72.85730337499996,-5.102604356999962],[-72.90371049099997,-5.120909637999944],[-72.91068220699998,-5.250780578999979],[-72.96325973999996,-5.278870763999976],[-72.96810075499997,-5.400339358999929],[-73.00403381799998,-5.441161914999952],[-73.00700353899998,-5.615114006999931],[-73.04644336499996,-5.74703247399998],[-73.17409087399994,-5.816804056999956],[-73.23296298199995,-5.874691797999958],[-73.24432173899999,-5.973761033999949],[-73.29137891099998,-5.991588146999959],[-73.31404473399994,-6.032071851999945],[-73.31330154999995,-6.116322095999976],[-73.27567313999998,-6.241898344999981],[-73.22172172399996,-6.274923715999932],[-73.22447262499998,-6.458992556999931],[-73.34194606299997,-6.524477543999978],[-73.35033693699995,-6.562022476999971],[-73.40488110399997,-6.571859393999944],[-73.42499372099996,-6.595693608999966],[-73.53677271399994,-6.601107966999962],[-73.58242630699993,-6.658477704999939],[-73.64248978599994,-6.670226641999932],[-73.69142800599997,-6.732837570999948],[-73.77291514599995,-6.772091114999967],[-73.79716302399999,-6.859469579999939],[-73.84905685899997,-6.909005269999966],[-73.79962064999995,-7.105047147999926],[-73.26821851299997,-7.336350572999947],[-73.20844265999995,-7.383040024999957],[-72.78000781099996,-7.571512550999955],[-72.24116355099994,-7.668921975999979],[-71.98132723699996,-7.751182357999937],[-71.91853349399997,-7.786356832999957],[-71.64227334299994,-7.851063140999941],[-71.25894933299998,-7.928824741999961],[-70.98177035199996,-7.954154470999981],[-70.63798136899999,-8.01426934899996],[-70.49804615899995,-8.06498899199994],[-70.36720469699998,-8.085630486999946],[-70.25865008999995,-8.187733784999978],[-70.14892862899995,-8.257744272999958],[-69.73667213799996,-8.420192957999973],[-69.46212205499995,-8.603938394999943],[-69.19201041299993,-8.69108545399996],[-69.00973751899994,-8.802642834999972],[-68.79884466399994,-8.910906216999933],[-68.69873598699996,-8.93082070099996],[-68.59870797599996,-9.001406306999968],[-68.21875471699997,-9.194712428999935],[-67.89136443799998,-9.269592731999978],[-67.67917893799995,-9.399571760999947],[-67.42404657599997,-9.519524442999966],[-67.11448005299997,-9.607302481999966],[-67.03398480699997,-9.669751987999973],[-66.80708001599999,-9.766808036999976],[-66.68135524799999,-9.664148917999967],[-66.57575738799994,-9.610508718999938],[-66.48562671299999,-9.588483357999962],[-66.36995093599995,-9.475755839999977],[-66.33388384399996,-9.398899061999941],[-66.04742395999995,-9.378858969999953],[-65.99431606399997,-9.309984290999978],[-65.83164985799993,-9.490986342999975],[-65.75338825299997,-9.540972162999935],[-65.69477882399997,-9.480266779999965],[-65.64623062099997,-9.383744092999962],[-65.53473355299997,-9.396262416999946],[-65.48277884199996,-9.44932344199998],[-65.37840134399994,-9.432161683999936],[-65.38360285099998,-9.404226911999956],[-65.43723557099997,-9.363610385999948],[-65.42675126799998,-9.29371569999995],[-65.27010717499996,-9.21203086199995],[-65.19183207599997,-9.230964275999952],[-65.16748834499998,-9.385693685999968],[-65.07729581699994,-9.374076833999936],[-65.04666781399993,-9.319627583999932],[-64.94858319199994,-9.251689446999933],[-64.93422365099997,-9.17194385199997],[-64.94398347199996,-9.06204925999998],[-64.82350840299995,-8.949596860999975],[-64.78926069899995,-8.956170203999932],[-64.76329249199995,-8.99565218899994],[-64.74133458299997,-9.001796210999942],[-64.71731228399995,-8.992116787999976],[-64.70499138799994,-8.951077579999946],[-64.68625992199998,-8.947704891999933],[-64.65732595899993,-8.99338251599994],[-64.60721838699993,-9.00339349799998],[-64.52988055699996,-8.931163596999966],[-64.42325373299997,-8.93850656199993],[-64.35626418799995,-8.867422807999958],[-64.32938959899997,-8.873119802999952],[-64.26940503399999,-8.942484951999973],[-64.19970494299997,-8.942875607999952],[-64.15829976199996,-8.923024158999965],[-64.13374611399996,-8.693967062999945],[-64.07556881999994,-8.667125662999979],[-64.03425064199996,-8.625060685999927],[-64.02178532299996,-8.58532071299993],[-63.981740667999986,-8.572795992999943],[-63.96283952799996,-8.527518811999926],[-63.91607912799998,-8.509107789999973],[-63.916398249999986,-8.472817864999968],[-63.96851444599997,-8.44086953699997],[-63.902462527999944,-8.408247815999971],[-63.873003650999976,-8.257707725999978],[-63.82569369599997,-8.253535584999952],[-63.79742148599996,-8.305829487999972],[-63.74454137799995,-8.293733148999934],[-63.70127374599997,-8.188871357999972],[-63.69086496299997,-8.082263832999956],[-63.64615182999995,-8.029101493999974],[-63.62898448499993,-7.908338126999979],[-63.60986420599994,-7.895141118999959],[-62.85607037699998,-7.913480772999947],[-62.818483163999986,-7.953875489999973],[-62.67696389599996,-8.030725700999938],[-62.652516538999976,-8.175064584999973],[-62.53391575499995,-8.29420046499996],[-62.37525454199994,-8.325080911999976],[-62.29775848299994,-8.595145446999936],[-62.26737078299993,-8.585524584999973],[-62.23407677399996,-8.518521159999977],[-62.174493730999984,-8.529638444999932],[-62.14098950899995,-8.727010306999944],[-62.01765316799998,-8.762852151999937],[-61.97402202599994,-8.812831961999962],[-61.90056299899999,-8.799162646999946],[-61.729546572999936,-8.631025724999972],[-61.666421852999974,-8.645961415999977],[-61.57718934999997,-8.73786307599994],[-61.519353029999934,-8.751670203999936],[-58.43595848999996,-8.775885942999935],[-58.39176386099996,-8.762598699999955],[-58.34511919999994,-8.716102380999928],[-58.33328161899993,-8.671465601999955],[-58.40129104699997,-8.634125461999929],[-58.41371381999994,-8.457689930999948],[-58.34228552899998,-8.342391301999953],[-58.30515097399996,-8.315443856999934],[-58.29709861599997,-8.28342448099994],[-58.28841069899994,-7.967433426999946],[-58.340393276999976,-7.91607808699996],[-58.34897582299993,-7.78550155399995],[-58.17741773299997,-7.551772940999967],[-58.22386744499994,-7.473580724999977],[-58.16329139399994,-7.339374474999943],[-58.126729474999934,-7.30207782399998],[-58.16724298599996,-7.255960458999937],[-58.188485698999955,-7.093648751999979],[-58.27097914999996,-7.027292547999934],[-58.33528121899997,-6.940684445999977],[-58.406386270999974,-6.924541612999974],[-58.46463955399997,-6.739936789999945],[-58.472024929999975,-6.661991009999952],[-58.43308153799995,-6.594733312999949],[-58.364382983999974,-6.553346365999971],[-58.319817833999934,-6.463102120999963],[-58.23539744899995,-6.413995839999927],[-58.194332490999955,-6.357113166999966],[-57.92427149799994,-5.793129916999931],[-57.799899240999935,-5.49573021599997],[-57.717140410999946,-5.235523225999941],[-57.42101122199995,-4.638799347999964],[-57.379085558999975,-4.487019185999941],[-57.09699236999995,-3.874326339999925],[-56.93143819199997,-3.558803142999977],[-56.87160251299997,-3.473363583999969],[-56.809203382999954,-3.282886953999935],[-56.65767764199995,-3.001390113999946],[-56.57221382199998,-2.776973017999978],[-56.43342327499994,-2.523594341999967],[-56.41595262399994,-2.451801190999959],[-56.45295754399996,-2.40425251399995],[-56.40837316899996,-2.292257045999975],[-56.30620518499995,-2.254151082999954],[-56.216270538999936,-2.197141129999977],[-56.138560918999985,-2.07814829299997],[-56.13061410399996,-2.023097162999932],[-56.25236013499995,-2.018099537999944],[-56.26907601299996,-2.066333977999932],[-56.31384453399994,-2.099620838999954],[-56.33623941399998,-2.148152502999949],[-56.56905854599995,-2.151300413999934],[-56.60994718999996,-2.186960779999936],[-56.701084907999984,-2.185406900999965],[-56.769853645999945,-2.127534729999979],[-56.765321047999976,-2.098146215999975],[-56.717258656999945,-2.048780366999949],[-56.71787312299995,-2.020852342999945],[-56.78654891599996,-1.997608166999953],[-56.87067229499996,-2.005724129999976],[-56.90799509699997,-1.962007870999969],[-57.04898315899993,-1.883355396999946],[-57.07683074999994,-1.812606234999976],[-57.14431021399997,-1.743168512999944],[-57.249429272999976,-1.68077677499997],[-57.360948966999956,-1.715302079999958],[-57.54984874099995,-1.616283802999931],[-57.58732016299996,-1.576476955999965],[-57.72903514099994,-1.554618318999928],[-57.875468454999975,-1.403150451999977],[-57.959077150999974,-1.371615888999941],[-57.998485193999954,-1.32663716899998],[-57.96575120799997,-1.221343949999948],[-57.962944110999956,-1.109624330999964],[-58.059256388999984,-1.096257116999936],[-58.12534432899997,-1.199834479999936],[-58.153325166999934,-1.214733949999925],[-58.24255927299998,-1.11403164799998],[-58.33848246699995,-1.083918144999927],[-58.39923011999997,-1.02216117599994],[-58.42276905699998,-0.944494190999933],[-58.46316895099994,-0.892466819999925],[-58.45512917599996,-0.830768638999928],[-58.54956590499995,-0.786485595999977],[-58.75855615399996,-0.584320928999944],[-58.75565837399995,-0.565242471999966],[-58.70726027899997,-0.531978868999943],[-58.70084746899994,-0.505412528999955],[-58.769833425999934,-0.373422542999947],[-58.834705887999974,-0.347499427999935],[-58.84935815099993,-0.327094480999961],[-58.87488033599993,-0.005783357999974],[-58.85870618599995,0.04615773200004],[-58.85744028099998,0.212889349000022],[-58.86448079499996,0.242830034000065],[-58.88383965299994,0.249251377000064],[-60.053545879999945,0.247151912000049],[-60.06778822799998,0.22421571600006],[-60.07107092599995,0.147389941000029],[-60.10214530199994,0.12101450900002],[-60.11159608599996,0.045092932000045],[-60.21985030899998,-0.015069393999966],[-60.22686024999996,-0.126028304999977],[-60.281378651999944,-0.161193604999937],[-60.28694062999995,-0.30772260699996],[-60.39607827599997,-0.443646937999972],[-60.38923706199995,-0.573160083999937],[-60.280392286999984,-0.608816687999933],[-60.29511422599995,-0.693988586999978],[-60.383218101999944,-0.717630989999975],[-60.420489707999934,-0.764140596999937],[-60.501258518999975,-0.748295011999971],[-60.53329090999995,-0.813658577999945],[-60.659265964999975,-0.860089648999974],[-60.680749213999945,-0.812728245999949],[-60.72681053599996,-0.793840407999937],[-60.73875572999998,-0.714280702999929],[-60.78224954199993,-0.699236378999956],[-60.80072592799996,-0.653351977999932],[-60.88118773499997,-0.622324396999943],[-60.919617577999986,-0.545073034999973],[-61.020553624999934,-0.517858383999965],[-61.112240472999986,-0.456308060999959],[-61.15226969799994,-0.456674256999975],[-61.21596200699997,-0.521910894999962],[-61.295985178999956,-0.538901584999962],[-61.33306477899998,-0.580265354999938],[-61.39847194299995,-0.599385799999936],[-61.42619181099997,-0.636709644999939],[-61.52408106199994,-0.708249147999936],[-61.53952089499995,-0.84224140799995],[-61.58609205099998,-0.875154219999956],[-61.59330641299994,-0.898577680999949],[-61.581575090999934,-0.970358652999948],[-61.54416428899998,-1.009744917999967],[-61.58861321899997,-1.076337646999946],[-61.59021573899997,-1.253456863999929],[-61.58109482699996,-1.342664418999959],[-61.53319820299998,-1.389716376999957],[-61.53990199899994,-1.418176618999951],[-61.562674346999984,-1.42806464399996],[-61.63965545599996,-1.382953864999934],[-61.74257383599996,-1.360478461999946],[-61.78774775099998,-1.312094366999929],[-61.839238325999986,-1.365658761999953],[-61.86235845799996,-1.365796614999965],[-61.92988039399995,-1.293915772999981],[-62.01156894099995,-1.096344077999959],[-62.07241136299996,-1.034796710999956],[-62.09207436899999,-0.974467280999932],[-62.30054771799996,-0.906632684999977],[-62.35407057899994,-0.787837445999969],[-62.44361410199997,-0.759785912999973],[-62.48869715799998,-0.722034060999931],[-62.47358593399997,-0.629995525999959],[-62.426589338999975,-0.639498274999937],[-62.33772046099995,-0.689490321999926],[-62.265614392999964,-0.61709792399995],[-62.251129839999976,-0.560457399999962],[-62.271246047999966,-0.515436773999966],[-62.27076936499998,-0.466034],[-62.24040228299998,-0.407235948999926],[-62.20004989499995,-0.374376568999935],[-62.17912924299998,-0.308470004999947],[-62.19306251499995,-0.261103034999962],[-62.23130857499996,-0.22133335999996],[-62.19851453899997,-0.17332317499995],[-62.196096789999956,-0.137187595999933],[-62.30242364399999,-0.047195453999962],[-62.32466048799995,0.080692443000032],[-62.40822336699995,0.100046408000026],[-62.42254929999996,0.119116422000047],[-62.43573486599996,0.438113476000069],[-62.479390620999936,0.51658100700007],[-62.51441600299995,0.683007321000048],[-62.478626245999976,0.760073420000026],[-62.42989082399998,0.807120611000073],[-62.46312493299996,0.892892880000034],[-62.43807833999995,0.945554015000027],[-62.42582549999997,1.08343566700006],[-62.52893570599997,1.157611694000025],[-62.54775981999995,1.288007294000067],[-62.60860530499997,1.435547278000058],[-62.76452857399994,1.577714738000054],[-62.78355102599994,1.632951450000064],[-62.77895364999995,1.656729841000072],[-62.731592372999955,1.695760533000055],[-62.712666437999985,1.82715272400003],[-62.66105243299995,1.922162614000058],[-62.78273306699998,2.01621100400007],[-63.014290991999985,2.03995526600005],[-63.09846167099994,2.09572716100007],[-63.13505203699998,2.18991319600002]]]}},{"type":"Feature","properties":{"adm0_a3":"BRA","shape_name":"Para","ihme_name":"Par\u00e1"},"geometry":{"type":"Polygon","coordinates":[[[-58.877699341884146,1.178246167399784],[-58.87780592399997,0.292993061000061],[-58.85744028099998,0.212889349000022],[-58.85870618599995,0.04615773200004],[-58.87488033599993,-0.005783357999974],[-58.84935815099993,-0.327094480999961],[-58.834705887999974,-0.347499427999935],[-58.769833425999934,-0.373422542999947],[-58.70084746899994,-0.505412528999955],[-58.70726027899997,-0.531978868999943],[-58.75565837399995,-0.565242471999966],[-58.75855615399996,-0.584320928999944],[-58.54956590499995,-0.786485595999977],[-58.45512917599996,-0.830768638999928],[-58.46316895099994,-0.892466819999925],[-58.42276905699998,-0.944494190999933],[-58.39923011999997,-1.02216117599994],[-58.33848246699995,-1.083918144999927],[-58.24255927299998,-1.11403164799998],[-58.153325166999934,-1.214733949999925],[-58.12534432899997,-1.199834479999936],[-58.059256388999984,-1.096257116999936],[-57.962944110999956,-1.109624330999964],[-57.96575120799997,-1.221343949999948],[-57.998485193999954,-1.32663716899998],[-57.959077150999974,-1.371615888999941],[-57.875468454999975,-1.403150451999977],[-57.72903514099994,-1.554618318999928],[-57.58732016299996,-1.576476955999965],[-57.54984874099995,-1.616283802999931],[-57.360948966999956,-1.715302079999958],[-57.249429272999976,-1.68077677499997],[-57.14431021399997,-1.743168512999944],[-57.07683074999994,-1.812606234999976],[-57.04898315899993,-1.883355396999946],[-56.90799509699997,-1.962007870999969],[-56.87067229499996,-2.005724129999976],[-56.78654891599996,-1.997608166999953],[-56.71787312299995,-2.020852342999945],[-56.717258656999945,-2.048780366999949],[-56.765321047999976,-2.098146215999975],[-56.769853645999945,-2.127534729999979],[-56.701084907999984,-2.185406900999965],[-56.60994718999996,-2.186960779999936],[-56.56905854599995,-2.151300413999934],[-56.33623941399998,-2.148152502999949],[-56.31384453399994,-2.099620838999954],[-56.26907601299996,-2.066333977999932],[-56.25236013499995,-2.018099537999944],[-56.16277071199994,-2.013073433999978],[-56.12848714299997,-2.030059576999975],[-56.138560918999985,-2.07814829299997],[-56.216270538999936,-2.197141129999977],[-56.30620518499995,-2.254151082999954],[-56.40837316899996,-2.292257045999975],[-56.45295754399996,-2.40425251399995],[-56.41595262399994,-2.451801190999959],[-56.43342327499994,-2.523594341999967],[-56.57221382199998,-2.776973017999978],[-56.65767764199995,-3.001390113999946],[-56.809203382999954,-3.282886953999935],[-56.87160251299997,-3.473363583999969],[-56.93143819199997,-3.558803142999977],[-57.09699236999995,-3.874326339999925],[-57.379085558999975,-4.487019185999941],[-57.42101122199995,-4.638799347999964],[-57.717140410999946,-5.235523225999941],[-57.799899240999935,-5.49573021599997],[-57.92427149799994,-5.793129916999931],[-58.194332490999955,-6.357113166999966],[-58.23539744899995,-6.413995839999927],[-58.319817833999934,-6.463102120999963],[-58.364382983999974,-6.553346365999971],[-58.43308153799995,-6.594733312999949],[-58.472024929999975,-6.661991009999952],[-58.46463955399997,-6.739936789999945],[-58.406386270999974,-6.924541612999974],[-58.33528121899997,-6.940684445999977],[-58.27097914999996,-7.027292547999934],[-58.188485698999955,-7.093648751999979],[-58.16724298599996,-7.255960458999937],[-58.08463481499996,-7.326069428999972],[-58.031532169999934,-7.402580771999965],[-57.971807686999966,-7.524591294999937],[-57.95208996499997,-7.609711859999948],[-57.91041423499996,-7.652784747999931],[-57.88933583499994,-7.75011466899997],[-57.85249503099993,-7.819849687999977],[-57.82996269299997,-7.936464608999927],[-57.737630251999974,-8.05421322899997],[-57.721511032999956,-8.124026065999942],[-57.673487430999955,-8.140380697999944],[-57.64260184799997,-8.185988923999957],[-57.67226915599997,-8.249155494999968],[-57.66299807699994,-8.447723335999967],[-57.655141825999976,-8.481145958999946],[-57.61232940899998,-8.529711972999962],[-57.594342264999966,-8.698769446999961],[-57.48726340899998,-8.732369129999938],[-57.29904527599996,-8.875297429999932],[-57.18854774399995,-8.908393320999949],[-57.06144823499994,-9.059947330999933],[-57.02907687199996,-9.160821858999952],[-56.87357167299996,-9.181484687999955],[-56.792029593999985,-9.255675506999978],[-56.748816001999955,-9.355457543999933],[-56.730881211999986,-9.36717368899997],[-56.239673643999936,-9.359341404999952],[-56.16581331899994,-9.397637814999939],[-55.050376523999944,-9.467604594999955],[-54.783476976999964,-9.512314284999945],[-54.065277039999955,-9.532936293999967],[-53.16919562099997,-9.634623741999974],[-52.55877007999993,-9.648513169999944],[-52.47235237999996,-9.675131577999935],[-51.74175496399994,-9.734701806999965],[-51.699983302999954,-9.769180568999957],[-51.66687587699994,-9.738568227999963],[-51.62298759099997,-9.734386873999938],[-51.49568235199996,-9.75586203399996],[-51.49443487299993,-9.783734325999944],[-51.47634473199997,-9.790901178999945],[-50.730397,-9.80118364699996],[-50.23881160199994,-9.842330526999945],[-50.16561928799996,-9.621715515999938],[-50.12069025999995,-9.577522745999943],[-50.12568983699998,-9.42556406999995],[-50.06940135399998,-9.35824416099996],[-50.04350010899998,-9.265402674999962],[-49.982479172999945,-9.203923509999981],[-49.904192301999956,-9.155765819999942],[-49.86433426999997,-9.060167346999947],[-49.71537550399995,-8.885366615999942],[-49.62621375599997,-8.856081867999933],[-49.56015151599996,-8.792202194999959],[-49.48828216099997,-8.660667478999926],[-49.44435543599997,-8.618442528999935],[-49.42120178299996,-8.530150700999968],[-49.36449804199998,-8.421449593999967],[-49.26864334099997,-8.32904197399995],[-49.24537456699994,-8.240656362999971],[-49.211314279999954,-8.181606946999977],[-49.191412130999936,-7.993716406999965],[-49.14837216099994,-7.931944955999938],[-49.13491493099997,-7.813907817999961],[-49.28669968699995,-7.708451107999963],[-49.35991983099996,-7.675716617999967],[-49.38129334699994,-7.498553128999959],[-49.37411210799996,-7.474294842999939],[-49.27135172299995,-7.386212416999967],[-49.244227371999955,-7.313766594999947],[-49.19533362799996,-7.255060123999954],[-49.21530142499995,-6.89449872299997],[-49.060495437999975,-6.807791182999949],[-49.024963828999944,-6.772065600999952],[-48.82447582299994,-6.749759572999949],[-48.72694782599996,-6.693120585999964],[-48.68136610199997,-6.63419683199993],[-48.70617141499997,-6.576451849999955],[-48.65775539899994,-6.555614489999925],[-48.64314669999993,-6.490735271999938],[-48.55886835399997,-6.422890930999927],[-48.52597376999995,-6.375665669999933],[-48.41757704699995,-6.356375790999948],[-48.432164032999935,-6.246121778999964],[-48.40711402799997,-6.176888967999957],[-48.318948715999966,-6.147745193999981],[-48.30314999199993,-6.119727137999973],[-48.299760386999935,-6.063279406999925],[-48.350685736999935,-6.024962967999954],[-48.36221116699994,-5.985968534999927],[-48.26278572099994,-5.954552386999978],[-48.29300357799997,-5.885542957999974],[-48.30495421899997,-5.792001118999963],[-48.195031401999984,-5.752803100999927],[-48.17114183699994,-5.618894499999953],[-48.29216893599994,-5.579074607999928],[-48.348666908999974,-5.520484495999938],[-48.368532512999934,-5.443036891999952],[-48.38667895799995,-5.425766361999933],[-48.44146817099994,-5.41802314499995],[-48.53538168499995,-5.461886445999937],[-48.62122950799994,-5.428735759999938],[-48.743126899999936,-5.413493822999953],[-48.764766089999966,-5.40072897999994],[-48.76740399399995,-5.378530061999925],[-48.71093346699996,-5.314447192999978],[-48.50944414999998,-5.162837881999963],[-48.464002420999975,-5.10430595899993],[-48.289501738999945,-5.009977977999938],[-48.18368720899997,-4.976486963999946],[-48.02713206499993,-4.802140780999935],[-47.87853553799994,-4.673114809999959],[-47.67982825299998,-4.654749394999953],[-47.59677817299996,-4.547176146999959],[-47.56843015399994,-4.46633821699993],[-47.507370424999976,-4.384211756999946],[-47.35023191399995,-4.234885108999947],[-47.34768629599995,-4.21238238899997],[-47.39518770799998,-4.180351224999924],[-47.40135997099998,-4.154031713999927],[-47.293868240999984,-4.072127051999928],[-47.279198434999955,-4.028576832999931],[-47.20832010699996,-3.989849865999929],[-47.18167857599997,-3.911357108999937],[-47.07635774199997,-3.85535828999997],[-47.06033847899994,-3.59030755699996],[-47.02417999599993,-3.556219846999966],[-47.00018364299996,-3.488261135999949],[-46.94250315599993,-3.430222084999969],[-46.85858760899998,-3.396620928999937],[-46.82774200499995,-3.317463091999969],[-46.78995018399996,-3.283588736999945],[-46.76837018699996,-3.200649294999948],[-46.73149400999995,-3.166658104999954],[-46.709719862999975,-3.083771819999924],[-46.67181407399994,-3.044645627999955],[-46.65898622599997,-2.920517564999955],[-46.610111640999946,-2.864512772999944],[-46.65725386699995,-2.812154507999935],[-46.67076172599997,-2.760112050999965],[-46.61307015899996,-2.708453534999933],[-46.52237169199998,-2.686365415999944],[-46.450898596999934,-2.605298468999933],[-46.44443982599995,-2.546486331999972],[-46.48176441299995,-2.511285405999956],[-46.49953243999994,-2.429812389999938],[-46.39603021999994,-2.324504517999969],[-46.34130224299997,-2.152889194999943],[-46.29755650399994,-2.097977340999932],[-46.28584889899997,-1.994234469999981],[-46.253096116999984,-1.913125577999949],[-46.35116744199996,-1.88446834399997],[-46.359278760999985,-1.85440247799994],[-46.34594833699998,-1.82570721999997],[-46.305660425999974,-1.804851976999942],[-46.220172279999986,-1.792732803999968],[-46.20807981299998,-1.732064788999935],[-46.18062952099996,-1.70122697499994],[-46.171297426999956,-1.643874342999936],[-46.18935630799996,-1.581687054999975],[-46.174302359999956,-1.45306353999996],[-46.189940724999985,-1.392952041999933],[-46.17058115899994,-1.317543271999966],[-46.04398130599998,-1.245402802999934],[-46.10389503699997,-1.158443165999927],[-46.14125370099998,-1.12147400799995],[-46.175270714999954,-1.118242165999959],[-46.20665434999995,-1.169393156999945],[-46.24281768299994,-1.122362823999936],[-46.303684455999985,-1.109383406999939],[-46.31708229399993,-1.048883717999956],[-46.44079909699997,-1.032119997999928],[-46.45770842199994,-0.925252799999953],[-46.527894566999976,-0.923228249999966],[-46.57052114499993,-0.975192384999957],[-46.62768784599996,-0.978201651999939],[-46.650283929999944,-0.929462325999964],[-46.67624715599993,-0.911415890999933],[-46.69196610399996,-0.847694141999966],[-46.81748914199994,-0.841891645999965],[-46.859461443999976,-0.805219217999934],[-46.91090473099996,-0.813682693999965],[-46.92616543299994,-0.898376304999942],[-47.00205524799998,-0.90302664799998],[-47.02876403399995,-0.892309606999959],[-47.03955758899997,-0.791561096999942],[-47.11998175499997,-0.792271142999937],[-47.218331829999954,-0.761743362999937],[-47.27066042599995,-0.70778801199998],[-47.39892824499998,-0.708106738999959],[-47.452533148999976,-0.734300419999954],[-47.53398317399996,-0.707798511999954],[-47.57298552699996,-0.739998984999943],[-47.62680605199995,-0.671742448999964],[-47.64985988999996,-0.674752757999954],[-47.671512932999974,-0.703872437999962],[-47.74405091299997,-0.707332459999975],[-47.76714686399998,-0.700040155999943],[-47.78510701199997,-0.652903376999973],[-47.90499048399994,-0.648803438999948],[-47.95697857499994,-0.670690455999932],[-47.98344458799994,-0.711108927999931],[-48.04028480599993,-0.739647434999938],[-48.21316135699993,-0.682336244999931],[-48.23756000999998,-0.651679292999972],[-48.44716313599997,-0.585391178999942],[-48.47136043499995,-0.521715357999938],[-48.44386860999998,-0.483034167999961],[-48.45799929999998,-0.33692790799995],[-48.48196940799994,-0.302330308999956],[-48.606021210999984,-0.278075120999972],[-49.04736674499998,-0.272897043999933],[-49.126186066999935,-0.205109038999979],[-49.20296962699996,-0.187050065999927],[-49.38879463799998,-0.096755104999943],[-49.43067412099998,-0.018096835999927],[-49.543674487999965,-0.00317840699995],[-49.58236942099995,0.018125760000032],[-49.696153411999944,0.26379513400002],[-49.747085770999945,0.252601183000024],[-49.79895385799995,0.267394985000067],[-49.95667213699994,0.232653915000071],[-50.02813126399997,0.234598315000028],[-50.027214080999954,0.282511835000037],[-50.094638928999984,0.283290471000043],[-50.11143701399993,0.498748053000043],[-50.10015329199996,0.549088101000052],[-50.211309607999965,0.599024127000064],[-50.38912276899998,0.589172452000071],[-50.48146100399998,0.522079640000072],[-50.50896863699995,0.395544543000028],[-50.55915496099993,0.342751145000022],[-50.576958332999936,0.28634098200007],[-50.69246995999998,0.123732964000055],[-50.789453622999986,0.065289361000055],[-50.98734459999997,-0.006893032999926],[-51.03092570299998,-0.073431622999976],[-51.14197888199993,-0.147482339999954],[-51.292204642999934,-0.175140243999977],[-51.31928766699997,-0.266548001999979],[-51.39213446399998,-0.334309780999945],[-51.40772825799996,-0.424923069999977],[-51.45682663599996,-0.476692595999964],[-51.506590700999936,-0.589670805999958],[-51.58313565999998,-0.626125325999965],[-51.598640185999955,-0.683256422999932],[-51.66578006199995,-0.79444777599997],[-51.724506315999975,-0.841030667999974],[-51.75507801899994,-1.110480700999972],[-51.866223101999935,-1.206894318999957],[-51.94929447699997,-1.198351809999963],[-51.991691816999946,-1.211113889999979],[-52.05344070499996,-1.196731350999926],[-52.12661594299993,-1.28217490399993],[-52.16817686999997,-1.165248414999951],[-52.332058762999964,-1.14755148699993],[-52.38282843899998,-1.106244151999931],[-52.47596664599996,-1.080763751999939],[-52.46661310999997,-0.920988226999953],[-52.541165174999946,-0.900936377999926],[-52.55375758499997,-0.88433312199993],[-52.530402788999936,-0.779098182999974],[-52.549936086999935,-0.639672885999971],[-52.61281063399997,-0.608566283999949],[-52.686109527999974,-0.620224662999931],[-52.72679946399995,-0.548467462999952],[-52.71120055099993,-0.450346905999936],[-52.71989329199994,-0.338491588999943],[-52.81482491899993,-0.302615476999961],[-52.856142906999935,-0.214977337999926],[-52.99237410599994,-0.181666851999978],[-53.00682209299998,-0.075782149999952],[-53.04105208599998,-0.026860872999976],[-53.04759919199995,0.062911381000049],[-53.09389994299994,0.081248745000039],[-53.10941503899994,0.124274608000064],[-53.155842131999975,0.142632950000063],[-53.16281837499997,0.273032796000052],[-53.21747555999997,0.30823986200005],[-53.217076307999946,0.484262798000032],[-53.16825889699999,0.524479021000047],[-53.15728742299996,0.616508879000037],[-53.20959738999994,0.656127482000045],[-53.243095048999976,0.717178473000047],[-53.31854058999994,0.746723169000063],[-53.34886108599994,0.80238832200007],[-53.44251443699994,0.870733251000047],[-53.46157106399994,0.949242453000068],[-53.50195665999996,0.988132195000048],[-53.51441449899994,1.030777964000038],[-53.50882853599995,1.053903651000041],[-53.46084770699997,1.090178482000056],[-53.45975190799999,1.144346350000035],[-53.492615772999955,1.16517828700006],[-53.54353739399994,1.152842476000046],[-53.60240637099997,1.192113240000026],[-53.638655022999956,1.318023321000055],[-53.752120943999955,1.35504634800003],[-53.78364627299993,1.324153929000033],[-53.86787309899995,1.32429240700003],[-53.971034937999946,1.426662298000053],[-54.10601572599995,1.451609261000044],[-54.14911204599997,1.492590694000057],[-54.18014505399998,1.569149623000044],[-54.253327913999954,1.585266299000068],[-54.36278703399995,1.698556828000051],[-54.785750718999964,1.726227999000059],[-54.80849237499996,1.904928355000038],[-54.85191795299994,1.953693477000058],[-54.86222585899998,2.011777962000053],[-54.80084251399995,2.139695829000061],[-54.84896732699997,2.249185362000048],[-54.90520996199996,2.326287241000045],[-54.94534382799998,2.450047480000023],[-54.98019753999995,2.50704311800007],[-55.01952097099996,2.531639120000023],[-55.08343379799999,2.527637124000023],[-55.12738249199998,2.47584523200004],[-55.20872659599996,2.49249227200005],[-55.35579482299994,2.469562925000048],[-55.405504717999975,2.395697426000027],[-55.514667180999936,2.414103308000051],[-55.64339737299997,2.412026195000067],[-55.67024979299998,2.36809971200006],[-55.66476919099995,2.344242587000053],[-55.688853147999964,2.336035223000067],[-55.767965828999934,2.342941026000062],[-55.76921958999998,2.399419735000038],[-55.861710511999945,2.419437789000028],[-55.892951008999944,2.452219121000041],[-55.982968279999966,2.447127265000063],[-56.001871043999984,2.34835670800004],[-56.11981181999994,2.276248982000027],[-56.161479215999975,2.229776991000051],[-56.17867005699998,2.17164374500004],[-56.163623481999934,2.146637732000045],[-56.03589763499997,2.075432673000023],[-56.02300974999997,2.013613072000055],[-55.99116942099994,2.017600370000025],[-55.93712535399993,1.982217910000031],[-55.94993837699997,1.909132227000043],[-55.93706282499994,1.855622126000071],[-55.983897913999954,1.793025905000036],[-56.11174016299998,1.79249375400002],[-56.19727205899994,1.846225121000032],[-56.30810640999994,1.852470298000071],[-56.342337208999936,1.88651932800002],[-56.53018315999998,1.888792020000039],[-56.58665447899995,1.90703275900006],[-56.766584112999965,1.906536851000055],[-56.83737645799994,1.852926303000061],[-56.88549872699997,1.864809163000075],[-56.91982106299997,1.855315136000058],[-56.93829441499997,1.875529070000027],[-56.93724718999994,1.903467818000024],[-57.055020852999974,1.897273744000074],[-57.09806417799996,1.955989985000031],[-57.22375260399997,1.969279847000053],[-57.245849248999946,1.996778173000052],[-57.27032349999996,1.996439680000037],[-57.34717228699998,1.957394071000067],[-57.346091745999956,1.912735734000023],[-57.40965826099995,1.897652998000069],[-57.46453340099998,1.793972910000036],[-57.50688870499994,1.760057300000028],[-57.52642873399998,1.694953332000068],[-57.62425876599997,1.711081063000051],[-57.66989112199997,1.676198789000068],[-57.79763564299998,1.70577238900006],[-57.840411390999975,1.685423191000041],[-57.873612926999954,1.638857705000021],[-57.973297585999944,1.627586128000075],[-57.98255470299995,1.551336055000036],[-58.005763814999966,1.536585559000059],[-58.29188155099996,1.576998934000073],[-58.34813076499995,1.607789338000032],[-58.41882560999994,1.482580709000047],[-58.45296479499996,1.467323494000027],[-58.53939468599998,1.472043573000064],[-58.54973504599997,1.350554853000062],[-58.60691105199999,1.271157587000062],[-58.69623696799994,1.252908106000064],[-58.74622737499993,1.211395598000024],[-58.80257127999994,1.222765414000037],[-58.86410301099994,1.202875489000064],[-58.877699341884146,1.178246167399784]]]}},{"type":"Feature","properties":{"adm0_a3":"BRA","shape_name":"Maranhao","ihme_name":"Maranh\u00e3o"},"geometry":{"type":"Polygon","coordinates":[[[-48.449144710999974,-5.095370036999952],[-48.519813591999934,-5.187452421999978],[-48.38304031499996,-5.19886146999994],[-48.331255038999984,-5.239433797999936],[-48.14289601199994,-5.291068192999944],[-47.969488715999944,-5.248530630999937],[-47.931624332999945,-5.277377359999946],[-47.89430742899998,-5.373261364999962],[-47.85977864299997,-5.403370686999949],[-47.66770961199995,-5.433542002999957],[-47.51780180999998,-5.504640056999961],[-47.49257635899994,-5.801264810999953],[-47.45069529399996,-5.901641070999972],[-47.43436862599998,-6.183312575999935],[-47.382351366999956,-6.238873740999964],[-47.38247585999994,-6.276536892999957],[-47.43353146199996,-6.362124821999942],[-47.45332863999994,-6.601302406999935],[-47.49246927299998,-6.652710054999943],[-47.522876672999985,-6.848703201999967],[-47.508735584999954,-6.909912648999978],[-47.55631517699993,-6.981635376999975],[-47.57174966399998,-7.052633034999928],[-47.60770289499993,-7.087531908999949],[-47.635885350999956,-7.147834517999968],[-47.783593320999955,-7.176373212999977],[-47.79502623299993,-7.190639081999961],[-47.77303538499996,-7.217564974999959],[-47.69493224299998,-7.248601375999954],[-47.667867962999935,-7.336265683999954],[-47.632072523999966,-7.326359785999955],[-47.59470037699998,-7.280674584999929],[-47.50158539199998,-7.296488143999966],[-47.508478398999955,-7.398006473999942],[-47.56515673299998,-7.43668839999998],[-47.57426509199996,-7.466901273999952],[-47.51260957499994,-7.48139514199994],[-47.49134761099998,-7.529873241999951],[-47.39439872299994,-7.558560352999962],[-47.37623547099997,-7.604178531999935],[-47.33262100699994,-7.61890053299993],[-47.32258196899994,-7.733259700999952],[-47.27171093299995,-7.758013668999979],[-47.26265892299995,-7.852783475999956],[-47.12814312099994,-7.936024448999945],[-47.10180112799998,-8.00218474299993],[-47.04509572899997,-8.070034892999956],[-47.00484026899994,-8.072036945999969],[-46.98649345399997,-8.025554979999981],[-46.92623222199995,-8.012578842999972],[-46.89370985399995,-7.97111504999998],[-46.78568664699998,-7.953942235999932],[-46.72695079499994,-7.91755216599995],[-46.610385821999955,-7.927337863999981],[-46.562957575999974,-7.971784751999962],[-46.467326466999964,-7.992942692999975],[-46.470451424999965,-8.09676559899998],[-46.52290943199995,-8.224946521999925],[-46.532285471999955,-8.320284037999954],[-46.67176069899995,-8.381217839999977],[-46.80895241199994,-8.399266243999932],[-46.828751214999954,-8.46413298799996],[-46.868289284999946,-8.502976498999942],[-46.88785778499994,-8.580469187999938],[-46.93350975299995,-8.61486752299993],[-46.91783456799993,-8.68968085299997],[-46.93361368799998,-8.73290329899993],[-46.93957735799995,-8.856744512999967],[-46.98640287499995,-8.874464083999953],[-47.02684614299994,-8.92852569799993],[-47.06314319399996,-9.044305552999958],[-47.11055381099993,-9.08867080899995],[-47.08599295999994,-9.111718509999946],[-46.95569423699993,-9.125069494999934],[-46.88241653799997,-9.170808894999936],[-46.81949221799994,-9.230816790999938],[-46.82584987599995,-9.256930993999958],[-46.87330155799998,-9.288487402999976],[-46.83142716699996,-9.322017002999928],[-46.806267540999954,-9.37505004899998],[-46.69664595399996,-9.401734620999946],[-46.63074315299997,-9.491372729999966],[-46.591620760999945,-9.518021651999959],[-46.56913821899997,-9.597270268999978],[-46.59078384899993,-9.657904419999966],[-46.64408267699997,-9.696099506999929],[-46.639076339999974,-9.758083669999962],[-46.57123611099996,-9.835471552999934],[-46.47858017699997,-9.866931053999963],[-46.45878561599994,-10.032916161999935],[-46.41688765499998,-10.082679753999969],[-46.38770393999994,-10.174767767999981],[-46.21566235999995,-10.20429861699995],[-46.17013613499995,-10.232349456999941],[-46.076897921999944,-10.191880837999975],[-45.99210394499994,-10.226261638999972],[-45.92702931799994,-10.228090942999927],[-45.903472153999985,-10.202738040999975],[-45.89172636599994,-10.055438884999944],[-45.84975444799994,-9.97728858599993],[-45.83291273899994,-9.55526068499995],[-45.786935436999954,-9.481007107999972],[-45.89742117999998,-9.37770980199997],[-45.90458865099998,-9.185054093999952],[-45.925486992999936,-9.12835165699994],[-45.95670217899993,-9.102686835999975],[-45.964339905999964,-9.012763125999982],[-46.01147360899995,-8.994906660999959],[-46.017043601999944,-8.950925240999936],[-45.96346358799997,-8.857294484999954],[-45.95298243299993,-8.777351672999941],[-45.85299821099994,-8.766558568999926],[-45.83744785199997,-8.704721221999932],[-45.80468745099995,-8.67567287299994],[-45.774914311999964,-8.541990397999939],[-45.734782922999955,-8.49789055399998],[-45.67245156299998,-8.238908611999932],[-45.57440262599994,-8.186664199999939],[-45.56821466699995,-7.883759555999973],[-45.515484783999966,-7.85257186299998],[-45.50378984099996,-7.75440016899995],[-45.45975497899997,-7.739920982999934],[-45.43699765799994,-7.695620428999973],[-45.31926545999994,-7.58289788999997],[-45.18060445399993,-7.565329972999962],[-45.127995805999944,-7.520821608999938],[-44.945490492999966,-7.507614032999925],[-44.85249006799995,-7.426995180999938],[-44.73029423199995,-7.411699250999959],[-44.60972767499993,-7.370834424999941],[-44.57796158399998,-7.25217472099996],[-44.433921236999936,-7.177037114999962],[-44.40212984899995,-7.13756553199994],[-44.320477654999934,-7.114758679999966],[-44.19615945399994,-7.019938033999949],[-44.17425565899998,-6.911855403999937],[-44.098961419999966,-6.883306095999956],[-44.07020308899996,-6.789214053999956],[-43.87154475199998,-6.772151167999937],[-43.81351865299996,-6.74107367299996],[-43.766736022999964,-6.737038514999938],[-43.64659920999998,-6.750878210999929],[-43.586154361999945,-6.786681950999935],[-43.560024116999955,-6.836230731999933],[-43.31610692199996,-6.832769054999972],[-43.26137572499994,-6.78498783799995],[-43.02223620199993,-6.76887686799995],[-42.96493875699997,-6.730539417999978],[-42.90547367399995,-6.636982959999955],[-42.88227268299994,-6.32944404899996],[-42.92989456299995,-6.266339867999932],[-42.99644528899995,-6.227838645999952],[-43.060481633999984,-6.16130147299998],[-43.08103056799996,-6.045324860999926],[-43.13184739199994,-5.982236315999955],[-43.10785380899995,-5.922244865999971],[-43.133598237999934,-5.829760449999981],[-43.10705367999998,-5.774381278999954],[-43.12618398099994,-5.664628008999955],[-43.077074841999945,-5.647510939999961],[-43.02667884699997,-5.603125957999964],[-42.99629424799997,-5.507793811999932],[-42.85428032699997,-5.410931536999954],[-42.83088659499998,-5.171780117999958],[-42.83546728799996,-5.136659514999963],[-42.88623416099995,-5.056297785999959],[-42.90748623299993,-4.913781158999939],[-42.940333942999985,-4.883758962999934],[-42.95261768399996,-4.83458589199995],[-42.95826475299998,-4.733732267999926],[-42.90555382699995,-4.64798598699997],[-42.89184037799998,-4.516419586999973],[-42.98705940399998,-4.403367075999938],[-43.03326184699995,-4.37177152199996],[-43.02652402499996,-4.289438694999944],[-43.01008072099995,-4.254024399999935],[-42.92876026999994,-4.222089877999963],[-42.855370446999984,-4.087183641999957],[-42.79627827199994,-4.050864187999935],[-42.74658772799995,-3.994694871999968],[-42.73625808099996,-3.894635458999971],[-42.67290521899997,-3.752202331999968],[-42.574861889999966,-3.633287740999947],[-42.53788402699996,-3.550727602999928],[-42.26181262299997,-3.529585014999952],[-42.24121766199994,-3.500712076999946],[-42.179250027999956,-3.473679537999942],[-42.139380425999946,-3.407468342999948],[-42.12819844099994,-3.346155515999953],[-42.00526269399995,-3.332832567999958],[-41.98894507199998,-3.276696938999976],[-41.945879100999946,-3.23795505399994],[-41.92691862899994,-3.175933192999935],[-41.82493940099994,-3.080089216999966],[-41.82611672599995,-3.050905980999971],[-41.873151624999934,-3.007446883999933],[-41.87998876199998,-2.928305343999966],[-41.87646541099997,-2.901799451999977],[-41.82977925999995,-2.868531799999971],[-41.827291780999985,-2.838147057999947],[-41.86117132499993,-2.814306527999975],[-42.056684754999935,-2.811985671999935],[-42.08420775199994,-2.761426506999953],[-42.10576661399995,-2.75511596299998],[-42.12739442599997,-2.761604070999965],[-42.15250580399993,-2.810935443999938],[-42.26195658299997,-2.755225721999977],[-42.28356394799994,-2.761674267999979],[-42.31075129399994,-2.812014057999932],[-42.49108241499994,-2.811055711999927],[-42.516127396999934,-2.739680522999947],[-42.64150796399997,-2.732471716999953],[-42.72720580599997,-2.651824568999928],[-42.89956567699994,-2.626516773999924],[-43.14564895299998,-2.54957184899996],[-43.19439218799994,-2.501727806999952],[-43.20226284199998,-2.458801396999945],[-43.34255390299995,-2.389848263999966],[-43.401101911999945,-2.378895040999964],[-43.55660666199998,-2.397486783999966],[-43.66026790899997,-2.307117325999968],[-43.831736656999965,-2.377125171999978],[-43.850933536999946,-2.423421442999938],[-43.840569770999934,-2.478388172999928],[-43.96065834199993,-2.525237582999978],[-43.99330517799996,-2.553382056999965],[-44.06151022199998,-2.510172822999948],[-44.19412102599995,-2.53424542099998],[-44.24333792899995,-2.522690168999929],[-44.258959963999985,-2.573968374999936],[-44.35418678999997,-2.574180970999976],[-44.393941506999965,-2.525885594999977],[-44.40106073099997,-2.397931170999925],[-44.45107923799998,-2.319132230999969],[-44.43960009299997,-2.26482386999993],[-44.47590503699996,-2.202426918999947],[-44.46417990499998,-2.138895195999964],[-44.51019462599993,-2.121190120999927],[-44.55690862199998,-1.968579164999937],[-44.600884545999975,-1.943320595999978],[-44.62719184699995,-1.947069922999958],[-44.666697821999946,-1.880348510999966],[-44.76492457299997,-1.848619414999973],[-44.74547275899994,-1.771957032999978],[-44.72050080099996,-1.772676487999945],[-44.71246326499994,-1.739677873999938],[-44.714197361999936,-1.715846842999952],[-44.74440706099995,-1.690930440999978],[-44.75688244099996,-1.631097150999949],[-44.820701817999975,-1.616824178999934],[-44.89084136499997,-1.526883668999972],[-44.91416762899996,-1.530434025999966],[-44.93220565499996,-1.558080050999934],[-44.97374489799995,-1.565892880999968],[-45.10087493599997,-1.563937606999957],[-45.16857180699998,-1.512760263999951],[-45.19975170099997,-1.564285947999963],[-45.281573966999986,-1.563379232999978],[-45.355029069999944,-1.529022131999966],[-45.40533244399995,-1.55870078199996],[-45.421004152999956,-1.515025289999926],[-45.46817644499998,-1.493435729999931],[-45.458962472999985,-1.416522583999949],[-45.502763045999984,-1.386126377999972],[-45.51829962099998,-1.338564646999941],[-45.55606452599994,-1.367401297999947],[-45.60554496299994,-1.326905357999976],[-45.62920764599994,-1.246928147999938],[-45.715841179999984,-1.222227741999973],[-45.73292155699994,-1.285922104999941],[-45.76445027799997,-1.291627206999976],[-45.810333095999965,-1.221193465999932],[-45.88770250399995,-1.21027509299995],[-45.90868868399997,-1.181715671999939],[-45.94483112299997,-1.177531869999939],[-45.98488942199998,-1.227939471999946],[-46.08814665799997,-1.260613907999925],[-46.10679031199993,-1.287072424999963],[-46.17058115899994,-1.317543271999966],[-46.189940724999985,-1.392952041999933],[-46.174302359999956,-1.45306353999996],[-46.18935630799996,-1.581687054999975],[-46.171297426999956,-1.643874342999936],[-46.18062952099996,-1.70122697499994],[-46.20807981299998,-1.732064788999935],[-46.220172279999986,-1.792732803999968],[-46.305660425999974,-1.804851976999942],[-46.34594833699998,-1.82570721999997],[-46.359278760999985,-1.85440247799994],[-46.35116744199996,-1.88446834399997],[-46.253096116999984,-1.913125577999949],[-46.28584889899997,-1.994234469999981],[-46.29755650399994,-2.097977340999932],[-46.34130224299997,-2.152889194999943],[-46.39603021999994,-2.324504517999969],[-46.49953243999994,-2.429812389999938],[-46.48176441299995,-2.511285405999956],[-46.44443982599995,-2.546486331999972],[-46.450898596999934,-2.605298468999933],[-46.52237169199998,-2.686365415999944],[-46.61307015899996,-2.708453534999933],[-46.67076172599997,-2.760112050999965],[-46.65725386699995,-2.812154507999935],[-46.610111640999946,-2.864512772999944],[-46.65898622599997,-2.920517564999955],[-46.67181407399994,-3.044645627999955],[-46.709719862999975,-3.083771819999924],[-46.73149400999995,-3.166658104999954],[-46.76837018699996,-3.200649294999948],[-46.78995018399996,-3.283588736999945],[-46.82774200499995,-3.317463091999969],[-46.85858760899998,-3.396620928999937],[-46.94250315599993,-3.430222084999969],[-47.00018364299996,-3.488261135999949],[-47.02417999599993,-3.556219846999966],[-47.06033847899994,-3.59030755699996],[-47.07635774199997,-3.85535828999997],[-47.18167857599997,-3.911357108999937],[-47.20832010699996,-3.989849865999929],[-47.279198434999955,-4.028576832999931],[-47.293868240999984,-4.072127051999928],[-47.40135997099998,-4.154031713999927],[-47.39518770799998,-4.180351224999924],[-47.34768629599995,-4.21238238899997],[-47.35023191399995,-4.234885108999947],[-47.507370424999976,-4.384211756999946],[-47.56843015399994,-4.46633821699993],[-47.59677817299996,-4.547176146999959],[-47.67982825299998,-4.654749394999953],[-47.87853553799994,-4.673114809999959],[-48.02713206499993,-4.802140780999935],[-48.18368720899997,-4.976486963999946],[-48.289501738999945,-5.009977977999938],[-48.449144710999974,-5.095370036999952]]]}},{"type":"Feature","properties":{"adm0_a3":"BRA","shape_name":"Ceara","ihme_name":"Cear\u00e1"},"geometry":{"type":"Polygon","coordinates":[[[-37.61778835299998,-5.029291101999945],[-37.45632400399995,-4.957195415999934],[-37.31799311899994,-4.946474139999964],[-37.24575263599996,-4.913475353999956],[-37.23942573599993,-4.871204144999979],[-37.27040134199996,-4.846667069999967],[-37.28347963199997,-4.806777908999948],[-37.32709726199994,-4.791679085999931],[-37.358174375999965,-4.728341967999938],[-37.39908308799994,-4.737383774999955],[-37.49681318699993,-4.702845055999944],[-37.562318834999985,-4.715623626999957],[-37.58141472699998,-4.66783814799993],[-37.678365575999976,-4.616893876999939],[-37.69309677199993,-4.573357361999967],[-37.752179308999985,-4.528769198999953],[-37.79036719299995,-4.436537776999955],[-37.90229023499995,-4.398196826999936],[-37.97796158999995,-4.32084320599995],[-38.03343910999996,-4.291928387999974],[-38.08253194599996,-4.202106107999953],[-38.186121114999935,-4.111647071999926],[-38.20057850699993,-4.067304250999939],[-38.24564088999995,-4.053436437999949],[-38.36083723699994,-3.959562011999935],[-38.37643946299994,-3.911885345999963],[-38.42017084399998,-3.897112948999961],[-38.43653239699995,-3.791765219999945],[-38.65481120299995,-3.780099207999967],[-38.727563058999976,-3.735856231999946],[-38.788025568999956,-3.74440795199996],[-38.77996561499998,-3.669656936999957],[-38.79741230399998,-3.642097641999953],[-38.846705319999955,-3.645677905999946],[-38.86743623199993,-3.617555692999929],[-38.907971535999934,-3.60514862499997],[-38.99645941299997,-3.500563340999975],[-39.08751802599994,-3.481885824999949],[-39.16342116299995,-3.431424719999939],[-39.253143991999934,-3.308624355999939],[-39.28856188599997,-3.304670473999977],[-39.353501310999945,-3.262085786999933],[-39.41592964299997,-3.270719628999927],[-39.44215121199994,-3.224095448999947],[-39.54456106599997,-3.237171906999947],[-39.62454324799995,-3.131786683999962],[-39.744158992999985,-3.120661489999975],[-39.77656652899998,-3.055031723999946],[-39.84777450299998,-3.040704331999962],[-39.89300635999996,-2.980303326999945],[-39.93458050399994,-2.982267863999937],[-39.99407731399998,-2.950440650999951],[-40.24707059399998,-2.947584517999928],[-40.36484935599998,-2.907804064999937],[-40.389379306999956,-2.877850113999955],[-40.44695692299996,-2.923607036999954],[-40.463937116999944,-2.87887845299997],[-40.515813348999984,-2.872793085999945],[-40.55386823199996,-2.936398598999972],[-40.575192598999934,-2.944517493999967],[-40.62986898899993,-2.930826042999968],[-40.868171848999964,-2.931663450999963],[-40.91197104699995,-2.978471354999954],[-40.98394837899997,-3.007011665999926],[-41.33158108999993,-2.998356564999938],[-41.34819782081761,-3.038521647657909],[-41.32271857099994,-3.054531059999931],[-41.30755447799993,-3.098179617999961],[-41.26668834099996,-3.110732525999936],[-41.25702237499996,-3.134750888999974],[-41.30307189499996,-3.215268225999978],[-41.366831754999964,-3.229459359999964],[-41.43075564999998,-3.364604721999967],[-41.409944920999976,-3.480192990999967],[-41.37461607599994,-3.520908028999941],[-41.37310678199998,-3.768013610999958],[-41.35434297399996,-3.786410473999979],[-41.26064388599997,-3.797169512999972],[-41.26129112299998,-3.854970371999968],[-41.30567906299996,-3.870527789999926],[-41.313724874999934,-3.891012873999955],[-41.305130591999955,-3.925908429999936],[-41.26465833599997,-3.970676850999951],[-41.24795559699993,-4.115725919999932],[-41.14613956399995,-4.14842398199994],[-41.133098074999964,-4.173418335999941],[-41.148170137999955,-4.408307849999971],[-41.195969082999966,-4.478146915999957],[-41.17811992299994,-4.601813210999978],[-41.237450938999984,-4.646728960999951],[-41.17673763999994,-4.734111809999945],[-41.19075956699993,-4.767256903999964],[-41.24208903699997,-4.808163993999926],[-41.22970865399998,-4.985687704999975],[-41.16671106899997,-5.059347911999964],[-41.07782291299998,-5.119142146999934],[-40.961746483999946,-5.235977415999969],[-40.94152961799995,-5.314488043999972],[-40.88947438099996,-5.37238317799995],[-40.89290339499996,-5.394463816999973],[-40.933886763999965,-5.406326647999947],[-40.944189997999956,-5.426929869999981],[-40.93479732499998,-5.596916891999967],[-40.89722774699993,-5.632512377999944],[-40.888281819999975,-5.682565145999945],[-40.94419454299998,-5.785673418999977],[-40.88742512899995,-5.829513777999978],[-40.88480354999996,-6.100285269999972],[-40.829438308999954,-6.136789803999932],[-40.81999549999995,-6.319745072999979],[-40.77688917399996,-6.38042093599995],[-40.755881743999964,-6.574781857999938],[-40.70319278699998,-6.626857364999978],[-40.67755425399997,-6.727028939999968],[-40.498249906999945,-6.749584267999978],[-40.379310336999936,-6.877851651999947],[-40.408247219999964,-6.936281959999974],[-40.42715660599998,-7.125446777999969],[-40.46841745399996,-7.174882987999979],[-40.505034439999974,-7.434248613999955],[-40.266809973999955,-7.443677703999981],[-40.23257350899996,-7.490257312999972],[-40.198174509999944,-7.498154300999943],[-40.137635494999984,-7.489226363999933],[-40.073773123999956,-7.445040332999952],[-39.98112956199998,-7.430669689999945],[-39.90749288099994,-7.377933148999944],[-39.58393600399995,-7.385266810999951],[-39.45776766599994,-7.48981923499997],[-39.39330744799997,-7.499819340999977],[-39.31740640499993,-7.565735347999976],[-39.27346138199994,-7.580202536999934],[-39.25981171099994,-7.682715521999967],[-39.15638090799996,-7.69609094599997],[-39.14048409099996,-7.743987599999969],[-39.08220510299998,-7.810063533999937],[-39.01609901699993,-7.874439480999968],[-38.98824883399993,-7.883341888999951],[-38.95015344999996,-7.882165795999981],[-38.91661998099994,-7.819864432999964],[-38.82571650199998,-7.743980616999977],[-38.81066036899995,-7.696171295999932],[-38.70727464199996,-7.682784642999934],[-38.688284856999985,-7.583818081999937],[-38.59300861299994,-7.512159592999978],[-38.59444363999995,-7.433847151999942],[-38.53843240899994,-7.405182787999934],[-38.52179626299994,-7.352071283999976],[-38.523989908999965,-7.321248024999932],[-38.57256688299998,-7.285495573999981],[-38.59717415699998,-7.218301157999974],[-38.63111034699995,-7.188598765999927],[-38.65073037999997,-7.111212467999962],[-38.69164332399998,-7.067349226999966],[-38.70578096899993,-6.965244127999938],[-38.696632628999964,-6.928498996999963],[-38.60627527299994,-6.837810861999969],[-38.63685505799998,-6.779681176999929],[-38.643924212999934,-6.666354566999928],[-38.60114078799995,-6.619999102999941],[-38.57822268799998,-6.537549773999956],[-38.528214306999985,-6.514552951999974],[-38.53164541099994,-6.496145601999956],[-38.57924865883234,-6.477943708029299],[-38.58141058799998,-6.426351504999957],[-38.52893145899998,-6.400615677999951],[-38.51300405899997,-6.312214916999949],[-38.47201895799998,-6.272974360999967],[-38.442502213999944,-6.207426372999976],[-38.41539764699996,-6.190028895999944],[-38.40093392999995,-6.146395541999937],[-38.258558679999965,-6.132808392999948],[-38.24430704499997,-6.069480849999934],[-38.20003915299998,-6.054550588999973],[-38.18054078399996,-6.015693597999928],[-38.08818225999994,-5.953647132999947],[-38.06085241599993,-5.825685388999943],[-38.07242733199996,-5.74125294199996],[-37.96921972299998,-5.688499032999971],[-37.95133359199997,-5.642454918999931],[-37.911423766999974,-5.629825472999926],[-37.892694097999936,-5.584396434999974],[-37.846299090999935,-5.566136815999926],[-37.838912440999934,-5.434124685999961],[-37.73611954799998,-5.345805827999925],[-37.71170169199996,-5.211289138999973],[-37.679851104999955,-5.150307892999933],[-37.636173198999984,-5.107563962999961],[-37.61778835299998,-5.029291101999945]]]}},{"type":"Feature","properties":{"adm0_a3":"BRA","shape_name":"Rio Granda do Norte","ihme_name":"Rio Grande do Norte"},"geometry":{"type":"Polygon","coordinates":[[[-38.25623246099997,-6.129580713999928],[-38.40093392999995,-6.146395541999937],[-38.41539764699996,-6.190028895999944],[-38.442502213999944,-6.207426372999976],[-38.47201895799998,-6.272974360999967],[-38.51300405899997,-6.312214916999949],[-38.521538319999934,-6.396475220999946],[-38.47367149099995,-6.418024994999939],[-38.455574180999974,-6.46467079699994],[-38.36011610699995,-6.473948005999944],[-38.33442150299993,-6.524893281999937],[-38.143942987999935,-6.530771714999958],[-38.09751669399998,-6.602938381999934],[-38.053637262999985,-6.535261194999975],[-38.00642009899997,-6.538634414999933],[-37.96818616099995,-6.473558376999961],[-37.84896169999996,-6.462337297999966],[-37.83406727099998,-6.418965315999969],[-37.78820666699994,-6.400397324999972],[-37.78002201299995,-6.348860440999943],[-37.74952760499997,-6.322476927999958],[-37.73419164799998,-6.260042609999971],[-37.54288436699994,-6.252700299999958],[-37.51567632399997,-6.219983696999975],[-37.37590685699996,-6.185800376999964],[-37.32352883599998,-6.132889569999975],[-37.23900458099996,-6.111385107999979],[-37.20253591799997,-6.064886589999958],[-37.18300687399994,-6.06428497099995],[-37.12517116999993,-6.193699109999955],[-37.126906599999984,-6.233330836999926],[-37.18319792799997,-6.27017043099994],[-37.21241354399996,-6.338452073999974],[-37.30019679499998,-6.367282384999953],[-37.32944045199997,-6.576278887999933],[-37.43580847599998,-6.628140412999926],[-37.418051625999965,-6.720806361999962],[-37.21210802999997,-6.753054386999963],[-37.155627521999975,-6.859406880999927],[-37.11805275099994,-6.84793115399998],[-37.07790457799996,-6.80843587399994],[-36.981222944999956,-6.786728546999939],[-36.94298426599994,-6.740920666999955],[-36.918926856999974,-6.752633382999932],[-36.89177338299993,-6.819440872999962],[-36.817286588999934,-6.792371250999963],[-36.74848472999997,-6.789482559999954],[-36.68471256399994,-6.868169057999978],[-36.66973119299996,-6.978973038999925],[-36.65413135499995,-6.990689892999967],[-36.532935118999944,-6.93710888399994],[-36.50412480299997,-6.874023939999972],[-36.46062535699997,-6.842397247999941],[-36.51829032599994,-6.784545805999926],[-36.48814652999994,-6.703157036999926],[-36.40072662199998,-6.626670520999937],[-36.461150144999976,-6.576220338999974],[-36.44904630299993,-6.438516057999948],[-36.33462254099993,-6.330982546999962],[-36.23619026499995,-6.347116834999952],[-36.196779739999954,-6.458699963999948],[-35.99130203899995,-6.47774014099997],[-35.910349835999966,-6.520225823999965],[-35.35442961199993,-6.531038198999966],[-35.31563610499995,-6.539941511999928],[-35.26361550399997,-6.579290938999975],[-34.98864378299993,-6.59082473899997],[-34.88841351099995,-6.543738191999978],[-34.87606878499997,-6.523936856999967],[-34.87697945899998,-6.450226401999942],[-34.90957014799994,-6.396338813999932],[-34.919526291999944,-6.324607045999926],[-34.96614475299998,-6.306918111999948],[-35.01038855099995,-6.241737273999945],[-34.99954008999998,-6.027002528999958],[-35.06355985299996,-5.996821441999941],[-35.08201792699998,-5.931581090999941],[-35.127248348999956,-5.872631245999969],[-35.13339913699997,-5.624098985999979],[-35.18009884299994,-5.573903861999952],[-35.17595002899998,-5.542258241999946],[-35.21222926399997,-5.489420064999933],[-35.25355017299995,-5.461423022999952],[-35.31171571599998,-5.349788012999966],[-35.36793336699998,-5.29179776999996],[-35.41478926599996,-5.27759328999997],[-35.42974070099996,-5.234377083999959],[-35.49268802199998,-5.219389039999953],[-35.510054396999976,-5.173535765999929],[-35.66176279699994,-5.166373453999938],[-35.70478518599998,-5.116722261999939],[-35.74789932699997,-5.102901042999974],[-36.05213658099996,-5.118085899999926],[-36.07573372699994,-5.127174312999955],[-36.09642940899994,-5.164188618999958],[-36.134512805999975,-5.169254128999967],[-36.304941938999946,-5.166080119999947],[-36.32698839799997,-5.117451210999945],[-36.345208326999966,-5.110810396999966],[-36.759036126999945,-5.109494963999964],[-36.794942359999936,-5.090379179999957],[-36.84469281199995,-5.007280782999942],[-37.09838969799995,-4.984936496999978],[-37.16697702799996,-4.899392985999953],[-37.218000866999944,-4.882637042999932],[-37.24575263599996,-4.913475353999956],[-37.32930308099998,-4.950482772999976],[-37.45632400399995,-4.957195415999934],[-37.612434263999944,-5.020579533999978],[-37.636173198999984,-5.107563962999961],[-37.679851104999955,-5.150307892999933],[-37.71170169199996,-5.211289138999973],[-37.73611954799998,-5.345805827999925],[-37.838912440999934,-5.434124685999961],[-37.846299090999935,-5.566136815999926],[-37.892694097999936,-5.584396434999974],[-37.911423766999974,-5.629825472999926],[-37.95133359199997,-5.642454918999931],[-37.96921972299998,-5.688499032999971],[-38.07242733199996,-5.74125294199996],[-38.06085241599993,-5.825685388999943],[-38.08300049299993,-5.944538997999928],[-38.18054078399996,-6.015693597999928],[-38.20003915299998,-6.054550588999973],[-38.24430704499997,-6.069480849999934],[-38.25623246099997,-6.129580713999928]]]}},{"type":"Feature","properties":{"adm0_a3":"BRA","shape_name":"Paraiba","ihme_name":"Para\u00edba"},"geometry":{"type":"Polygon","coordinates":[[[-38.696421345447064,-7.608997173763945],[-38.69008629999996,-7.626546395999981],[-38.64959066799997,-7.637506316999975],[-38.63429798799996,-7.681329262999952],[-38.590925908999964,-7.696646916999953],[-38.57624079499993,-7.759536830999934],[-38.48821550399998,-7.803108020999957],[-38.345786860999965,-7.756974875999958],[-38.32035260999993,-7.697174698999959],[-38.294737975999965,-7.691468380999936],[-38.238402906999966,-7.825859831999935],[-38.20565011899998,-7.876738520999936],[-38.187568459999966,-7.879813858999967],[-38.15388932999997,-7.826235724999947],[-38.040561106999974,-7.809324064999942],[-37.89581668799997,-7.813944195999966],[-37.74709795399997,-7.64129530699995],[-37.57212576099994,-7.544743565999966],[-37.49245685699998,-7.526443165999979],[-37.433055725999964,-7.490282012999955],[-37.25590696599994,-7.301870857999972],[-37.167721986999936,-7.308434510999973],[-37.12560123399993,-7.365388583999959],[-37.03515835899998,-7.393583219999925],[-36.968240950999984,-7.450816231999966],[-36.96056687299995,-7.478192319999948],[-36.97523396699995,-7.523624683999969],[-37.02409939499995,-7.57358751299995],[-37.14079343299994,-7.609573970999975],[-37.129497414999946,-7.67172470099996],[-37.077554764999945,-7.71375033399994],[-37.08574292999998,-7.792227509999975],[-37.09870630199998,-7.813807323999981],[-37.16427043899995,-7.83867489599993],[-37.190118404999964,-7.90418247599996],[-37.23718811699996,-7.948186398999951],[-37.21655299799994,-7.971002642999963],[-37.14869341499997,-7.996060307999926],[-37.094954160999976,-8.049782603999972],[-37.06539346699998,-8.204715376999957],[-36.94356196599995,-8.32855841299994],[-36.916821984999956,-8.330665198999952],[-36.86443235599995,-8.316894759999968],[-36.74446317299993,-8.224897423999948],[-36.62833516099994,-8.201004344999944],[-36.574727639999935,-8.167090610999935],[-36.54517101599998,-8.000606084999959],[-36.502531845999954,-7.934740800999975],[-36.42542061299997,-7.914164139999968],[-36.38479386199998,-7.877310677999958],[-36.31005419799993,-7.858758992999981],[-36.23291384699996,-7.806040688999929],[-36.17336390999998,-7.862467668999955],[-36.10947798899997,-7.813909531999968],[-35.82786882999994,-7.796758774999944],[-35.60188378299995,-7.756193555999971],[-35.55454889899994,-7.699124616999939],[-35.42519713299998,-7.673879923999948],[-35.461636399999975,-7.607987375999926],[-35.41772378899998,-7.559677004999969],[-35.38812964999994,-7.491549091999957],[-35.25017614199993,-7.466337654999961],[-35.19958344999998,-7.413592831999949],[-34.98396749899996,-7.430898770999931],[-34.893839010999955,-7.485619302999964],[-34.85699402499995,-7.560496103999981],[-34.71010641799995,-7.569045330999927],[-34.69936599499994,-7.530901040999936],[-34.70114859699993,-7.055405096999948],[-34.73663532799998,-7.014477570999929],[-34.73506308499998,-6.87049611599997],[-34.782291079999936,-6.818547050999939],[-34.808790673999965,-6.739537447999965],[-34.873552734999976,-6.706459729999949],[-34.87558891499998,-6.577269648999959],[-34.88852063999997,-6.548951504999934],[-34.92189167199996,-6.549021143999937],[-34.96114983599995,-6.585301775999937],[-35.007128224999974,-6.590636991999929],[-35.26940823099994,-6.578326115999971],[-35.31563610499995,-6.539941511999928],[-35.35442961199993,-6.531038198999966],[-35.910349835999966,-6.520225823999965],[-35.99130203899995,-6.47774014099997],[-36.196779739999954,-6.458699963999948],[-36.23619026499995,-6.347116834999952],[-36.30736177299997,-6.328988299999935],[-36.339358973999936,-6.333428975999936],[-36.445317159999945,-6.428222561999974],[-36.461150144999976,-6.576220338999974],[-36.40072662199998,-6.626670520999937],[-36.46586254399995,-6.675285335999945],[-36.508507186999964,-6.739020636999953],[-36.517337313999974,-6.794539504999932],[-36.46062535699997,-6.842397247999941],[-36.50412480299997,-6.874023939999972],[-36.54181102399997,-6.942924509999955],[-36.661891028999946,-6.988706154999932],[-36.68471256399994,-6.868169057999978],[-36.73662177699998,-6.797933060999981],[-36.817286588999934,-6.792371250999963],[-36.89177338299993,-6.819440872999962],[-36.918926856999974,-6.752633382999932],[-36.939028650999944,-6.74041847899997],[-36.981222944999956,-6.786728546999939],[-37.07790457799996,-6.80843587399994],[-37.11805275099994,-6.84793115399998],[-37.155627521999975,-6.859406880999927],[-37.21210802999997,-6.753054386999963],[-37.41483845899995,-6.724455765999949],[-37.43704776299995,-6.637829108999938],[-37.427318888999935,-6.617659454999966],[-37.32944045199997,-6.576278887999933],[-37.30019679499998,-6.367282384999953],[-37.21241354399996,-6.338452073999974],[-37.18319792799997,-6.27017043099994],[-37.126906599999984,-6.233330836999926],[-37.12245492799997,-6.20375547499998],[-37.16663011399993,-6.081746839999937],[-37.19527098699996,-6.061625281999966],[-37.23900458099996,-6.111385107999979],[-37.32352883599998,-6.132889569999975],[-37.37590685699996,-6.185800376999964],[-37.51567632399997,-6.219983696999975],[-37.54288436699994,-6.252700299999958],[-37.73419164799998,-6.260042609999971],[-37.74952760499997,-6.322476927999958],[-37.78002201299995,-6.348860440999943],[-37.78820666699994,-6.400397324999972],[-37.83406727099998,-6.418965315999969],[-37.84896169999996,-6.462337297999966],[-37.96818616099995,-6.473558376999961],[-38.00642009899997,-6.538634414999933],[-38.04324951099994,-6.530753890999961],[-38.06820124099994,-6.549945192999928],[-38.08641567199993,-6.600896427999942],[-38.10767811399995,-6.598721467999951],[-38.143942987999935,-6.530771714999958],[-38.33442150299993,-6.524893281999937],[-38.36011610699995,-6.473948005999944],[-38.45911534099997,-6.462056701999927],[-38.47702203999995,-6.415460515999939],[-38.576883031999955,-6.418699391999951],[-38.57924865883234,-6.477943708029299],[-38.53164541099994,-6.496145601999956],[-38.528214306999985,-6.514552951999974],[-38.57822268799998,-6.537549773999956],[-38.60114078799995,-6.619999102999941],[-38.643924212999934,-6.666354566999928],[-38.63685505799998,-6.779681176999929],[-38.60627527299994,-6.837810861999969],[-38.696632628999964,-6.928498996999963],[-38.70578096899993,-6.965244127999938],[-38.69164332399998,-7.067349226999966],[-38.65073037999997,-7.111212467999962],[-38.63111034699995,-7.188598765999927],[-38.59717415699998,-7.218301157999974],[-38.57256688299998,-7.285495573999981],[-38.523989908999965,-7.321248024999932],[-38.52179626299994,-7.352071283999976],[-38.53843240899994,-7.405182787999934],[-38.59444363999995,-7.433847151999942],[-38.59300861299994,-7.512159592999978],[-38.65939634499995,-7.552378920999956],[-38.696421345447064,-7.608997173763945]]]}},{"type":"Feature","properties":{"adm0_a3":"BRA","shape_name":"Piaui","ihme_name":"Piaui"},"geometry":{"type":"Polygon","coordinates":[[[-45.89172636599994,-10.055438884999944],[-45.90833206999997,-10.23307577199995],[-45.80576291699998,-10.291864690999944],[-45.68940059199997,-10.224973302999956],[-45.65217690099996,-10.144424220999952],[-45.58143052699995,-10.139129537999963],[-45.562966151999944,-10.23323905899997],[-45.519513090999965,-10.267198362999977],[-45.499360802999945,-10.337892143999966],[-45.45851979399998,-10.367359177999958],[-45.425582470999984,-10.46484623899994],[-45.44930094999995,-10.537887713999964],[-45.45482813899997,-10.629282798999952],[-45.402571386999966,-10.670235752999929],[-45.38273442299993,-10.740559477999966],[-45.291325779999966,-10.759863241999938],[-45.207619997999984,-10.855425854999964],[-45.05726380999994,-10.875168048999967],[-45.01769317199995,-10.919079691999968],[-44.87370195999995,-10.919083721999925],[-44.79776448999996,-10.819815499999947],[-44.70515852999995,-10.801033152999935],[-44.61267306199994,-10.729337398999974],[-44.57432008099994,-10.661900183999933],[-44.41648135599996,-10.649751569999978],[-44.32656485799998,-10.59836519099997],[-44.276737106999974,-10.650454863999926],[-44.13783894299996,-10.65364077299995],[-44.11420663299998,-10.609198695999964],[-44.07490765399996,-10.583366688999945],[-44.055371993999984,-10.532164781999938],[-44.01736601699997,-10.506480607999947],[-44.001834944999985,-10.432008245999953],[-43.89558879699996,-10.415324575999932],[-43.88569989299998,-10.358938445999968],[-43.85719855499997,-10.33880327199995],[-43.841277082999966,-10.27708963699996],[-43.80130499799998,-10.23246086599994],[-43.78103961499994,-10.091873882999948],[-43.702556053999956,-10.074558766999928],[-43.68306042699993,-10.054169939999952],[-43.67803707999997,-9.867143829999975],[-43.72729660199997,-9.841483150999977],[-43.74278245299996,-9.799087834999966],[-43.78634878399998,-9.784474081999974],[-43.80477241999995,-9.69919073899996],[-43.85034792999994,-9.626006048999955],[-43.77940909399996,-9.459352089999982],[-43.68781627299995,-9.432425706999936],[-43.60468183099994,-9.36303216899995],[-43.523961147999955,-9.339626617999954],[-43.471120233999955,-9.291024540999956],[-43.41583285799993,-9.32301959199998],[-43.37074962799994,-9.392681240999934],[-43.283721139999955,-9.417704386999958],[-43.23876196599997,-9.447951865999926],[-43.177094704999945,-9.439428030999977],[-43.10637116299995,-9.40368398299995],[-42.95824974599998,-9.453666746999943],[-42.924833227999954,-9.575968280999973],[-42.832650599999965,-9.582890332999966],[-42.797282002999964,-9.612427503999982],[-42.75628791599996,-9.620428140999934],[-42.69955652799996,-9.54854286699998],[-42.61116589499994,-9.532064624999975],[-42.568989871999975,-9.505448343999944],[-42.452552631999936,-9.497211500999981],[-42.39172656699998,-9.415708688999928],[-42.33000705099994,-9.392839600999935],[-42.211660913999935,-9.299434401999974],[-41.84301452899996,-9.280010063999953],[-41.795642251999936,-9.230841962999932],[-41.70949224399993,-9.069135685999981],[-41.49961177399996,-9.025335448999954],[-41.483959046999985,-8.893403666999973],[-41.44023773799995,-8.878786340999966],[-41.42487570099996,-8.836130984999954],[-41.38169389999996,-8.82099384999998],[-41.306999091999955,-8.688277802999949],[-41.17964346499997,-8.61066537299996],[-41.14221548799998,-8.569131150999965],[-41.05270048299997,-8.541236066999943],[-41.02657073399996,-8.42284919399998],[-40.88798710699996,-8.431447241999933],[-40.85108269699998,-8.37380031999993],[-40.76102141599995,-8.315529862999938],[-40.66633557899996,-8.224434566999946],[-40.64614717799998,-8.178201759999979],[-40.59653525099998,-8.140195397999946],[-40.582759443999976,-8.084433025999942],[-40.53064449699997,-8.002998566999963],[-40.53878415799994,-7.861571500999958],[-40.54742670199994,-7.836801324999954],[-40.64410779999997,-7.804137311999966],[-40.65779852099996,-7.623762389999968],[-40.69306191099997,-7.549179680999941],[-40.66739610999997,-7.494357521999973],[-40.52084508099995,-7.432013578999943],[-40.488730002999944,-7.369488969999964],[-40.46841745399996,-7.174882987999979],[-40.42715660599998,-7.125446777999969],[-40.408247219999964,-6.936281959999974],[-40.379310336999936,-6.877851651999947],[-40.498249906999945,-6.749584267999978],[-40.67755425399997,-6.727028939999968],[-40.70319278699998,-6.626857364999978],[-40.755881743999964,-6.574781857999938],[-40.77688917399996,-6.38042093599995],[-40.81999549999995,-6.319745072999979],[-40.829438308999954,-6.136789803999932],[-40.88480354999996,-6.100285269999972],[-40.88742512899995,-5.829513777999978],[-40.94419454299998,-5.785673418999977],[-40.888281819999975,-5.682565145999945],[-40.89722774699993,-5.632512377999944],[-40.93479732499998,-5.596916891999967],[-40.944189997999956,-5.426929869999981],[-40.933886763999965,-5.406326647999947],[-40.89290339499996,-5.394463816999973],[-40.88947438099996,-5.37238317799995],[-40.94152961799995,-5.314488043999972],[-40.961746483999946,-5.235977415999969],[-41.07782291299998,-5.119142146999934],[-41.16671106899997,-5.059347911999964],[-41.22970865399998,-4.985687704999975],[-41.24208903699997,-4.808163993999926],[-41.19075956699993,-4.767256903999964],[-41.17673763999994,-4.734111809999945],[-41.237450938999984,-4.646728960999951],[-41.17811992299994,-4.601813210999978],[-41.195969082999966,-4.478146915999957],[-41.148170137999955,-4.408307849999971],[-41.133098074999964,-4.173418335999941],[-41.14613956399995,-4.14842398199994],[-41.24795559699993,-4.115725919999932],[-41.26465833599997,-3.970676850999951],[-41.305130591999955,-3.925908429999936],[-41.313724874999934,-3.891012873999955],[-41.30567906299996,-3.870527789999926],[-41.26129112299998,-3.854970371999968],[-41.26064388599997,-3.797169512999972],[-41.35434297399996,-3.786410473999979],[-41.37310678199998,-3.768013610999958],[-41.37461607599994,-3.520908028999941],[-41.409944920999976,-3.480192990999967],[-41.43075564999998,-3.364604721999967],[-41.366831754999964,-3.229459359999964],[-41.30307189499996,-3.215268225999978],[-41.25702237499996,-3.134750888999974],[-41.26668834099996,-3.110732525999936],[-41.30755447799993,-3.098179617999961],[-41.32271857099994,-3.054531059999931],[-41.375592015999985,-2.997080919999974],[-41.598524305999945,-3.004875308999942],[-41.67251066599994,-2.936401222999962],[-41.724691020999956,-2.92049992099993],[-41.77479039599996,-2.860229895999964],[-41.871103285999936,-2.895538209999927],[-41.873151624999934,-3.007446883999933],[-41.82611672599995,-3.050905980999971],[-41.82331242099997,-3.074867866999966],[-41.92691862899994,-3.175933192999935],[-41.945879100999946,-3.23795505399994],[-41.98894507199998,-3.276696938999976],[-42.00526269399995,-3.332832567999958],[-42.12819844099994,-3.346155515999953],[-42.139380425999946,-3.407468342999948],[-42.179250027999956,-3.473679537999942],[-42.24121766199994,-3.500712076999946],[-42.26181262299997,-3.529585014999952],[-42.53788402699996,-3.550727602999928],[-42.574861889999966,-3.633287740999947],[-42.67290521899997,-3.752202331999968],[-42.73625808099996,-3.894635458999971],[-42.74658772799995,-3.994694871999968],[-42.79627827199994,-4.050864187999935],[-42.855370446999984,-4.087183641999957],[-42.92876026999994,-4.222089877999963],[-43.01983922399995,-4.266601739999942],[-43.03326184699995,-4.37177152199996],[-42.98705940399998,-4.403367075999938],[-42.89184037799998,-4.516419586999973],[-42.90555382699995,-4.64798598699997],[-42.95826475299998,-4.733732267999926],[-42.95261768399996,-4.83458589199995],[-42.940333942999985,-4.883758962999934],[-42.90748623299993,-4.913781158999939],[-42.88623416099995,-5.056297785999959],[-42.83546728799996,-5.136659514999963],[-42.83088659499998,-5.171780117999958],[-42.85428032699997,-5.410931536999954],[-42.99629424799997,-5.507793811999932],[-43.02667884699997,-5.603125957999964],[-43.077074841999945,-5.647510939999961],[-43.123686214999964,-5.661300013999949],[-43.13018843499998,-5.683512591999943],[-43.10705367999998,-5.774381278999954],[-43.133598237999934,-5.829760449999981],[-43.10785380899995,-5.922244865999971],[-43.12809807299993,-5.997516030999975],[-43.08103056799996,-6.045324860999926],[-43.060481633999984,-6.16130147299998],[-42.99644528899995,-6.227838645999952],[-42.92989456299995,-6.266339867999932],[-42.87846461099997,-6.343222498999978],[-42.89556366199997,-6.40577086199994],[-42.90120018999994,-6.620137876999934],[-42.96493875699997,-6.730539417999978],[-43.03213497599995,-6.772942566999973],[-43.26137572499994,-6.78498783799995],[-43.300981967999974,-6.828510092999977],[-43.33351949599995,-6.834328555999946],[-43.560024116999955,-6.836230731999933],[-43.586154361999945,-6.786681950999935],[-43.64659920999998,-6.750878210999929],[-43.766736022999964,-6.737038514999938],[-43.81351865299996,-6.74107367299996],[-43.87154475199998,-6.772151167999937],[-44.07020308899996,-6.789214053999956],[-44.098961419999966,-6.883306095999956],[-44.17425565899998,-6.911855403999937],[-44.19615945399994,-7.019938033999949],[-44.320477654999934,-7.114758679999966],[-44.40212984899995,-7.13756553199994],[-44.433921236999936,-7.177037114999962],[-44.57796158399998,-7.25217472099996],[-44.60972767499993,-7.370834424999941],[-44.73029423199995,-7.411699250999959],[-44.85249006799995,-7.426995180999938],[-44.945490492999966,-7.507614032999925],[-45.127995805999944,-7.520821608999938],[-45.18060445399993,-7.565329972999962],[-45.31926545999994,-7.58289788999997],[-45.43699765799994,-7.695620428999973],[-45.45975497899997,-7.739920982999934],[-45.50378984099996,-7.75440016899995],[-45.515484783999966,-7.85257186299998],[-45.56821466699995,-7.883759555999973],[-45.57440262599994,-8.186664199999939],[-45.67245156299998,-8.238908611999932],[-45.734782922999955,-8.49789055399998],[-45.774914311999964,-8.541990397999939],[-45.80468745099995,-8.67567287299994],[-45.83744785199997,-8.704721221999932],[-45.85299821099994,-8.766558568999926],[-45.95298243299993,-8.777351672999941],[-45.96346358799997,-8.857294484999954],[-46.017043601999944,-8.950925240999936],[-46.01147360899995,-8.994906660999959],[-45.964339905999964,-9.012763125999982],[-45.95670217899993,-9.102686835999975],[-45.925486992999936,-9.12835165699994],[-45.90458865099998,-9.185054093999952],[-45.89742117999998,-9.37770980199997],[-45.786935436999954,-9.481007107999972],[-45.83291273899994,-9.55526068499995],[-45.84975444799994,-9.97728858599993],[-45.89172636599994,-10.055438884999944]]]}},{"type":"Feature","properties":{"adm0_a3":"BRA","shape_name":"Pernambuco","ihme_name":"Pernambuco"},"geometry":{"type":"Polygon","coordinates":[[[-39.56971046599995,-7.391154598999947],[-39.90749288099994,-7.377933148999944],[-39.98112956199998,-7.430669689999945],[-40.073773123999956,-7.445040332999952],[-40.137635494999984,-7.489226363999933],[-40.17360602799994,-7.496077768999953],[-40.22533855299997,-7.495749366999974],[-40.266809973999955,-7.443677703999981],[-40.491390667150036,-7.438071430614575],[-40.56614770099998,-7.446938350999972],[-40.66739610999997,-7.494357521999973],[-40.69357231399994,-7.560383368999965],[-40.65889407099996,-7.618122439999979],[-40.64410779999997,-7.804137311999966],[-40.54742670199994,-7.836801324999954],[-40.53809058599995,-7.867500305999954],[-40.53064449699997,-8.002998566999963],[-40.582759443999976,-8.084433025999942],[-40.59653525099998,-8.140195397999946],[-40.64614717799998,-8.178201759999979],[-40.66633557899996,-8.224434566999946],[-40.76102141599995,-8.315529862999938],[-40.85108269699998,-8.37380031999993],[-40.88798710699996,-8.431447241999933],[-41.02657073399996,-8.42284919399998],[-41.059562125999946,-8.54821024499995],[-41.14221548799998,-8.569131150999965],[-41.17542011099994,-8.607577813999967],[-41.32187648399997,-8.703709612999944],[-41.33267693399995,-8.747092043999942],[-41.316616103999934,-8.767878458999974],[-41.27831373199996,-8.761662015999946],[-41.21777358199995,-8.723400872999946],[-41.11704945699995,-8.714206047999937],[-41.08681300699993,-8.814181540999925],[-40.940057699999954,-8.830295562999936],[-40.87767796299994,-8.890356789999942],[-40.85856781099994,-8.941224997999939],[-40.811046225999974,-8.976404786999979],[-40.79641388199997,-9.100706055999979],[-40.66790602399993,-9.184511102999977],[-40.65196180799995,-9.21378799699994],[-40.649907336999945,-9.246764190999954],[-40.685381837999955,-9.317201257999955],[-40.68943916799998,-9.487251809999975],[-40.54529050599996,-9.50752194699993],[-40.49346358399998,-9.453535164999948],[-40.31845583099994,-9.39588022199996],[-40.247051806999934,-9.229160687999979],[-40.25807420599995,-9.156940997999925],[-40.22976951099997,-9.067673053999954],[-40.20343538599997,-9.060181730999943],[-40.15622188599997,-9.111592370999972],[-40.07978650599995,-9.121495422999942],[-39.98231357499998,-9.061747650999962],[-39.845932662999985,-9.013457603999939],[-39.83474470099998,-8.975066442999946],[-39.855900661999954,-8.895039073999953],[-39.884404950999965,-8.85780510799998],[-39.87733504799996,-8.842968096999925],[-39.69480700099996,-8.816774952999936],[-39.65927494099998,-8.67255251399996],[-39.507177679999984,-8.653728440999942],[-39.45754690399997,-8.622853364999969],[-39.38917294899994,-8.609645829999977],[-39.341033796999966,-8.569587637999973],[-39.17045472299998,-8.70177936999994],[-39.076514422999935,-8.72704379299995],[-38.92434646899994,-8.816529770999978],[-38.749886404999984,-8.84076979799994],[-38.65025708699994,-8.890874512999972],[-38.60131830299997,-9.003502466999976],[-38.57294045699996,-8.981083715999944],[-38.54101231699997,-8.864711862999968],[-38.46696352999993,-8.828932178999935],[-38.43051784299996,-8.891757544999962],[-38.44468071399996,-8.995388453999965],[-38.43164360099996,-9.04349966899997],[-38.36526531099997,-9.057891688999973],[-38.26389063299996,-9.022498738999957],[-38.25068303399996,-9.030716075999976],[-38.27244237999997,-9.13382484999994],[-38.22369945899993,-9.192264584999975],[-38.20341474399993,-9.29576922299998],[-38.16633966699993,-9.342711563999956],[-38.109247582999956,-9.31798764399997],[-38.084925419999934,-9.25027145699994],[-38.02445271899995,-9.189443446999974],[-37.881702738999934,-9.15259107199995],[-37.817345477999936,-9.012431542999934],[-37.76843082599993,-8.991427623999925],[-37.75935701199995,-8.895800312999938],[-37.734937635999984,-8.886132833999966],[-37.71057793999995,-8.89595929099994],[-37.69774622299997,-8.936443852999957],[-37.652006497999935,-8.955212994999954],[-37.63626543799995,-8.997610423999959],[-37.57477231299998,-9.018941697999935],[-37.484169264999935,-8.998753330999932],[-37.428567751999935,-9.010791002999952],[-37.40220140799994,-9.074496021999948],[-37.26851960999994,-9.12961457199998],[-37.20782920599993,-9.192656277999959],[-37.18269294099997,-9.245539310999959],[-37.11558277599994,-9.242979334999973],[-37.01927223399997,-9.281340098999976],[-36.91796487499994,-9.38174646899995],[-36.86901108199993,-9.380721366999978],[-36.80301015999993,-9.272132762999945],[-36.719983430999946,-9.305410364999943],[-36.62414734999993,-9.270615213999974],[-36.57147495799995,-9.331363608999936],[-36.509627043999956,-9.326035127999944],[-36.376573821999955,-9.26154568499993],[-36.32982054599995,-9.211668820999932],[-36.14732940999994,-9.201049219999959],[-36.15239349999996,-9.172455722999928],[-36.19815212799995,-9.134204637999972],[-36.031249499999944,-9.069423086999961],[-36.02080533599997,-8.931310806999932],[-35.862259559999984,-8.920634899999925],[-35.83641865699997,-8.86967462299998],[-35.691025244999935,-8.86969750999998],[-35.66517206499998,-8.92088737499995],[-35.591602286999944,-8.923940694999942],[-35.54608569599998,-8.880798145999961],[-35.46990886699996,-8.849346404999949],[-35.43947707199993,-8.809443147999957],[-35.36981460299995,-8.860011347999944],[-35.038699350999934,-8.879617611999947],[-35.02572343099996,-8.83508990699994],[-34.98104597299994,-8.77985732999997],[-34.966920535999975,-8.716711251999925],[-34.89812712099996,-8.679691434999938],[-34.89248141499996,-8.59035862199994],[-34.840429668999946,-8.491112538999971],[-34.83328359899997,-8.385953737999955],[-34.77625592099997,-8.285006627999962],[-34.773708641999974,-8.199396741999976],[-34.724029875999975,-8.085115905999942],[-34.716985361999946,-8.031563589999962],[-34.65658931699994,-7.982193447999975],[-34.67117683699996,-7.907862154999975],[-34.73452707799993,-7.828318811999964],[-34.723262132999935,-7.785764349999965],[-34.73510570099995,-7.73652638599998],[-34.68185805099995,-7.68879323699997],[-34.68756981799993,-7.594833001999973],[-34.71937684699998,-7.572884962999979],[-34.85699402499995,-7.560496103999981],[-34.893839010999955,-7.485619302999964],[-34.98396749899996,-7.430898770999931],[-35.19437718299997,-7.41230275099997],[-35.25017614199993,-7.466337654999961],[-35.38812964999994,-7.491549091999957],[-35.41772378899998,-7.559677004999969],[-35.461636399999975,-7.607987375999926],[-35.42519713299998,-7.673879923999948],[-35.55454889899994,-7.699124616999939],[-35.60188378299995,-7.756193555999971],[-35.82786882999994,-7.796758774999944],[-36.10947798899997,-7.813909531999968],[-36.17336390999998,-7.862467668999955],[-36.23291384699996,-7.806040688999929],[-36.31005419799993,-7.858758992999981],[-36.38479386199998,-7.877310677999958],[-36.42542061299997,-7.914164139999968],[-36.502531845999954,-7.934740800999975],[-36.54517101599998,-8.000606084999959],[-36.574727639999935,-8.167090610999935],[-36.62833516099994,-8.201004344999944],[-36.74446317299993,-8.224897423999948],[-36.86443235599995,-8.316894759999968],[-36.92841701799995,-8.33148652999995],[-37.06539346699998,-8.204715376999957],[-37.094954160999976,-8.049782603999972],[-37.14869341499997,-7.996060307999926],[-37.21655299799994,-7.971002642999963],[-37.23718811699996,-7.948186398999951],[-37.190118404999964,-7.90418247599996],[-37.16427043899995,-7.83867489599993],[-37.09870630199998,-7.813807323999981],[-37.08574292999998,-7.792227509999975],[-37.077554764999945,-7.71375033399994],[-37.129497414999946,-7.67172470099996],[-37.14079343299994,-7.609573970999975],[-37.02409939499995,-7.57358751299995],[-36.97523396699995,-7.523624683999969],[-36.96056687299995,-7.478192319999948],[-36.968240950999984,-7.450816231999966],[-37.03515835899998,-7.393583219999925],[-37.12560123399993,-7.365388583999959],[-37.167721986999936,-7.308434510999973],[-37.25590696599994,-7.301870857999972],[-37.433055725999964,-7.490282012999955],[-37.49245685699998,-7.526443165999979],[-37.57212576099994,-7.544743565999966],[-37.74709795399997,-7.64129530699995],[-37.89581668799997,-7.813944195999966],[-38.040561106999974,-7.809324064999942],[-38.15388932999997,-7.826235724999947],[-38.19521323199996,-7.880608033999977],[-38.24316759699997,-7.816941057999941],[-38.294737975999965,-7.691468380999936],[-38.32035260999993,-7.697174698999959],[-38.345786860999965,-7.756974875999958],[-38.48821550399998,-7.803108020999957],[-38.57624079499993,-7.759536830999934],[-38.590925908999964,-7.696646916999953],[-38.63429798799996,-7.681329262999952],[-38.64959066799997,-7.637506316999975],[-38.67121061399996,-7.63129547099993],[-38.69525045199998,-7.641066425999952],[-38.71524103799993,-7.687063096999964],[-38.81066036899995,-7.696171295999932],[-38.82571650199998,-7.743980616999977],[-38.91661998099994,-7.819864432999964],[-38.95015344999996,-7.882165795999981],[-39.00573631499998,-7.879014683999969],[-39.14048409099996,-7.743987599999969],[-39.15638090799996,-7.69609094599997],[-39.25981171099994,-7.682715521999967],[-39.27346138199994,-7.580202536999934],[-39.31740640499993,-7.565735347999976],[-39.39330744799997,-7.499819340999977],[-39.45776766599994,-7.48981923499997],[-39.54831898799995,-7.426864327999965],[-39.56971046599995,-7.391154598999947]]]}},{"type":"Feature","properties":{"adm0_a3":"BRA","shape_name":"Alagoas","ihme_name":"Alagoas"},"geometry":{"type":"Polygon","coordinates":[[[-38.109247582999956,-9.31798764399997],[-38.17373323199996,-9.372616801999982],[-38.16363566499996,-9.460736236999935],[-38.01312440899994,-9.46694298899996],[-37.98643682799997,-9.497567851999975],[-37.94567591099997,-9.510137893999968],[-37.92479319299997,-9.559016578999945],[-37.81911599499995,-9.571665535999955],[-37.73387405999995,-9.621216749999974],[-37.66737024399998,-9.60059758999995],[-37.62924010299997,-9.646312181999974],[-37.44096315599995,-9.727943363999941],[-37.38894537799996,-9.775016491999963],[-37.25150245799995,-9.810851936999939],[-37.14101717999995,-9.895709299999965],[-37.05325301299996,-9.919594649999965],[-36.91112751099996,-10.002638418999936],[-36.871565619999956,-10.085933888999932],[-36.804470597999966,-10.168794600999945],[-36.670124113999975,-10.22554301599996],[-36.641868217999956,-10.267201666999938],[-36.521130365999966,-10.260854274999929],[-36.49442178499993,-10.273814820999974],[-36.46211374199993,-10.396947396999963],[-36.368263197999966,-10.38693002399998],[-36.329387458999975,-10.406754680999939],[-36.30936381999993,-10.440502178999964],[-36.27982210699997,-10.443741294999938],[-36.137302310999985,-10.240093878999971],[-36.09516889699995,-10.20009938499993],[-36.03158593999996,-10.185874984999941],[-36.00264591699994,-10.089752001999955],[-35.97075701699998,-10.07012025499995],[-35.91396873899998,-9.979616538999949],[-35.933583700999975,-9.947549224999932],[-35.99739492899994,-9.910810124999955],[-36.068395254999984,-9.894743226999935],[-36.32267633499998,-9.760579087999929],[-36.339204095999946,-9.734905520999973],[-36.33573461199995,-9.70415298499995],[-36.28540816799995,-9.70022735699996],[-36.16907878599994,-9.783187411999961],[-35.969913521999956,-9.891233113999931],[-35.79546807999998,-9.899649532999945],[-35.74003083599996,-9.82441992799994],[-35.709160951999934,-9.739459216999933],[-35.66909964799993,-9.682776029999957],[-35.588363981999976,-9.670991705999938],[-35.570733048999955,-9.625850799999967],[-35.46875388899997,-9.572478252999929],[-35.45361855099998,-9.529674172999933],[-35.41367790299995,-9.517103493999969],[-35.39498360999994,-9.472028615999932],[-35.348930234999955,-9.453695748999962],[-35.33741778499996,-9.374814112999957],[-35.233936393999954,-9.361346117999972],[-35.221631111999955,-9.302025293999975],[-35.191291914999965,-9.275213806999943],[-35.20255998899995,-9.200235906999978],[-35.18125414599996,-9.162891598999977],[-35.13678075299998,-9.132607310999958],[-35.141724832999955,-9.102987807999966],[-35.08593729699993,-9.031475808999971],[-35.03748553699995,-8.996496884999942],[-35.01428481599993,-8.900487796999926],[-35.10421762799996,-8.876179898999965],[-35.37547000199993,-8.858914497999933],[-35.43947707199993,-8.809443147999957],[-35.46990886699996,-8.849346404999949],[-35.54608569599998,-8.880798145999961],[-35.591602286999944,-8.923940694999942],[-35.66517206499998,-8.92088737499995],[-35.691025244999935,-8.86969750999998],[-35.83641865699997,-8.86967462299998],[-35.862259559999984,-8.920634899999925],[-36.02080533599997,-8.931310806999932],[-36.031249499999944,-9.069423086999961],[-36.19815212799995,-9.134204637999972],[-36.14697645899997,-9.181193838999945],[-36.15505787099994,-9.205936083999973],[-36.32982054599995,-9.211668820999932],[-36.376573821999955,-9.26154568499993],[-36.54532863899993,-9.333201416999941],[-36.57147495799995,-9.331363608999936],[-36.62414734999993,-9.270615213999974],[-36.719983430999946,-9.305410364999943],[-36.80714633499997,-9.272735477999959],[-36.85431767699998,-9.366082802999927],[-36.886828256999934,-9.386309604999951],[-36.931546296999954,-9.37495407299997],[-37.03386382499997,-9.274368404999962],[-37.11558277599994,-9.242979334999973],[-37.18269294099997,-9.245539310999959],[-37.20782920599993,-9.192656277999959],[-37.26851960999994,-9.12961457199998],[-37.40220140799994,-9.074496021999948],[-37.428567751999935,-9.010791002999952],[-37.484169264999935,-8.998753330999932],[-37.57477231299998,-9.018941697999935],[-37.63626543799995,-8.997610423999959],[-37.652006497999935,-8.955212994999954],[-37.700255089999985,-8.933063841999967],[-37.713108043999966,-8.89254687999994],[-37.74478955899997,-8.886890630999972],[-37.76235741199997,-8.905255248999936],[-37.76843082599993,-8.991427623999925],[-37.817345477999936,-9.012431542999934],[-37.881702738999934,-9.15259107199995],[-38.02445271899995,-9.189443446999974],[-38.084925419999934,-9.25027145699994],[-38.109247582999956,-9.31798764399997]]]}},{"type":"Feature","properties":{"adm0_a3":"BRA","shape_name":"Acre","ihme_name":"Acre"},"geometry":{"type":"Polygon","coordinates":[[[-73.26821851299997,-7.336350572999947],[-73.81646752799998,-7.113622821999968],[-73.82540828899994,-7.13255206499997],[-73.82409905999998,-7.185037548999958],[-73.79517112299999,-7.248592670999926],[-73.97892041799997,-7.316300944999966],[-73.99349642799996,-7.459765410999978],[-74.03555792499998,-7.505493980999972],[-74.03789047199996,-7.560756043999959],[-73.96914193999999,-7.619185942999934],[-73.95416957999998,-7.662382621999939],[-73.91078944699996,-7.677410287999976],[-73.89627983099996,-7.740400077999936],[-73.78982827599998,-7.75708265399993],[-73.79425722099995,-7.815857672999925],[-73.83596279999995,-7.86446816299997],[-73.83709966199996,-7.95239754499994],[-73.76003537399998,-7.956125251999936],[-73.67330618399996,-8.046927859999926],[-73.65084630999996,-8.094512057999964],[-73.64689373299996,-8.215672347999941],[-73.59675207799995,-8.274678189999975],[-73.58388077099994,-8.339162934999933],[-73.53996855799994,-8.35354369199996],[-73.46291172499997,-8.449596131999954],[-73.37381791499996,-8.47812334799994],[-73.33854324999999,-8.538047680999966],[-73.34668243799996,-8.648894531999929],[-73.30651546299998,-8.662847491999969],[-73.28362125099994,-8.71037770299995],[-73.14452060799994,-8.71994207299997],[-73.12536972199996,-8.741433127999926],[-73.10992925499994,-8.816949019999981],[-73.05559129699998,-8.850408193999954],[-72.98979962199996,-8.946771282999975],[-72.97148616999993,-9.006628975999945],[-72.97317730799995,-9.07533588399997],[-72.99289477099995,-9.110580820999928],[-73.03707960799994,-9.12513660999997],[-73.04962512999998,-9.164841774999957],[-73.09062612099996,-9.20709401299996],[-73.14345953299994,-9.242059409999968],[-73.16771711399997,-9.321268132999933],[-73.21630646999995,-9.32057010099993],[-73.21044828499998,-9.389074419999929],[-72.68772571199997,-9.414676387999975],[-72.64467014399997,-9.42784463199996],[-72.60334338899997,-9.48066900699996],[-72.53967153599996,-9.465896810999936],[-72.37316501699996,-9.476922847999958],[-72.26258503099996,-9.601218049999943],[-72.30029477799997,-9.717434968999953],[-72.25188660799995,-9.740661063999937],[-72.22866008499994,-9.780523481999978],[-72.22482730799999,-9.97902402799997],[-72.20636567399998,-10.000974334999967],[-72.13964212699995,-9.983809085999951],[-71.31760490199997,-9.980346853999947],[-71.23949359899996,-9.92977866299998],[-71.14186553899998,-9.921427777999952],[-71.12865978999997,-9.858649707999973],[-71.10760658099997,-9.835015731999931],[-70.98252445799994,-9.823304708999956],[-70.97935114899997,-9.729566615999943],[-70.82059295499994,-9.588596602999928],[-70.76739563599995,-9.574063790999958],[-70.67664408999997,-9.489620036999952],[-70.64965016799994,-9.487986453999952],[-70.62690766899993,-9.516441215999976],[-70.62189239599996,-9.62264816499993],[-70.58651428199994,-9.66646738999998],[-70.62141398699998,-9.70942292199993],[-70.64450904199998,-9.810640368999941],[-70.64470272199998,-10.92537985499996],[-70.62007751299996,-10.994917976999943],[-70.52261804899996,-10.983561846999976],[-70.34973193599996,-11.068984789999945],[-70.23346110999995,-11.08226848199996],[-70.20702381999996,-11.069628457999954],[-70.18142628699997,-11.022678540999948],[-70.06535657599994,-11.01307492099994],[-70.06855729599994,-10.928005330999952],[-69.97632096399997,-10.92156278699997],[-69.90814118099996,-10.887648643999967],[-69.78127552699993,-10.907640122999965],[-69.74413155999997,-10.954849378999938],[-69.70960870299996,-10.962616973999957],[-69.43508017499994,-10.96095652799994],[-69.40740434099996,-10.91112353699998],[-69.38173106799997,-10.90489325599998],[-69.29596218899997,-10.993790582999964],[-69.26284693399998,-10.956132570999955],[-69.13687143099997,-10.94547307299996],[-68.99393259899995,-10.977685145999942],[-68.94656063299993,-11.02036615399993],[-68.81822344199998,-11.03732200199994],[-68.70957214299995,-11.125800417999926],[-68.60003128799997,-11.137911238999948],[-68.46856047399996,-11.012039698999956],[-68.32892273799996,-10.994370808999975],[-68.28576334599995,-10.95835115799997],[-68.23156014099999,-10.95537019699998],[-68.22112556799993,-10.87972370999995],[-68.19104372399994,-10.855551211999966],[-68.18082810599998,-10.819578450999927],[-68.13492459899999,-10.801413299999979],[-68.11631828899993,-10.756432164999978],[-68.05650028099996,-10.744266767999932],[-68.03918077299994,-10.67911081099993],[-67.88988368999998,-10.67283953599997],[-67.82480713199993,-10.641876560999947],[-67.78086518499998,-10.672627115999944],[-67.68849874999995,-10.671158462999927],[-67.63547971799994,-10.529849874999968],[-67.61428780199998,-10.50764705399996],[-67.56741926299998,-10.49636725399995],[-67.49913434899997,-10.431524466999974],[-67.42854713399998,-10.41906516399996],[-67.39799026299994,-10.355610419999948],[-67.31839064099995,-10.343769272999964],[-67.29705130199994,-10.295405650999953],[-67.10349295599997,-10.286723506999977],[-67.08542039599996,-10.240868122999927],[-67.00223296099995,-10.20753904299994],[-66.98780309099993,-10.140255587999945],[-66.92355426699999,-10.103537009999968],[-66.86677620699999,-10.033839357999966],[-66.77087817099994,-9.998823118999951],[-66.75025749499997,-9.969329150999954],[-66.70587215899997,-9.956493776999935],[-66.67211379199995,-9.911650291999933],[-66.60858506499994,-9.896493265999936],[-66.62090794999995,-9.840167065999935],[-66.67969275499996,-9.803700616999947],[-66.75207113399995,-9.786875686999963],[-66.77422383899994,-9.75712440999996],[-66.81526788899998,-9.76581948699993],[-66.91464314799998,-9.72383092299998],[-67.04480159999997,-9.663895558999968],[-67.11448005299997,-9.607302481999966],[-67.42404657599997,-9.519524442999966],[-67.67917893799995,-9.399571760999947],[-67.89136443799998,-9.269592731999978],[-68.21875471699997,-9.194712428999935],[-68.59870797599996,-9.001406306999968],[-68.69873598699996,-8.93082070099996],[-68.79884466399994,-8.910906216999933],[-69.00973751899994,-8.802642834999972],[-69.19201041299993,-8.69108545399996],[-69.46212205499995,-8.603938394999943],[-69.73667213799996,-8.420192957999973],[-70.17611278699997,-8.24259632299993],[-70.36720469699998,-8.085630486999946],[-70.49804615899995,-8.06498899199994],[-70.63798136899999,-8.01426934899996],[-70.98177035199996,-7.954154470999981],[-71.25894933299998,-7.928824741999961],[-71.64227334299994,-7.851063140999941],[-71.91853349399997,-7.786356832999957],[-71.98132723699996,-7.751182357999937],[-72.24116355099994,-7.668921975999979],[-72.76237525499994,-7.57652633899994],[-73.20844265999995,-7.383040024999957],[-73.26821851299997,-7.336350572999947]]]}},{"type":"Feature","properties":{"adm0_a3":"BRA","shape_name":"Rondonia","ihme_name":"Rond\u00f4nia"},"geometry":{"type":"Polygon","coordinates":[[[-66.68135524799999,-9.664148917999967],[-66.77153023999995,-9.751707704999944],[-66.75547382699995,-9.784632904999967],[-66.63410820899998,-9.829648772999974],[-66.60887870999994,-9.857238792999965],[-66.59807934999998,-9.903942960999927],[-66.56668592199998,-9.922427083999935],[-66.55199388399996,-9.916491515999951],[-66.55907898299995,-9.878769701999943],[-66.54541099399995,-9.87059217999996],[-66.37618230499999,-9.863135368999963],[-66.33817857699995,-9.79471026699997],[-66.28101805499995,-9.810002133999944],[-66.14589121999995,-9.80722093199995],[-66.12410772099997,-9.784658297999954],[-66.13132767499997,-9.738988182999947],[-66.09795970799996,-9.715008566999927],[-66.03045417899995,-9.718822986999953],[-65.98939182599997,-9.764304379999942],[-65.90251344299998,-9.715718224999932],[-65.72889917899994,-9.715407997999932],[-65.71135315299995,-9.755781630999934],[-65.64016050499998,-9.80685125399998],[-65.60415396399998,-9.811752859999956],[-65.55259370699997,-9.807304967999926],[-65.50360731299997,-9.774602012999935],[-65.45680067299998,-9.677388022999935],[-65.36496609099999,-9.679232644999956],[-65.33388253099997,-9.70241865099996],[-65.30006267099998,-9.75857764999995],[-65.31667718199998,-9.821010919999935],[-65.30074978299996,-9.904837965999945],[-65.31557028099996,-9.964811365999935],[-65.28656228899996,-10.032273525999926],[-65.30117674999997,-10.18553219599994],[-65.34908883799994,-10.25693477599998],[-65.33919768099997,-10.315484329999947],[-65.38545354799999,-10.40150850799995],[-65.39395200599995,-10.567141270999969],[-65.35872082799995,-10.614828426999964],[-65.35237610999997,-10.722516759999962],[-65.28639202099998,-10.767922294999948],[-65.26188613899996,-10.831131101999972],[-65.29510449099996,-10.919297653999934],[-65.30135102199995,-10.991053978999958],[-65.35417577099997,-11.07247188599996],[-65.35486934499994,-11.210867013999973],[-65.32374595999994,-11.257316292999974],[-65.34996965499994,-11.297087422999937],[-65.30889316699995,-11.347303487999966],[-65.27290610299997,-11.469175083999971],[-65.24155131299995,-11.495812513999965],[-65.22102592599998,-11.597476946999961],[-65.23734421099994,-11.656445824999935],[-65.22153374699997,-11.693476101999977],[-65.13016905299997,-11.775187727999935],[-65.11708309799997,-11.69909961899998],[-65.07202952999995,-11.693452304999937],[-65.08193225799994,-11.821806670999933],[-65.03766175099997,-11.93184759999997],[-64.89800391299997,-11.95832687899997],[-64.87885230499995,-12.014230212999962],[-64.78202765199995,-12.131942748999961],[-64.72173894599996,-12.152327842999966],[-64.66832797199999,-12.19442695999993],[-64.59502790499994,-12.187758277999933],[-64.56096210499999,-12.219988856999976],[-64.50361551699996,-12.21450572699996],[-64.49013797099997,-12.335693195999966],[-64.41406065899997,-12.409230830999945],[-64.33485618399993,-12.446845823999979],[-64.18246215599999,-12.433665540999982],[-64.10705407099994,-12.470485400999962],[-63.90266740599998,-12.47225814999996],[-63.864118762999965,-12.467088472999933],[-63.84229787399994,-12.421009497999933],[-63.806396063999955,-12.446090223999931],[-63.75358959199997,-12.433906946999969],[-63.63144929799995,-12.459215512999947],[-63.55113641099996,-12.495324498999935],[-63.52722053999997,-12.553092290999928],[-63.44501017399995,-12.58364464799996],[-63.36347291299995,-12.669850134999933],[-63.102998344999946,-12.685291728999971],[-63.047539659999984,-12.74032737799996],[-63.02085293099998,-12.82030139099993],[-62.93280246499995,-12.843299555999977],[-62.809959240999945,-12.913925143999961],[-62.789892227999985,-12.981253314999947],[-62.61774715499996,-13.00769943399996],[-62.54529482199996,-13.058029059999967],[-62.437872863999985,-13.065569908999976],[-62.37010034899998,-13.115897033999943],[-62.200369620999936,-13.123705814999937],[-62.12739207899995,-13.211428164999973],[-62.10275011199997,-13.28171012599995],[-62.00693179799998,-13.315270185999964],[-61.99280628799994,-13.361509449999971],[-61.95204467499997,-13.390726806999965],[-61.950251984999966,-13.416279008999936],[-61.887979051999935,-13.432257642999957],[-61.878442861999986,-13.490197318999947],[-61.856736920999936,-13.51114584499993],[-61.781644220999965,-13.49847597799993],[-61.02952265299996,-13.498418717999982],[-60.95522173899997,-13.515828398999929],[-60.91682068799997,-13.504216136999958],[-60.90064288499997,-13.60589499799994],[-60.77841615299997,-13.616047203999926],[-60.75629630499998,-13.646525920999977],[-60.762034298999936,-13.682779882999967],[-60.679724918999966,-13.68221437699998],[-60.659164224999984,-13.568463751999957],[-60.59261260999995,-13.54512841199994],[-60.55043271699998,-13.501481759999933],[-60.403654029999984,-13.431625468999982],[-60.39525867799995,-13.319093836999969],[-60.34422121799997,-13.294096271999933],[-60.27307712199996,-13.058106666999947],[-60.23657693999996,-13.030976777999967],[-60.17810597499994,-12.935378627999967],[-60.11310209599998,-12.921773034999944],[-60.060324925999964,-12.854742337999937],[-60.02838331399994,-12.554620580999938],[-59.95688682799994,-12.467430117999982],[-59.82798049499996,-12.439029106999953],[-59.77638961799994,-12.327306275999945],[-59.78312317799998,-12.291000752999935],[-59.86229530299994,-12.22718051299995],[-59.88227719199995,-12.106550049999953],[-59.938306756999964,-12.033796431999974],[-59.98586703799998,-11.927740980999943],[-59.994226536999975,-11.871318730999974],[-60.105074652999974,-11.847096627999974],[-60.10531911199996,-11.550706547999937],[-59.950673707999954,-11.41664082699998],[-59.91766744399996,-11.312196274999962],[-60.00079176999998,-11.12613448199994],[-60.068211589999976,-11.055054711999958],[-60.12644989199998,-11.037502076999942],[-60.204791686999954,-11.095640325999966],[-60.24651563899994,-11.04918827299997],[-60.389262765999945,-11.035157322999964],[-60.410447362999946,-11.006254498999965],[-60.450961760999974,-10.993374512999935],[-60.46264248299997,-10.934121840999978],[-60.48361044699993,-10.924165182999957],[-61.50073833099998,-10.924469293999948],[-61.52798450999995,-10.914171186999965],[-61.53043134999996,-10.809600109999963],[-61.47403268199997,-10.750617658999943],[-61.479944011999976,-10.341258316999927],[-61.48896503599997,-10.309627254999953],[-61.588806476999935,-10.213945315999979],[-61.57516618899996,-10.153694067999936],[-61.59062999699995,-10.039360121999948],[-61.58303494699999,-10.009969811999952],[-61.532897729999945,-9.983150586999955],[-61.51648658999994,-9.83354924699995],[-61.52753852799998,-9.685831247999943],[-61.483624728999985,-9.623801877999938],[-61.46809678999995,-9.55761681599995],[-61.590063749999956,-9.417742742999963],[-61.53544941399997,-9.34826421699995],[-61.58085836499998,-9.307121752999933],[-61.59488273799997,-9.225874295999972],[-61.54254676499994,-9.171982406999973],[-61.53125467799998,-8.982885980999981],[-61.48288408899998,-8.90389910999994],[-61.47219296399999,-8.828690446999929],[-61.661779647999936,-8.649043932999973],[-61.712205181999934,-8.632794917999945],[-61.74837055499995,-8.63636926199996],[-61.88883625999995,-8.789049433999935],[-61.928406536999944,-8.80870942699994],[-61.97402202599994,-8.812831961999962],[-62.01765316799998,-8.762852151999937],[-62.12966443199997,-8.73672002099994],[-62.14617943799993,-8.711753721999969],[-62.17090698299995,-8.53296238799993],[-62.23407677399996,-8.518521159999977],[-62.26737078299993,-8.585524584999973],[-62.29775848299994,-8.595145446999936],[-62.37525454199994,-8.325080911999976],[-62.53391575499995,-8.29420046499996],[-62.652516538999976,-8.175064584999973],[-62.67696389599996,-8.030725700999938],[-62.818483163999986,-7.953875489999973],[-62.85607037699998,-7.913480772999947],[-63.62365968199998,-7.900396508999961],[-63.64615182999995,-8.029101493999974],[-63.69086496299997,-8.082263832999956],[-63.70127374599997,-8.188871357999972],[-63.74454137799995,-8.293733148999934],[-63.79742148599996,-8.305829487999972],[-63.82569369599997,-8.253535584999952],[-63.873003650999976,-8.257707725999978],[-63.902462527999944,-8.408247815999971],[-63.96851444599997,-8.44086953699997],[-63.916398249999986,-8.472817864999968],[-63.91607912799998,-8.509107789999973],[-63.96283952799996,-8.527518811999926],[-63.981740667999986,-8.572795992999943],[-64.02178532299996,-8.58532071299993],[-64.03425064199996,-8.625060685999927],[-64.07556881999994,-8.667125662999979],[-64.13374611399996,-8.693967062999945],[-64.15064716699999,-8.91603426599994],[-64.19970494299997,-8.942875607999952],[-64.26940503399999,-8.942484951999973],[-64.32938959899997,-8.873119802999952],[-64.36563972899995,-8.869106120999959],[-64.42325373299997,-8.93850656199993],[-64.52988055699996,-8.931163596999966],[-64.61703022399996,-9.00440757399997],[-64.65732595899993,-8.99338251599994],[-64.68625992199998,-8.947704891999933],[-64.70499138799994,-8.951077579999946],[-64.71731228399995,-8.992116787999976],[-64.74133458299997,-9.001796210999942],[-64.76329249199995,-8.99565218899994],[-64.78926069899995,-8.956170203999932],[-64.82350840299995,-8.949596860999975],[-64.94398347199996,-9.06204925999998],[-64.93422365099997,-9.17194385199997],[-64.94858319199994,-9.251689446999933],[-65.04666781399993,-9.319627583999932],[-65.08644954099998,-9.37984591999998],[-65.16748834499998,-9.385693685999968],[-65.19183207599997,-9.230964275999952],[-65.27010717499996,-9.21203086199995],[-65.42675126799998,-9.29371569999995],[-65.43723557099997,-9.363610385999948],[-65.38360285099998,-9.404226911999956],[-65.37840134399994,-9.432161683999936],[-65.48277884199996,-9.44932344199998],[-65.53473355299997,-9.396262416999946],[-65.64623062099997,-9.383744092999962],[-65.69477882399997,-9.480266779999965],[-65.76205619899997,-9.541670673999931],[-65.83164985799993,-9.490986342999975],[-65.94792512399994,-9.374300969999979],[-65.97148658999998,-9.325566695999953],[-66.00170055299998,-9.31073675999994],[-66.04742395999995,-9.378858969999953],[-66.33388384399996,-9.398899061999941],[-66.36995093599995,-9.475755839999977],[-66.48562671299999,-9.588483357999962],[-66.57575738799994,-9.610508718999938],[-66.68135524799999,-9.664148917999967]]]}},{"type":"Feature","properties":{"adm0_a3":"BRA","shape_name":"Sergipe","ihme_name":"Sergipe"},"geometry":{"type":"Polygon","coordinates":[[[-37.81355705799996,-9.57349328999993],[-37.96672974677884,-9.564156552342471],[-37.99330802399993,-9.581012975999954],[-37.99602003199993,-9.603128907999974],[-37.95051089499998,-9.629739147999942],[-37.94005322099997,-9.65671565599996],[-37.99085572399997,-9.696144176999951],[-37.999309325999945,-9.772050390999937],[-37.94746055899998,-9.812029434999943],[-37.927034438999954,-9.953235867999979],[-37.86015016099998,-10.01491206299994],[-37.77614723199997,-10.034321015999978],[-37.75432743999994,-10.102913354999941],[-37.71262278299997,-10.153131850999955],[-37.707091341999956,-10.291316311999935],[-37.75779119099997,-10.348000902999956],[-37.78172291299995,-10.411321493999935],[-37.758309734999955,-10.517123630999947],[-37.768819693999944,-10.656014807999952],[-37.78868172499995,-10.691517562999934],[-37.88796510199995,-10.737112168999943],[-37.95745501199997,-10.724450527999977],[-38.00598533099998,-10.692654385999958],[-38.07616894199998,-10.728244484999948],[-38.11852594099997,-10.693455866999955],[-38.16398851399998,-10.70177053599997],[-38.18000276899994,-10.731439989999956],[-38.16599935099998,-10.916161227999964],[-38.10506351499998,-11.022367762999977],[-38.06724873899998,-11.055684059999976],[-38.04610726299995,-11.118051665999928],[-37.95075882599997,-11.20886440199996],[-37.92175845199995,-11.43050154599996],[-37.83942524099996,-11.451394604999962],[-37.81514615999998,-11.490965332999963],[-37.70712056199994,-11.53360611599993],[-37.60240104099995,-11.553683580999973],[-37.50361703899995,-11.532500612999968],[-37.33140784699998,-11.55351871399995],[-37.27036603899995,-11.446411419999947],[-37.222224806999975,-11.41134866699997],[-37.19336758199995,-11.33537778699997],[-37.12678847899997,-11.281071399999973],[-37.09477271199995,-11.216777984999965],[-37.02799299299994,-11.148283762999938],[-37.00258538399993,-11.039919190999967],[-37.008886264999944,-10.948933341999975],[-37.21486836799994,-10.726197270999933],[-37.289214587999936,-10.613042651999933],[-37.255654026999935,-10.608635270999969],[-37.22822183399995,-10.626389941999946],[-37.08109305499994,-10.80941672199998],[-36.93378185499995,-10.938924199999974],[-36.876017574999935,-10.920336557999974],[-36.85860511599998,-10.874136741999962],[-36.81183559699997,-10.857064326999932],[-36.76552780499998,-10.759960013999944],[-36.70311624899995,-10.681729984999947],[-36.65759902699995,-10.66872555699996],[-36.610001015999956,-10.624912735999942],[-36.56633650599997,-10.632807647999925],[-36.48190872999993,-10.59251970799994],[-36.426719171999935,-10.528630507999935],[-36.36693200099995,-10.516544499999952],[-36.33284759399993,-10.49004937999996],[-36.30722206299998,-10.495176084999969],[-36.30302739799998,-10.454624601999967],[-36.329387458999975,-10.406754680999939],[-36.368263197999966,-10.38693002399998],[-36.46211374199993,-10.396947396999963],[-36.48227845899993,-10.289769569999976],[-36.50311615299995,-10.268047870999965],[-36.641868217999956,-10.267201666999938],[-36.670124113999975,-10.22554301599996],[-36.81343197699994,-10.162235360999944],[-36.871565619999956,-10.085933888999932],[-36.90266806899996,-10.010476025999935],[-36.95689611699993,-9.97290679799994],[-37.05325301299996,-9.919594649999965],[-37.14101717999995,-9.895709299999965],[-37.26682631999995,-9.80324703499997],[-37.38894537799996,-9.775016491999963],[-37.44096315599995,-9.727943363999941],[-37.62924010299997,-9.646312181999974],[-37.66737024399998,-9.60059758999995],[-37.73387405999995,-9.621216749999974],[-37.81355705799996,-9.57349328999993]]]}},{"type":"Feature","properties":{"adm0_a3":"BRA","shape_name":"Tocantins","ihme_name":"Tocantins"},"geometry":{"type":"Polygon","coordinates":[[[-50.16561928799996,-9.621715515999938],[-50.24333136599995,-9.871197600999949],[-50.28188031099995,-9.909239088999925],[-50.30286663199996,-10.024376988999961],[-50.39726639699995,-10.116035152999928],[-50.41679116499995,-10.301932346999934],[-50.51424164499997,-10.434955311999943],[-50.535714965999944,-10.563748],[-50.595459474999984,-10.652536018999967],[-50.58585686799995,-10.758131606999939],[-50.63409216399998,-10.817221811999957],[-50.652766328999974,-11.113150012999938],[-50.67418343899993,-11.16162821499995],[-50.691362262999974,-11.285077678999926],[-50.739183744999934,-11.322799216999954],[-50.74711741699997,-11.346832549999931],[-50.731956630999946,-11.566418236999937],[-50.68363326599996,-11.60984485199998],[-50.678818648999936,-11.631890261999956],[-50.695110513999964,-11.67662770499993],[-50.74154800399998,-11.70870808899997],[-50.74331463899995,-11.739655683999956],[-50.72333109199997,-11.807176310999978],[-50.66569720799998,-11.89074018399998],[-50.68814003499995,-12.005219556999975],[-50.67137078899998,-12.22771454499997],[-50.64351118099995,-12.307016388999955],[-50.64431167099997,-12.432196164999937],[-50.681070887999965,-12.47639007999993],[-50.68185833399997,-12.649883074999934],[-50.646006857999964,-12.696116692999965],[-50.640513185999964,-12.762135772999954],[-50.61342227999995,-12.829168219999929],[-50.51312025599998,-12.82718631299997],[-50.46262376999994,-12.672449281999945],[-50.35503920599996,-12.57543898199998],[-50.342816813999946,-12.516996222999978],[-50.29936474999994,-12.501946411999938],[-50.28051600699996,-12.45612196199994],[-50.252128864999975,-12.452985705999936],[-50.23344566299994,-12.476717933999964],[-50.234362792999946,-12.604441907999956],[-50.28719310399998,-12.63456014999997],[-50.29314443399994,-12.756874959999948],[-50.34650543099997,-12.787379457999975],[-50.34441422499998,-12.826547153999968],[-50.24836820399997,-12.83623649599997],[-50.21804348899997,-12.888051942999937],[-50.07756273699994,-12.891690349999976],[-50.02747856599996,-12.912735583999961],[-49.93490099599995,-12.98061450199998],[-49.60279577899996,-13.143017043999976],[-49.43019360999995,-13.281791694999981],[-49.38392055699995,-13.282485831999963],[-49.36353859999997,-13.146418444999938],[-49.30624881199998,-13.039583070999981],[-49.26554208999994,-13.002695155999959],[-49.247311654999976,-12.925597464999953],[-49.18318893999998,-12.859912527999938],[-49.11192134199996,-12.839600015999963],[-49.061910273999956,-12.904663135999954],[-49.00155787799997,-12.938692873999969],[-48.96259611099998,-12.94134967399998],[-48.82465650299997,-12.85518478399996],[-48.78047616899994,-12.93038138199995],[-48.757988643999965,-13.013165116999971],[-48.64361242599995,-13.028029725999943],[-48.62174382699993,-13.075420720999944],[-48.58157319299994,-13.08764432299995],[-48.56732486699997,-13.189002399999936],[-48.52692610899993,-13.19080646499998],[-48.51060280199994,-13.147347621999927],[-48.483789627999954,-13.143526153999971],[-48.46694394599996,-13.267116051999949],[-48.31633507599997,-13.24904253799997],[-48.29044480899995,-13.198819045999926],[-48.203805616999944,-13.195240396999964],[-48.18650402499998,-13.208738556999947],[-48.18379280999994,-13.284352673999933],[-48.16968982199995,-13.306785094999952],[-48.09288313999997,-13.308047752999926],[-48.049360889999946,-13.292311396999935],[-47.81326670399994,-13.314872850999961],[-47.77555828799996,-13.392316114999971],[-47.701819703999945,-13.440576867999937],[-47.667018533999965,-13.412400186999946],[-47.68290248699998,-13.173585281999976],[-47.66588361799995,-13.146494268999959],[-47.58555290999993,-13.13412864999998],[-47.47310409499994,-13.243576693999955],[-47.29787528999998,-13.257122426999956],[-47.24941215599995,-13.20627879999995],[-47.08131017399995,-13.172142608999934],[-46.741650826999944,-12.991623791999928],[-46.42761478699998,-12.979260483999951],[-46.393807713999934,-12.854599421999978],[-46.376026180999986,-12.869500245999973],[-46.360594558999935,-12.97230914599993],[-46.31527967499994,-12.97634183799994],[-46.31037061799998,-12.705941079999945],[-46.252764738999986,-12.657355761999952],[-46.25914788099993,-12.631348129999935],[-46.30094446399994,-12.618924856999968],[-46.30819582099997,-12.599179695999965],[-46.222671195999965,-12.581482037999933],[-46.21248413099994,-12.52570103599993],[-46.248000471999944,-12.461683799999946],[-46.257043487999965,-12.405949756999973],[-46.30623948099998,-12.385517125999968],[-46.34593604599996,-12.32884577599998],[-46.35958861199998,-12.25801800399995],[-46.40609837899996,-12.218419551999943],[-46.406551674999946,-12.200782004999951],[-46.361552949999975,-12.174219691999951],[-46.34830604399997,-12.138794657999938],[-46.395950755999934,-12.09799535299993],[-46.411821103999955,-12.023508896999942],[-46.334036957999956,-11.94717048299998],[-46.21862718099993,-11.931600043999936],[-46.192792149999946,-11.901181239999971],[-46.20640058699996,-11.88760616199994],[-46.334662065999964,-11.87127881999993],[-46.35163520799995,-11.840506195999978],[-46.30894236199998,-11.646588514999962],[-46.25658438499994,-11.621797804999972],[-46.25814991799996,-11.562214025999936],[-46.460051369999974,-11.548778540999933],[-46.474924647999956,-11.505991156999926],[-46.52102785899996,-11.487764123999966],[-46.53015950799994,-11.394031705999964],[-46.57932303699994,-11.372970890999966],[-46.60157367499994,-11.26246538099997],[-46.48036537799993,-11.198600136999971],[-46.45072209999995,-11.095738292999954],[-46.39968748999996,-11.016408232999936],[-46.32593025399996,-10.944696051999927],[-46.30024462299997,-10.825463879999973],[-46.19466873599998,-10.733525024999949],[-46.202143873999944,-10.709310693999953],[-46.247721352999974,-10.672149820999948],[-46.09357279699998,-10.644995502999961],[-46.031257187999984,-10.585758479999981],[-46.00512208199996,-10.534267373999967],[-45.85578999899997,-10.451575033999973],[-45.82897887199994,-10.362447389999943],[-45.71540091364512,-10.338533792061018],[-45.672516265999946,-10.285398714999928],[-45.66843114899996,-10.252339602999939],[-45.67900187299995,-10.235799507999957],[-45.71773180499997,-10.235589605999962],[-45.81090620899994,-10.292237249999971],[-45.902573864999965,-10.237200891999976],[-45.94938879399996,-10.220963199999971],[-45.99210394499994,-10.226261638999972],[-46.06052096199994,-10.193271488999926],[-46.17013613499995,-10.232349456999941],[-46.21566235999995,-10.20429861699995],[-46.38770393999994,-10.174767767999981],[-46.41688765499998,-10.082679753999969],[-46.45878561599994,-10.032916161999935],[-46.47858017699997,-9.866931053999963],[-46.57123611099996,-9.835471552999934],[-46.639076339999974,-9.758083669999962],[-46.64408267699997,-9.696099506999929],[-46.59078384899993,-9.657904419999966],[-46.56913821899997,-9.597270268999978],[-46.591620760999945,-9.518021651999959],[-46.63074315299997,-9.491372729999966],[-46.69664595399996,-9.401734620999946],[-46.806267540999954,-9.37505004899998],[-46.83142716699996,-9.322017002999928],[-46.87330155799998,-9.288487402999976],[-46.82584987599995,-9.256930993999958],[-46.81949221799994,-9.230816790999938],[-46.89106220699995,-9.16371376799998],[-46.95569423699993,-9.125069494999934],[-47.10711224999994,-9.097823526999946],[-47.10948674499997,-9.075649976999955],[-47.06314319399996,-9.044305552999958],[-47.02684614299994,-8.92852569799993],[-46.98640287499995,-8.874464083999953],[-46.93957735799995,-8.856744512999967],[-46.93361368799998,-8.73290329899993],[-46.91783456799993,-8.68968085299997],[-46.93350975299995,-8.61486752299993],[-46.88785778499994,-8.580469187999938],[-46.868289284999946,-8.502976498999942],[-46.828751214999954,-8.46413298799996],[-46.80895241199994,-8.399266243999932],[-46.67176069899995,-8.381217839999977],[-46.532285471999955,-8.320284037999954],[-46.52290943199995,-8.224946521999925],[-46.470451424999965,-8.09676559899998],[-46.463673796999956,-8.001314358999934],[-46.47986163499996,-7.985909100999947],[-46.562957575999974,-7.971784751999962],[-46.610385821999955,-7.927337863999981],[-46.72695079499994,-7.91755216599995],[-46.78568664699998,-7.953942235999932],[-46.89370985399995,-7.97111504999998],[-46.92623222199995,-8.012578842999972],[-46.98649345399997,-8.025554979999981],[-47.00484026899994,-8.072036945999969],[-47.04509572899997,-8.070034892999956],[-47.10180112799998,-8.00218474299993],[-47.12814312099994,-7.936024448999945],[-47.26265892299995,-7.852783475999956],[-47.27171093299995,-7.758013668999979],[-47.32258196899994,-7.733259700999952],[-47.33262100699994,-7.61890053299993],[-47.37623547099997,-7.604178531999935],[-47.39439872299994,-7.558560352999962],[-47.49134761099998,-7.529873241999951],[-47.51260957499994,-7.48139514199994],[-47.57426509199996,-7.466901273999952],[-47.56515673299998,-7.43668839999998],[-47.508478398999955,-7.398006473999942],[-47.50158539199998,-7.296488143999966],[-47.59470037699998,-7.280674584999929],[-47.632072523999966,-7.326359785999955],[-47.667867962999935,-7.336265683999954],[-47.69493224299998,-7.248601375999954],[-47.78957563999995,-7.20360907099996],[-47.783593320999955,-7.176373212999977],[-47.635885350999956,-7.147834517999968],[-47.60770289499993,-7.087531908999949],[-47.57174966399998,-7.052633034999928],[-47.55631517699993,-6.981635376999975],[-47.508735584999954,-6.909912648999978],[-47.522876672999985,-6.848703201999967],[-47.49246927299998,-6.652710054999943],[-47.45332863999994,-6.601302406999935],[-47.43353146199996,-6.362124821999942],[-47.39242983599996,-6.310625905999927],[-47.37976951599995,-6.24835362999994],[-47.43436862599998,-6.183312575999935],[-47.45069529399996,-5.901641070999972],[-47.49257635899994,-5.801264810999953],[-47.51780180999998,-5.504640056999961],[-47.66770961199995,-5.433542002999957],[-47.85977864299997,-5.403370686999949],[-47.89430742899998,-5.373261364999962],[-47.931624332999945,-5.277377359999946],[-47.969488715999944,-5.248530630999937],[-48.14289601199994,-5.291068192999944],[-48.331255038999984,-5.239433797999936],[-48.38849777299998,-5.197473867999975],[-48.55149910899996,-5.191683355999942],[-48.71093346699996,-5.314447192999978],[-48.76740399399995,-5.378530061999925],[-48.764766089999966,-5.40072897999994],[-48.743126899999936,-5.413493822999953],[-48.62122950799994,-5.428735759999938],[-48.53538168499995,-5.461886445999937],[-48.44146817099994,-5.41802314499995],[-48.38667895799995,-5.425766361999933],[-48.368532512999934,-5.443036891999952],[-48.348666908999974,-5.520484495999938],[-48.29216893599994,-5.579074607999928],[-48.17114183699994,-5.618894499999953],[-48.195031401999984,-5.752803100999927],[-48.30495421899997,-5.792001118999963],[-48.29300357799997,-5.885542957999974],[-48.26278572099994,-5.954552386999978],[-48.36221116699994,-5.985968534999927],[-48.350685736999935,-6.024962967999954],[-48.299760386999935,-6.063279406999925],[-48.30314999199993,-6.119727137999973],[-48.318948715999966,-6.147745193999981],[-48.40711402799997,-6.176888967999957],[-48.432164032999935,-6.246121778999964],[-48.41757704699995,-6.356375790999948],[-48.52597376999995,-6.375665669999933],[-48.55886835399997,-6.422890930999927],[-48.64314669999993,-6.490735271999938],[-48.65775539899994,-6.555614489999925],[-48.70617141499997,-6.576451849999955],[-48.68136610199997,-6.63419683199993],[-48.72694782599996,-6.693120585999964],[-48.82447582299994,-6.749759572999949],[-49.024963828999944,-6.772065600999952],[-49.060495437999975,-6.807791182999949],[-49.21530142499995,-6.89449872299997],[-49.19533362799996,-7.255060123999954],[-49.244227371999955,-7.313766594999947],[-49.27135172299995,-7.386212416999967],[-49.37411210799996,-7.474294842999939],[-49.38129334699994,-7.498553128999959],[-49.35991983099996,-7.675716617999967],[-49.28669968699995,-7.708451107999963],[-49.13491493099997,-7.813907817999961],[-49.14837216099994,-7.931944955999938],[-49.191412130999936,-7.993716406999965],[-49.211314279999954,-8.181606946999977],[-49.24537456699994,-8.240656362999971],[-49.26864334099997,-8.32904197399995],[-49.36449804199998,-8.421449593999967],[-49.42120178299996,-8.530150700999968],[-49.44435543599997,-8.618442528999935],[-49.48828216099997,-8.660667478999926],[-49.56015151599996,-8.792202194999959],[-49.62621375599997,-8.856081867999933],[-49.71537550399995,-8.885366615999942],[-49.86433426999997,-9.060167346999947],[-49.904192301999956,-9.155765819999942],[-49.982479172999945,-9.203923509999981],[-50.04350010899998,-9.265402674999962],[-50.06940135399998,-9.35824416099996],[-50.12568983699998,-9.42556406999995],[-50.12069025999995,-9.577522745999943],[-50.16561928799996,-9.621715515999938]]]}},{"type":"Feature","properties":{"adm0_a3":"BRA","shape_name":"Bahia","ihme_name":"Bahia"},"geometry":{"type":"Polygon","coordinates":[[[-41.360673373524875,-8.774111586907273],[-41.38169389999996,-8.82099384999998],[-41.42487570099996,-8.836130984999954],[-41.44023773799995,-8.878786340999966],[-41.486570177999965,-8.896906165999951],[-41.49961177399996,-9.025335448999954],[-41.70949224399993,-9.069135685999981],[-41.795642251999936,-9.230841962999932],[-41.84301452899996,-9.280010063999953],[-42.211660913999935,-9.299434401999974],[-42.33000705099994,-9.392839600999935],[-42.39172656699998,-9.415708688999928],[-42.452552631999936,-9.497211500999981],[-42.568989871999975,-9.505448343999944],[-42.61116589499994,-9.532064624999975],[-42.69955652799996,-9.54854286699998],[-42.747236612999984,-9.618027625999957],[-42.797282002999964,-9.612427503999982],[-42.832650599999965,-9.582890332999966],[-42.924833227999954,-9.575968280999973],[-42.95824974599998,-9.453666746999943],[-43.10637116299995,-9.40368398299995],[-43.177094704999945,-9.439428030999977],[-43.23876196599997,-9.447951865999926],[-43.283721139999955,-9.417704386999958],[-43.37074962799994,-9.392681240999934],[-43.41583285799993,-9.32301959199998],[-43.471120233999955,-9.291024540999956],[-43.523961147999955,-9.339626617999954],[-43.60468183099994,-9.36303216899995],[-43.68781627299995,-9.432425706999936],[-43.77940909399996,-9.459352089999982],[-43.85034792999994,-9.626006048999955],[-43.80477241999995,-9.69919073899996],[-43.78634878399998,-9.784474081999974],[-43.74278245299996,-9.799087834999966],[-43.72729660199997,-9.841483150999977],[-43.67803707999997,-9.867143829999975],[-43.68306042699993,-10.054169939999952],[-43.702556053999956,-10.074558766999928],[-43.78103961499994,-10.091873882999948],[-43.80130499799998,-10.23246086599994],[-43.841277082999966,-10.27708963699996],[-43.85719855499997,-10.33880327199995],[-43.88569989299998,-10.358938445999968],[-43.89558879699996,-10.415324575999932],[-44.001834944999985,-10.432008245999953],[-44.01736601699997,-10.506480607999947],[-44.055371993999984,-10.532164781999938],[-44.07490765399996,-10.583366688999945],[-44.11420663299998,-10.609198695999964],[-44.13783894299996,-10.65364077299995],[-44.276737106999974,-10.650454863999926],[-44.32656485799998,-10.59836519099997],[-44.41648135599996,-10.649751569999978],[-44.57432008099994,-10.661900183999933],[-44.61267306199994,-10.729337398999974],[-44.70515852999995,-10.801033152999935],[-44.79776448999996,-10.819815499999947],[-44.83476856999994,-10.883195396999952],[-44.89479232299993,-10.926738691999958],[-45.01769317199995,-10.919079691999968],[-45.05726380999994,-10.875168048999967],[-45.19366561099997,-10.86154894699996],[-45.291325779999966,-10.759863241999938],[-45.38273442299993,-10.740559477999966],[-45.402571386999966,-10.670235752999929],[-45.45241583699993,-10.639162648999957],[-45.44930094999995,-10.537887713999964],[-45.425582470999984,-10.46484623899994],[-45.45851979399998,-10.367359177999958],[-45.499360802999945,-10.337892143999966],[-45.519513090999965,-10.267198362999977],[-45.562966151999944,-10.23323905899997],[-45.578488549999975,-10.142442117999963],[-45.60069010799998,-10.134667174999947],[-45.66199432299993,-10.15606611499993],[-45.680879957999935,-10.219267292999973],[-45.67051171899993,-10.281442758999958],[-45.71540091364512,-10.338533792061018],[-45.82897887199994,-10.362447389999943],[-45.85578999899997,-10.451575033999973],[-46.00512208199996,-10.534267373999967],[-46.031257187999984,-10.585758479999981],[-46.09357279699998,-10.644995502999961],[-46.247721352999974,-10.672149820999948],[-46.202143873999944,-10.709310693999953],[-46.19466873599998,-10.733525024999949],[-46.30024462299997,-10.825463879999973],[-46.32593025399996,-10.944696051999927],[-46.39968748999996,-11.016408232999936],[-46.45072209999995,-11.095738292999954],[-46.48036537799993,-11.198600136999971],[-46.59482297399995,-11.25139311299995],[-46.60349343699994,-11.276528240999937],[-46.57932303699994,-11.372970890999966],[-46.53015950799994,-11.394031705999964],[-46.52102785899996,-11.487764123999966],[-46.474924647999956,-11.505991156999926],[-46.460051369999974,-11.548778540999933],[-46.25814991799996,-11.562214025999936],[-46.25658438499994,-11.621797804999972],[-46.30894236199998,-11.646588514999962],[-46.35163520799995,-11.840506195999978],[-46.334662065999964,-11.87127881999993],[-46.20640058699996,-11.88760616199994],[-46.192792149999946,-11.901181239999971],[-46.21862718099993,-11.931600043999936],[-46.334036957999956,-11.94717048299998],[-46.411821103999955,-12.023508896999942],[-46.395950755999934,-12.09799535299993],[-46.34830604399997,-12.138794657999938],[-46.361552949999975,-12.174219691999951],[-46.406551674999946,-12.200782004999951],[-46.40609837899996,-12.218419551999943],[-46.35958861199998,-12.25801800399995],[-46.34593604599996,-12.32884577599998],[-46.30623948099998,-12.385517125999968],[-46.257043487999965,-12.405949756999973],[-46.248000471999944,-12.461683799999946],[-46.21248413099994,-12.52570103599993],[-46.222671195999965,-12.581482037999933],[-46.30819582099997,-12.599179695999965],[-46.30094446399994,-12.618924856999968],[-46.25914788099993,-12.631348129999935],[-46.252764738999986,-12.657355761999952],[-46.31037061799998,-12.705941079999945],[-46.309969629999955,-12.966454015999943],[-46.29637849799997,-12.983202948999974],[-46.23553788399994,-12.991938837999953],[-46.20355611999997,-13.024371935999966],[-46.31456556499995,-13.062032405999958],[-46.301947119999966,-13.37365347399998],[-46.293039041999975,-13.38558999199995],[-46.26927913099996,-13.377044935999947],[-46.23112920899996,-13.305785603999936],[-46.07557527999995,-13.327166939999927],[-46.08759548799998,-13.352225075999968],[-46.181286270999976,-13.378679012999953],[-46.25684392399995,-13.449567662999982],[-46.24500077999994,-13.566929782999978],[-46.19395458399998,-13.61456216099998],[-46.245371374999934,-13.676357476999954],[-46.26725064499993,-13.803650471999958],[-46.23766067199995,-14.028818366999928],[-46.24802934199994,-14.077150901999971],[-46.06733066099997,-14.277227184999958],[-45.97599903099996,-14.304199705999963],[-45.900738487999945,-14.351880430999927],[-46.01897159499998,-14.46587894199996],[-46.000427410999976,-14.54994492399993],[-46.017688663999934,-14.608076805999929],[-46.01963497599996,-14.860256913999933],[-46.07493718799998,-14.901137763999941],[-46.05938944899998,-14.923335196999972],[-45.973607974999936,-14.967239910999979],[-45.96353893599996,-15.039817501999948],[-46.02983639099995,-15.132009757999981],[-46.12890257599997,-15.172220326999934],[-46.13777508599998,-15.193255181999973],[-46.11555234499997,-15.239757482999948],[-46.04533863599994,-15.232687965999958],[-45.938692068999956,-15.124593242999936],[-45.91693651099996,-15.13209723999995],[-45.88419831099998,-15.179623618999926],[-45.862869140999976,-15.176337330999957],[-45.82608375799998,-15.134941547999972],[-45.741856850999966,-15.114886526999953],[-45.611370946999955,-14.965414305999957],[-45.464887732999955,-14.954381615999978],[-45.40460007299998,-14.924154160999933],[-45.349597502999984,-14.925341555999978],[-45.324304310999935,-14.859187218999978],[-45.284203454999954,-14.835356773999933],[-45.26923215299996,-14.792222489999972],[-45.194745817999944,-14.748497742999973],[-45.10949323999995,-14.758600704999935],[-45.049749572999986,-14.740618683999969],[-45.03482148399996,-14.698276723999982],[-44.99170976199997,-14.683319017999963],[-44.973260821999986,-14.638566905999937],[-44.873888173999944,-14.627418875999979],[-44.859386867999945,-14.584914123999965],[-44.77544438899997,-14.495941320999975],[-44.76239227699995,-14.451930620999974],[-44.65780992799995,-14.439548615999968],[-44.606934201999934,-14.375758319999932],[-44.55124067299994,-14.337465067999972],[-44.433108854999944,-14.329288378999934],[-44.39809605999994,-14.276412469999968],[-44.002684063999936,-14.277348786999937],[-43.96548128999996,-14.302259466999942],[-43.79096365799995,-14.353139253999927],[-43.80608198799996,-14.423304113999961],[-43.84332057399996,-14.477606327999979],[-43.88904814699998,-14.65148923299995],[-43.842899734999946,-14.687560779999956],[-43.75036000399996,-14.693674444999942],[-43.71484476699993,-14.72688119299994],[-43.623423351999975,-14.733826929999964],[-43.55373226399996,-14.780029985999931],[-43.50099064099993,-14.785297852999975],[-43.458191986999964,-14.776050882999982],[-43.421393716999944,-14.735943886999962],[-43.34131521499995,-14.719054692999975],[-43.30072012099998,-14.668698608999932],[-43.10430502999998,-14.679419103999976],[-42.984281675999966,-14.74336961399996],[-42.915178423999976,-14.744073340999932],[-42.80071895699996,-14.832029258999967],[-42.72647791099996,-14.861510007999982],[-42.679508873999964,-14.935868759999948],[-42.54775098199997,-14.963121107999939],[-42.507836881999935,-15.000598642999933],[-42.42538713599998,-15.022113287999957],[-42.38742610999998,-15.062238107999974],[-42.28942488399997,-15.11536312499993],[-42.22559994599993,-15.126273664999928],[-42.155929467999954,-15.109598926999979],[-42.027165588999935,-15.186705596999957],[-41.923403390999965,-15.172210348999954],[-41.86583810199994,-15.119906491999927],[-41.76584359199995,-15.138432862999935],[-41.60140630899997,-15.257810577999976],[-41.56394069999993,-15.307780116999936],[-41.36545199799997,-15.464925009999945],[-41.33590454199998,-15.520074905999934],[-41.33551125599996,-15.751215337999952],[-41.32054157099998,-15.78098986699996],[-41.056910097999946,-15.780478502999927],[-41.03546238499996,-15.717034485999932],[-40.965560308999954,-15.725191111999948],[-40.92262572399994,-15.64461731299997],[-40.900953700999935,-15.632806695999932],[-40.87397042999993,-15.63863848799997],[-40.84218404799998,-15.680246526999952],[-40.78779488699996,-15.672609588999933],[-40.66248178999996,-15.69323004499995],[-40.64279766499993,-15.722728686999972],[-40.589006187999985,-15.737624714999981],[-40.53870455499998,-15.789442211999926],[-40.20128107599993,-15.813034756999969],[-40.10752500099994,-15.90335614999998],[-40.03047946299995,-15.923124822999966],[-39.99019585699995,-15.959314362999976],[-39.90464272099996,-15.984220874999949],[-39.847665648999964,-16.071047633999967],[-39.83834880499995,-16.175186117999942],[-39.879001365999954,-16.212604338999938],[-39.90921442499996,-16.296935408999957],[-39.99650900199998,-16.32545344999994],[-40.02213325499997,-16.407661421999933],[-40.11931243199996,-16.50090959199997],[-40.13206149699994,-16.56374827199994],[-40.23768089899994,-16.56052851399994],[-40.249330989999976,-16.635959494999952],[-40.29475081499993,-16.68604883499995],[-40.301548251999975,-16.717526249999935],[-40.29654860699998,-16.765368269999954],[-40.24492971999996,-16.822400785999946],[-40.248713048999946,-16.86657641299996],[-40.28060876799998,-16.88685847299996],[-40.46227277199995,-16.889178552999965],[-40.49134742799998,-16.911032354999975],[-40.52763478999998,-17.024686267999982],[-40.542570480999984,-17.272309611999958],[-40.593492640999955,-17.314550114999975],[-40.591664639999976,-17.386179462999962],[-40.57695544799998,-17.42030760399996],[-40.50663052899995,-17.455344959999934],[-40.424556784999936,-17.602011773999948],[-40.33294458599994,-17.627089557999966],[-40.25414541999993,-17.737538306999966],[-40.20740866299997,-17.75457909599993],[-40.18673826299994,-17.899239457999954],[-40.254011824999964,-17.91914321799993],[-40.256007317999945,-17.96131504699997],[-40.16460037899998,-17.983684721999964],[-40.066995849999955,-18.070270034999965],[-40.013988610999945,-18.084957032999966],[-39.93611722399993,-18.13568956599994],[-39.88063039599996,-18.215571358999966],[-39.65234121299994,-18.315540338999938],[-39.61659277799998,-18.245885632999943],[-39.583282861999976,-18.217588149999926],[-39.57272135299996,-18.13356638199997],[-39.52426104799997,-18.111263509999958],[-39.50799342499994,-18.090532190999966],[-39.50978242899998,-18.05930283699996],[-39.45051106699998,-18.017676406999954],[-39.45530745999997,-17.992635673999928],[-39.435653360999936,-17.955417875999956],[-39.19776400899997,-17.833221056999946],[-39.17195819199998,-17.775693858999944],[-39.11405151799994,-17.717487437999978],[-39.14888333899995,-17.528588798999976],[-39.14846711599995,-17.415815988999952],[-39.13035034199993,-17.35641788399994],[-39.160388101999956,-17.23166794499997],[-39.13587749399994,-17.195669515999953],[-39.14834246199996,-17.07454176799996],[-39.073273581999956,-16.96716024699998],[-39.06916383499998,-16.697982920999948],[-39.01573160799995,-16.66529813799997],[-39.02573774799998,-16.635930581999958],[-39.01320054099995,-16.47408555399994],[-39.02685871299997,-16.42021122099993],[-38.984314369999936,-16.34928393699994],[-38.97190117799994,-16.228562971999963],[-38.91722665799995,-16.198195746999943],[-38.91198385299998,-16.035886544999983],[-38.841508533999956,-15.997892956999976],[-38.83466297199993,-15.909655073999943],[-38.801411617999975,-15.848400820999927],[-38.80132624899994,-15.77696057999998],[-38.83460640599998,-15.747575127999937],[-38.84259976199996,-15.65658419999994],[-38.914242195999975,-15.595195320999949],[-38.90454490299993,-15.394120413999929],[-38.97058020299994,-15.256579942999963],[-38.95439304399997,-14.775793376999957],[-38.96118552299998,-14.75389526999993],[-39.00726856299997,-14.71953373499997],[-38.99090332199995,-14.594019792999973],[-38.954848305999974,-14.552052733999972],[-38.949570053999935,-14.213337434999971],[-38.882887109999956,-14.15517373299997],[-38.875892858999975,-14.126456219999966],[-38.87788585399994,-13.826636160999954],[-38.89252411499996,-13.79870837599998],[-38.949603870999965,-13.757995729999948],[-38.95328693299996,-13.725892814999952],[-38.90356444799994,-13.699685211999963],[-38.887843301999965,-13.657716652999966],[-38.84645289699995,-13.645095647999938],[-38.83654986399995,-13.621125096999947],[-38.84406057699994,-13.581488964999949],[-38.893227682999964,-13.557307960999935],[-38.840585259999955,-13.52390749999995],[-38.83627279099994,-13.432534250999936],[-38.84421822699994,-13.391582400999937],[-38.89317708699997,-13.369932478999942],[-38.893898245999935,-13.246759854999937],[-38.85151089999994,-13.204071254999974],[-38.78578757899993,-13.187201210999945],[-38.76832587399997,-13.142863267999928],[-38.727607887999966,-13.149943718999964],[-38.67613196699995,-13.11041778899994],[-38.604924525999934,-13.09483253999997],[-38.554701395999984,-13.056921554999974],[-38.49151471399995,-13.055058275999954],[-38.457655544999966,-13.028256166999938],[-38.39920539099995,-13.018826417999946],[-38.374792723999974,-12.989214911999966],[-38.30549918599996,-12.982463682999935],[-38.28219151999997,-12.95525116899995],[-38.25761149599998,-12.958322518999978],[-38.24221609299997,-12.890435629999956],[-38.16136404599996,-12.845331760999954],[-38.143574710999985,-12.800273016999938],[-38.08607832599995,-12.790441189999967],[-38.04398513999996,-12.750668332999965],[-38.03317025299998,-12.690968986999962],[-37.98861357599998,-12.626107626999953],[-37.91090022399993,-12.563479366999957],[-37.90705358399998,-12.53657758299994],[-37.926397710999936,-12.500427669999965],[-37.88779209899997,-12.47629775699994],[-37.795796337999946,-12.364140937999935],[-37.748755664999976,-12.369540637999933],[-37.699041997999984,-12.318897345999972],[-37.690177957999936,-12.258902754999951],[-37.64935632199996,-12.210547909999946],[-37.63197617499998,-12.11732101299998],[-37.51514569999995,-11.985288451999963],[-37.506333402999985,-11.908733189999964],[-37.455713437999975,-11.83278224999998],[-37.42873696399994,-11.740481926999962],[-37.381242284999985,-11.70575312699998],[-37.359117682999965,-11.665048678999938],[-37.353884740999945,-11.578469778999931],[-37.36265458499997,-11.555221250999978],[-37.39195830099993,-11.54186135699996],[-37.50361703899995,-11.532500612999968],[-37.60240104099995,-11.553683580999973],[-37.72421251499998,-11.529492157999925],[-37.81514615999998,-11.490965332999963],[-37.83942524099996,-11.451394604999962],[-37.92175845199995,-11.43050154599996],[-37.95075882599997,-11.20886440199996],[-38.04610726299995,-11.118051665999928],[-38.06724873899998,-11.055684059999976],[-38.10506351499998,-11.022367762999977],[-38.160446444999934,-10.93232098599998],[-38.18000276899994,-10.731439989999956],[-38.16398851399998,-10.70177053599997],[-38.11852594099997,-10.693455866999955],[-38.07616894199998,-10.728244484999948],[-38.00598533099998,-10.692654385999958],[-37.95745501199997,-10.724450527999977],[-37.88796510199995,-10.737112168999943],[-37.77462732199996,-10.677565630999936],[-37.758309734999955,-10.517123630999947],[-37.78172291299995,-10.411321493999935],[-37.75779119099997,-10.348000902999956],[-37.707091341999956,-10.291316311999935],[-37.71262278299997,-10.153131850999955],[-37.75432743999994,-10.102913354999941],[-37.77614723199997,-10.034321015999978],[-37.86015016099998,-10.01491206299994],[-37.927034438999954,-9.953235867999979],[-37.94746055899998,-9.812029434999943],[-37.999309325999945,-9.772050390999937],[-37.99085572399997,-9.696144176999951],[-37.94005322099997,-9.65671565599996],[-37.95051089499998,-9.629739147999942],[-37.997618657999965,-9.594784137999966],[-37.943492824999964,-9.550354261999928],[-37.943179862999955,-9.513462851999975],[-37.98997194899994,-9.495221105999974],[-38.01312440899994,-9.46694298899996],[-38.16727001199996,-9.45814603499997],[-38.17631534699996,-9.35562084999998],[-38.21962407399997,-9.202258172999962],[-38.27244237999997,-9.13382484999994],[-38.24849353099995,-9.034827333999942],[-38.26389063299996,-9.022498738999957],[-38.377085791999946,-9.058668931999932],[-38.43164360099996,-9.04349966899997],[-38.44468071399996,-8.995388453999965],[-38.43051784299996,-8.891757544999962],[-38.46005370299997,-8.833591053999953],[-38.490873438999984,-8.833790477999969],[-38.54101231699997,-8.864711862999968],[-38.57294045699996,-8.981083715999944],[-38.60131830299997,-9.003502466999976],[-38.65025708699994,-8.890874512999972],[-38.749886404999984,-8.84076979799994],[-38.92434646899994,-8.816529770999978],[-39.076514422999935,-8.72704379299995],[-39.17045472299998,-8.70177936999994],[-39.341033796999966,-8.569587637999973],[-39.38917294899994,-8.609645829999977],[-39.45754690399997,-8.622853364999969],[-39.507177679999984,-8.653728440999942],[-39.65087460999996,-8.66773834299994],[-39.66655150199995,-8.685842738999952],[-39.690912916999935,-8.813904467999976],[-39.88266070199995,-8.849961920999931],[-39.85287478999993,-8.902529409999943],[-39.837817282999936,-9.00820725099993],[-39.98231357499998,-9.061747650999962],[-40.07978650599995,-9.121495422999942],[-40.15622188599997,-9.111592370999972],[-40.20343538599997,-9.060181730999943],[-40.22976951099997,-9.067673053999954],[-40.25807420599995,-9.156940997999925],[-40.247051806999934,-9.229160687999979],[-40.29079609399997,-9.306469899999968],[-40.31158558699997,-9.389105857999937],[-40.49346358399998,-9.453535164999948],[-40.55077378899995,-9.508007652999936],[-40.692854463999936,-9.484185233999938],[-40.685381837999955,-9.317201257999955],[-40.649907336999945,-9.246764190999954],[-40.65572106899998,-9.202704659999938],[-40.79071962399996,-9.108796575999975],[-40.811046225999974,-8.976404786999979],[-40.85856781099994,-8.941224997999939],[-40.87767796299994,-8.890356789999942],[-40.93185861899997,-8.83480442399997],[-41.08681300699993,-8.814181540999925],[-41.12536767199998,-8.71105012299995],[-41.21777358199995,-8.723400872999946],[-41.27831373199996,-8.761662015999946],[-41.360673373524875,-8.774111586907273]]]}},{"type":"Feature","properties":{"adm0_a3":"BRA","shape_name":"Mato Grosso","ihme_name":"Mato Grosso"},"geometry":{"type":"Polygon","coordinates":[[[-58.40131049599995,-8.76891420499993],[-61.524993120999966,-8.758158016999971],[-61.52770822799994,-8.779235958999948],[-61.474272216999964,-8.82440917699995],[-61.47471835299996,-8.874370219999946],[-61.53125467799998,-8.982885980999981],[-61.54254676499994,-9.171982406999973],[-61.59488273799997,-9.225874295999972],[-61.58085836499998,-9.307121752999933],[-61.53544941399997,-9.34826421699995],[-61.590063749999956,-9.417742742999963],[-61.46809678999995,-9.55761681599995],[-61.483624728999985,-9.623801877999938],[-61.52753852799998,-9.685831247999943],[-61.51648658999994,-9.83354924699995],[-61.532897729999945,-9.983150586999955],[-61.58303494699999,-10.009969811999952],[-61.59062999699995,-10.039360121999948],[-61.57516618899996,-10.153694067999936],[-61.588806476999935,-10.213945315999979],[-61.48896503599997,-10.309627254999953],[-61.479944011999976,-10.341258316999927],[-61.47403268199997,-10.750617658999943],[-61.53043134999996,-10.809600109999963],[-61.52798450999995,-10.914171186999965],[-61.50073833099998,-10.924469293999948],[-60.48361044699993,-10.924165182999957],[-60.46264248299997,-10.934121840999978],[-60.450961760999974,-10.993374512999935],[-60.410447362999946,-11.006254498999965],[-60.389262765999945,-11.035157322999964],[-60.24651563899994,-11.04918827299997],[-60.204791686999954,-11.095640325999966],[-60.12644989199998,-11.037502076999942],[-60.07798189699997,-11.048269828999935],[-60.00660919999996,-11.116687371999944],[-59.97991106599994,-11.195118969999953],[-59.94196236199997,-11.239186329999939],[-59.917222254999956,-11.301327858999969],[-59.950673707999954,-11.41664082699998],[-60.10531911199996,-11.550706547999937],[-60.10705841399994,-11.836786310999969],[-60.09698885199998,-11.857465412999943],[-59.994226536999975,-11.871318730999974],[-59.98586703799998,-11.927740980999943],[-59.938306756999964,-12.033796431999974],[-59.88227719199995,-12.106550049999953],[-59.86229530299994,-12.22718051299995],[-59.78312317799998,-12.291000752999935],[-59.77638961799994,-12.327306275999945],[-59.82798049499996,-12.439029106999953],[-59.95688682799994,-12.467430117999982],[-60.02838331399994,-12.554620580999938],[-60.060324925999964,-12.854742337999937],[-60.11310209599998,-12.921773034999944],[-60.17810597499994,-12.935378627999967],[-60.23657693999996,-13.030976777999967],[-60.27307712199996,-13.058106666999947],[-60.34422121799997,-13.294096271999933],[-60.39525867799995,-13.319093836999969],[-60.403654029999984,-13.431625468999982],[-60.55043271699998,-13.501481759999933],[-60.59261260999995,-13.54512841199994],[-60.655557071999965,-13.565418345999944],[-60.67195418599994,-13.639828362999936],[-60.66632715199995,-13.682823004999932],[-60.62448753999996,-13.707992329999968],[-60.58927455799994,-13.758578621999959],[-60.52367985099994,-13.751727787999926],[-60.49258162399997,-13.848397812999963],[-60.46286978499995,-13.86857281999994],[-60.420226240999966,-13.953189871999939],[-60.42128679299998,-14.012536147999981],[-60.45458691199997,-14.042210103999935],[-60.46238538299997,-14.114367184999935],[-60.49159695399999,-14.170845687999929],[-60.468062145999966,-14.20682738399995],[-60.44833731899996,-14.29771778299994],[-60.41021532099995,-14.326380148999931],[-60.41407914299998,-14.402086531999942],[-60.36408448099996,-14.457960641999932],[-60.358093647999965,-14.58190009499998],[-60.302972342999965,-14.64991364499997],[-60.248678696999946,-14.855197545999943],[-60.26177139699996,-14.909102278999967],[-60.246497,-14.956912416999955],[-60.273173663999955,-15.064292198999965],[-60.497843598999964,-15.068968044999963],[-60.51650971399994,-15.10378779499996],[-60.49196303399998,-15.175327804999938],[-60.30161749699994,-15.395645635999927],[-60.27673819599994,-15.457844024999929],[-60.228543197999954,-15.49240617299995],[-60.21132052799999,-15.542328505999933],[-60.224256010999966,-15.636160899999936],[-60.216942582999934,-15.663445511999953],[-60.18930313299995,-15.682543521999946],[-60.20139415299997,-15.729738967999936],[-60.17160267799994,-15.848479869999949],[-60.16194948599997,-16.242174382999963],[-59.74822554799994,-16.252081226999962],[-59.69679613599993,-16.26899205999996],[-59.50813153699994,-16.271262055999955],[-59.444559348999974,-16.289117403999967],[-59.279497410999966,-16.288606839999943],[-59.228186566999966,-16.274532939999972],[-59.08315590099994,-16.307594880999943],[-58.96554396799996,-16.296404155999937],[-58.84374839299994,-16.32674229199995],[-58.74865349099997,-16.308304389999932],[-58.51868958899996,-16.308125664999977],[-58.45089040099998,-16.34582003199995],[-58.416611956999986,-16.338459430999933],[-58.40248107899998,-16.298573902999976],[-58.38291303999995,-16.302962932999947],[-58.35236914999996,-16.34178801099995],[-58.35129896899997,-16.488905605999946],[-58.36158240299994,-16.509558028999948],[-58.40223820999995,-16.52127160999993],[-58.400624275999974,-16.617285109999955],[-58.465843477999954,-16.69544720099998],[-58.46830178399995,-17.005169428999977],[-58.46109001199994,-17.03031778299993],[-58.39402426699996,-17.062586334999935],[-58.387724067999955,-17.172358587999952],[-58.31546788899993,-17.25093510599993],[-58.30842773599994,-17.36215668799997],[-58.18505214099997,-17.377095143999952],[-58.10933429099998,-17.458564941999953],[-58.06584571899998,-17.472933934999958],[-58.043236271999945,-17.519083912999974],[-57.86439987799997,-17.503686045999928],[-57.796726870999976,-17.570442270999933],[-57.73163437299996,-17.564490596999974],[-57.67827747899997,-17.629560049999952],[-57.652085891999945,-17.738561103999928],[-57.45156303999994,-17.91036811999993],[-57.39684153999997,-17.866562762999934],[-57.327864000999966,-17.845242364999933],[-57.27524909599998,-17.809081789999937],[-57.089094011999975,-17.78470269999997],[-56.99589361599993,-17.690980588999935],[-56.96785905999997,-17.585766802999956],[-56.90926694099994,-17.53092873099996],[-56.84634184599997,-17.50328293499996],[-56.71656401299998,-17.341665702999933],[-56.53340350299993,-17.353789120999977],[-56.50748812399996,-17.349087361999977],[-56.48436015799996,-17.322128670999973],[-56.42468633899995,-17.351355180999974],[-56.38730890099998,-17.311041263999982],[-56.294661135999945,-17.28541955399993],[-56.25664614799996,-17.233184879999953],[-56.14372763999995,-17.18173130599996],[-56.03887676399995,-17.197371335999946],[-55.986356968999985,-17.23162463099993],[-55.94325937299993,-17.291563371999928],[-55.821573813999976,-17.304705771999977],[-55.772888500999954,-17.345008734999965],[-55.66054593499996,-17.35812015299996],[-55.59486998299997,-17.39845543399997],[-55.56285279999997,-17.456321858999956],[-55.37414732299993,-17.532146514999965],[-55.22045395799995,-17.62499653699996],[-54.827241206999986,-17.638265443999956],[-54.743585165999946,-17.531590406999953],[-54.60668738199996,-17.512693970999976],[-54.56757849099995,-17.474629525999944],[-54.50549491999993,-17.46470530499994],[-54.400277236999955,-17.593412198999943],[-54.382913418999976,-17.68290690899994],[-54.35231160099994,-17.70773321799993],[-54.28191930899993,-17.64515176599997],[-54.089485803999935,-17.620131799999967],[-54.05053983299996,-17.567203112999948],[-54.024712360999956,-17.47853930499997],[-53.937063542999965,-17.456083143999933],[-53.878676481999946,-17.420227298999976],[-53.760945266999954,-17.29131469999993],[-53.72603623699996,-17.22514567299993],[-53.699612179999974,-17.267797134999967],[-53.71607536899995,-17.64889858099997],[-53.73387097899996,-17.663536981999982],[-53.872617307999974,-17.68672275299997],[-53.94707385099997,-17.83682562299998],[-53.99897727999996,-17.87400518399994],[-53.991769190999946,-17.89602154299996],[-53.894811613999934,-17.924575389999973],[-53.836708975999954,-17.979601645999935],[-53.79730872099998,-18.04546292599997],[-53.717381193999984,-18.02979309999995],[-53.66220208899995,-17.97260816399995],[-53.62652439799996,-18.044606140999974],[-53.50554592399993,-18.03619226199993],[-53.482027485999936,-18.02434169399993],[-53.45146324499996,-17.967101510999953],[-53.38622256599996,-18.03409763899998],[-53.06936130999998,-18.072273284999937],[-53.071596402999944,-17.98840253299994],[-53.11112014899993,-17.915134230999968],[-53.13213528199998,-17.832210375999978],[-53.22784209699995,-17.72254911799996],[-53.24521808399999,-17.463531410999963],[-53.17976411099994,-17.39759416299995],[-53.23438625399996,-17.334646515999964],[-53.19502433699995,-17.30410524399997],[-53.16218074799997,-17.19516153799998],[-53.07498987499997,-17.113146695999944],[-53.06406695599998,-16.991987372999972],[-53.038849906999985,-16.916021601999944],[-52.96295913999995,-16.895311410999966],[-52.880704425999966,-16.808568864999927],[-52.79608097499994,-16.769325295999977],[-52.78458774699993,-16.692443584999978],[-52.73588781299998,-16.67173156499996],[-52.72332636999994,-16.610043128999962],[-52.60344058499993,-16.55472734899996],[-52.59271710199994,-16.456939443999943],[-52.66638029099994,-16.41400674399995],[-52.674363049999954,-16.28750359999998],[-52.56770615399995,-16.258541864999927],[-52.53903964999995,-16.167048824999938],[-52.45353440499997,-16.148843944999953],[-52.40460063699993,-16.104399288999957],[-52.32547874699998,-16.092738173999976],[-52.31319852099995,-16.01543718299996],[-52.272600917999966,-15.97262516799998],[-52.24273355299994,-15.903024131999928],[-52.14552602499998,-15.909940234999965],[-51.986721700999965,-15.866352828999936],[-51.846069892999935,-15.752254811999933],[-51.782570368999984,-15.631582880999929],[-51.77850314199998,-15.546318742999972],[-51.71862825499994,-15.544667341999968],[-51.711783717999936,-15.323051795999959],[-51.66264817899997,-15.303216737999946],[-51.64344946399996,-15.212296088999949],[-51.46922661199994,-15.043579050999938],[-51.38183659099997,-15.018940064999981],[-51.34182691799998,-14.976621029999933],[-51.306019713999945,-15.04396401699995],[-51.16957863199997,-15.025434019999977],[-51.08139086099993,-14.90238366999995],[-51.09446695799994,-14.751960007999969],[-51.04477771099994,-14.711877869999967],[-51.02364505699995,-14.593678392999948],[-50.984991771999944,-14.542859044999943],[-50.97221176099998,-14.487009781999973],[-50.973683059999985,-14.445269817999929],[-51.03001118099996,-14.405440410999972],[-50.98666771999996,-14.372129477999977],[-50.96535030499996,-14.259015516999966],[-50.93064309799996,-14.224686883999937],[-50.909163382999964,-14.151510977999976],[-50.86385909099994,-14.092776784999955],[-50.84894179499997,-13.708518013999935],[-50.80514108999995,-13.662933799999962],[-50.78616024099995,-13.55539250499993],[-50.69424374799996,-13.487243577999948],[-50.67209426199997,-13.400309291999974],[-50.63109289999994,-13.364209528999936],[-50.61548404499996,-13.271856167999942],[-50.565370824999945,-13.23261009099997],[-50.622579678999955,-13.166587060999973],[-50.568843656999945,-13.072053581999967],[-50.560395820999986,-12.97690098399994],[-50.50701953599997,-12.92827161699995],[-50.510018093999975,-12.843373333999978],[-50.619201514999986,-12.823657466999975],[-50.646006857999964,-12.696116692999965],[-50.68056914599998,-12.660815605999971],[-50.681070887999965,-12.47639007999993],[-50.64431167099997,-12.432196164999937],[-50.64351118099995,-12.307016388999955],[-50.67137078899998,-12.22771454499997],[-50.68814003499995,-12.005219556999975],[-50.66569720799998,-11.89074018399998],[-50.72333109199997,-11.807176310999978],[-50.74331463899995,-11.739655683999956],[-50.74154800399998,-11.70870808899997],[-50.695110513999964,-11.67662770499993],[-50.678818648999936,-11.631890261999956],[-50.68363326599996,-11.60984485199998],[-50.731956630999946,-11.566418236999937],[-50.74711741699997,-11.346832549999931],[-50.739183744999934,-11.322799216999954],[-50.691362262999974,-11.285077678999926],[-50.67418343899993,-11.16162821499995],[-50.652766328999974,-11.113150012999938],[-50.63409216399998,-10.817221811999957],[-50.58585686799995,-10.758131606999939],[-50.595459474999984,-10.652536018999967],[-50.535714965999944,-10.563748],[-50.51424164499997,-10.434955311999943],[-50.41679116499995,-10.301932346999934],[-50.39726639699995,-10.116035152999928],[-50.30286663199996,-10.024376988999961],[-50.28188031099995,-9.909239088999925],[-50.241205898999965,-9.854469367999968],[-50.730397,-9.80118364699996],[-51.47634473199997,-9.790901178999945],[-51.49443487299993,-9.783734325999944],[-51.49568235199996,-9.75586203399996],[-51.62298759099997,-9.734386873999938],[-51.66687587699994,-9.738568227999963],[-51.699983302999954,-9.769180568999957],[-51.74175496399994,-9.734701806999965],[-52.47235237999996,-9.675131577999935],[-52.55877007999993,-9.648513169999944],[-53.16919562099997,-9.634623741999974],[-54.065277039999955,-9.532936293999967],[-54.783476976999964,-9.512314284999945],[-55.050376523999944,-9.467604594999955],[-56.16581331899994,-9.397637814999939],[-56.239673643999936,-9.359341404999952],[-56.730881211999986,-9.36717368899997],[-56.748816001999955,-9.355457543999933],[-56.792029593999985,-9.255675506999978],[-56.87357167299996,-9.181484687999955],[-57.02907687199996,-9.160821858999952],[-57.06144823499994,-9.059947330999933],[-57.18854774399995,-8.908393320999949],[-57.29904527599996,-8.875297429999932],[-57.48726340899998,-8.732369129999938],[-57.59708568299993,-8.694764947999943],[-57.61232940899998,-8.529711972999962],[-57.655141825999976,-8.481145958999946],[-57.66299807699994,-8.447723335999967],[-57.67226915599997,-8.249155494999968],[-57.64260184799997,-8.185988923999957],[-57.673487430999955,-8.140380697999944],[-57.721511032999956,-8.124026065999942],[-57.737630251999974,-8.05421322899997],[-57.82996269299997,-7.936464608999927],[-57.85249503099993,-7.819849687999977],[-57.88933583499994,-7.75011466899997],[-57.91041423499996,-7.652784747999931],[-57.95208996499997,-7.609711859999948],[-57.971807686999966,-7.524591294999937],[-58.037037717999965,-7.392301353999926],[-58.08463481499996,-7.326069428999972],[-58.11644912299994,-7.309258115999967],[-58.16329139399994,-7.339374474999943],[-58.222762770999964,-7.468829313999947],[-58.17741773299997,-7.551772940999967],[-58.34897582299993,-7.78550155399995],[-58.340393276999976,-7.91607808699996],[-58.28841069899994,-7.967433426999946],[-58.29709861599997,-8.28342448099994],[-58.30515097399996,-8.315443856999934],[-58.34228552899998,-8.342391301999953],[-58.41129573999996,-8.44640876799997],[-58.40129104699997,-8.634125461999929],[-58.33328161899993,-8.671465601999955],[-58.34511919999994,-8.716102380999928],[-58.40131049599995,-8.76891420499993]]]}},{"type":"Feature","properties":{"adm0_a3":"BRA","shape_name":"Goias","ihme_name":"Goi\u00e1s"},"geometry":{"type":"Polygon","coordinates":[[[-46.333585936920485,-12.983758131584137],[-46.363441000999956,-12.967086881999933],[-46.37463062899997,-12.874562236999964],[-46.393807713999934,-12.854599421999978],[-46.42761478699998,-12.979260483999951],[-46.741650826999944,-12.991623791999928],[-47.08131017399995,-13.172142608999934],[-47.24941215599995,-13.20627879999995],[-47.29787528999998,-13.257122426999956],[-47.47310409499994,-13.243576693999955],[-47.58555290999993,-13.13412864999998],[-47.66588361799995,-13.146494268999959],[-47.68290248699998,-13.173585281999976],[-47.667018533999965,-13.412400186999946],[-47.701819703999945,-13.440576867999937],[-47.77555828799996,-13.392316114999971],[-47.81326670399994,-13.314872850999961],[-48.049360889999946,-13.292311396999935],[-48.09288313999997,-13.308047752999926],[-48.16968982199995,-13.306785094999952],[-48.18379280999994,-13.284352673999933],[-48.18650402499998,-13.208738556999947],[-48.203805616999944,-13.195240396999964],[-48.29044480899995,-13.198819045999926],[-48.31633507599997,-13.24904253799997],[-48.46694394599996,-13.267116051999949],[-48.483789627999954,-13.143526153999971],[-48.51060280199994,-13.147347621999927],[-48.52692610899993,-13.19080646499998],[-48.56732486699997,-13.189002399999936],[-48.58157319299994,-13.08764432299995],[-48.62174382699993,-13.075420720999944],[-48.64361242599995,-13.028029725999943],[-48.757988643999965,-13.013165116999971],[-48.78047616899994,-12.93038138199995],[-48.821437368999966,-12.856825607999951],[-48.934371804999955,-12.931704407999973],[-48.99545715399995,-12.940751190999947],[-49.061910273999956,-12.904663135999954],[-49.103406716999984,-12.844341375999932],[-49.133916202999956,-12.836585191999973],[-49.18318893999998,-12.859912527999938],[-49.247311654999976,-12.925597464999953],[-49.26554208999994,-13.002695155999959],[-49.30624881199998,-13.039583070999981],[-49.36353859999997,-13.146418444999938],[-49.380970995999974,-13.27278498499993],[-49.39712791399995,-13.290688358999944],[-49.463002426999935,-13.264186132999953],[-49.60279577899996,-13.143017043999976],[-49.93490099599995,-12.98061450199998],[-50.02747856599996,-12.912735583999961],[-50.07756273699994,-12.891690349999976],[-50.21804348899997,-12.888051942999937],[-50.24836820399997,-12.83623649599997],[-50.34441422499998,-12.826547153999968],[-50.34650543099997,-12.787379457999975],[-50.29314443399994,-12.756874959999948],[-50.28719310399998,-12.63456014999997],[-50.234362792999946,-12.604441907999956],[-50.23553845299995,-12.466215981999937],[-50.28051600699996,-12.45612196199994],[-50.29936474999994,-12.501946411999938],[-50.342816813999946,-12.516996222999978],[-50.35503920599996,-12.57543898199998],[-50.46262376999994,-12.672449281999945],[-50.47186279299996,-12.729111322999927],[-50.50452505599998,-12.773384373999932],[-50.50953477199994,-12.93803130699996],[-50.560395820999986,-12.97690098399994],[-50.568843656999945,-13.072053581999967],[-50.622579678999955,-13.166587060999973],[-50.565370824999945,-13.23261009099997],[-50.61548404499996,-13.271856167999942],[-50.63109289999994,-13.364209528999936],[-50.67209426199997,-13.400309291999974],[-50.69424374799996,-13.487243577999948],[-50.78616024099995,-13.55539250499993],[-50.80514108999995,-13.662933799999962],[-50.84894179499997,-13.708518013999935],[-50.86385909099994,-14.092776784999955],[-50.909163382999964,-14.151510977999976],[-50.93064309799996,-14.224686883999937],[-50.96535030499996,-14.259015516999966],[-50.98666771999996,-14.372129477999977],[-51.03001118099996,-14.405440410999972],[-50.973683059999985,-14.445269817999929],[-50.97221176099998,-14.487009781999973],[-50.984991771999944,-14.542859044999943],[-51.02364505699995,-14.593678392999948],[-51.04477771099994,-14.711877869999967],[-51.09446695799994,-14.751960007999969],[-51.08139086099993,-14.90238366999995],[-51.16957863199997,-15.025434019999977],[-51.306019713999945,-15.04396401699995],[-51.34182691799998,-14.976621029999933],[-51.38183659099997,-15.018940064999981],[-51.46922661199994,-15.043579050999938],[-51.64344946399996,-15.212296088999949],[-51.66264817899997,-15.303216737999946],[-51.711783717999936,-15.323051795999959],[-51.71862825499994,-15.544667341999968],[-51.77850314199998,-15.546318742999972],[-51.782570368999984,-15.631582880999929],[-51.846069892999935,-15.752254811999933],[-51.986721700999965,-15.866352828999936],[-52.14552602499998,-15.909940234999965],[-52.24273355299994,-15.903024131999928],[-52.272600917999966,-15.97262516799998],[-52.31319852099995,-16.01543718299996],[-52.32547874699998,-16.092738173999976],[-52.40460063699993,-16.104399288999957],[-52.45353440499997,-16.148843944999953],[-52.53903964999995,-16.167048824999938],[-52.56770615399995,-16.258541864999927],[-52.66862867799995,-16.28086443099994],[-52.66638029099994,-16.41400674399995],[-52.59271710199994,-16.456939443999943],[-52.60344058499993,-16.55472734899996],[-52.72332636999994,-16.610043128999962],[-52.73588781299998,-16.67173156499996],[-52.78458774699993,-16.692443584999978],[-52.79608097499994,-16.769325295999977],[-52.880704425999966,-16.808568864999927],[-52.96295913999995,-16.895311410999966],[-53.038849906999985,-16.916021601999944],[-53.06406695599998,-16.991987372999972],[-53.07498987499997,-17.113146695999944],[-53.16218074799997,-17.19516153799998],[-53.19502433699995,-17.30410524399997],[-53.23306381599997,-17.331564036999964],[-53.17976411099994,-17.39759416299995],[-53.24521808399999,-17.463531410999963],[-53.22784209699995,-17.72254911799996],[-53.13466309399996,-17.827300771999944],[-53.067811406999965,-18.011041515999977],[-53.067801358999986,-18.08944785999995],[-53.127309787999934,-18.150463598999977],[-53.10815137499998,-18.350896473999967],[-53.043449442999986,-18.36582289499995],[-53.00643830599995,-18.32087701399996],[-52.970116539999935,-18.31378337999996],[-52.80479871099993,-18.32782559599997],[-52.78404250099993,-18.343329104999953],[-52.80394616299998,-18.45418945499995],[-52.89556625399996,-18.485531698999978],[-52.91817820399996,-18.543436614999962],[-52.963104518999955,-18.576673967999966],[-52.95766390699998,-18.600342027999943],[-52.88446450099997,-18.664490223999962],[-52.75537665599995,-18.724258652999936],[-52.64908951599995,-18.719840123999973],[-52.52969045799995,-18.674417623999943],[-52.50861764199993,-18.719292184999972],[-52.46292368899998,-18.73700730799993],[-52.45008921599998,-18.774996660999932],[-52.40681441899994,-18.78942430199993],[-52.381972588999986,-18.845682257999954],[-52.20395317599997,-18.874645183999974],[-52.140973635999956,-18.917319627999973],[-52.09458739099995,-18.985395705999963],[-52.057551874999945,-19.011217659999943],[-51.90876406599995,-19.032595878999928],[-51.822742474999984,-19.102951367999935],[-51.713719872999945,-19.129327219999936],[-51.637650366999935,-19.186984131999964],[-51.43837146299995,-19.19064175999995],[-51.416059082999936,-19.23649032399993],[-51.33683073299994,-19.24804852099993],[-51.31521984099993,-19.294586537999976],[-51.170400090999976,-19.29998],[-51.13945985699996,-19.349597415999938],[-51.04386872799995,-19.358246105999967],[-51.02528081099996,-19.401747188999934],[-50.979200736999985,-19.419009321999965],[-50.96998524999998,-19.511161062999975],[-50.93466125803028,-19.521027133718896],[-50.87958984199997,-19.506062483999926],[-50.894706879999944,-19.438037289999954],[-50.86993529199998,-19.348319532999938],[-50.748518797999964,-19.199818482999945],[-50.620011715999965,-19.179083109999965],[-50.587530872999935,-19.12274902699994],[-50.55794775099997,-19.103553232999957],[-50.53920013599998,-18.991784992999953],[-50.49445294599997,-18.94704706699997],[-50.47745283299997,-18.871176656999978],[-50.39653027299994,-18.816487395999957],[-50.35373727699994,-18.73562121699996],[-50.26659223099995,-18.718914876999975],[-50.194019207999986,-18.67773617199998],[-50.09785777899998,-18.664007881999964],[-50.06075873599997,-18.62493371299996],[-50.029142054999966,-18.61818210399997],[-50.001994267999976,-18.623109651999982],[-49.947546227999965,-18.66884721699995],[-49.82350073199996,-18.66487229699993],[-49.78904492899994,-18.624238486999957],[-49.70151864799993,-18.607662019999964],[-49.67196734699996,-18.568676336999943],[-49.58026496799994,-18.54915429199997],[-49.55287031299997,-18.505724682999983],[-49.521838635999984,-18.513624209999932],[-49.46461154899998,-18.59948794899998],[-49.445438079999974,-18.662744439999926],[-49.422836994999955,-18.67088285799997],[-49.20795098399998,-18.45980499199993],[-49.049522543999956,-18.443000671999982],[-49.03779071399998,-18.38578406199997],[-49.00748080999995,-18.360675985999933],[-48.99688610199996,-18.326146490999975],[-48.97269310599995,-18.31936265199994],[-48.88230446799997,-18.322088073999964],[-48.86006300299994,-18.36857231999994],[-48.82478414399998,-18.375886890999936],[-48.67218670899996,-18.373988619999977],[-48.644761491999986,-18.32591760899993],[-48.61354837999994,-18.320692303999977],[-48.57409910999996,-18.37402552599997],[-48.203611008999985,-18.37639669699996],[-48.18861076899998,-18.38522040099997],[-48.17459354199997,-18.44491082099995],[-48.03877492999993,-18.453691839999976],[-48.02077951999996,-18.49840878699996],[-47.950584283999945,-18.504291404999947],[-47.88763043199998,-18.45495509999995],[-47.82585303199994,-18.436916655999937],[-47.79713628899998,-18.38456944899997],[-47.71226797799994,-18.366397235999955],[-47.646088791999944,-18.284446654999954],[-47.54915717499995,-18.220278448999977],[-47.475646393999966,-18.17727677199997],[-47.413709660999984,-18.16647969299993],[-47.39266382699998,-18.120441322999966],[-47.31217487999993,-18.10924018999998],[-47.30903807599998,-18.06938036599996],[-47.35816041199996,-18.019454407999945],[-47.36665021799996,-17.94948999099995],[-47.39929496899998,-17.919970904999957],[-47.404637081999965,-17.871676254999954],[-47.39927050999995,-17.82924294199995],[-47.36650499599995,-17.799529649999954],[-47.36181185299995,-17.721779996999942],[-47.308426234999956,-17.692949994999935],[-47.30831794699998,-17.61015030599998],[-47.35916669899996,-17.58506702799997],[-47.37522840499997,-17.544200699999976],[-47.49420869499994,-17.533301464999965],[-47.50673044499996,-17.49488090899996],[-47.55590643099998,-17.473840605999953],[-47.56080058699996,-17.445162332999928],[-47.553423444999964,-17.416695668999978],[-47.449634111999956,-17.365848597999957],[-47.437188085999935,-17.26603107699998],[-47.34052311999994,-17.15850606999993],[-47.293803983999965,-17.141942881999967],[-47.20847057599997,-17.06548335699995],[-47.194046517999936,-17.032199179999964],[-47.19294850999995,-16.96348963199995],[-47.218292658999985,-16.91009484999995],[-47.247945276999985,-16.75830777599998],[-47.442546799999946,-16.54495873199994],[-47.43838638099993,-16.392993640999975],[-47.388209647999986,-16.373284915999932],[-47.373697009999944,-16.310617176999926],[-47.347950036999976,-16.277230732999953],[-47.34307583699996,-16.05932934499998],[-47.23880036199995,-16.041095370999926],[-47.217541824999955,-15.993939117999957],[-47.09187291499995,-15.973239598999953],[-47.03819184399998,-15.941280613999936],[-46.86881970199994,-15.896885883999971],[-46.82700310299998,-15.870442493999974],[-46.81596677099998,-15.809248449999927],[-46.862732309999956,-15.741687792999926],[-46.882199800999956,-15.673163259999967],[-46.92541153299993,-15.625596582999947],[-46.93356506599997,-15.58759823899993],[-46.92956732099998,-15.449148056999945],[-46.88361137499993,-15.407028503999982],[-46.87355061899996,-15.268233160999955],[-46.93158514999993,-15.208330259999968],[-46.93868812499994,-15.100629869999977],[-46.91958736399994,-15.061205137999934],[-46.87052515399995,-15.01970314099998],[-46.78647925699994,-15.00934112799996],[-46.74025680699998,-15.061348333999945],[-46.540543337999964,-15.068828705999977],[-46.52617135599996,-14.890649176999943],[-46.54247687499998,-14.81896786699997],[-46.523171126999955,-14.76052357499998],[-46.50039651299994,-14.747326690999955],[-46.41559900499993,-14.754013207999947],[-46.40076798499996,-14.796572018999939],[-46.357093007999936,-14.810978194999961],[-46.317798954999944,-14.84838409699995],[-46.307234362999964,-14.928194558999962],[-46.28422742199996,-14.94675763999993],[-46.21483299799996,-14.953279577999979],[-46.16010929699996,-14.937390411999957],[-46.08400534499998,-14.947935116999929],[-46.07029051699993,-14.88681060099998],[-46.01963497599996,-14.860256913999933],[-46.017688663999934,-14.608076805999929],[-46.000427410999976,-14.54994492399993],[-46.01897159499998,-14.46587894199996],[-45.90031833399996,-14.355748250999966],[-45.97599903099996,-14.304199705999963],[-46.06733066099997,-14.277227184999958],[-46.24802934199994,-14.077150901999971],[-46.23766067199995,-14.028818366999928],[-46.26725064499993,-13.803650471999958],[-46.245371374999934,-13.676357476999954],[-46.19395458399998,-13.61456216099998],[-46.24500077999994,-13.566929782999978],[-46.25684392399995,-13.449567662999982],[-46.181286270999976,-13.378679012999953],[-46.08759548799998,-13.352225075999968],[-46.07557527999995,-13.327166939999927],[-46.23112920899996,-13.305785603999936],[-46.26927913099996,-13.377044935999947],[-46.29866707799994,-13.381875609999952],[-46.31456556499995,-13.062032405999958],[-46.20355611999997,-13.024371935999966],[-46.23553788399994,-12.991938837999953],[-46.333585936920485,-12.983758131584137]],[[-48.19070227699996,-15.537391256999967],[-47.43550290899998,-15.54591727899998],[-47.32481828999994,-15.610777521999978],[-47.33007848899996,-15.810057226999959],[-47.37724901099995,-15.857928278999964],[-47.39509072799996,-16.034753128999967],[-48.23784736899995,-16.045345709999935],[-48.26525507799994,-16.033972095999957],[-48.270245504999934,-16.01342456699996],[-48.24682819299994,-15.970803929999931],[-48.28369644299994,-15.884515358999977],[-48.24499108499998,-15.787394228999972],[-48.239959313999975,-15.651867917999937],[-48.19070227699996,-15.537391256999967]]]}},{"type":"Feature","properties":{"adm0_a3":"BRA","shape_name":"Distrito Federal","ihme_name":"Distrito Federal"},"geometry":{"type":"Polygon","coordinates":[[[-47.43550290899998,-15.54591727899998],[-48.19070227699996,-15.537391256999967],[-48.239959313999975,-15.651867917999937],[-48.24499108499998,-15.787394228999972],[-48.28369644299994,-15.884515358999977],[-48.24682819299994,-15.970803929999931],[-48.270245504999934,-16.01342456699996],[-48.26525507799994,-16.033972095999957],[-48.23784736899995,-16.045345709999935],[-47.39509072799996,-16.034753128999967],[-47.37724901099995,-15.857928278999964],[-47.33007848899996,-15.810057226999959],[-47.32481828999994,-15.610777521999978],[-47.43550290899998,-15.54591727899998]]]}},{"type":"Feature","properties":{"adm0_a3":"BRA","shape_name":"Minas Gerais","ihme_name":"Minas Gerais"},"geometry":{"type":"Polygon","coordinates":[[[-40.27262761299994,-17.96378465199996],[-40.25048168199993,-17.91670109499995],[-40.18673826299994,-17.899239457999954],[-40.20740866299997,-17.75457909599993],[-40.25414541999993,-17.737538306999966],[-40.33294458599994,-17.627089557999966],[-40.427816965999966,-17.598533206999946],[-40.50663052899995,-17.455344959999934],[-40.58067393399995,-17.416838579999933],[-40.597453765999944,-17.328500660999964],[-40.542570480999984,-17.272309611999958],[-40.52763478999998,-17.024686267999982],[-40.49134742799998,-16.911032354999975],[-40.46227277199995,-16.889178552999965],[-40.28060876799998,-16.88685847299996],[-40.248713048999946,-16.86657641299996],[-40.24492971999996,-16.822400785999946],[-40.29654860699998,-16.765368269999954],[-40.301548251999975,-16.717526249999935],[-40.29475081499993,-16.68604883499995],[-40.249330989999976,-16.635959494999952],[-40.23768089899994,-16.56052851399994],[-40.13206149699994,-16.56374827199994],[-40.11931243199996,-16.50090959199997],[-40.02213325499997,-16.407661421999933],[-39.99650900199998,-16.32545344999994],[-39.90921442499996,-16.296935408999957],[-39.879001365999954,-16.212604338999938],[-39.84043034499996,-16.179482699999937],[-39.84238360799998,-16.08653110599994],[-39.90464272099996,-15.984220874999949],[-39.99019585699995,-15.959314362999976],[-40.03047946299995,-15.923124822999966],[-40.10752500099994,-15.90335614999998],[-40.20128107599993,-15.813034756999969],[-40.53870455499998,-15.789442211999926],[-40.589006187999985,-15.737624714999981],[-40.64279766499993,-15.722728686999972],[-40.66248178999996,-15.69323004499995],[-40.78779488699996,-15.672609588999933],[-40.84218404799998,-15.680246526999952],[-40.88155707599998,-15.634630107999953],[-40.91800927999998,-15.638210232999938],[-40.965560308999954,-15.725191111999948],[-41.03546238499996,-15.717034485999932],[-41.056910097999946,-15.780478502999927],[-41.32054157099998,-15.78098986699996],[-41.33551125599996,-15.751215337999952],[-41.33590454199998,-15.520074905999934],[-41.36545199799997,-15.464925009999945],[-41.56394069999993,-15.307780116999936],[-41.60140630899997,-15.257810577999976],[-41.76584359199995,-15.138432862999935],[-41.86583810199994,-15.119906491999927],[-41.923403390999965,-15.172210348999954],[-42.027165588999935,-15.186705596999957],[-42.155929467999954,-15.109598926999979],[-42.22559994599993,-15.126273664999928],[-42.28942488399997,-15.11536312499993],[-42.38742610999998,-15.062238107999974],[-42.42538713599998,-15.022113287999957],[-42.507836881999935,-15.000598642999933],[-42.54775098199997,-14.963121107999939],[-42.679508873999964,-14.935868759999948],[-42.72647791099996,-14.861510007999982],[-42.80071895699996,-14.832029258999967],[-42.915178423999976,-14.744073340999932],[-42.984281675999966,-14.74336961399996],[-43.10430502999998,-14.679419103999976],[-43.30072012099998,-14.668698608999932],[-43.34131521499995,-14.719054692999975],[-43.421393716999944,-14.735943886999962],[-43.458191986999964,-14.776050882999982],[-43.50099064099993,-14.785297852999975],[-43.55373226399996,-14.780029985999931],[-43.623423351999975,-14.733826929999964],[-43.71484476699993,-14.72688119299994],[-43.75036000399996,-14.693674444999942],[-43.842899734999946,-14.687560779999956],[-43.88904814699998,-14.65148923299995],[-43.84332057399996,-14.477606327999979],[-43.79717578999998,-14.401966075999951],[-43.79408043899997,-14.34524265999994],[-43.91452421699995,-14.32020442299995],[-44.002684063999936,-14.277348786999937],[-44.39809605999994,-14.276412469999968],[-44.433108854999944,-14.329288378999934],[-44.55124067299994,-14.337465067999972],[-44.606934201999934,-14.375758319999932],[-44.65780992799995,-14.439548615999968],[-44.76239227699995,-14.451930620999974],[-44.77544438899997,-14.495941320999975],[-44.859386867999945,-14.584914123999965],[-44.873888173999944,-14.627418875999979],[-44.973260821999986,-14.638566905999937],[-44.99170976199997,-14.683319017999963],[-45.03482148399996,-14.698276723999982],[-45.049749572999986,-14.740618683999969],[-45.10949323999995,-14.758600704999935],[-45.194745817999944,-14.748497742999973],[-45.26923215299996,-14.792222489999972],[-45.284203454999954,-14.835356773999933],[-45.324304310999935,-14.859187218999978],[-45.349597502999984,-14.925341555999978],[-45.40460007299998,-14.924154160999933],[-45.464887732999955,-14.954381615999978],[-45.611370946999955,-14.965414305999957],[-45.741856850999966,-15.114886526999953],[-45.82608375799998,-15.134941547999972],[-45.87617203499997,-15.18071129599997],[-45.91693651099996,-15.13209723999995],[-45.94253881999998,-15.125563263999936],[-46.04533863599994,-15.232687965999958],[-46.11990346999994,-15.237748913999951],[-46.13720184999994,-15.183219717999975],[-46.03417510299994,-15.13542193099994],[-45.98513204899996,-15.082098104999943],[-45.96261921099995,-15.035300529999972],[-45.973607974999936,-14.967239910999979],[-46.06262254599994,-14.925482343999931],[-46.100860059999945,-14.953480175999971],[-46.16010929699996,-14.937390411999957],[-46.21483299799996,-14.953279577999979],[-46.28422742199996,-14.94675763999993],[-46.307234362999964,-14.928194558999962],[-46.317798954999944,-14.84838409699995],[-46.357093007999936,-14.810978194999961],[-46.40076798499996,-14.796572018999939],[-46.423532927999986,-14.749608942999942],[-46.50039651299994,-14.747326690999955],[-46.523171126999955,-14.76052357499998],[-46.54247687499998,-14.81896786699997],[-46.52617135599996,-14.890649176999943],[-46.540543337999964,-15.068828705999977],[-46.74025680699998,-15.061348333999945],[-46.78647925699994,-15.00934112799996],[-46.85922091599997,-15.015878764999968],[-46.89415519299996,-15.036414476999937],[-46.93041815199996,-15.074454954999965],[-46.93884644399998,-15.112392762999946],[-46.92666788899993,-15.22330734999997],[-46.87507441099996,-15.25807423599997],[-46.87810897199995,-15.368312341999967],[-46.88839513499994,-15.415391461999945],[-46.92956732099998,-15.449148056999945],[-46.93415427399998,-15.581952013999967],[-46.92541153299993,-15.625596582999947],[-46.882199800999956,-15.673163259999967],[-46.862732309999956,-15.741687792999926],[-46.81596677099998,-15.809248449999927],[-46.82700310299998,-15.870442493999974],[-46.86881970199994,-15.896885883999971],[-47.03819184399998,-15.941280613999936],[-47.09187291499995,-15.973239598999953],[-47.217541824999955,-15.993939117999957],[-47.23880036199995,-16.041095370999926],[-47.33865589499993,-16.051733121999973],[-47.347950036999976,-16.277230732999953],[-47.373697009999944,-16.310617176999926],[-47.388209647999986,-16.373284915999932],[-47.44151176499997,-16.402037234999966],[-47.439104017999966,-16.561663559999943],[-47.38610598799994,-16.597714399999973],[-47.247945276999985,-16.75830777599998],[-47.19104896999994,-16.97450553699997],[-47.20847057599997,-17.06548335699995],[-47.37715153999994,-17.192720619999932],[-47.437188085999935,-17.26603107699998],[-47.44704729199998,-17.36243832899993],[-47.553423444999964,-17.416695668999978],[-47.560176927999976,-17.434825514999943],[-47.55590643099998,-17.473840605999953],[-47.50673044499996,-17.49488090899996],[-47.49420869499994,-17.533301464999965],[-47.37522840499997,-17.544200699999976],[-47.35916669899996,-17.58506702799997],[-47.30831794699998,-17.61015030599998],[-47.308426234999956,-17.692949994999935],[-47.36181185299995,-17.721779996999942],[-47.36650499599995,-17.799529649999954],[-47.39927050999995,-17.82924294199995],[-47.404637081999965,-17.871676254999954],[-47.39929496899998,-17.919970904999957],[-47.36665021799996,-17.94948999099995],[-47.35816041199996,-18.019454407999945],[-47.30903807599998,-18.06938036599996],[-47.31217487999993,-18.10924018999998],[-47.39266382699998,-18.120441322999966],[-47.413709660999984,-18.16647969299993],[-47.475646393999966,-18.17727677199997],[-47.54915717499995,-18.220278448999977],[-47.646088791999944,-18.284446654999954],[-47.71226797799994,-18.366397235999955],[-47.79713628899998,-18.38456944899997],[-47.82585303199994,-18.436916655999937],[-47.88763043199998,-18.45495509999995],[-47.950584283999945,-18.504291404999947],[-48.02077951999996,-18.49840878699996],[-48.03877492999993,-18.453691839999976],[-48.17459354199997,-18.44491082099995],[-48.18861076899998,-18.38522040099997],[-48.203611008999985,-18.37639669699996],[-48.57409910999996,-18.37402552599997],[-48.61354837999994,-18.320692303999977],[-48.644761491999986,-18.32591760899993],[-48.67218670899996,-18.373988619999977],[-48.82478414399998,-18.375886890999936],[-48.86006300299994,-18.36857231999994],[-48.88230446799997,-18.322088073999964],[-48.97269310599995,-18.31936265199994],[-48.99688610199996,-18.326146490999975],[-49.00748080999995,-18.360675985999933],[-49.03779071399998,-18.38578406199997],[-49.049522543999956,-18.443000671999982],[-49.20795098399998,-18.45980499199993],[-49.422836994999955,-18.67088285799997],[-49.445438079999974,-18.662744439999926],[-49.46461154899998,-18.59948794899998],[-49.521838635999984,-18.513624209999932],[-49.55287031299997,-18.505724682999983],[-49.58026496799994,-18.54915429199997],[-49.67196734699996,-18.568676336999943],[-49.70151864799993,-18.607662019999964],[-49.78904492899994,-18.624238486999957],[-49.82350073199996,-18.66487229699993],[-49.947546227999965,-18.66884721699995],[-50.001994267999976,-18.623109651999982],[-50.029142054999966,-18.61818210399997],[-50.06075873599997,-18.62493371299996],[-50.09785777899998,-18.664007881999964],[-50.194019207999986,-18.67773617199998],[-50.26659223099995,-18.718914876999975],[-50.35373727699994,-18.73562121699996],[-50.39653027299994,-18.816487395999957],[-50.47745283299997,-18.871176656999978],[-50.49445294599997,-18.94704706699997],[-50.53920013599998,-18.991784992999953],[-50.55138906099995,-19.08970364199996],[-50.59681040799995,-19.134424760999934],[-50.612694328999964,-19.172878197999978],[-50.748518797999964,-19.199818482999945],[-50.86993529199998,-19.348319532999938],[-50.894706879999944,-19.438037289999954],[-50.87958984199997,-19.506062483999926],[-50.95044768499997,-19.53319596299997],[-50.94427699399995,-19.632631557999957],[-51.040589899999986,-19.674831402999928],[-51.05070734499998,-20.003030284999966],[-51.00565747199994,-20.031692241999963],[-50.89301026499999,-20.02444566799994],[-50.78386598099996,-19.932528434999938],[-50.67396130599997,-19.912030949999973],[-50.57434661499997,-19.80983975399994],[-50.45421313899993,-19.819368537999935],[-50.36723229099994,-19.882744099999968],[-50.17993145999998,-19.916003773999932],[-49.96753153499998,-19.930832902999953],[-49.949806216999946,-19.93902319299997],[-49.92372366799998,-19.995092174999968],[-49.794695744999956,-19.968085970999937],[-49.71532294799994,-20.012332198999957],[-49.68157503899994,-20.013552398999934],[-49.643236585999944,-19.931201959999953],[-49.54516048199997,-19.94291459799996],[-49.495158946999936,-19.988290124999935],[-49.378577861999986,-20.048133310999958],[-49.33250851899993,-19.995895597999947],[-49.27697592499993,-20.012023762999945],[-49.28541754499997,-20.054369436999934],[-49.332600198999955,-20.08335539899997],[-49.34010622699998,-20.105994197999962],[-49.32656789799995,-20.203196617999936],[-49.26639754599995,-20.322896214999957],[-49.20940551599995,-20.332470936999982],[-49.184569317999944,-20.35622837699998],[-49.16730820799995,-20.263487262999945],[-49.107224293999934,-20.16682925999993],[-49.087167937999936,-20.163157943999977],[-49.02356706499995,-20.19814013599995],[-48.99634809999998,-20.431810041999938],[-48.98661497699993,-20.459868144999973],[-48.968709642999954,-20.464923115999966],[-48.92008967099997,-20.45274481299998],[-48.90759919799996,-20.380867973999955],[-48.911803205999945,-20.350336037999966],[-48.95788419699994,-20.30341514299994],[-48.95503758499996,-20.286385026999938],[-48.89013277699996,-20.22585123999994],[-48.784454283999935,-20.181385217999946],[-48.70319857499993,-20.211327583999946],[-48.650447062999945,-20.173744952999982],[-48.60591120699996,-20.163751170999944],[-48.28765668899996,-20.16156368099996],[-48.266746087999934,-20.15195959999994],[-48.254486518999954,-20.113158263999935],[-48.23298139399998,-20.107175300999927],[-48.21147390099998,-20.11316250599998],[-48.18870282599994,-20.15960530199993],[-48.072878112999945,-20.16188428199996],[-48.051939586999936,-20.152187296999955],[-48.039994097999966,-20.094519937999962],[-48.01829939899994,-20.088514550999946],[-47.994041935999974,-20.098006228999964],[-47.98148014199995,-20.156270853999956],[-47.95462132499995,-20.162293742999964],[-47.933337721999976,-20.148977487999957],[-47.92947830999998,-20.070520186999943],[-47.91620105699997,-20.05410983099995],[-47.79112834199998,-20.04956865799994],[-47.752870549999955,-20.017981116999977],[-47.71714620299997,-20.058929003999936],[-47.674313273999985,-20.068809449999947],[-47.597004959999936,-20.04036745899998],[-47.558224404999976,-19.997142081999982],[-47.50351399799996,-20.020125492999966],[-47.44572337999995,-20.098526722999964],[-47.36054789599996,-20.15618647499997],[-47.28868291099997,-20.175612593999972],[-47.28674279799998,-20.365289426999936],[-47.302583262999974,-20.46475146299997],[-47.13649540599994,-20.656109913999956],[-47.14860844399993,-20.71495015399995],[-47.23278097599996,-20.79924699399993],[-47.271234825999954,-20.921454895999943],[-47.21733613499998,-21.022390877999953],[-47.199281317999976,-21.181990626999948],[-47.16089406399993,-21.218549448999966],[-47.13658724199996,-21.299843153999973],[-47.08381121999997,-21.359573120999983],[-47.03491182999994,-21.380215092999947],[-47.03953415799998,-21.41370391299995],[-47.08826955099994,-21.43365617799998],[-47.07044946199994,-21.481452737999973],[-47.004080571999964,-21.490496047999954],[-46.91243447399995,-21.416500269999972],[-46.725234598999975,-21.42460301099993],[-46.69371937699998,-21.432848474999957],[-46.65630433299998,-21.488096763999977],[-46.59814424099994,-21.495404392999944],[-46.566929528999935,-21.524706411999944],[-46.577914989999954,-21.65987158799993],[-46.668388472999936,-21.722598683999934],[-46.69262382699998,-21.81158745099998],[-46.73913899299998,-21.874120136999977],[-46.73612435299998,-21.900373226999932],[-46.70459665499993,-21.923612740999943],[-46.681609667999965,-22.02289051799994],[-46.68851698599997,-22.048517532999938],[-46.73779693399996,-22.069237286999964],[-46.73933800799995,-22.145295975999943],[-46.72542475599994,-22.16112045799997],[-46.67197817999994,-22.16823037599994],[-46.662013299999956,-22.191602659999944],[-46.73654357199996,-22.261667832999933],[-46.73662383299995,-22.408387585999947],[-46.66907380799995,-22.475846527999977],[-46.581808285999955,-22.498723715999972],[-46.490369183999974,-22.565301734999935],[-46.463231700999984,-22.71405556299993],[-46.525721240999985,-22.76550820799997],[-46.504878115999986,-22.786697767999954],[-46.41982448999994,-22.811174987999948],[-46.39640281699997,-22.95284434399997],[-46.34505710399998,-22.90936004699995],[-46.248154564999936,-22.905104092999977],[-46.21062250099993,-22.912902650999968],[-46.181454789999975,-22.947998439999935],[-46.15864817099998,-22.952409133999936],[-46.08577554599998,-22.93541810499994],[-46.04246498899994,-22.904648231999943],[-45.910361010999964,-22.899458092999964],[-45.870489146999944,-22.879431229999966],[-45.870199956999954,-22.852447783999935],[-45.793457699999976,-22.84431802199998],[-45.790180573999976,-22.801725820999934],[-45.85208907499998,-22.790258388999973],[-45.86197602799996,-22.764710745999935],[-45.809436895999966,-22.71744266299993],[-45.77402061299995,-22.618474507999963],[-45.74838770799994,-22.62113160599995],[-45.70642093199996,-22.66724127799995],[-45.64263270999993,-22.652130409999927],[-45.43771623599997,-22.673869882999952],[-45.361934807999944,-22.663251655999943],[-45.31323923799994,-22.62269614099995],[-45.23526582599993,-22.60501505899998],[-45.16233392799995,-22.498640567999928],[-44.95880107099998,-22.482269754999948],[-44.908349004999934,-22.44522914099997],[-44.81525020799995,-22.432731065999974],[-44.74858531799998,-22.401944576999938],[-44.60841283499997,-22.39601718499995],[-44.58589097699996,-22.351414486999943],[-44.54273747899998,-22.336920474999943],[-44.520133321999936,-22.292000168999948],[-44.48756712799997,-22.293822645999967],[-44.46899431099996,-22.33811121399998],[-44.44244762399995,-22.34391612899998],[-44.403238673999965,-22.29260440799993],[-44.203702292999935,-22.28887053799997],[-44.16879861499996,-22.238395321999974],[-44.05693089499994,-22.232787515999973],[-43.99344220699993,-22.153432193999947],[-43.903602475999946,-22.138744113999962],[-43.82812794499995,-22.096198783999967],[-43.47266362299996,-22.086904110999967],[-43.425714261999985,-22.037060762999943],[-43.319896738999944,-22.038440025999932],[-43.21658335899997,-22.078571702999966],[-43.217695729999946,-22.14197257099994],[-43.16443249799994,-22.143519456999968],[-43.13950192699997,-22.09640039599998],[-43.082030474999954,-22.086324521999927],[-43.05737137899996,-22.058109031999948],[-42.95836600599995,-22.03528360599995],[-42.918014493999976,-21.99279516699994],[-42.83498855999994,-21.972714054999983],[-42.80097411899993,-21.938634772999933],[-42.59842887499997,-21.889579520999973],[-42.541665111999976,-21.831983278999928],[-42.42999327799998,-21.81180487699993],[-42.39096559899997,-21.775667845999976],[-42.30351710299993,-21.752719042999956],[-42.29031315699996,-21.689937508999947],[-42.38683027899998,-21.66739313399995],[-42.402543839999964,-21.64675747299998],[-42.36885158899997,-21.602625101999934],[-42.28896647499994,-21.562066021999954],[-42.308835074999934,-21.483663194999963],[-42.292052345999934,-21.432987579999974],[-42.28851109799996,-21.307624035999936],[-42.23716474999998,-21.28354190899995],[-42.22827000199993,-21.19336315299995],[-42.16072507999996,-21.11066860799997],[-42.19158360899996,-21.043126146999953],[-42.19175640599997,-20.97937918799994],[-42.16850256799995,-20.965991094999936],[-42.02844831099998,-20.961904249999975],[-42.01000369399998,-20.918597468999963],[-41.966742315999966,-20.90432530199996],[-41.95427469499998,-20.848668818999954],[-41.902390879999984,-20.82119149099998],[-41.87818471799994,-20.61423866299998],[-41.82394427099996,-20.582208599999944],[-41.82396465599993,-20.455423484999983],[-41.876935119999985,-20.42648648599993],[-41.87707116599995,-20.318477023999947],[-41.83053192699998,-20.301218968999933],[-41.81515316499997,-20.260715456999947],[-41.771980818999964,-20.24629523699997],[-41.74932964699997,-20.200991906999946],[-41.38022362399994,-20.19275329499993],[-41.369608151999955,-20.04370303299993],[-41.340348536999954,-20.02313362299998],[-41.32761967199997,-19.985586302999934],[-41.26777188899996,-19.97411794599998],[-41.24896922199997,-19.931120987999975],[-41.20076320299995,-19.909770152999954],[-41.193975042999966,-19.694943922999983],[-41.14751973399996,-19.67773889999995],[-41.13199677899996,-19.637227828999983],[-41.08563903999993,-19.61990432899995],[-41.07464950099995,-19.50739968199997],[-40.96796858799996,-19.491681351999944],[-40.96134507599993,-19.349661477999973],[-40.91003908899995,-19.32570127499997],[-40.915535742999964,-19.303735666999955],[-40.96127675199995,-19.284935536999967],[-40.96830789599994,-19.124213606999945],[-41.016471114999945,-19.108753219999983],[-41.06788647399998,-19.065705311999977],[-41.09181713799995,-18.96430879299993],[-41.148522440999955,-18.90881395499997],[-41.23663822399993,-18.884868170999937],[-41.25757203499995,-18.86184265399993],[-41.23465285799995,-18.84444432899994],[-40.96648355099995,-18.82907677399993],[-40.942322743999966,-18.779363495999974],[-40.94257452199997,-18.734650965999947],[-40.988434163999955,-18.64392182499995],[-41.055964090999964,-18.607064217999948],[-41.01897519999994,-18.560830893999935],[-41.008723362999945,-18.500735495999947],[-41.17245094499998,-18.46168262799995],[-41.17440302099993,-18.311349648999965],[-41.12510722099995,-18.290836148999972],[-41.11325990299997,-18.215225089999933],[-41.05265136799994,-18.203362868999932],[-41.02827706299996,-18.173979246999977],[-40.772555084999965,-18.141219554999964],[-40.78216790699997,-18.04793687299997],[-40.678718654999955,-18.01619451399995],[-40.66371725699997,-17.974776375999966],[-40.62065588299998,-17.96005065299994],[-40.597970035999936,-17.91408727499993],[-40.34006393499993,-17.91306379799994],[-40.29580288099993,-17.967168852999976],[-40.27262761299994,-17.96378465199996]]]}},{"type":"Feature","properties":{"adm0_a3":"BRA","shape_name":"Espirito Santo","ihme_name":"Esp\u00edrito Santo"},"geometry":{"type":"Polygon","coordinates":[[[-40.16460037899998,-17.983684721999964],[-40.30908015099993,-17.96373077499993],[-40.34006393499993,-17.91306379799994],[-40.597970035999936,-17.91408727499993],[-40.62065588299998,-17.96005065299994],[-40.66371725699997,-17.974776375999966],[-40.678718654999955,-18.01619451399995],[-40.78216790699997,-18.04793687299997],[-40.772555084999965,-18.141219554999964],[-41.02827706299996,-18.173979246999977],[-41.05265136799994,-18.203362868999932],[-41.11325990299997,-18.215225089999933],[-41.12510722099995,-18.290836148999972],[-41.17440302099993,-18.311349648999965],[-41.17245094499998,-18.46168262799995],[-41.008723362999945,-18.500735495999947],[-41.01897519999994,-18.560830893999935],[-41.055964090999964,-18.607064217999948],[-40.988434163999955,-18.64392182499995],[-40.94257452199997,-18.734650965999947],[-40.942322743999966,-18.779363495999974],[-40.96648355099995,-18.82907677399993],[-41.23465285799995,-18.84444432899994],[-41.25757203499995,-18.86184265399993],[-41.23663822399993,-18.884868170999937],[-41.148522440999955,-18.90881395499997],[-41.09181713799995,-18.96430879299993],[-41.06788647399998,-19.065705311999977],[-41.016471114999945,-19.108753219999983],[-40.96830789599994,-19.124213606999945],[-40.96127675199995,-19.284935536999967],[-40.915535742999964,-19.303735666999955],[-40.91003908899995,-19.32570127499997],[-40.96134507599993,-19.349661477999973],[-40.96796858799996,-19.491681351999944],[-41.07464950099995,-19.50739968199997],[-41.08563903999993,-19.61990432899995],[-41.13199677899996,-19.637227828999983],[-41.14751973399996,-19.67773889999995],[-41.193975042999966,-19.694943922999983],[-41.20076320299995,-19.909770152999954],[-41.24896922199997,-19.931120987999975],[-41.26777188899996,-19.97411794599998],[-41.32761967199997,-19.985586302999934],[-41.340348536999954,-20.02313362299998],[-41.369608151999955,-20.04370303299993],[-41.38022362399994,-20.19275329499993],[-41.74932964699997,-20.200991906999946],[-41.771980818999964,-20.24629523699997],[-41.81515316499997,-20.260715456999947],[-41.83053192699998,-20.301218968999933],[-41.87707116599995,-20.318477023999947],[-41.88100870699998,-20.412679931999946],[-41.87423661199995,-20.42981515799994],[-41.82713349499994,-20.446603942999957],[-41.82223163899994,-20.566126821999944],[-41.83322146299997,-20.596651040999973],[-41.87818471799994,-20.61423866299998],[-41.90044873199997,-20.817177424999954],[-41.887223123999945,-20.836000689999935],[-41.785694803999945,-20.85192277699997],[-41.77374593199994,-21.180989401999966],[-41.62323647699998,-21.186860958999944],[-41.59797925799995,-21.216592465999952],[-41.54927946699996,-21.23798469199994],[-41.291356065999935,-21.241405089999944],[-41.26906026699993,-21.28707015599997],[-41.250872424999955,-21.29341529499993],[-41.169894598999974,-21.289406751999934],[-41.13747140199996,-21.240890073999935],[-41.08570875699996,-21.291312387999938],[-40.990605434999964,-21.28748179799993],[-40.93816861199997,-21.190872510999952],[-40.87519557099995,-21.180829565999943],[-40.85049299399998,-21.15844629399993],[-40.84513402299996,-21.036028279999982],[-40.80294444699996,-20.93442284699995],[-40.714071322999985,-20.884170706999953],[-40.569906067999966,-20.85282812099996],[-40.51800325299996,-20.751838876999955],[-40.51085244099994,-20.665578480999955],[-40.463796567999964,-20.648761358999934],[-40.42484762199996,-20.597833031999983],[-40.38437457499998,-20.592951966999976],[-40.373528319999934,-20.537655451999967],[-40.32374904699998,-20.50064975199996],[-40.31741086399995,-20.41172894099998],[-40.26552729499997,-20.354269381999927],[-40.257419994999964,-20.29872441599997],[-40.20744714899996,-20.20824547799998],[-40.21510516199993,-20.166051919999973],[-40.147796332999974,-20.11314227099996],[-40.13990132599997,-20.007030888999964],[-40.088727252999945,-19.98362489899995],[-40.09796209799998,-19.829276598999968],[-40.475996426999984,-19.70441661999996],[-40.49069880999997,-19.688435263999963],[-40.429991565999956,-19.67430621799997],[-40.06245594099994,-19.780851161999976],[-39.98493892699997,-19.758664533999934],[-39.92405473499997,-19.70893665899996],[-39.834520183999985,-19.680980484999964],[-39.817040704999954,-19.660461339999927],[-39.76554803099998,-19.547722506999946],[-39.75238460199995,-19.460175598999967],[-39.71860878499996,-19.43356081199994],[-39.703399314999956,-19.347361774999968],[-39.69571401999997,-19.02485092099994],[-39.71488007299996,-18.95535651199998],[-39.71557946499996,-18.664792061999947],[-39.73649573299997,-18.517505229999927],[-39.704433335999965,-18.466028369999947],[-39.68311572299996,-18.37891779199998],[-39.63917627999996,-18.334492978999947],[-39.88063039599996,-18.215571358999966],[-39.93611722399993,-18.13568956599994],[-40.013988610999945,-18.084957032999966],[-40.066995849999955,-18.070270034999965],[-40.16460037899998,-17.983684721999964]]]}},{"type":"Feature","properties":{"adm0_a3":"BRA","shape_name":"Mato Grosso do Sul","ihme_name":"Mato Grosso do Sul"},"geometry":{"type":"Polygon","coordinates":[[[-57.78651605538622,-17.568711794586903],[-57.80210030099994,-17.59159505899993],[-57.78825751099998,-17.633027814999934],[-57.801022288999945,-17.71296515699993],[-57.746643551999966,-17.735733567999944],[-57.718847239999945,-17.79344096899996],[-57.689648344999966,-17.81298536299994],[-57.67445349199994,-17.848632291999934],[-57.71642162699993,-17.844242491999978],[-57.72029819699998,-17.868795791999958],[-57.65404672599993,-17.972749421999936],[-57.64222408699993,-18.036104746999968],[-57.55663097199994,-18.121536875999936],[-57.536665626999934,-18.18060256499996],[-57.69414007499995,-18.625628544999927],[-57.709573630999955,-18.73174780499994],[-57.762302370999976,-18.886467033999963],[-57.71230987699994,-18.99754687199993],[-57.77764439499998,-19.02895953199993],[-57.790574865999986,-19.090537470999948],[-57.84798071399996,-19.158995166999944],[-57.88629214799994,-19.30810660399993],[-57.93615843799995,-19.344801392999955],[-57.94467004999996,-19.43340786799996],[-57.97510369399998,-19.45623199399995],[-57.98510576799998,-19.528662189999977],[-58.03471431799994,-19.565320347999943],[-58.042673245999936,-19.620853128999954],[-58.09658900199997,-19.725274974999934],[-58.08482653699997,-19.83154675999998],[-57.94626996699998,-19.910107293999943],[-57.904494812999985,-19.971975977999932],[-57.91184619699993,-19.992513962999965],[-57.95244195799995,-20.00436839499997],[-57.97121934299997,-20.04782880199997],[-58.07078776299994,-20.058472949999953],[-58.130332040999974,-20.17379866799996],[-58.10948945599995,-20.25935971499996],[-58.06351534299995,-20.264790819999973],[-58.06100975199996,-20.37306688999996],[-58.00733755699997,-20.444140396999956],[-57.98115778999994,-20.658907823999982],[-57.99679403899995,-20.71422972299996],[-57.963169283999946,-20.760861055999953],[-57.95790496699993,-20.842534085999944],[-57.909704655999974,-20.86367198399995],[-57.89434909399995,-20.904896365999946],[-57.85756129799995,-20.92961078199994],[-57.84360955999995,-21.00035921799997],[-57.84526351299996,-21.20554410899996],[-57.89691613499997,-21.30300135699997],[-57.82999297099997,-21.34296212099997],[-57.895305650999944,-21.39000201099998],[-57.909590238999954,-21.45013153499997],[-57.959309265999934,-21.475642767999943],[-57.96034532599998,-21.84467226299995],[-57.92764723099998,-21.903249719999963],[-57.94385726999997,-22.00520310299993],[-57.99308270999995,-22.026150161999965],[-57.995976688999974,-22.06327208999994],[-57.92035924999993,-22.12641813999994],[-57.78108776399995,-22.143018423999933],[-57.676374918999954,-22.110138089999964],[-57.584958092999955,-22.129939612999976],[-57.57901616799995,-22.195403425999928],[-57.520959044999984,-22.18557493999998],[-57.46637101599998,-22.227778614999977],[-57.43689328399995,-22.22450559799995],[-57.37211622499996,-22.268529373999968],[-56.98591783699993,-22.273145623999937],[-56.838605831999985,-22.32558908599998],[-56.69903490299998,-22.274720598999977],[-56.59978848299994,-22.267105251999965],[-56.54743346599997,-22.22483392999993],[-56.52149288399994,-22.221309521999956],[-56.48719368099995,-22.14983717599995],[-56.40881450599994,-22.132820143999936],[-56.386162386999956,-22.15047655999996],[-56.37232923799996,-22.192603866999946],[-56.32620886799998,-22.20968146699994],[-56.31612991299994,-22.28257440799996],[-56.287939405999964,-22.256969725999966],[-56.25270212899994,-22.256984805999934],[-56.17476303999996,-22.34064626399993],[-55.85961200899993,-22.350284491999957],[-55.80687163699997,-22.446304942999973],[-55.77328745199998,-22.476990799999953],[-55.74427292699994,-22.61579657699997],[-55.64116112399995,-22.66437673799993],[-55.645318627999984,-22.770533799999953],[-55.69813739499995,-22.812737237999954],[-55.694933843999934,-22.869094790999952],[-55.645572637999976,-22.95633793199994],[-55.62734887199997,-23.116069564999975],[-55.524784447999934,-23.23841374099993],[-55.56090720699996,-23.300178107999955],[-55.55358724699994,-23.326436555999976],[-55.504242148999936,-23.347222022999972],[-55.50099962999997,-23.406816855999978],[-55.508805406999954,-23.434136270999943],[-55.557920036999974,-23.454672809999977],[-55.55924007099998,-23.547665559999928],[-55.506410528999936,-23.575899789999937],[-55.49679556799998,-23.68213412299997],[-55.44586486299994,-23.704941412999972],[-55.442445806999956,-23.940370015999974],[-55.39225119099996,-23.983683035999945],[-55.37782227099996,-24.02412228099996],[-55.32693724799998,-24.047038941999972],[-55.25803115299993,-24.031360894999978],[-55.185873466999965,-24.04832702599998],[-54.98914538899999,-24.02752376099994],[-54.96380560799997,-23.999339272999975],[-54.903871262999985,-23.988150976999975],[-54.87154464499997,-23.932278295999936],[-54.726375229999974,-23.936484735999954],[-54.70528325899994,-23.914634645999968],[-54.696660649999956,-23.86061835399994],[-54.681308301999934,-23.853849305999972],[-54.65988477399998,-23.89819466299997],[-54.630439226999954,-23.857481847999964],[-54.58034514199994,-23.91665082999998],[-54.55404382599994,-23.912421862999963],[-54.52728937599994,-23.93910571699996],[-54.431766600999936,-23.94627170299998],[-54.39551352799998,-23.980015366999964],[-54.37977220199997,-24.026015493999978],[-54.30582105599996,-24.07935277399997],[-54.255912164999984,-24.07957823499993],[-54.109120262999966,-23.959624796999947],[-54.087713131999976,-23.793546581999976],[-54.04439400399997,-23.690678124999977],[-54.03150448599996,-23.543060099999934],[-53.99696347499997,-23.481395069999962],[-53.87247850399996,-23.447989339999936],[-53.791488981999976,-23.39898915699996],[-53.777043376999984,-23.358030823999968],[-53.708913844999984,-23.337750926999945],[-53.703621674999965,-23.22638195299993],[-53.65027706999996,-23.15914470399997],[-53.64665582899994,-23.04692683999997],[-53.622487699999965,-22.96008050599994],[-53.547085323999966,-22.929965783999933],[-53.51489209699997,-22.893592788999968],[-53.42541189099995,-22.873248459999957],[-53.364843202999964,-22.816149457999927],[-53.344834032999984,-22.762504650999972],[-53.20536540499995,-22.75291684499996],[-53.06128032699996,-22.548180506999927],[-52.97439131999994,-22.49941496599996],[-52.88503160199997,-22.47805324899997],[-52.84979433799998,-22.444191555999964],[-52.78972332699993,-22.42004025999995],[-52.70881683999994,-22.341771996999967],[-52.53424970599997,-22.262551464999945],[-52.498668875999954,-22.20836395899994],[-52.43201616399995,-22.172417131999964],[-52.36507479499994,-22.100347297999974],[-52.322972498999945,-21.955227256999933],[-52.251980308999975,-21.913010843999928],[-52.178295067999954,-21.797156653999934],[-52.07120295899995,-21.67602302299997],[-52.12501176799998,-21.567818044999967],[-51.96191232199993,-21.530775096999946],[-51.940513575999944,-21.423837909999975],[-51.90049457799995,-21.376131318999967],[-51.879898974999946,-21.20092283799994],[-51.785459437999975,-21.11335300299993],[-51.75407115699994,-21.024176169999976],[-51.65584312899995,-20.98175794599996],[-51.658228322999946,-20.69563891699994],[-51.579702951999934,-20.635550285999955],[-51.49928817299997,-20.60197846099993],[-51.46926038199996,-20.520330332999947],[-51.367964248999954,-20.408381007999935],[-51.28280206799997,-20.357483410999976],[-51.25580230299994,-20.356415899999945],[-51.23284030199994,-20.32957718199998],[-51.13075304399996,-20.32601034499993],[-51.11274035399998,-20.313219320999963],[-51.10354938399996,-20.210504257999958],[-51.05587096299996,-20.12845242399993],[-51.04191904299995,-19.679861353999968],[-51.02821747199994,-19.660554359999935],[-50.94121863699996,-19.624462196999957],[-50.979200736999985,-19.419009321999965],[-51.02528081099996,-19.401747188999934],[-51.04386872799995,-19.358246105999967],[-51.13945985699996,-19.349597415999938],[-51.16098393499993,-19.302932528999975],[-51.31521984099993,-19.294586537999976],[-51.33683073299994,-19.24804852099993],[-51.416059082999936,-19.23649032399993],[-51.43837146299995,-19.19064175999995],[-51.637650366999935,-19.186984131999964],[-51.713719872999945,-19.129327219999936],[-51.822742474999984,-19.102951367999935],[-51.90876406599995,-19.032595878999928],[-52.057551874999945,-19.011217659999943],[-52.09458739099995,-18.985395705999963],[-52.140973635999956,-18.917319627999973],[-52.20395317599997,-18.874645183999974],[-52.381972588999986,-18.845682257999954],[-52.40681441899994,-18.78942430199993],[-52.45008921599998,-18.774996660999932],[-52.46292368899998,-18.73700730799993],[-52.50861764199993,-18.719292184999972],[-52.52969045799995,-18.674417623999943],[-52.64908951599995,-18.719840123999973],[-52.739098645999945,-18.725395489999983],[-52.89378998799998,-18.65865720499994],[-52.95766390699998,-18.600342027999943],[-52.963104518999955,-18.576673967999966],[-52.91817820399996,-18.543436614999962],[-52.88822603099993,-18.478826367999943],[-52.80394616299998,-18.45418945499995],[-52.78526236799996,-18.33895677199996],[-52.99285881299994,-18.31460199399993],[-53.043449442999986,-18.36582289499995],[-53.102956347999964,-18.359065031999933],[-53.127309787999934,-18.150463598999977],[-53.07571867099995,-18.103250980999974],[-53.073234329999934,-18.08159470199996],[-53.18109783099993,-18.04994096699994],[-53.39155385599997,-18.032588370999974],[-53.427205250999975,-17.97831643099994],[-53.45146324499996,-17.967101510999953],[-53.482027485999936,-18.02434169399993],[-53.50554592399993,-18.03619226199993],[-53.62652439799996,-18.044606140999974],[-53.66220208899995,-17.97260816399995],[-53.717381193999984,-18.02979309999995],[-53.79730872099998,-18.04546292599997],[-53.836708975999954,-17.979601645999935],[-53.894811613999934,-17.924575389999973],[-53.991769190999946,-17.89602154299996],[-53.99897727999996,-17.87400518399994],[-53.94707385099997,-17.83682562299998],[-53.872617307999974,-17.68672275299997],[-53.73387097899996,-17.663536981999982],[-53.71607536899995,-17.64889858099997],[-53.699612179999974,-17.267797134999967],[-53.72603623699996,-17.22514567299993],[-53.760945266999954,-17.29131469999993],[-53.878676481999946,-17.420227298999976],[-53.937063542999965,-17.456083143999933],[-54.024712360999956,-17.47853930499997],[-54.05053983299996,-17.567203112999948],[-54.089485803999935,-17.620131799999967],[-54.28191930899993,-17.64515176599997],[-54.35231160099994,-17.70773321799993],[-54.382913418999976,-17.68290690899994],[-54.400277236999955,-17.593412198999943],[-54.50549491999993,-17.46470530499994],[-54.56757849099995,-17.474629525999944],[-54.60668738199996,-17.512693970999976],[-54.743585165999946,-17.531590406999953],[-54.827241206999986,-17.638265443999956],[-55.22045395799995,-17.62499653699996],[-55.37414732299993,-17.532146514999965],[-55.56285279999997,-17.456321858999956],[-55.59486998299997,-17.39845543399997],[-55.66054593499996,-17.35812015299996],[-55.772888500999954,-17.345008734999965],[-55.821573813999976,-17.304705771999977],[-55.953255800999955,-17.287898088999953],[-55.986356968999985,-17.23162463099993],[-56.03887676399995,-17.197371335999946],[-56.12609318099993,-17.182120165999947],[-56.25664614799996,-17.233184879999953],[-56.294661135999945,-17.28541955399993],[-56.38730890099998,-17.311041263999982],[-56.42468633899995,-17.351355180999974],[-56.48436015799996,-17.322128670999973],[-56.50748812399996,-17.349087361999977],[-56.53340350299993,-17.353789120999977],[-56.71656401299998,-17.341665702999933],[-56.84634184599997,-17.50328293499996],[-56.90926694099994,-17.53092873099996],[-56.96785905999997,-17.585766802999956],[-56.99589361599993,-17.690980588999935],[-57.089094011999975,-17.78470269999997],[-57.27524909599998,-17.809081789999937],[-57.327864000999966,-17.845242364999933],[-57.39684153999997,-17.866562762999934],[-57.44211329099994,-17.91184285999998],[-57.521426245999976,-17.863200565999932],[-57.652085891999945,-17.738561103999928],[-57.67827747899997,-17.629560049999952],[-57.72449429799997,-17.57157246299994],[-57.744602601999986,-17.56008273699996],[-57.78651605538622,-17.568711794586903]]]}},{"type":"Feature","properties":{"adm0_a3":"BRA","shape_name":"Rio de Jeneiro","ihme_name":"Rio de Janeiro"},"geometry":{"type":"Polygon","coordinates":[[[-44.78723342895798,-22.42087787778542],[-44.79616815999998,-22.44758088599997],[-44.763431529999934,-22.492211106999946],[-44.739553488999945,-22.600132819999942],[-44.69135550999994,-22.670675023999934],[-44.51021104899996,-22.662239222999972],[-44.45902706499993,-22.62534265299996],[-44.393372187999944,-22.617662543999927],[-44.24891485699993,-22.675030382999978],[-44.24194019099997,-22.747995639999942],[-44.249367364999955,-22.77002695599998],[-44.29823530699997,-22.790688519999946],[-44.30184420499995,-22.884664619999967],[-44.31534607799995,-22.900825788999953],[-44.577213607999965,-22.904283504999967],[-44.622892942999954,-22.934838784999954],[-44.77129179299993,-22.96831698699998],[-44.85335748099993,-23.039760197999954],[-44.87653943699996,-23.176252612999974],[-44.92543978499998,-23.259554598999955],[-44.87820971499997,-23.29489450799997],[-44.81319660599996,-23.438952427999936],[-44.784372066999936,-23.438513169999965],[-44.75650499499994,-23.411167356999954],[-44.71576337699997,-23.439039898999965],[-44.67890148099997,-23.434989924999968],[-44.64937896699996,-23.36397528799995],[-44.614167005999946,-23.332768160999933],[-44.61601074299995,-23.28809604399993],[-44.63390217299997,-23.269264506999946],[-44.70193622199997,-23.27366730999995],[-44.747731503999944,-23.232526864999954],[-44.74616752999998,-23.14419322799995],[-44.69089479199994,-23.083262315999946],[-44.37351017399993,-23.102318157999946],[-44.272693576999984,-23.140620814999977],[-44.25135271299996,-23.185972470999957],[-44.17032324799993,-23.190710260999936],[-44.132133797999984,-23.18384482299996],[-44.07335119099997,-23.121002036999982],[-43.88449255499995,-23.13159794799998],[-43.82691348599997,-23.08293409999993],[-43.765669602999935,-23.09907854499994],[-43.69887448399993,-23.08249637499995],[-43.628919301999986,-23.09913089199995],[-43.57441774899996,-23.083440115999963],[-43.49641643899997,-23.10033186499993],[-43.39069190799995,-23.087912074999963],[-43.29931645099998,-23.103923884999972],[-43.26274959299997,-23.133911763999947],[-43.23299769499994,-23.04876802399997],[-43.11313035799998,-23.027988432999962],[-42.98260269699995,-23.045942469999943],[-42.78012364999995,-23.04523409999996],[-42.69140373199997,-23.023620215999983],[-42.67426216599995,-22.98102191399994],[-42.65021638199994,-22.97441533899996],[-42.397470545999965,-22.964322712999945],[-42.32503335499996,-22.989405415999954],[-42.252431342999955,-22.97728476499998],[-42.207003156999974,-23.003859530999932],[-42.16471303299994,-22.997590500999934],[-42.13986045399997,-23.025960054999928],[-42.08877008299993,-23.026750482999944],[-42.065943551999965,-23.005124364999972],[-42.073032498999964,-22.971450390999962],[-42.05206422699996,-22.89383976399995],[-41.94528628899997,-22.806647408999936],[-41.992291475999934,-22.77361289299995],[-42.00736228499994,-22.743785997999964],[-42.032107638999946,-22.605117293999967],[-41.966816018999964,-22.57193930699998],[-41.95205627499996,-22.513336240999934],[-41.88553097699997,-22.484801397999945],[-41.81568992299998,-22.38669549599996],[-41.77035175899994,-22.374659127999962],[-41.60241762299995,-22.277044501999967],[-41.45721965299998,-22.26112455599997],[-41.41923424099997,-22.22111653999997],[-41.32093459599997,-22.212705866999954],[-41.24729054699998,-22.14901078899993],[-41.10622429299997,-22.122003408999944],[-40.99060295299995,-21.991726790999962],[-40.98924217499996,-21.970032318999927],[-41.04183335499994,-21.893244652999954],[-41.04178785099998,-21.67312429499998],[-41.02561250599996,-21.617020130999947],[-41.07630599299995,-21.59315399899998],[-41.08220176699996,-21.533969825999975],[-41.074702893999984,-21.49977602299998],[-40.96927398899993,-21.397200255999962],[-40.96686319899993,-21.338770996999983],[-40.99376293599994,-21.297333583999944],[-41.09017300499994,-21.28960402799993],[-41.13346070799997,-21.241252328999963],[-41.15414051299996,-21.248421091999944],[-41.169894598999974,-21.289406751999934],[-41.24518950299995,-21.29397008199993],[-41.26906026699993,-21.28707015599997],[-41.291356065999935,-21.241405089999944],[-41.54927946699996,-21.23798469199994],[-41.59797925799995,-21.216592465999952],[-41.62323647699998,-21.186860958999944],[-41.77374593199994,-21.180989401999966],[-41.785694803999945,-20.85192277699997],[-41.81955640799998,-20.83814652199993],[-41.94432057599994,-20.841429236999943],[-41.964233536999984,-20.901060237999957],[-42.01000369399998,-20.918597468999963],[-42.02844831099998,-20.961904249999975],[-42.16850256799995,-20.965991094999936],[-42.19175640599997,-20.97937918799994],[-42.19158360899996,-21.043126146999953],[-42.16072507999996,-21.11066860799997],[-42.22827000199993,-21.19336315299995],[-42.23716474999998,-21.28354190899995],[-42.28851109799996,-21.307624035999936],[-42.292052345999934,-21.432987579999974],[-42.308835074999934,-21.483663194999963],[-42.28896647499994,-21.562066021999954],[-42.36885158899997,-21.602625101999934],[-42.402543839999964,-21.64675747299998],[-42.38683027899998,-21.66739313399995],[-42.29031315699996,-21.689937508999947],[-42.30757643599998,-21.75556228599993],[-42.39096559899997,-21.775667845999976],[-42.42999327799998,-21.81180487699993],[-42.541665111999976,-21.831983278999928],[-42.59842887499997,-21.889579520999973],[-42.80097411899993,-21.938634772999933],[-42.83498855999994,-21.972714054999983],[-42.918014493999976,-21.99279516699994],[-42.95836600599995,-22.03528360599995],[-43.05737137899996,-22.058109031999948],[-43.082030474999954,-22.086324521999927],[-43.13950192699997,-22.09640039599998],[-43.16443249799994,-22.143519456999968],[-43.217695729999946,-22.14197257099994],[-43.21658335899997,-22.078571702999966],[-43.319896738999944,-22.038440025999932],[-43.425714261999985,-22.037060762999943],[-43.47266362299996,-22.086904110999967],[-43.82812794499995,-22.096198783999967],[-43.903602475999946,-22.138744113999962],[-43.99344220699993,-22.153432193999947],[-44.05693089499994,-22.232787515999973],[-44.16879861499996,-22.238395321999974],[-44.19450868599995,-22.28597358099995],[-44.403238673999965,-22.29260440799993],[-44.44244762399995,-22.34391612899998],[-44.46899431099996,-22.33811121399998],[-44.48756712799997,-22.293822645999967],[-44.520133321999936,-22.292000168999948],[-44.54273747899998,-22.336920474999943],[-44.58589097699996,-22.351414486999943],[-44.604138724999984,-22.394334154999967],[-44.737585646999946,-22.39973552999993],[-44.78723342895798,-22.42087787778542]]]}},{"type":"Feature","properties":{"adm0_a3":"BRA","shape_name":"Sao Paulo","ihme_name":"S\u00e3o Paulo"},"geometry":{"type":"Polygon","coordinates":[[[-50.89301026499999,-20.02444566799994],[-51.05083056199993,-20.029622978999953],[-51.058583133999946,-20.145131895999953],[-51.10354938399996,-20.210504257999958],[-51.11745617399998,-20.320827711999982],[-51.23284030199994,-20.32957718199998],[-51.25580230299994,-20.356415899999945],[-51.28280206799997,-20.357483410999976],[-51.367964248999954,-20.408381007999935],[-51.46926038199996,-20.520330332999947],[-51.49928817299997,-20.60197846099993],[-51.579702951999934,-20.635550285999955],[-51.658228322999946,-20.69563891699994],[-51.65584312899995,-20.98175794599996],[-51.75407115699994,-21.024176169999976],[-51.785459437999975,-21.11335300299993],[-51.879898974999946,-21.20092283799994],[-51.90049457799995,-21.376131318999967],[-51.940513575999944,-21.423837909999975],[-51.96191232199993,-21.530775096999946],[-52.12501176799998,-21.567818044999967],[-52.07120295899995,-21.67602302299997],[-52.178295067999954,-21.797156653999934],[-52.251980308999975,-21.913010843999928],[-52.322972498999945,-21.955227256999933],[-52.36507479499994,-22.100347297999974],[-52.43201616399995,-22.172417131999964],[-52.498668875999954,-22.20836395899994],[-52.53424970599997,-22.262551464999945],[-52.70881683999994,-22.341771996999967],[-52.78972332699993,-22.42004025999995],[-52.84979433799998,-22.444191555999964],[-52.88503160199997,-22.47805324899997],[-52.97439131999994,-22.49941496599996],[-53.06128032699996,-22.548180506999927],[-53.13063835799994,-22.630922727999973],[-53.13063406099997,-22.65125584699996],[-53.071241301999976,-22.661884464999957],[-53.02012248699998,-22.608304287999943],[-52.85760507599997,-22.606421007999927],[-52.81877537599996,-22.61351210199996],[-52.80011780099994,-22.65877385799996],[-52.77758123799998,-22.67286153599997],[-52.681662623999955,-22.658484856999962],[-52.62117545099994,-22.612818140999934],[-52.587337494999986,-22.62568534999997],[-52.54134584999997,-22.674352368999962],[-52.192392619999964,-22.66140072899998],[-52.170905447999985,-22.643377405999956],[-52.152194433999966,-22.562977453999963],[-52.11797908699998,-22.557765703999962],[-52.05236876799995,-22.572830281999927],[-51.90201887799998,-22.65849306299998],[-51.78919102399993,-22.67713235399998],[-51.70759959399993,-22.708625342999937],[-51.69914570299994,-22.737306617999934],[-51.52332840399998,-22.71343208999997],[-51.48223972799997,-22.672151103999965],[-51.44083280499996,-22.714093158999958],[-51.30766561699994,-22.73015404499995],[-51.23287566299996,-22.76813233499996],[-51.119236444999956,-22.78602104899994],[-51.06097181499996,-22.828204341999935],[-50.94548894199994,-22.834184053999934],[-50.89674054799997,-22.88970486599993],[-50.827995542999986,-22.91750512699997],[-50.804986550999956,-23.02722792999998],[-50.66995236199995,-22.961596759999964],[-50.564046486999985,-22.957398627999964],[-50.49776783899995,-22.973548120999965],[-50.43043799299994,-22.956572664999953],[-50.29485445399996,-22.964714024999978],[-50.24750126799995,-23.028582444999927],[-50.18620207999993,-22.96407535299994],[-50.040479576999985,-22.964148561999934],[-49.988733939999975,-23.02378923699996],[-49.93544362099993,-23.041704640999967],[-49.90680338599998,-23.122870426999953],[-49.786978440999974,-23.144368509999936],[-49.720751263999944,-23.219953189999956],[-49.69893223299994,-23.36151720299995],[-49.662377935999984,-23.41744035299996],[-49.65085407199996,-23.484821042999954],[-49.65435627499994,-23.51493919899997],[-49.70590261499996,-23.554893282999956],[-49.657679755999936,-23.604463408999948],[-49.63978948299996,-23.737397063999936],[-49.59502682899995,-23.839417520999973],[-49.64487567599997,-23.926011010999957],[-49.57973059999995,-24.03331512099993],[-49.484230896999975,-24.112661516999935],[-49.45260213399996,-24.16398468799997],[-49.36939589199994,-24.197503954999945],[-49.40441258599998,-24.22313852999997],[-49.41487935499998,-24.25983947499998],[-49.33053026099998,-24.320599423999965],[-49.29166658699995,-24.395912176999957],[-49.32328814299996,-24.592426582999963],[-49.367008890999955,-24.63680917599993],[-49.37495741199996,-24.710764092999966],[-48.64565126999997,-24.736002327999984],[-48.57250736699996,-24.83813301999993],[-48.631662922999965,-24.883318836999933],[-48.62654116799996,-25.124950467999952],[-48.52257251899994,-25.124764684999946],[-48.51437991999995,-25.041709322999964],[-48.49686864299997,-25.02486110199993],[-48.46531364499998,-25.03015511199993],[-48.43833980799997,-25.076084649999927],[-48.29092784599993,-25.063606596999932],[-48.227946618999965,-25.299512294999943],[-48.13887646099994,-25.310531363999928],[-48.103666793999935,-25.34023719499993],[-48.04038450699994,-25.304937964999965],[-48.01972441199996,-25.20242527499994],[-47.977178297999956,-25.16471686799997],[-47.95339383399994,-25.07372923099996],[-47.85455017399994,-25.00482625999996],[-47.785474429999965,-24.91739089899994],[-47.70316768699996,-24.845587800999965],[-47.51162140099996,-24.789876154999945],[-47.49344818199995,-24.765775824999935],[-47.45341574199995,-24.752984769999955],[-47.44736160299993,-24.722806053999932],[-47.34927460299997,-24.666281006999952],[-47.27720294899996,-24.585880405999944],[-47.12148064199994,-24.501193611999952],[-46.980284421999954,-24.29227199299993],[-46.89445027299996,-24.26908910999998],[-46.848066297999935,-24.22983182699994],[-46.76958297199997,-24.240949039999975],[-46.70452497399998,-24.190107544999933],[-46.60906991599995,-24.167610237999952],[-46.53371264799995,-24.09848729299995],[-46.510598035999976,-24.050004096999942],[-46.443104535999964,-24.05059556799995],[-46.417446677999976,-24.07797968899996],[-46.35646797099997,-24.051162344999966],[-46.26177497899994,-24.06223221299996],[-46.247884055999975,-23.95078260799994],[-46.20162459499994,-23.933831880999946],[-46.179052963999936,-23.890132569999935],[-46.11987778699995,-23.899166910999952],[-46.04857793899998,-23.85225033399996],[-45.687304095999934,-23.85272759999998],[-45.63683616299994,-23.900895530999946],[-45.59198427599995,-23.91277439099997],[-45.52358511199998,-23.988761584999963],[-45.48621360299995,-24.007801964999942],[-45.31979484799996,-23.988359870999943],[-45.282415888999935,-23.953973333999954],[-45.27028601999996,-23.911123438999937],[-45.24087335599995,-23.87918639399993],[-45.240704240999946,-23.84061378399997],[-45.33902282599996,-23.768149178999977],[-45.443480663999935,-23.740236222999954],[-45.448424572999954,-23.718505251999943],[-45.39843764799997,-23.675753889999953],[-45.286870549999946,-23.66957673199994],[-45.270302527999945,-23.591588075999937],[-45.23109085599998,-23.596497846999966],[-45.161762883999984,-23.542682225999954],[-45.04972385699995,-23.505851373999974],[-45.03233542399994,-23.458780269999977],[-44.97151299899997,-23.415615225999943],[-44.97733950999998,-23.377710453999953],[-44.95207066099994,-23.39003880299998],[-44.938074675999985,-23.434423917999936],[-44.900280485999986,-23.454635336999957],[-44.86106819899993,-23.457454566999957],[-44.834709086999965,-23.43887210899993],[-44.83129351799994,-23.378654988999983],[-44.88110087399997,-23.29116770899998],[-44.92543978499998,-23.259554598999955],[-44.87653943699996,-23.176252612999974],[-44.85335748099993,-23.039760197999954],[-44.77129179299993,-22.96831698699998],[-44.622892942999954,-22.934838784999954],[-44.577213607999965,-22.904283504999967],[-44.31534607799995,-22.900825788999953],[-44.30184420499995,-22.884664619999967],[-44.29823530699997,-22.790688519999946],[-44.24667156999993,-22.76676185499997],[-44.24891485699993,-22.675030382999978],[-44.393372187999944,-22.617662543999927],[-44.45902706499993,-22.62534265299996],[-44.51021104899996,-22.662239222999972],[-44.69135550999994,-22.670675023999934],[-44.739553488999945,-22.600132819999942],[-44.775661990999936,-22.47350778999993],[-44.815832581999985,-22.43763801199998],[-44.87516897299997,-22.438919510999938],[-44.95880107099998,-22.482269754999948],[-45.16233392799995,-22.498640567999928],[-45.23526582599993,-22.60501505899998],[-45.31323923799994,-22.62269614099995],[-45.37859595499998,-22.66734642399996],[-45.64263270999993,-22.652130409999927],[-45.70642093199996,-22.66724127799995],[-45.74838770799994,-22.62113160599995],[-45.77402061299995,-22.618474507999963],[-45.809436895999966,-22.71744266299993],[-45.86197602799996,-22.764710745999935],[-45.85208907499998,-22.790258388999973],[-45.790180573999976,-22.801725820999934],[-45.793457699999976,-22.84431802199998],[-45.870199956999954,-22.852447783999935],[-45.870489146999944,-22.879431229999966],[-45.910361010999964,-22.899458092999964],[-46.04246498899994,-22.904648231999943],[-46.08577554599998,-22.93541810499994],[-46.15864817099998,-22.952409133999936],[-46.181454789999975,-22.947998439999935],[-46.21062250099993,-22.912902650999968],[-46.248154564999936,-22.905104092999977],[-46.34505710399998,-22.90936004699995],[-46.39640281699997,-22.95284434399997],[-46.41982448999994,-22.811174987999948],[-46.504878115999986,-22.786697767999954],[-46.525721240999985,-22.76550820799997],[-46.463231700999984,-22.71405556299993],[-46.490369183999974,-22.565301734999935],[-46.581808285999955,-22.498723715999972],[-46.66907380799995,-22.475846527999977],[-46.738780951999956,-22.401348793999944],[-46.73654357199996,-22.261667832999933],[-46.662013299999956,-22.191602659999944],[-46.67197817999994,-22.16823037599994],[-46.72542475599994,-22.16112045799997],[-46.73933800799995,-22.145295975999943],[-46.73779693399996,-22.069237286999964],[-46.68851698599997,-22.048517532999938],[-46.681609667999965,-22.02289051799994],[-46.70459665499993,-21.923612740999943],[-46.73612435299998,-21.900373226999932],[-46.73913899299998,-21.874120136999977],[-46.69262382699998,-21.81158745099998],[-46.668388472999936,-21.722598683999934],[-46.577914989999954,-21.65987158799993],[-46.56990470499994,-21.516264778999982],[-46.59814424099994,-21.495404392999944],[-46.65630433299998,-21.488096763999977],[-46.69371937699998,-21.432848474999957],[-46.725234598999975,-21.42460301099993],[-46.91243447399995,-21.416500269999972],[-47.004080571999964,-21.490496047999954],[-47.07044946199994,-21.481452737999973],[-47.08826955099994,-21.43365617799998],[-47.03953415799998,-21.41370391299995],[-47.03491182999994,-21.380215092999947],[-47.08381121999997,-21.359573120999983],[-47.13658724199996,-21.299843153999973],[-47.16089406399993,-21.218549448999966],[-47.199281317999976,-21.181990626999948],[-47.21733613499998,-21.022390877999953],[-47.271234825999954,-20.921454895999943],[-47.23278097599996,-20.79924699399993],[-47.14860844399993,-20.71495015399995],[-47.13649540599994,-20.656109913999956],[-47.302583262999974,-20.46475146299997],[-47.28674279799998,-20.365289426999936],[-47.29307192299996,-20.168334193999954],[-47.36054789599996,-20.15618647499997],[-47.44572337999995,-20.098526722999964],[-47.48996924599993,-20.031396256999983],[-47.534564984999975,-20.00235711499994],[-47.558224404999976,-19.997142081999982],[-47.597004959999936,-20.04036745899998],[-47.674313273999985,-20.068809449999947],[-47.71714620299997,-20.058929003999936],[-47.752870549999955,-20.017981116999977],[-47.79112834199998,-20.04956865799994],[-47.91620105699997,-20.05410983099995],[-47.92947830999998,-20.070520186999943],[-47.933337721999976,-20.148977487999957],[-47.95462132499995,-20.162293742999964],[-47.98148014199995,-20.156270853999956],[-47.994041935999974,-20.098006228999964],[-48.01829939899994,-20.088514550999946],[-48.039994097999966,-20.094519937999962],[-48.051939586999936,-20.152187296999955],[-48.072878112999945,-20.16188428199996],[-48.18870282599994,-20.15960530199993],[-48.21147390099998,-20.11316250599998],[-48.23298139399998,-20.107175300999927],[-48.254486518999954,-20.113158263999935],[-48.266746087999934,-20.15195959999994],[-48.28765668899996,-20.16156368099996],[-48.60591120699996,-20.163751170999944],[-48.650447062999945,-20.173744952999982],[-48.70319857499993,-20.211327583999946],[-48.784454283999935,-20.181385217999946],[-48.89013277699996,-20.22585123999994],[-48.95503758499996,-20.286385026999938],[-48.95788419699994,-20.30341514299994],[-48.911803205999945,-20.350336037999966],[-48.90759919799996,-20.380867973999955],[-48.92008967099997,-20.45274481299998],[-48.968709642999954,-20.464923115999966],[-48.98661497699993,-20.459868144999973],[-48.99634809999998,-20.431810041999938],[-49.02356706499995,-20.19814013599995],[-49.087167937999936,-20.163157943999977],[-49.107224293999934,-20.16682925999993],[-49.16730820799995,-20.263487262999945],[-49.184569317999944,-20.35622837699998],[-49.20940551599995,-20.332470936999982],[-49.26639754599995,-20.322896214999957],[-49.32656789799995,-20.203196617999936],[-49.34010622699998,-20.105994197999962],[-49.332600198999955,-20.08335539899997],[-49.28541754499997,-20.054369436999934],[-49.27697592499993,-20.012023762999945],[-49.33250851899993,-19.995895597999947],[-49.378577861999986,-20.048133310999958],[-49.495158946999936,-19.988290124999935],[-49.54516048199997,-19.94291459799996],[-49.643236585999944,-19.931201959999953],[-49.68157503899994,-20.013552398999934],[-49.71532294799994,-20.012332198999957],[-49.794695744999956,-19.968085970999937],[-49.92372366799998,-19.995092174999968],[-49.949806216999946,-19.93902319299997],[-49.96753153499998,-19.930832902999953],[-50.17993145999998,-19.916003773999932],[-50.36723229099994,-19.882744099999968],[-50.45421313899993,-19.819368537999935],[-50.57434661499997,-19.80983975399994],[-50.67396130599997,-19.912030949999973],[-50.78386598099996,-19.932528434999938],[-50.89301026499999,-20.02444566799994]]]}},{"type":"Feature","properties":{"adm0_a3":"BRA","shape_name":"Parana","ihme_name":"Paran\u00e1"},"geometry":{"type":"Polygon","coordinates":[[[-54.255912164999984,-24.07957823499993],[-54.32494687099995,-24.071118660999957],[-54.34235626699996,-24.087421956999947],[-54.32449882599997,-24.250711698999964],[-54.255864121999934,-24.32150100399997],[-54.27703346499993,-24.412150207999957],[-54.32794786499994,-24.45047930399994],[-54.301170026999955,-24.503510035999966],[-54.329349837999985,-24.54603068299997],[-54.33376790799997,-24.69438101099996],[-54.36550745699998,-24.73199571699996],[-54.37484769699995,-24.784523874999934],[-54.41458580099999,-24.82176345099998],[-54.44575865699994,-24.89633581399994],[-54.45199556699998,-24.999147754999967],[-54.50081294499995,-25.065935945999968],[-54.46758296199994,-25.143644345999974],[-54.50543939399995,-25.23683140299994],[-54.493063749999976,-25.319096823999928],[-54.51313614299994,-25.336607863999973],[-54.53981154799993,-25.332282410999937],[-54.572480946999974,-25.38842383599996],[-54.62126780799997,-25.40857000999995],[-54.61961616599996,-25.61485309099993],[-54.49795885799995,-25.663841591999983],[-54.46612372399994,-25.71131067899995],[-54.38211463199997,-25.70845871499995],[-54.37900793699998,-25.682912793999947],[-54.33673716299995,-25.64425558399995],[-54.21009919499994,-25.641446289999976],[-54.03720393599997,-25.660965037999972],[-54.00900540099997,-25.706570788999954],[-53.93758869199996,-25.69699294199995],[-53.891093093999984,-25.715538169999945],[-53.879226174999985,-25.89224876299994],[-53.83030993699998,-25.91415120399995],[-53.881091958999946,-25.943252447999953],[-53.84955932399998,-26.075667994999947],[-53.83531087999995,-26.103301358999943],[-53.77174937799998,-26.13978851099995],[-53.77489404999994,-26.199034886999982],[-53.679784300999984,-26.22159707399993],[-53.66903947499998,-26.25085187299993],[-53.67997310699997,-26.302552498999944],[-53.54741457799997,-26.292936556999962],[-53.52088145799996,-26.33713735699996],[-53.50212106299995,-26.297353572999953],[-53.47766692099998,-26.32309679499997],[-53.442452137999965,-26.325814685999944],[-53.42118513099996,-26.319539517999942],[-53.40583968799996,-26.279628102999936],[-53.34266087499998,-26.282543025999928],[-53.32861718199996,-26.318877460999943],[-53.26186502999997,-26.33162178699996],[-53.22163424299998,-26.368762122999954],[-53.15353901699996,-26.39086006599996],[-53.11729906399995,-26.432659654999952],[-52.94825597299996,-26.42301877699998],[-52.79443128499997,-26.376440387999935],[-52.677510101999985,-26.42850329199996],[-52.60417782999997,-26.44230169499997],[-52.536612014999946,-26.43546587299994],[-52.488897958999985,-26.47582455199995],[-52.24986030699995,-26.49326575799995],[-52.16865417799994,-26.544169229999966],[-52.10380190799998,-26.562474486999974],[-52.06982051099993,-26.595227247999958],[-51.99950926799994,-26.60997334999996],[-51.97075693499994,-26.638687578999964],[-51.85177843599996,-26.638826706999964],[-51.70384699899995,-26.60225132299996],[-51.65424191599993,-26.648095001999934],[-51.53107139599996,-26.661701328999982],[-51.510714191999966,-26.72365426799996],[-51.35053488999995,-26.727231177999954],[-51.33259248899998,-26.721441238999944],[-51.32060579599994,-26.66775580199993],[-51.293761005999954,-26.651474804999964],[-51.28658611399993,-26.62415706799993],[-51.288476049999986,-26.51879243999997],[-51.32353930199997,-26.48722575299996],[-51.321752387999936,-26.444639411999958],[-51.22839563399998,-26.347311978999983],[-51.19014379899994,-26.32634864099998],[-51.10616818799997,-26.338386279999952],[-51.03900902199996,-26.27565634399997],[-50.977499457999954,-26.30681590599994],[-50.91755665399995,-26.30773121599998],[-50.862688952999974,-26.272260304999975],[-50.74592360999998,-26.24052305099997],[-50.70817475999996,-26.161857786999974],[-50.625473513999964,-26.09924577399994],[-50.47019251399996,-26.107647318999966],[-50.42446733299994,-26.150840351999932],[-50.34885676099998,-26.097104357999967],[-50.241965852999954,-26.132477308999967],[-50.17773962999996,-26.093126926999958],[-49.92954693099995,-26.105814643999963],[-49.82974708599994,-26.19079273899996],[-49.68751374799996,-26.259606263999956],[-49.57064972599994,-26.24909805799996],[-49.525955232999934,-26.213193199999978],[-49.44359406099994,-26.19255439799997],[-49.40883785799997,-26.160604975999945],[-49.331744534999984,-26.14240926499997],[-49.237556118999976,-26.04437233899995],[-49.17605717799995,-26.053530183999953],[-49.135200700999974,-26.099598433999972],[-49.038005849999934,-26.05061223299998],[-48.77521491599998,-26.046745949999945],[-48.700755019999974,-26.072617913999977],[-48.63740939899998,-26.036442800999964],[-48.62913267099998,-25.94805047899996],[-48.60929476599995,-25.91608105399996],[-48.57719935899996,-25.908866044999968],[-48.511202493999974,-25.73891729899998],[-48.446747512999934,-25.681003053999973],[-48.364027189999945,-25.66872094699994],[-48.34241184799998,-25.62901469999997],[-48.33574391299993,-25.54481014399994],[-48.24948424599995,-25.49524222399998],[-48.17918461499994,-25.36947514299993],[-48.128650354999934,-25.333584150999968],[-48.13887646099994,-25.310531363999928],[-48.234588748999954,-25.293753142999947],[-48.29092784599993,-25.063606596999932],[-48.43833980799997,-25.076084649999927],[-48.46531364499998,-25.03015511199993],[-48.49686864299997,-25.02486110199993],[-48.51437991999995,-25.041709322999964],[-48.52257251899994,-25.124764684999946],[-48.62654116799996,-25.124950467999952],[-48.631662922999965,-24.883318836999933],[-48.57250736699996,-24.83813301999993],[-48.64565126999997,-24.736002327999984],[-49.37495741199996,-24.710764092999966],[-49.367008890999955,-24.63680917599993],[-49.32328814299996,-24.592426582999963],[-49.29166658699995,-24.395912176999957],[-49.33053026099998,-24.320599423999965],[-49.41487935499998,-24.25983947499998],[-49.40441258599998,-24.22313852999997],[-49.36939589199994,-24.197503954999945],[-49.45260213399996,-24.16398468799997],[-49.484230896999975,-24.112661516999935],[-49.57973059999995,-24.03331512099993],[-49.64487567599997,-23.926011010999957],[-49.59502682899995,-23.839417520999973],[-49.63978948299996,-23.737397063999936],[-49.657679755999936,-23.604463408999948],[-49.70590261499996,-23.554893282999956],[-49.65435627499994,-23.51493919899997],[-49.65085407199996,-23.484821042999954],[-49.662377935999984,-23.41744035299996],[-49.69893223299994,-23.36151720299995],[-49.720751263999944,-23.219953189999956],[-49.786978440999974,-23.144368509999936],[-49.90680338599998,-23.122870426999953],[-49.93544362099993,-23.041704640999967],[-49.988733939999975,-23.02378923699996],[-50.05248483999998,-22.95900605299994],[-50.18620207999993,-22.96407535299994],[-50.24750126799995,-23.028582444999927],[-50.29485445399996,-22.964714024999978],[-50.43043799299994,-22.956572664999953],[-50.49776783899995,-22.973548120999965],[-50.564046486999985,-22.957398627999964],[-50.66995236199995,-22.961596759999964],[-50.793201934999956,-23.028811428999973],[-50.812967363999974,-23.011712751999937],[-50.827995542999986,-22.91750512699997],[-50.89674054799997,-22.88970486599993],[-50.94548894199994,-22.834184053999934],[-51.06097181499996,-22.828204341999935],[-51.119236444999956,-22.78602104899994],[-51.23287566299996,-22.76813233499996],[-51.30766561699994,-22.73015404499995],[-51.44083280499996,-22.714093158999958],[-51.48223972799997,-22.672151103999965],[-51.52332840399998,-22.71343208999997],[-51.69914570299994,-22.737306617999934],[-51.70759959399993,-22.708625342999937],[-51.78919102399993,-22.67713235399998],[-51.90201887799998,-22.65849306299998],[-52.05236876799995,-22.572830281999927],[-52.13526162599993,-22.556682726999952],[-52.15653942599994,-22.57133005999998],[-52.178415567999934,-22.655707931999927],[-52.22228790699995,-22.66403571999996],[-52.54134584999997,-22.674352368999962],[-52.587337494999986,-22.62568534999997],[-52.62117545099994,-22.612818140999934],[-52.681662623999955,-22.658484856999962],[-52.77758123799998,-22.67286153599997],[-52.82875204199996,-22.60896545299994],[-53.02012248699998,-22.608304287999943],[-53.06177399099994,-22.658059125999955],[-53.14658641899996,-22.661962741999957],[-53.20931632299994,-22.75525469599995],[-53.344834032999984,-22.762504650999972],[-53.364843202999964,-22.816149457999927],[-53.42541189099995,-22.873248459999957],[-53.51489209699997,-22.893592788999968],[-53.547085323999966,-22.929965783999933],[-53.622487699999965,-22.96008050599994],[-53.64665582899994,-23.04692683999997],[-53.65027706999996,-23.15914470399997],[-53.703621674999965,-23.22638195299993],[-53.708913844999984,-23.337750926999945],[-53.777043376999984,-23.358030823999968],[-53.791488981999976,-23.39898915699996],[-53.87247850399996,-23.447989339999936],[-53.99696347499997,-23.481395069999962],[-54.03150448599996,-23.543060099999934],[-54.04439400399997,-23.690678124999977],[-54.087713131999976,-23.793546581999976],[-54.11147984099995,-23.96433636499995],[-54.255912164999984,-24.07957823499993]]]}},{"type":"Feature","properties":{"adm0_a3":"BRA","shape_name":"Santa Catarina","ihme_name":"Santa Catarina"},"geometry":{"type":"Polygon","coordinates":[[[-53.657770531813796,-26.2945945927431],[-53.72251148199996,-26.387055558999975],[-53.72760554699994,-26.482569200999933],[-53.76307894499996,-26.585349779999945],[-53.783548517999975,-26.71896276399997],[-53.778489509999986,-26.778957421999962],[-53.73545156999995,-26.845855726999957],[-53.725770086999944,-26.894832993999955],[-53.72959039299997,-26.997750937999967],[-53.80200564499995,-27.09220086399995],[-53.75819634299995,-27.190542351999966],[-53.48629235499993,-27.195213955999975],[-53.437445286999946,-27.173968902999945],[-53.401622937999946,-27.115333962999955],[-53.383424108999975,-27.110961816999975],[-53.291953914999965,-27.19161712799996],[-53.199802525999985,-27.195695515999944],[-53.16870112699996,-27.16605051199997],[-53.136216573999945,-27.16452794399993],[-53.10588461699996,-27.194188252999936],[-53.01542705999998,-27.20024143699993],[-53.01649229499998,-27.227817656999946],[-52.995873005999954,-27.245585097999935],[-52.826055208999946,-27.261065187999975],[-52.757653259999984,-27.29058353499994],[-52.74522191899996,-27.327062087999934],[-52.72610715899998,-27.33552975699996],[-52.69964336899994,-27.33002148999998],[-52.68490567499998,-27.290216801999975],[-52.66116415799996,-27.283735269999966],[-52.47750526899995,-27.284926582999958],[-52.45041531099997,-27.32957867999994],[-52.41460455599997,-27.33672148599993],[-52.35142070899997,-27.331958776999954],[-52.320529550999936,-27.284675902999936],[-52.24360401599995,-27.284641672999953],[-52.21272338499995,-27.331430431999934],[-52.15558637699996,-27.339245448999975],[-51.99595742599996,-27.410968372999946],[-51.95965366499996,-27.557649009999977],[-51.86785910399993,-27.55872042699997],[-51.84503124099996,-27.514733502999945],[-51.82351107399995,-27.50906733499994],[-51.80200032699997,-27.514713238999946],[-51.77922051099995,-27.558499452999968],[-51.633716505999985,-27.56314315299994],[-51.60782283999998,-27.60851790299995],[-51.52480130599997,-27.618254198999978],[-51.47492795299996,-27.67563292799997],[-51.393879648999985,-27.698805902999936],[-51.33492518699995,-27.798980900999936],[-51.243479423999986,-27.80529607999995],[-51.21736870099994,-27.850267844999962],[-51.137445930999945,-27.860477510999942],[-51.124241118999976,-27.969511187999956],[-51.028858336999974,-27.97779083399996],[-51.00230696099993,-28.004859401999965],[-50.96197204899994,-28.015764597999976],[-50.95071378399996,-28.13818764599995],[-50.90425661499995,-28.154206705999968],[-50.88866068699997,-28.196265963999963],[-50.73384455199994,-28.313143087999947],[-50.70002265399995,-28.38686749599998],[-50.61751171699996,-28.416929572999948],[-50.59358026999996,-28.487571661999937],[-50.199865674999955,-28.49149837599998],[-50.17908871599997,-28.50047511899993],[-50.166827772999966,-28.53678587299993],[-50.145319334999954,-28.542380156999968],[-50.123802136999984,-28.53677043899995],[-50.10538435199993,-28.49491412499998],[-50.03019706899994,-28.490704310999945],[-49.966063169999984,-28.54049188199997],[-49.79085176899997,-28.548252652999963],[-49.76528424299994,-28.61243161599998],[-49.77109680499996,-28.673692913999957],[-49.87143829799993,-28.68328022999998],[-49.90401077399997,-28.758525377999945],[-49.99503645899995,-28.773882940999954],[-49.99993882199993,-28.91394017199997],[-50.01826726799993,-28.966216474999953],[-50.00218727799995,-29.094278784999972],[-50.05483006199995,-29.119825635999973],[-50.059479727999985,-29.230330735999928],[-50.088442649999934,-29.243324471999983],[-50.22342756399996,-29.246442161999937],[-50.23441402599997,-29.29634863299998],[-50.219101455999976,-29.326552962999983],[-50.18173932899998,-29.322625426999934],[-50.14855149599998,-29.281965369999966],[-50.01158171099996,-29.26178300999993],[-49.83805779599993,-29.33497883299998],[-49.794117823999954,-29.375586104999968],[-49.755138303999956,-29.37542194599996],[-49.75600191399997,-29.333511157999965],[-49.71696407099995,-29.323597725999946],[-49.689419907999934,-29.27477676799998],[-49.63542945299997,-29.25374104699995],[-49.614822852999964,-29.191478443999983],[-49.51654907599993,-29.112332369999933],[-49.435968972999945,-29.001657206999937],[-49.36869821499994,-28.97038277599995],[-49.25062240799997,-28.805270743999984],[-48.954800757999976,-28.709575885999982],[-48.880656467999984,-28.63443577199996],[-48.83490514099998,-28.622072379999963],[-48.81856843199995,-28.446232451999947],[-48.773078633999944,-28.41072841299996],[-48.76216397199994,-28.33261072299996],[-48.73534976199994,-28.295151820999934],[-48.726957726999956,-28.246129310999947],[-48.69432821799995,-28.22040995699996],[-48.707711,-28.12167398799994],[-48.65742448199995,-28.083390734999966],[-48.68243352799993,-27.983750649999934],[-48.638169337999955,-27.96572191299998],[-48.62582982599997,-27.89540051399996],[-48.55839238799996,-27.86409641199998],[-48.571547936999934,-27.778788132999978],[-48.485869143999935,-27.62757798499996],[-48.465576915999975,-27.545702699999936],[-48.42055384399998,-27.497557938999933],[-48.448921595999934,-27.45633162699994],[-48.57014596899995,-27.42037678199995],[-48.577003841999954,-27.313677558999927],[-48.61199408099998,-27.230421258999968],[-48.598022353999966,-27.17366760999994],[-48.62937272999994,-27.149426605999963],[-48.638074751999966,-27.084947991999968],[-48.682565489999945,-27.06710054599995],[-48.67440530999994,-26.877559378999933],[-48.698422008999955,-26.838036744999954],[-48.74454345299995,-26.826937348999934],[-48.76808644899995,-26.79700963299996],[-48.75950166699994,-26.625524261999942],[-48.65584673699993,-26.52352796599996],[-48.63436440899994,-26.443992514999934],[-48.64743230099998,-26.39543809199995],[-48.57754176599997,-26.299502140999948],[-48.573595627999964,-26.26443265299997],[-48.57763108399996,-26.22954236499993],[-48.62551233299996,-26.19663383799997],[-48.64062871999994,-26.157664891999957],[-48.684081255999956,-26.144248593999976],[-48.70058693999994,-26.080402696999954],[-48.752519020999955,-26.05090736099993],[-49.04991093399997,-26.05158017599996],[-49.09817528599996,-26.091069966999953],[-49.135200700999974,-26.099598433999972],[-49.17605717799995,-26.053530183999953],[-49.237556118999976,-26.04437233899995],[-49.331744534999984,-26.14240926499997],[-49.40883785799997,-26.160604975999945],[-49.44359406099994,-26.19255439799997],[-49.525955232999934,-26.213193199999978],[-49.57064972599994,-26.24909805799996],[-49.68751374799996,-26.259606263999956],[-49.82974708599994,-26.19079273899996],[-49.92954693099995,-26.105814643999963],[-50.17773962999996,-26.093126926999958],[-50.241965852999954,-26.132477308999967],[-50.34885676099998,-26.097104357999967],[-50.42446733299994,-26.150840351999932],[-50.47019251399996,-26.107647318999966],[-50.625473513999964,-26.09924577399994],[-50.70817475999996,-26.161857786999974],[-50.74592360999998,-26.24052305099997],[-50.862688952999974,-26.272260304999975],[-50.91755665399995,-26.30773121599998],[-50.977499457999954,-26.30681590599994],[-51.03900902199996,-26.27565634399997],[-51.10616818799997,-26.338386279999952],[-51.19014379899994,-26.32634864099998],[-51.22839563399998,-26.347311978999983],[-51.321752387999936,-26.444639411999958],[-51.32353930199997,-26.48722575299996],[-51.288476049999986,-26.51879243999997],[-51.28658611399993,-26.62415706799993],[-51.293761005999954,-26.651474804999964],[-51.32060579599994,-26.66775580199993],[-51.33259248899998,-26.721441238999944],[-51.35053488999995,-26.727231177999954],[-51.510714191999966,-26.72365426799996],[-51.53107139599996,-26.661701328999982],[-51.65424191599993,-26.648095001999934],[-51.70384699899995,-26.60225132299996],[-51.85177843599996,-26.638826706999964],[-51.97075693499994,-26.638687578999964],[-51.99950926799994,-26.60997334999996],[-52.06982051099993,-26.595227247999958],[-52.10380190799998,-26.562474486999974],[-52.16865417799994,-26.544169229999966],[-52.24986030699995,-26.49326575799995],[-52.488897958999985,-26.47582455199995],[-52.536612014999946,-26.43546587299994],[-52.60417782999997,-26.44230169499997],[-52.677510101999985,-26.42850329199996],[-52.79443128499997,-26.376440387999935],[-52.94825597299996,-26.42301877699998],[-53.11729906399995,-26.432659654999952],[-53.15353901699996,-26.39086006599996],[-53.22163424299998,-26.368762122999954],[-53.26186502999997,-26.33162178699996],[-53.32861718199996,-26.318877460999943],[-53.34266087499998,-26.282543025999928],[-53.40583968799996,-26.279628102999936],[-53.42118513099996,-26.319539517999942],[-53.442452137999965,-26.325814685999944],[-53.47766692099998,-26.32309679499997],[-53.50212106299995,-26.297353572999953],[-53.52088145799996,-26.33713735699996],[-53.54741457799997,-26.292936556999962],[-53.657770531813796,-26.2945945927431]]]}},{"type":"Feature","properties":{"adm0_a3":"BRA","shape_name":"Rio Grande do Sul","ihme_name":"Rio Grande do Sul"},"geometry":{"type":"Polygon","coordinates":[[[-49.76723162199994,-29.39097014099997],[-49.83805779599993,-29.33497883299998],[-50.00678977499996,-29.262641237999958],[-50.14855149599998,-29.281965369999966],[-50.19445305099998,-29.32741247299998],[-50.226659102999974,-29.322811159999958],[-50.23441402599997,-29.29634863299998],[-50.22342756399996,-29.246442161999937],[-50.088442649999934,-29.243324471999983],[-50.059479727999985,-29.230330735999928],[-50.05483006199995,-29.119825635999973],[-50.00218727799995,-29.094278784999972],[-50.01826726799993,-28.966216474999953],[-49.99993882199993,-28.91394017199997],[-49.99503645899995,-28.773882940999954],[-49.90401077399997,-28.758525377999945],[-49.87143829799993,-28.68328022999998],[-49.77109680499996,-28.673692913999957],[-49.76528424299994,-28.61243161599998],[-49.79085176899997,-28.548252652999963],[-49.966063169999984,-28.54049188199997],[-50.03019706899994,-28.490704310999945],[-50.10538435199993,-28.49491412499998],[-50.123802136999984,-28.53677043899995],[-50.145319334999954,-28.542380156999968],[-50.166827772999966,-28.53678587299993],[-50.17908871599997,-28.50047511899993],[-50.199865674999955,-28.49149837599998],[-50.59358026999996,-28.487571661999937],[-50.61751171699996,-28.416929572999948],[-50.70002265399995,-28.38686749599998],[-50.73384455199994,-28.313143087999947],[-50.88866068699997,-28.196265963999963],[-50.90425661499995,-28.154206705999968],[-50.95071378399996,-28.13818764599995],[-50.96197204899994,-28.015764597999976],[-51.00230696099993,-28.004859401999965],[-51.028858336999974,-27.97779083399996],[-51.124241118999976,-27.969511187999956],[-51.137445930999945,-27.860477510999942],[-51.21736870099994,-27.850267844999962],[-51.243479423999986,-27.80529607999995],[-51.33492518699995,-27.798980900999936],[-51.393879648999985,-27.698805902999936],[-51.47492795299996,-27.67563292799997],[-51.52480130599997,-27.618254198999978],[-51.60782283999998,-27.60851790299995],[-51.633716505999985,-27.56314315299994],[-51.77922051099995,-27.558499452999968],[-51.80200032699997,-27.514713238999946],[-51.82351107399995,-27.50906733499994],[-51.84503124099996,-27.514733502999945],[-51.86785910399993,-27.55872042699997],[-51.95965366499996,-27.557649009999977],[-51.99595742599996,-27.410968372999946],[-52.15558637699996,-27.339245448999975],[-52.21272338499995,-27.331430431999934],[-52.24360401599995,-27.284641672999953],[-52.320529550999936,-27.284675902999936],[-52.35142070899997,-27.331958776999954],[-52.41460455599997,-27.33672148599993],[-52.45041531099997,-27.32957867999994],[-52.47750526899995,-27.284926582999958],[-52.66116415799996,-27.283735269999966],[-52.68490567499998,-27.290216801999975],[-52.69964336899994,-27.33002148999998],[-52.72610715899998,-27.33552975699996],[-52.74522191899996,-27.327062087999934],[-52.757653259999984,-27.29058353499994],[-52.826055208999946,-27.261065187999975],[-52.995873005999954,-27.245585097999935],[-53.01649229499998,-27.227817656999946],[-53.01542705999998,-27.20024143699993],[-53.10588461699996,-27.194188252999936],[-53.136216573999945,-27.16452794399993],[-53.16870112699996,-27.16605051199997],[-53.199802525999985,-27.195695515999944],[-53.291953914999965,-27.19161712799996],[-53.394850040999984,-27.11041066699994],[-53.43367057699999,-27.170751782999957],[-53.48629235499993,-27.195213955999975],[-53.73980547299993,-27.19626130699993],[-53.79552613699997,-27.162876911999945],[-53.89883981999998,-27.19516053999996],[-54.008366998999975,-27.200809901999946],[-54.05380044299994,-27.262756362999937],[-54.10598584699994,-27.262446628999953],[-54.14038320299994,-27.23441833499993],[-54.14669271699995,-27.25967432699997],[-54.190885,-27.27783315399995],[-54.20046000199994,-27.36722284399997],[-54.26510875099996,-27.41190850199996],[-54.29227551599996,-27.456371513999954],[-54.33944298999995,-27.45352170999996],[-54.357841630999985,-27.429182544999946],[-54.41753456999999,-27.417876405999948],[-54.44388982199996,-27.38992619399994],[-54.53536543599995,-27.391124177999927],[-54.55020687399997,-27.464900709999938],[-54.61604756299994,-27.48115682399998],[-54.634254133999946,-27.52237355699998],[-54.831914611999935,-27.53200180099998],[-54.84123088399997,-27.61660221099993],[-54.89223352699997,-27.639602984999954],[-54.90385962399995,-27.72758714899993],[-54.96751114699998,-27.740334453999935],[-54.98236929099994,-27.778978912999946],[-55.095323159999964,-27.862562727999943],[-55.14499661599996,-27.886718593999944],[-55.21869321699995,-27.89359484199997],[-55.23888648999997,-27.918830656999944],[-55.374938946999976,-27.97902029499994],[-55.38967083799997,-28.052765826999973],[-55.45255537699995,-28.06555278999997],[-55.47710684799995,-28.100609281999937],[-55.49246907599996,-28.178710140999954],[-55.51640362899997,-28.173670019999975],[-55.548072667999975,-28.083562609999944],[-55.592659078999986,-28.083816156999944],[-55.58602862999999,-28.21045322799995],[-55.70227313399994,-28.21808749799993],[-55.752536900999985,-28.244385928999975],[-55.73131262099997,-28.29380912399995],[-55.70377551599995,-28.30941951699998],[-55.704658517999974,-28.34896471199994],[-55.885622824999984,-28.35954781399994],[-55.876039195999965,-28.466901419999942],[-55.90612697599994,-28.486879803999955],[-55.98525042199998,-28.499305426999967],[-55.99689888499995,-28.60882102499994],[-56.08236629399994,-28.664663769999947],[-56.17224135599997,-28.776111129999947],[-56.258451897999976,-28.790339981999978],[-56.26935619799997,-28.947404613999936],[-56.37337375799996,-28.958788039999945],[-56.38298311199998,-29.054970453999942],[-56.42427442899998,-29.101660936999963],[-56.52919013999997,-29.11256710899994],[-56.56743891499997,-29.175905047999947],[-56.58787664199997,-29.277266763999933],[-56.655607879999934,-29.337227690999953],[-56.68822769399998,-29.337262136999982],[-56.69918703999997,-29.423909064999975],[-56.74342092899997,-29.436593826999967],[-56.779209469999955,-29.46959455399997],[-56.780504158999975,-29.492243858999984],[-56.83791809599995,-29.52168579299996],[-57.00589518999993,-29.715532606999943],[-57.05855175999994,-29.74758714899997],[-57.141402676999974,-29.76367099899994],[-57.18761801599993,-29.814471779999963],[-57.22560757999997,-29.83111208699995],[-57.24831313999994,-29.99233363099995],[-57.33955972399997,-30.01457335599997],[-57.37359269399997,-30.06068922099996],[-57.44880205499999,-30.09290522899994],[-57.470243066999956,-30.11947426499995],[-57.46416581699998,-30.169626369999946],[-57.48583674399998,-30.181729436999944],[-57.49061406799996,-30.211116941999933],[-57.43999778399996,-30.23112821199993],[-57.405342953999934,-30.27026161599997],[-57.37197856499995,-30.263189573999966],[-57.23665152499996,-30.30738348799997],[-57.20934058499995,-30.28475802199995],[-57.13626953499994,-30.29071000299996],[-57.11018039999993,-30.26423183299994],[-57.07002084199996,-30.253367556999933],[-57.05614324199996,-30.180759872999943],[-56.96329372799994,-30.10617844899997],[-56.85761766899998,-30.116367836999984],[-56.83764948899994,-30.094561005999935],[-56.80658307099998,-30.09210541899995],[-56.77939349899998,-30.154460641999947],[-56.66289277599998,-30.16244476099996],[-56.642480915999954,-30.186982567999962],[-56.59982883299995,-30.200786130999973],[-56.587291221999976,-30.25323578499996],[-56.520506189999935,-30.253382774999977],[-56.49025958599998,-30.37131760699998],[-56.42821092799994,-30.383594965999976],[-56.367180443999985,-30.41696643299997],[-56.35265120199995,-30.475841684999978],[-56.277842420999946,-30.522336861999975],[-56.23338454299994,-30.528479153999967],[-56.08697287099994,-30.692293828999937],[-56.02119127599997,-30.72378250199995],[-55.980423704999964,-30.772023673999968],[-55.97003475599996,-31.077333555999928],[-55.94817956099996,-31.109583672999975],[-55.88711972799996,-31.113150219999966],[-55.82682613199995,-31.070275247999973],[-55.761400091999974,-31.07722076899995],[-55.72581806399995,-31.036287184999935],[-55.66525164799998,-31.025415883999983],[-55.64330235799997,-30.966746514999954],[-55.43407251399998,-30.968298283999957],[-55.41626166999998,-31.025226335999946],[-55.373004470999945,-31.038322971999946],[-55.35434508499998,-31.077502255999946],[-55.29185127599993,-31.090825310999946],[-55.28129898199995,-31.14355900099997],[-55.235697209999955,-31.171245115999966],[-55.19704914699997,-31.224239973999943],[-55.18288098199997,-31.29321362099995],[-55.08303855799994,-31.302822660999936],[-55.06149616599998,-31.32760415299998],[-55.021358186999976,-31.33886087099995],[-55.00619602199998,-31.376134779999973],[-54.933690396999964,-31.36726723399994],[-54.906773673999965,-31.394479806999982],[-54.829917842999976,-31.42658533699995],[-54.67036072199994,-31.452541432999965],[-54.57922400899997,-31.495290955999963],[-54.573527765999984,-31.528755390999947],[-54.47420057299996,-31.53757319099998],[-54.38687545899995,-31.724951914999963],[-54.33706958899995,-31.73650382099993],[-54.28605163599997,-31.77608171399993],[-54.239355631999956,-31.786150722999935],[-54.12630494199993,-31.851130164999972],[-54.10367848399994,-31.912606095999934],[-53.99931970499995,-31.921381689999976],[-53.96443473199997,-31.985169889999952],[-53.913923042999954,-32.04009125999994],[-53.870243922999975,-32.05283473099996],[-53.853070369999955,-32.09137090199994],[-53.789077830999986,-32.07999565899996],[-53.753151765999974,-32.09775935699997],[-53.70908391399996,-32.141482708999945],[-53.71934902099997,-32.20653804999995],[-53.69163880199994,-32.23493871599993],[-53.68455762499997,-32.314926560999936],[-53.65253006299997,-32.35131944999995],[-53.64433272399998,-32.40130900699995],[-53.57370123199996,-32.43722108999998],[-53.57931875999998,-32.49347037599995],[-53.48523622499994,-32.51960926999993],[-53.40301334299994,-32.612860258999945],[-53.30104962499996,-32.63761843399993],[-53.24957345599995,-32.68544071699995],[-53.166802159999975,-32.69455886399993],[-53.127507357999946,-32.768833702999984],[-53.12858835499998,-32.79808596299995],[-53.17373251899994,-32.84010370799996],[-53.228164841999956,-32.86595104099996],[-53.27101190099995,-32.858418092999955],[-53.29010379599998,-32.87503493299994],[-53.26552604799997,-32.96305318699996],[-53.34557851699998,-32.971826549999946],[-53.38256893799996,-33.01712567799996],[-53.46404886499994,-33.035766096999964],[-53.48959409499997,-33.06072659199998],[-53.509845051999946,-33.13027200499994],[-53.496155543999976,-33.307121493999944],[-53.511219994999976,-33.36206628499997],[-53.49242679599996,-33.41770645099996],[-53.48852852899995,-33.64465728699997],[-53.438551350999944,-33.67780685599996],[-53.42381047199996,-33.730071298999974],[-53.32594721399994,-33.73404325299998],[-53.303667702999974,-33.72771775299998],[-53.31343290099994,-33.69911842099998],[-53.30297927899994,-33.68196066999997],[-53.20501172199994,-33.647481116999984],[-53.13320649299993,-33.59261864699994],[-53.09839900199995,-33.54541973399995],[-53.050502413999936,-33.532697317999975],[-53.01202792799995,-33.47372487499996],[-52.95248359899995,-33.46772248899998],[-52.843652050999935,-33.36291761999996],[-52.82147740199997,-33.34865198699998],[-52.77683509499997,-33.353906215999984],[-52.71725688999993,-33.28970279199996],[-52.70647743899997,-33.23789797199993],[-52.663628409999944,-33.20877950599993],[-52.63730752499998,-33.12927419899995],[-52.57253732099997,-33.08137270799995],[-52.55972951499996,-33.05005309099994],[-52.56759587299996,-33.020332466999946],[-52.523548550999976,-32.99445889599997],[-52.48330555399997,-32.92922846299996],[-52.496271322999974,-32.85804303799995],[-52.44036396599995,-32.775160005999965],[-52.43607767499998,-32.60267442199995],[-52.29220805299997,-32.309874186999934],[-52.22651383099998,-32.270574945999954],[-52.194264945999976,-32.231579232999934],[-52.12753237299995,-32.22027151899994],[-52.113007065999966,-32.203767331999984],[-52.12007232899998,-32.15056275799998],[-52.01499904499997,-32.07403214899995],[-51.95945779699997,-32.00594665999995],[-51.89875238399998,-31.990412446999983],[-51.83386370299996,-31.914112812999974],[-51.745929056999955,-31.89308591899993],[-51.65297081699998,-31.820461271999932],[-51.58585818999995,-31.806847688999937],[-51.55759511499997,-31.774278849999973],[-51.46796469199995,-31.759802354999977],[-51.420546359999946,-31.70476790799995],[-51.35235719699995,-31.675255815999947],[-51.33928789199996,-31.639375151999957],[-51.312397017999956,-31.640994902999978],[-51.25187989899996,-31.574493046999976],[-51.22161213299995,-31.487920002999942],[-51.138471754999955,-31.47460129199993],[-51.07758864799996,-31.44404624699996],[-51.00578589299994,-31.368080266999982],[-50.941346402999955,-31.327292308999972],[-50.91157901599996,-31.256976773999952],[-50.86344771399996,-31.24349088699995],[-50.82824170299995,-31.211224742999946],[-50.766697051999984,-31.065923272999953],[-50.726714448999985,-31.057660987999952],[-50.68631603399996,-31.023318487999973],[-50.65712839099996,-30.95700138999996],[-50.63079913399997,-30.941322368999977],[-50.638383259999955,-30.91425370199994],[-50.624496127999976,-30.884158240999966],[-50.53017096999997,-30.789393169999983],[-50.522708534999936,-30.709542618999933],[-50.490528591999976,-30.684294179999938],[-50.49351623599995,-30.638456014999974],[-50.462756009999964,-30.571113322999963],[-50.396995629999935,-30.543079069999976],[-50.36180505999994,-30.472565904999954],[-50.315378314999975,-30.46935916299998],[-50.30898455099998,-30.34828894499998],[-50.288555401999986,-30.255414849999966],[-50.25521530299994,-30.227594047999958],[-50.258327692999956,-30.168667914999958],[-50.21925647699993,-30.149631303999968],[-50.19960745199995,-30.090776338999945],[-50.103557147999936,-29.976520833999928],[-50.11365957999993,-29.88394399599997],[-50.062381811999956,-29.86256887199994],[-50.00309546999995,-29.761414899999977],[-49.98251242799995,-29.704738401999975],[-49.99348974099996,-29.655606304999935],[-49.93344676899994,-29.61806116599996],[-49.914473276999956,-29.552475399999935],[-49.816777644999945,-29.43365225799994],[-49.76837058299998,-29.420481929999937],[-49.76723162199994,-29.39097014099997]]]}}]}