{"type":"FeatureCollection","features":[{"type":"Feature","properties":{"adm0_a3":"JPN","shape_name":"Osaka Prefecture","ihme_name":"\u014csaka"},"geometry":{"type":"MultiPolygon","coordinates":[[[[135.402582,34.673248],[135.386753,34.66265],[135.409713,34.659026],[135.402582,34.673248]]],[[[135.2553811,34.4502144],[135.200351,34.42802],[135.22926,34.430815],[135.227501,34.413312],[135.265064,34.43741],[135.2331515,34.4316134],[135.2553811,34.4502144]]],[[[135.340558,34.466488],[135.333062,34.444725],[135.347286,34.458669],[135.340558,34.466488]]],[[[135.3896946,34.628305],[135.402625,34.612071],[135.42033,34.61299],[135.3896946,34.628305]]],[[[135.434736,34.643037],[135.401401,34.639417],[135.396629,34.628859],[135.4123122,34.6371905],[135.410286,34.625838],[135.432577,34.624182],[135.434736,34.643037]]],[[[135.379406,34.66004],[135.392775,34.641762],[135.404499,34.6537232],[135.379406,34.66004]]],[[[135.40729279054722,34.6970930632779],[135.422076,34.679526],[135.408208,34.671903],[135.426296,34.667852],[135.416453,34.6615],[135.414247,34.651626],[135.420417,34.66016],[135.4526681,34.6349418],[135.447153,34.61472],[135.441253,34.626121],[135.423392,34.618997],[135.446833,34.606161],[135.423517,34.605028],[135.425538,34.593366],[135.46059,34.59483],[135.449289,34.587134],[135.465859,34.582061],[135.450257,34.583655],[135.453017,34.56546],[135.426138,34.589669],[135.420854,34.569665],[135.402192,34.600059],[135.4095924,34.554949],[135.384495,34.518802],[135.371361,34.52256],[135.378211,34.531975],[135.367177,34.517109],[135.378625,34.510971],[135.37575,34.473217],[135.366153,34.480657],[135.35366,34.450991],[135.218187,34.344633],[135.0920279,34.3150162],[135.106072,34.308599],[135.096764,34.296642],[135.11141,34.271834],[135.184322,34.278829],[135.20508,34.288261],[135.208043,34.308202],[135.282812,34.31791],[135.293373,34.299293],[135.338238,34.335278],[135.397046,34.330391],[135.485376,34.362832],[135.507821,34.336497],[135.577121,34.376049],[135.654715,34.383835],[135.676227,34.400241],[135.664285,34.423227],[135.68634,34.448012],[135.684726,34.485416],[135.677144,34.525162],[135.650285,34.544112],[135.681744,34.584862],[135.675694,34.601739],[135.650121,34.607833],[135.678705,34.677759],[135.673019,34.701636],[135.704136,34.723781],[135.709749,34.780372],[135.726574,34.775857],[135.746025,34.803642],[135.694914,34.848282],[135.64947,34.925133],[135.599322,34.928292],[135.613264,34.971195],[135.572731,34.971238],[135.578578,34.955885],[135.563131,34.953664],[135.557327,34.934686],[135.581053,34.937036],[135.581258,34.922452],[135.541314,34.915226],[135.514594,34.94412],[135.481137,34.949739],[135.493056,34.989068],[135.381693,35.010247],[135.380096,35.039004],[135.350028,35.051191],[135.330204,35.035224],[135.354697,35.02479],[135.359533,34.982516],[135.346354,34.964651],[135.468536,34.92627],[135.418651,34.908948],[135.430742,34.892431],[135.445818,34.897212],[135.416878,34.852225],[135.415991,34.817693],[135.442787,34.791174],[135.460294,34.733138],[135.40729279054722,34.6970930632779]]]]}},{"type":"Feature","properties":{"adm0_a3":"JPN","shape_name":"Oita","ihme_name":"\u014cita"},"geometry":{"type":"MultiPolygon","coordinates":[[[[131.696319,33.731505],[131.667474,33.740213],[131.631051,33.718546],[131.6671603,33.7168627],[131.696319,33.731505]]],[[[131.91053,32.769167],[131.923267,32.775244],[131.910003,32.779237],[131.91053,32.769167]]],[[[132.067194,32.959066],[132.080871,32.959997],[132.080349,32.974201],[132.074665,32.97781],[132.067194,32.959066]]],[[[131.919707,33.012862],[131.910494,32.98915],[131.916444,32.981315],[131.945213,32.996],[131.926207,32.996911],[131.943544,33.016061],[131.919707,33.012862]]],[[[131.18682844252612,33.6183249511737],[131.1723422,33.583033],[131.188516,33.547787],[131.1662752,33.527357],[131.177274,33.507174],[131.0295861,33.518859],[130.9728911,33.505519],[130.8949211,33.446155],[130.8863502,33.379696],[130.8626812,33.3768941],[130.8353482,33.343546],[130.8572991,33.326901],[130.8663481,33.292112],[130.8520742,33.277469],[130.8680481,33.264078],[130.8287032,33.2574581],[130.8262622,33.2367619],[130.8594041,33.229521],[130.8364892,33.210599],[130.8874971,33.186479],[130.8430711,33.093822],[130.886197,33.087455],[130.915851,33.053485],[130.94682,33.052833],[130.970272,33.023761],[130.990851,33.02382],[131.014536,33.047566],[131.02405,33.087542],[130.978332,33.1409],[130.992218,33.183203],[131.103304,33.187233],[131.161217,33.140767],[131.174548,33.083084],[131.216097,33.054201],[131.223625,33.017164],[131.26351,32.976558],[131.245981,32.960002],[131.257387,32.887431],[131.343812,32.831101],[131.357317,32.804536],[131.475256,32.837242],[131.517466,32.800804],[131.511286,32.770331],[131.568361,32.754081],[131.592512,32.775314],[131.711142,32.772378],[131.735728,32.831102],[131.767017,32.83894],[131.793901,32.821945],[131.858975,32.820963],[131.847009,32.73593],[131.885707,32.745868],[131.868447,32.773798],[131.879585,32.791588],[131.892618,32.76488],[131.896258,32.764407],[131.889851,32.804678],[131.902729,32.784948],[131.925274,32.801069],[131.936439,32.784425],[131.95459,32.808122],[131.97674,32.795388],[132.010341,32.834816],[131.985992,32.846288],[131.974758,32.844553],[131.986364,32.828901],[131.963209,32.83834],[131.963022,32.8187],[131.957479,32.836733],[131.942224,32.834819],[131.956557,32.84106],[131.949697,32.854938],[131.961641,32.846845],[132.015581,32.890565],[131.986258,32.889359],[131.97593,32.922062],[132.009636,32.905817],[132.008697,32.925192],[132.027034,32.935781],[132.085329,32.932993],[132.050846,32.953839],[132.003713,32.932322],[132.002446,32.9592],[131.982346,32.93927],[131.975059,32.963729],[131.9599,32.945561],[131.948894,32.959375],[131.927052,32.95471],[131.927671,32.974923],[131.88945,32.991373],[131.898564,33.00676],[131.905385,32.994945],[131.929739,33.052581],[131.975709,33.046196],[132.017924,33.059579],[131.995621,33.079787],[132.002802,33.09629],[131.974037,33.062141],[131.942968,33.069455],[131.940702,33.096863],[131.929344,33.067372],[131.912571,33.066515],[131.911053,33.082596],[131.885071,33.084443],[131.885733,33.072852],[131.852531,33.088423],[131.901006,33.110159],[131.915524,33.12505],[131.90132,33.13459],[131.843438,33.1143],[131.798359,33.127112],[131.8285628,33.1502187],[131.832826,33.181102],[131.869093,33.201305],[131.875838,33.244527],[131.903169,33.267664],[131.867756,33.259589],[131.874424,33.249472],[131.806074,33.241921],[131.754737,33.252484],[131.7593563,33.2402017],[131.6920861,33.2794647],[131.5894584,33.2457495],[131.5091694,33.2711287],[131.498925,33.360294],[131.52421,33.36779],[131.549833,33.350172],[131.596799,33.349819],[131.596949,33.37181],[131.649963,33.383915],[131.631677,33.425833],[131.703053,33.4071],[131.725914,33.465191],[131.739556,33.466344],[131.729062,33.500916],[131.740487,33.561421],[131.692966,33.640189],[131.63581,33.682271],[131.630623,33.682214],[131.630619,33.670288],[131.625775,33.669323],[131.585917,33.692567],[131.564377,33.671451],[131.560694,33.686862],[131.522946,33.684492],[131.529431,33.673118],[131.499705,33.671259],[131.506792,33.656492],[131.485409,33.647697],[131.469739,33.614414],[131.424035,33.591825],[131.430723,33.5680793],[131.282186,33.580129],[131.254223,33.599185],[131.257715,33.612445],[131.232802,33.601343],[131.18682844252612,33.6183249511737]]]]}},{"type":"Feature","properties":{"adm0_a3":"JPN","shape_name":"Hyogo Prefecture","ihme_name":"Hy\u014dgo"},"geometry":{"type":"MultiPolygon","coordinates":[[[[134.82431875,34.17829230373832],[134.811833,34.166255],[134.812123,34.156399],[134.830499,34.164513],[134.82431875,34.17829230373832]]],[[[134.654315,34.293506],[134.676458,34.255128],[134.658813,34.240815],[134.722606,34.255509],[134.699774,34.221691],[134.730421,34.2071],[134.731355,34.188768],[134.7973909,34.1973214],[134.846067,34.230784],[134.952506,34.267273],[134.943216,34.298469],[134.893647,34.352239],[134.894953,34.416724],[134.986651,34.511482],[135.024212,34.589005],[135.004093,34.608595],[134.98357,34.603344],[134.934994,34.549425],[134.876311,34.522368],[134.84154,34.471418],[134.797827,34.449003],[134.730134,34.32996],[134.687317,34.331108],[134.673842,34.317524],[134.654315,34.293506]]],[[[135.325991,34.710311],[135.338734,34.710914],[135.34071,34.7180124],[135.330224,34.7216944],[135.325991,34.710311]]],[[[135.320939,34.704839],[135.322083,34.716377],[135.306162,34.713206],[135.320939,34.704839]]],[[[135.3033029,34.7168595],[135.293438,34.704791],[135.304029,34.705726],[135.3033029,34.7168595]]],[[[135.2775007,34.6981302],[135.2522026,34.6933148],[135.2544681,34.6777543],[135.2905188,34.6816417],[135.2775007,34.6981302]]],[[[134.862142,34.707393],[134.84605,34.708104],[134.836485,34.6972962],[134.85352,34.69399],[134.862142,34.707393]]],[[[135.288015,34.703976],[135.271366,34.706353],[135.271656,34.702447],[135.288015,34.703976]]],[[[135.2092179,34.6300978],[135.2286747,34.6305799],[135.2403593,34.6348811],[135.2133139,34.6399946],[135.2092179,34.6300978]]],[[[134.51542,34.635378],[134.515357,34.659585],[134.500836,34.643744],[134.51542,34.635378]]],[[[134.458507,34.645279],[134.500056,34.644037],[134.4959973,34.6680041],[134.463754,34.664216],[134.458507,34.645279]]],[[[135.2199837,34.6827853],[135.2042661,34.6562116],[135.2451884,34.6507529],[135.2199837,34.6827853]]],[[[134.57,34.653787],[134.584817,34.655114],[134.589768,34.668955],[134.569139,34.67566],[134.57,34.653787]]],[[[134.545908,34.679826],[134.508095,34.677262],[134.541897,34.658195],[134.545908,34.679826]]],[[[134.8775798,34.684509],[134.8649181,34.7028239],[134.85716,34.692],[134.8775798,34.684509]]],[[[135.371246,35.045289],[135.404347,35.08885],[135.388026,35.097125],[135.38981,35.128765],[135.34247,35.135874],[135.340458,35.150093],[135.287771,35.142643],[135.289784,35.171754],[135.273985,35.177263],[135.232189,35.177504],[135.206213,35.160685],[135.186867,35.173166],[135.197058,35.203017],[135.154778,35.226502],[135.166858,35.240345],[135.15753,35.261093],[135.10877,35.26628],[135.067875,35.237351],[135.056789,35.264603],[135.010851,35.269582],[134.999117,35.290938],[134.921604,35.315134],[134.933568,35.40707],[134.959553,35.408967],[134.991081,35.385635],[135.049167,35.407743],[135.032164,35.497158],[135.045156,35.508693],[135.030032,35.540268],[134.9268994,35.5125279],[134.914569,35.545309],[134.853727,35.58908],[134.873877,35.620929],[134.865589,35.659233],[134.8409741,35.6419838],[134.839203,35.655603],[134.798627,35.670517],[134.76754,35.659689],[134.763738,35.674686],[134.757806,35.661324],[134.715952,35.666933],[134.70468,35.652932],[134.688198,35.665473],[134.663014,35.648209],[134.663828,35.666827],[134.618384,35.639389],[134.59856,35.658785],[134.558759,35.650855],[134.539763,35.670424],[134.452393,35.629057],[134.43867,35.635776],[134.433133,35.620496],[134.36994406421928,35.61458843915161],[134.421799,35.562549],[134.412702,35.514904],[134.430876,35.502469],[134.439999,35.442929],[134.480094,35.427038],[134.472302,35.37825],[134.513915,35.353457],[134.501921,35.326543],[134.515371,35.277308],[134.463472,35.236823],[134.402814,35.241024],[134.382396,35.221582],[134.382993,35.194439],[134.411776,35.186019],[134.411632,35.151962],[134.367393,35.146961],[134.350348,35.091037],[134.318924,35.083282],[134.316874,35.043529],[134.281591,35.037232],[134.264359,35.016561],[134.286681,34.996112],[134.254094,34.937657],[134.294939,34.904077],[134.262839,34.884307],[134.252738,34.851899],[134.2637982,34.826727],[134.287446,34.828798],[134.317099,34.801951],[134.3158278,34.7810408],[134.334831,34.769127],[134.313027,34.738397],[134.3217287816228,34.72194527297151],[134.3636466,34.7407791],[134.3524516,34.7451411],[134.3586596,34.7585431],[134.374051,34.7308359],[134.414051,34.728951],[134.4331112,34.766158],[134.4553841,34.7681131],[134.451035,34.753745],[134.463901,34.763913],[134.45646,34.783521],[134.465758,34.8090325],[134.480096,34.7864],[134.474256,34.755223],[134.5273995,34.7829161],[134.569995,34.7579342],[134.6054397,34.7794754],[134.623885,34.769418],[134.6225296,34.7837554],[134.6439205,34.7834126],[134.6288313,34.763861],[134.6455706,34.7667587],[134.6557214,34.788489],[134.650353,34.770586],[134.6622992,34.7841599],[134.667519,34.770729],[134.744975,34.769098],[134.820723,34.728636],[134.808887,34.718381],[134.8315967,34.6981827],[134.844397,34.72257],[134.821872,34.730802],[134.8446404,34.7226722],[134.910614,34.6733885],[134.9726139,34.6438343],[134.966765,34.64495],[134.9819606,34.6401277],[135.0186644,34.6433258],[135.0455937,34.6247668],[135.183272,34.649417],[135.1901414,34.6854734],[135.2023701,34.6786132],[135.2181637,34.6899894],[135.2046947,34.6922142],[135.224541,34.7014173],[135.216986,34.694323],[135.238019,34.693248],[135.2279786,34.7000373],[135.322315,34.7257584],[135.34861,34.7221674],[135.3713149,34.6807792],[135.4011954,34.6991662],[135.3739156,34.6786317],[135.3919734,34.6800609],[135.460294,34.733138],[135.442787,34.791174],[135.415991,34.817693],[135.416878,34.852225],[135.445818,34.897212],[135.430742,34.892431],[135.418651,34.908948],[135.468536,34.92627],[135.346354,34.964651],[135.359533,34.982516],[135.354697,35.02479],[135.330204,35.035224],[135.350028,35.051191],[135.371246,35.045289]]]]}},{"type":"Feature","properties":{"adm0_a3":"JPN","shape_name":"Fukui Prefecture","ihme_name":"Fukui"},"geometry":{"type":"Polygon","coordinates":[[[135.486599,35.557936],[135.460484,35.548457],[135.449442,35.526047],[135.476224,35.505493],[135.458346,35.468301],[135.502049,35.420031],[135.525793,35.420419],[135.527588,35.380113],[135.642056,35.366906],[135.700883,35.343678],[135.759639,35.353089],[135.790893,35.386639],[135.807528,35.385362],[135.813657,35.413301],[135.853202,35.411537],[135.864691,35.3944],[135.89057,35.403175],[135.914162,35.432106],[135.939647,35.520543],[135.981159,35.486557],[136.004343,35.490971],[136.026532,35.529497],[136.069436,35.526267],[136.082907,35.540577],[136.106454,35.528989],[136.113838,35.582898],[136.16983,35.565943],[136.176807,35.598448],[136.134474,35.669446],[136.150945,35.698191],[136.191091,35.702464],[136.280741,35.658631],[136.298906,35.677684],[136.291821,35.690524],[136.323952,35.716747],[136.327947,35.775102],[136.376657,35.795178],[136.430933,35.774992],[136.485713,35.776455],[136.50593,35.750294],[136.522814,35.788166],[136.570744,35.777424],[136.599149,35.79853],[136.622056,35.7868],[136.645194,35.806832],[136.657664,35.783483],[136.710047,35.792044],[136.723383,35.808195],[136.789316,35.799436],[136.801959,35.843675],[136.832344,35.859267],[136.813702,35.910923],[136.783921,35.92574],[136.793243,35.945982],[136.752864,35.956461],[136.752249,35.988606],[136.726743,35.995938],[136.73279,36.048882],[136.764968,36.069393],[136.754282,36.086291],[136.662288,36.067629],[136.651342,36.092233],[136.559794,36.153158],[136.510714,36.146125],[136.488043,36.159142],[136.456637,36.136267],[136.409304,36.172227],[136.358042,36.165101],[136.335664,36.184871],[136.332281,36.229781],[136.301202,36.258218],[136.26681,36.265102],[136.2440524088097,36.29527537129256],[136.170248,36.251934],[136.123298,36.250095],[136.134918,36.221586],[136.118771,36.20047],[136.134362,36.204735],[136.129871,36.1924],[136.10787,36.173627],[136.119976,36.190342],[136.112752,36.205284],[136.092209,36.152215],[136.027866,36.095767],[136.0106954,36.0336264],[135.957702,35.982529],[135.997367,35.934812],[135.993278,35.887561],[136.070905,35.824285],[136.100253,35.778268],[136.099924,35.746677],[136.085701,35.739233],[136.098656,35.725768],[136.078478,35.703403],[136.086063,35.684231],[136.064534,35.679522],[136.0722961,35.6606938],[136.0456507,35.657748],[136.025542,35.680329],[136.04436,35.705473],[136.017453,35.764068],[135.954224,35.721954],[135.955808,35.702916],[135.9707,35.712076],[135.975706,35.697658],[135.963156,35.657032],[135.986084,35.642487],[135.978222,35.627607],[135.949806,35.633865],[135.930018,35.611424],[135.912955,35.609419],[135.906846,35.624738],[135.867789,35.608124],[135.84621,35.635453],[135.814667,35.642214],[135.83881,35.620837],[135.831911,35.603347],[135.855609,35.600363],[135.838702,35.562742],[135.801354,35.571321],[135.833709,35.535834],[135.798438,35.524958],[135.765933,35.557306],[135.770017,35.54388],[135.75707,35.543257],[135.749879,35.566608],[135.714644,35.569866],[135.688649,35.546247],[135.716782,35.540744],[135.717941,35.519726],[135.739108,35.536099],[135.764964,35.533886],[135.715666,35.483499],[135.700615,35.494723],[135.662583,35.493773],[135.648167,35.478256],[135.581249,35.489641],[135.62678,35.48873],[135.642282,35.507037],[135.630962,35.522157],[135.669382,35.524638],[135.66093,35.547663],[135.574622,35.492788],[135.525813,35.491362],[135.507204,35.506382],[135.516365,35.551253],[135.499032,35.553727],[135.504347,35.522572],[135.468621,35.530264],[135.486599,35.557936]]]}},{"type":"Feature","properties":{"adm0_a3":"JPN","shape_name":"Shiga","ihme_name":"Shiga"},"geometry":{"type":"Polygon","coordinates":[[[135.790893,35.386639],[135.764072,35.344557],[135.80929,35.316433],[135.829623,35.276735],[135.860755,35.28296],[135.829308,35.220346],[135.856763,35.153615],[135.834852,35.055554],[135.814757,35.0452],[135.834518,35.022081],[135.820239,35.015194],[135.836559,35.001226],[135.826905,34.991204],[135.849267,34.991734],[135.878748,34.947045],[135.862934,34.903387],[135.885002,34.875546],[135.941007,34.893683],[135.946351,34.851631],[135.961399,34.85466],[135.969867,34.837779],[136.003993,34.844341],[136.005763,34.826158],[136.027858,34.821665],[136.011247,34.795861],[136.02811,34.790589],[136.090616,34.812227],[136.086052,34.837598],[136.126411,34.861852],[136.085621,34.877246],[136.110848,34.901856],[136.131216,34.883105],[136.178546,34.887117],[136.250675,34.857728],[136.366034,34.904899],[136.37269,34.942257],[136.415801,34.980529],[136.417769,35.049468],[136.441556,35.066304],[136.448055,35.123719],[136.435585,35.130778],[136.454608,35.162064],[136.408653,35.187183],[136.415131,35.217744],[136.377267,35.243267],[136.396962,35.257731],[136.391032,35.289969],[136.422325,35.34839],[136.411974,35.370065],[136.444352,35.389425],[136.411808,35.418598],[136.420538,35.465962],[136.386718,35.48881],[136.405677,35.513456],[136.4004039,35.530082],[136.3728,35.559724],[136.345976,35.536129],[136.317503,35.547398],[136.323711,35.616445],[136.288559,35.620589],[136.280533,35.661276],[136.191091,35.702464],[136.150945,35.698191],[136.134474,35.669446],[136.176807,35.598448],[136.16983,35.565943],[136.113838,35.582898],[136.106454,35.528989],[136.082907,35.540577],[136.069436,35.526267],[136.026532,35.529497],[136.004343,35.490971],[135.981159,35.486557],[135.939647,35.520543],[135.914162,35.432106],[135.89057,35.403175],[135.864691,35.3944],[135.853202,35.411537],[135.813657,35.413301],[135.807528,35.385362],[135.790893,35.386639]]]}},{"type":"Feature","properties":{"adm0_a3":"JPN","shape_name":"Nara Prefecture","ihme_name":"Nara"},"geometry":{"type":"Polygon","coordinates":[[[135.651129,34.383206],[135.672684,34.281571],[135.716215,34.265582],[135.730204,34.228399],[135.708034,34.208197],[135.648078,34.218986],[135.621918,34.158422],[135.590321,34.148667],[135.578436,34.115814],[135.546261,34.098101],[135.539844,34.075182],[135.58049,34.05791],[135.59966,34.032019],[135.593849,34.012981],[135.622193,34.009668],[135.638676,33.985149],[135.637231,33.950649],[135.616932,33.953816],[135.601113,33.902566],[135.622872,33.897959],[135.617964,33.872064],[135.685958,33.903955],[135.756115,33.885165],[135.816319,33.905614],[135.851328,33.894316],[135.872169,33.858956],[135.882688,33.878871],[135.861094,33.887142],[135.865859,33.922072],[135.88505,33.906919],[135.909084,33.918474],[135.892449,33.945824],[135.926563,33.981447],[135.975046,33.98613],[136.037502,34.040924],[136.104089,34.025821],[136.093309,34.082875],[136.118661,34.082364],[136.099404,34.118852],[136.114738,34.159981],[136.109008,34.184996],[136.092652,34.190183],[136.131849,34.251896],[136.094904,34.301451],[136.129505,34.316174],[136.069141,34.394257],[136.095898,34.435222],[136.206248,34.448677],[136.229864,34.492871],[136.214667,34.501312],[136.215207,34.528955],[136.167522,34.519981],[136.155499,34.559731],[136.114278,34.545893],[136.049806,34.580206],[136.046568,34.600557],[136.073565,34.634813],[136.039552,34.661396],[136.064409,34.651926],[136.086465,34.675347],[136.053706,34.704488],[136.071079,34.714754],[136.055476,34.738556],[136.028765,34.706314],[136.013866,34.707799],[135.986255,34.715195],[135.976109,34.741141],[135.925569,34.740339],[135.924417,34.757672],[135.890171,34.708316],[135.851038,34.705754],[135.755514,34.727532],[135.728635,34.777998],[135.711911,34.781356],[135.704136,34.723781],[135.673019,34.701636],[135.678705,34.677759],[135.650121,34.607833],[135.675694,34.601739],[135.681744,34.584862],[135.650285,34.544112],[135.677144,34.525162],[135.686978,34.451461],[135.664285,34.423227],[135.676227,34.400241],[135.651129,34.383206]]]}},{"type":"Feature","properties":{"adm0_a3":"JPN","shape_name":"Gifu Prefecture","ihme_name":"Gifu"},"geometry":{"type":"Polygon","coordinates":[[[136.280741,35.658631],[136.288559,35.620589],[136.323711,35.616445],[136.317503,35.547398],[136.345976,35.536129],[136.3728,35.559724],[136.4004039,35.530082],[136.405677,35.513456],[136.386718,35.48881],[136.420538,35.465962],[136.411808,35.418598],[136.444352,35.389425],[136.411974,35.370065],[136.422325,35.34839],[136.391032,35.289969],[136.396962,35.257731],[136.377267,35.243267],[136.41201,35.218447],[136.430901,35.229404],[136.442218,35.21707],[136.534175,35.257089],[136.547371,35.220316],[136.623765,35.14583],[136.645218,35.144572],[136.646382,35.165813],[136.672778,35.134777],[136.678117,35.242213],[136.761874,35.361116],[136.834039,35.355945],[136.922074,35.379179],[136.960982,35.399052],[136.968656,35.422051],[136.993215,35.424196],[136.978264,35.403176],[137.046952,35.366131],[137.047185,35.336778],[137.068218,35.335682],[137.081311,35.292191],[137.102334,35.301647],[137.165227,35.283415],[137.186501,35.25307],[137.308081,35.291156],[137.34463,35.273718],[137.344099,35.257858],[137.38318,35.260209],[137.387023,35.240884],[137.417078,35.240323],[137.429814,35.222881],[137.518935,35.283327],[137.561761,35.283206],[137.556987,35.309875],[137.603914,35.333234],[137.598543,35.379028],[137.575227,35.400009],[137.634917,35.401163],[137.593011,35.44703],[137.631749,35.470044],[137.631587,35.509914],[137.573946,35.544725],[137.571303,35.584161],[137.5376031,35.5844524],[137.513808,35.608023],[137.545447,35.651082],[137.497196,35.688482],[137.459695,35.761354],[137.393261,35.777727],[137.391792,35.798583],[137.338113,35.798041],[137.324551,35.812021],[137.333316,35.841966],[137.361126,35.846208],[137.380815,35.892423],[137.434898,35.905489],[137.476519,35.894169],[137.543456,35.982871],[137.594774,36.012916],[137.613948,36.076388],[137.577993,36.085091],[137.550198,36.112894],[137.554719,36.1402],[137.595061,36.172049],[137.573055,36.218656],[137.647817,36.289052],[137.645419,36.341716],[137.587083,36.371965],[137.587343,36.389801],[137.540899,36.391443],[137.511494,36.423694],[137.445305,36.412966],[137.403853,36.427123],[137.389932,36.459923],[137.312893,36.425342],[137.317008,36.460804],[137.278481,36.464997],[137.256375,36.451142],[137.247608,36.461965],[137.205626,36.427605],[137.191672,36.455214],[137.160705,36.456635],[137.091941,36.396541],[137.094879,36.383967],[137.059359,36.373419],[137.051512,36.328134],[137.019738,36.318282],[137.012593,36.293101],[136.975303,36.274365],[136.957732,36.277937],[136.973286,36.309853],[136.954894,36.339351],[136.907471,36.360842],[136.874754,36.342794],[136.871218,36.36755],[136.865097,36.349661],[136.837149,36.347216],[136.832365,36.306812],[136.792284,36.299212],[136.814576,36.266403],[136.851821,36.247103],[136.798404,36.172565],[136.766446,36.162556],[136.780759,36.141668],[136.756176,36.099112],[136.764968,36.069393],[136.73279,36.048882],[136.726743,35.995938],[136.752249,35.988606],[136.752864,35.956461],[136.793243,35.945982],[136.783921,35.92574],[136.813702,35.910923],[136.832344,35.859267],[136.801959,35.843675],[136.789316,35.799436],[136.723383,35.808195],[136.710047,35.792044],[136.657664,35.783483],[136.645194,35.806832],[136.622056,35.7868],[136.599149,35.79853],[136.570744,35.777424],[136.522814,35.788166],[136.50593,35.750294],[136.485713,35.776455],[136.430933,35.774992],[136.376657,35.795178],[136.327947,35.775102],[136.323952,35.716747],[136.291821,35.690524],[136.298906,35.677684],[136.280741,35.658631]]]}},{"type":"Feature","properties":{"adm0_a3":"JPN","shape_name":"Mie Prefecture","ihme_name":"Mie"},"geometry":{"type":"MultiPolygon","coordinates":[[[[136.901266,34.537923],[136.867943,34.52879],[136.879395,34.526548],[136.845974,34.507772],[136.904025,34.519472],[136.901266,34.537923]]],[[[136.861357,34.262235],[136.749805,34.269934],[136.801984,34.252714],[136.847497,34.24672],[136.861357,34.262235]]],[[[136.909884,34.501228],[136.878285,34.494347],[136.873607,34.483448],[136.888353,34.47662],[136.909884,34.501228]]],[[[136.022289,34.791555],[136.0286,34.757457],[136.068084,34.723826],[136.053706,34.704488],[136.086465,34.675347],[136.064409,34.651926],[136.039552,34.661396],[136.073565,34.634813],[136.046568,34.600557],[136.049806,34.580206],[136.114278,34.545893],[136.155499,34.559731],[136.167522,34.519981],[136.215207,34.528955],[136.214667,34.501312],[136.229864,34.492871],[136.206248,34.448677],[136.095898,34.435222],[136.069141,34.394257],[136.129505,34.316174],[136.094904,34.301451],[136.131849,34.251896],[136.092652,34.190183],[136.109008,34.184996],[136.114738,34.159981],[136.099404,34.118852],[136.118661,34.082364],[136.093309,34.082875],[136.104089,34.025821],[136.018379,34.035831],[135.995337,34.000718],[136.011943,33.966802],[135.999528,33.955743],[135.977169,33.966611],[135.967911,33.928272],[135.929096,33.941422],[135.917367,33.923536],[135.933615,33.917463],[135.893945,33.920279],[135.894967,33.906319],[135.878925,33.908755],[135.885337,33.883863],[135.901313,33.885406],[135.897633,33.869746],[135.872169,33.858956],[135.862122,33.876549],[135.853251,33.862299],[135.856008,33.819311],[135.892401,33.800346],[135.906486,33.767431],[135.938427,33.757091],[135.941804,33.734956],[135.976397,33.723283],[135.9795,33.736879],[136.0181402,33.7296318],[136.078288,33.859737],[136.1187192,33.8993883],[136.130677,33.885005],[136.149168,33.897253],[136.138634,33.90854],[136.151933,33.912385],[136.149518,33.93098],[136.179744,33.912814],[136.198816,33.9202],[136.1817551,33.93946],[136.200925,33.944885],[136.213146,33.930942],[136.217248,33.947445],[136.231506,33.946095],[136.221884,33.974345],[136.202691,33.963192],[136.19164,33.971134],[136.215437,33.983319],[136.210839,33.999423],[136.251615,33.98523],[136.237805,33.969234],[136.272165,33.972494],[136.25694,33.997807],[136.272857,34.004844],[136.242057,34.014488],[136.281129,34.022579],[136.244657,34.038214],[136.252575,34.061956],[136.200865,34.076021],[136.236525,34.086667],[136.227598,34.100012],[136.268443,34.129028],[136.249986,34.093752],[136.258259,34.087798],[136.259604,34.098971],[136.2736634,34.1022117],[136.266833,34.081601],[136.290261,34.096846],[136.297776,34.086619],[136.315628,34.115394],[136.284243,34.11789],[136.27778,34.160764],[136.334545,34.181237],[136.3412757,34.2000469],[136.3307497,34.1933591],[136.322153,34.196075],[136.35297,34.212161],[136.349451,34.194655],[136.363959,34.189128],[136.390274,34.218993],[136.398777,34.202674],[136.452421,34.219533],[136.45531,34.242745],[136.439903,34.247311],[136.466064,34.25717],[136.464108,34.231191],[136.481209,34.219819],[136.507988,34.229161],[136.484734,34.23959],[136.504918,34.243088],[136.4905647,34.2515381],[136.500741,34.25914],[136.510131,34.242232],[136.519235,34.240497],[136.505697,34.279009],[136.530664,34.273244],[136.525993,34.259311],[136.541118,34.2784311],[136.548342,34.249785],[136.549029,34.28263],[136.559941,34.275139],[136.59092,34.29486],[136.5956382,34.2814797],[136.577287,34.2850768],[136.570899,34.274955],[136.605233,34.258432],[136.660134,34.288938],[136.650167,34.292539],[136.6774506,34.3155203],[136.63692,34.308836],[136.672594,34.32416],[136.661942,34.345685],[136.6911363,34.3454202],[136.683247,34.323624],[136.692037,34.347858],[136.726603,34.3432991],[136.73084,34.332511],[136.693999,34.319087],[136.687109,34.284083],[136.7218161,34.3044324],[136.7638047,34.2923791],[136.7520457,34.2988299],[136.7623915,34.315943],[136.777986,34.314854],[136.777924,34.292008],[136.798667,34.289945],[136.811633,34.298361],[136.7920161,34.3089973],[136.798113,34.309187],[136.797739,34.319645],[136.805108,34.327734],[136.8110557,34.3280115],[136.805564,34.308192],[136.8477736,34.3142067],[136.829321,34.297616],[136.866522,34.288627],[136.833699,34.291627],[136.832918,34.270281],[136.854789,34.281345],[136.868588,34.262044],[136.901802,34.278271],[136.877501,34.334081],[136.909203,34.365186],[136.8668066,34.3426956],[136.8640347,34.3645953],[136.852095,34.355629],[136.846552,34.37025],[136.837184,34.3549721],[136.826414,34.352661],[136.812462,34.367561],[136.846856,34.372577],[136.857824,34.363727],[136.876928,34.371261],[136.869161,34.388606],[136.880471,34.380105],[136.888142,34.39261],[136.912565,34.375838],[136.909245,34.397731],[136.928198,34.413318],[136.911024,34.455685],[136.875807,34.428706],[136.884872,34.450021],[136.864322,34.460756],[136.877244,34.474506],[136.845891,34.4772918],[136.83277,34.506075],[136.828126,34.487198],[136.81508,34.484782],[136.809975,34.508204],[136.775053,34.509134],[136.667909,34.557506],[136.630092,34.597882],[136.527141,34.610523],[136.547351,34.628191],[136.543809,34.662994],[136.5574746,34.6713544],[136.52257,34.686628],[136.5308,34.744705],[136.625768,34.868433],[136.647106,34.90402],[136.644762,34.934153],[136.66677,34.936924],[136.6338313,34.9489004],[136.650467,34.99151],[136.667514,34.973257],[136.677651,34.986996],[136.661288,34.993431],[136.675312,35.002066],[136.651713,34.993082],[136.665631,35.005611],[136.699997,35.007224],[136.7026231,35.0215535],[136.739887,35.032573],[136.772708,35.02439],[136.750139,35.080248],[136.66963,35.133729],[136.65547,35.161307],[136.646382,35.165813],[136.645218,35.144572],[136.615552,35.149929],[136.602301,35.178039],[136.547371,35.220316],[136.534175,35.257089],[136.505985,35.235061],[136.416033,35.220316],[136.408653,35.187183],[136.454608,35.162064],[136.435585,35.130778],[136.448055,35.123719],[136.441556,35.066304],[136.417769,35.049468],[136.415801,34.980529],[136.37269,34.942257],[136.366034,34.904899],[136.250675,34.857728],[136.178546,34.887117],[136.131216,34.883105],[136.110848,34.901856],[136.085621,34.877246],[136.126411,34.861852],[136.086052,34.837598],[136.090616,34.812227],[136.022289,34.791555]]]]}},{"type":"Feature","properties":{"adm0_a3":"JPN","shape_name":"Wakayama Prefecture","ihme_name":"Wakayama"},"geometry":{"type":"MultiPolygon","coordinates":[[[[135.834865,33.454699],[135.862961,33.472597],[135.800334,33.474219],[135.800113,33.461491],[135.834865,33.454699]]],[[[135.0001,34.282193],[135.010997,34.275869],[135.027507,34.293441],[135.012585,34.283822],[135.0001,34.282193]]],[[[135.874832,33.861596],[135.901313,33.885406],[135.885337,33.883863],[135.882019,33.914916],[135.865859,33.922072],[135.858659,33.894807],[135.882688,33.878871],[135.874832,33.861596]]],[[[135.106072,34.308599],[135.074181,34.305354],[135.061521,34.263339],[135.1327224,34.2298672],[135.100293,34.235788],[135.110492,34.226919],[135.144855,34.227095],[135.1495582,34.1946263],[135.131603,34.21314],[135.140268,34.187932],[135.167117,34.186587],[135.18037,34.169411],[135.172112,34.183792],[135.1800778,34.187192],[135.182749,34.15819],[135.1945116,34.1569939],[135.184232,34.148417],[135.208693,34.151891],[135.211513,34.148892],[135.125634,34.136713],[135.1460488,34.110817],[135.1156095,34.1199499],[135.095111,34.091825],[135.1055024,34.0818453],[135.07845,34.074122],[135.135309,34.065161],[135.1715306,34.0277646],[135.067684,33.977028],[135.085909,33.968358],[135.079079,33.956028],[135.1181098,33.9602038],[135.064667,33.927168],[135.0831758,33.9102309],[135.058949,33.904889],[135.057665,33.879834],[135.112563,33.893444],[135.141147,33.885255],[135.185814,33.819688],[135.234967,33.798913],[135.234751,33.781565],[135.313834,33.769051],[135.327324,33.742069],[135.356728,33.740933],[135.352545,33.724592],[135.3996339,33.7224084],[135.377825,33.682793],[135.335741,33.69528],[135.344266,33.68084],[135.329573,33.670478],[135.391483,33.642637],[135.387659,33.599391],[135.404474,33.578626],[135.446483,33.549257],[135.487778,33.550809],[135.510035,33.525727],[135.569908,33.517298],[135.592446,33.498014],[135.629715,33.509137],[135.663053,33.490143],[135.700548,33.494357],[135.70874,33.477949],[135.766035,33.482034],[135.776503,33.462573],[135.75081,33.451071],[135.762588,33.433116],[135.770731,33.447138],[135.798039,33.445341],[135.797421,33.460993],[135.781217,33.463331],[135.798811,33.499349],[135.878404,33.528634],[135.924239,33.559171],[135.889893,33.555366],[135.923952,33.576714],[135.959795,33.582117],[135.962056,33.595226],[135.926173,33.604827],[135.953712,33.62198],[135.9370538,33.6427104],[135.98579,33.65508],[135.9716959,33.6725965],[136.01157574459546,33.723652389715994],[135.941804,33.734956],[135.938427,33.757091],[135.906486,33.767431],[135.892401,33.800346],[135.863458,33.810941],[135.851328,33.894316],[135.808603,33.906468],[135.756115,33.885165],[135.685958,33.903955],[135.617964,33.872064],[135.622872,33.897959],[135.601113,33.902566],[135.616932,33.953816],[135.637231,33.950649],[135.638676,33.985149],[135.622193,34.009668],[135.593849,34.012981],[135.59966,34.032019],[135.58049,34.05791],[135.539844,34.075182],[135.546261,34.098101],[135.578436,34.115814],[135.590321,34.148667],[135.621918,34.158422],[135.648078,34.218986],[135.708034,34.208197],[135.730204,34.228399],[135.716215,34.265582],[135.672684,34.281571],[135.651129,34.383206],[135.577121,34.376049],[135.507821,34.336497],[135.485376,34.362832],[135.397046,34.330391],[135.338238,34.335278],[135.293373,34.299293],[135.282812,34.31791],[135.208043,34.308202],[135.20508,34.288261],[135.153789,34.274278],[135.11141,34.271834],[135.096764,34.296642],[135.106072,34.308599]]],[[[135.909084,33.918474],[135.933615,33.917463],[135.917367,33.923536],[135.929096,33.941422],[135.967911,33.928272],[135.977169,33.966611],[135.999528,33.955743],[136.011943,33.966802],[135.995337,34.000718],[136.006938,34.007751],[135.91587,33.972797],[135.892449,33.945824],[135.909084,33.918474]]],[[[135.060319,34.297569],[135.037027,34.298466],[135.032495,34.295243],[135.060319,34.297569]]]]}},{"type":"Feature","properties":{"adm0_a3":"JPN","shape_name":"Tokyo","ihme_name":"T\u014dky\u014d"},"geometry":{"type":"MultiPolygon","coordinates":[[[[141.45421,24.238525],[141.455011,24.225426],[141.471989,24.232959],[141.472237,24.241893],[141.45421,24.238525]]],[[[153.9856069,24.2812617],[153.9839843,24.2975015],[153.971087,24.2847613],[153.9856069,24.2812617]]],[[[141.328225,24.8117746],[141.285893,24.788672],[141.284774,24.745725],[141.34632,24.77887],[141.328225,24.8117746]]],[[[141.291071,25.423701],[141.292613,25.438354],[141.282123,25.448869],[141.273411,25.423236],[141.291071,25.423701]]],[[[142.160914,26.548099],[142.152845,26.564252],[142.154531,26.543675],[142.160914,26.548099]]],[[[142.203182,26.562102],[142.215288,26.556814],[142.218334,26.563189],[142.203182,26.562102]]],[[[142.133534,26.596767],[142.123412,26.607134],[142.125259,26.595595],[142.133534,26.596767]]],[[[142.123356,26.714235],[142.15397,26.635822],[142.178485,26.607489],[142.171166,26.643075],[142.189055,26.659371],[142.164195,26.660201],[142.168465,26.689878],[142.146624,26.685137],[142.164977,26.702392],[142.134331,26.699338],[142.123356,26.714235]]],[[[142.18403,27.070375],[142.195142,27.061054],[142.187349,27.061037],[142.186196,27.039744],[142.229743,27.036151],[142.222069,27.053621],[142.237848,27.052269],[142.21872,27.101131],[142.183293,27.103384],[142.186515,27.088017],[142.201098,27.099401],[142.208385,27.08353],[142.18403,27.070375]]],[[[142.187124,27.121534],[142.209027,27.108745],[142.236123,27.111807],[142.191183,27.144181],[142.187124,27.121534]]],[[[142.179628,27.148345],[142.202074,27.166424],[142.18912,27.190121],[142.179628,27.148345]]],[[[140.8735319,27.2543905],[140.8728474,27.2400392],[140.8864946,27.2399269],[140.8864318,27.2519602],[140.8735319,27.2543905]]],[[[142.185762,27.626636],[142.169782,27.634213],[142.185492,27.619474],[142.185762,27.626636]]],[[[142.1250763515625,27.685646875],[142.139402,27.672122],[142.148535,27.672886],[142.142483,27.688851],[142.1250763515625,27.685646875]]],[[[140.313536,30.483626],[140.303687,30.496006],[140.28626,30.484702],[140.298211,30.472899],[140.313536,30.483626]]],[[[139.760581,32.472534],[139.754619,32.451334],[139.7801,32.44829],[139.781211,32.45732],[139.760581,32.472534]]],[[[139.830556,33.046915],[139.83902,33.075164],[139.858696,33.07918],[139.846576,33.117032],[139.817215,33.120134],[139.772288,33.158948],[139.743163,33.15382],[139.753686,33.105068],[139.779502,33.100774],[139.783552,33.070073],[139.830556,33.046915]]],[[[139.700739,33.117445],[139.687338,33.136032],[139.676725,33.136423],[139.684213,33.118114],[139.700739,33.117445]]],[[[139.578767,33.860291],[139.619757,33.85168],[139.632002,33.869797],[139.604655,33.90111],[139.576794,33.879285],[139.578767,33.860291]]],[[[139.493717,34.119612],[139.473111,34.077475],[139.481214,34.051659],[139.501938,34.045135],[139.531887,34.04656],[139.5679701,34.0803875],[139.565869,34.10226],[139.539801,34.124273],[139.493717,34.119612]]],[[[139.13086,34.185029],[139.175312,34.204459],[139.167729,34.234134],[139.137562,34.242395],[139.119446,34.193863],[139.13086,34.185029]]],[[[139.1940732,34.320036],[139.2271992,34.3302124],[139.2129028,34.3369457],[139.1940732,34.320036]]],[[[139.2758346,34.5353047],[139.2774,34.511024],[139.293111,34.524618],[139.2758346,34.5353047]]],[[[139.358154,34.701153],[139.4425721,34.6811809],[139.4490489,34.7414685],[139.4233146,34.7810585],[139.3605045,34.7990851],[139.352485,34.718785],[139.358154,34.701153]]],[[[139.255168,34.401086],[139.244458,34.348011],[139.272397,34.329944],[139.287633,34.428065],[139.255168,34.401086]]],[[[139.820337,35.607352],[139.793336,35.5928041],[139.832152,35.588921],[139.820337,35.607352]]],[[[139.810581,35.613158],[139.7915629,35.5939129],[139.8190281,35.6088347],[139.810581,35.613158]]],[[[139.7901390625,35.6062114264706],[139.7849544,35.62635],[139.776535,35.6363081],[139.771392,35.634334],[139.7901390625,35.6062114264706]]],[[[139.8258515,35.6307042],[139.838602,35.6141579],[139.8401121,35.6320678],[139.8258515,35.6307042]]],[[[139.7713959,35.5750796],[139.75766,35.574448],[139.758465,35.568435],[139.7656125,35.5648861],[139.7713959,35.5750796]]],[[[139.8933847,35.7834608],[139.822844,35.7954653],[139.821437,35.8148857],[139.7922505,35.8052956],[139.7675139,35.8174803],[139.7380389,35.7801769],[139.6533844,35.8001761],[139.622988,35.766872],[139.588757,35.778529],[139.547155,35.753384],[139.547659,35.774228],[139.516371,35.765573],[139.542975,35.779807],[139.541729,35.807302],[139.496802,35.7782056],[139.392149,35.763285],[139.369917,35.791727],[139.325164,35.795586],[139.3009403,35.8350214],[139.1924381,35.8402716],[139.1475397,35.8627108],[139.0616286,35.8736298],[139.0240041,35.8972942],[138.9428648,35.8601625],[138.969763,35.831226],[138.984394,35.767765],[139.024846,35.719701],[139.161601,35.667907],[139.179084,35.645572],[139.211459,35.649117],[139.252221,35.601667],[139.285701,35.612883],[139.399794,35.584426],[139.476381,35.501353],[139.487796,35.527882],[139.473342,35.576869],[139.489761,35.584317],[139.491029,35.561426],[139.507589,35.575141],[139.449278,35.611776],[139.4630468,35.6248197],[139.499738,35.605448],[139.494675,35.617286],[139.525515,35.642667],[139.66449,35.589522],[139.703733,35.552607],[139.702224,35.537027],[139.756851,35.544502],[139.79577068036855,35.523355428900985],[139.8007094,35.5348895],[139.802471,35.520916],[139.8262697,35.541583],[139.8068372,35.5311542],[139.785521,35.570529],[139.7636958,35.5605102],[139.7420278,35.5702685],[139.7675192,35.5814628],[139.7666741,35.5771359],[139.7874224,35.5794608],[139.7688302,35.5822371],[139.7526359,35.6344226],[139.7610024,35.6518712],[139.798839,35.62177],[139.8065382,35.640338],[139.883491,35.645119],[139.886936,35.67926],[139.919009,35.6991282],[139.879457,35.767525],[139.8933847,35.7834608]]]]}},{"type":"Feature","properties":{"adm0_a3":"JPN","shape_name":"Fukuoka Prefecture","ihme_name":"Fukuoka"},"geometry":{"type":"MultiPolygon","coordinates":[[[[130.314366,33.61527],[130.298218,33.635198],[130.299499,33.607114],[130.314366,33.61527]]],[[[130.4213272,33.6752904],[130.3967506,33.6579838],[130.428128,33.664205],[130.4213272,33.6752904]]],[[[130.235844,33.692532],[130.227253,33.686704],[130.2372908,33.6816393],[130.235844,33.692532]]],[[[130.363412,33.767169],[130.367825,33.761195],[130.378532,33.758068],[130.381149,33.759556],[130.363412,33.767169]]],[[[130.7239,34.019052],[130.734262,34.005866],[130.73758,34.014883],[130.7239,34.019052]]],[[[131.18682844252612,33.6183249511737],[131.093397,33.623721],[131.063415,33.654191],[131.055822,33.690518],[131.040735,33.689996],[131.011389,33.731212],[131.018975,33.746735],[131.000535,33.757198],[131.017699,33.768113],[130.99258,33.774317],[131.001969,33.79511],[130.985168,33.78475],[130.996199,33.809935],[131.021852,33.803331],[131.011787,33.819625],[130.9665497,33.8094966],[130.95677,33.8294832],[130.993423,33.851016],[130.998222,33.868324],[130.982108,33.867123],[130.990527,33.885569],[130.999707,33.87357],[131.004692,33.891555],[130.987164,33.899928],[131.015816,33.919525],[131.002142,33.921942],[131.000197,33.926036],[131.021605,33.942248],[131.020015,33.962385],[130.96279,33.962155],[130.931844,33.907869],[130.891539,33.88758],[130.877646,33.889463],[130.887734,33.902038],[130.863211,33.896026],[130.884139,33.905195],[130.871868,33.915924],[130.8482,33.905385],[130.869227,33.917479],[130.850462,33.914908],[130.857019,33.928924],[130.825135,33.920644],[130.822918,33.903621],[130.800102,33.873885],[130.803206,33.891547],[130.770897,33.87398],[130.741188,33.87492],[130.745211,33.88823],[130.753456,33.878195],[130.814513,33.90228],[130.8074314,33.9315389],[130.7535454,33.9197491],[130.7687673,33.9472979],[130.7357844,33.9265654],[130.682986,33.937554],[130.657269,33.909686],[130.673436,33.891019],[130.667214,33.894094],[130.660328,33.900484],[130.659275,33.900501],[130.590865,33.877828],[130.525169,33.89009],[130.517579,33.860347],[130.477326,33.857747],[130.472375,33.817309],[130.44393,33.814929],[130.4502515,33.7848203],[130.4603876,33.804797],[130.46728,33.804746],[130.4635501,33.7450544],[130.388077,33.679483],[130.324278,33.660073],[130.290159,33.687375],[130.298687,33.660256],[130.356875,33.643354],[130.367899,33.664867],[130.430056,33.687115],[130.434537,33.6622785],[130.4049961,33.6522029],[130.4220583,33.6472667],[130.407344,33.6424571],[130.4145655,33.6182792],[130.4013418,33.6184747],[130.3994607,33.6006265],[130.3899995,33.6097757],[130.3856818,33.5941591],[130.3736159,33.6051017],[130.3682817,33.5915451],[130.313469,33.59805],[130.30122,33.582322],[130.273847,33.582359],[130.2452045,33.5954898],[130.267285,33.593533],[130.27494,33.610044],[130.232335,33.61626],[130.224133,33.634202],[130.236963,33.649098],[130.207795,33.666985],[130.199243,33.640486],[130.156969,33.628414],[130.147131,33.59553],[130.107649,33.597074],[130.08763,33.581858],[130.09816,33.564158],[130.136951,33.567509],[130.115576,33.546368],[130.164036,33.561087],[130.154107,33.537185],[130.124181,33.525635],[130.126579,33.510107],[130.101162,33.516142],[130.045388,33.496305],[130.0395710582718,33.4697652264276],[130.2749694,33.479682],[130.3557874,33.43324],[130.3967194,33.42743],[130.4168091,33.410449],[130.4109714,33.39504],[130.4381501,33.400069],[130.4765933,33.4384641],[130.5124601,33.449447],[130.5358361,33.440072],[130.5359793,33.342962],[130.4795621,33.330553],[130.4893951,33.315929],[130.4560243,33.301422],[130.4679771,33.287283],[130.4497461,33.2650969],[130.4309753,33.2923331],[130.4133881,33.251331],[130.3891644,33.257841],[130.3698364,33.23808],[130.3783861,33.221306],[130.3395864,33.204471],[130.35579320645536,33.14048080144916],[130.377363,33.142318],[130.372905,33.120216],[130.39756,33.107203],[130.387995,33.095501],[130.41383,33.085107],[130.425232,33.052754],[130.407861,33.017215],[130.408283,33.010211],[130.414311,33.016658],[130.423461,33.016444],[130.423595,33.011923],[130.396664,32.999967],[130.5060241,33.0027089],[130.5157931,33.014018],[130.4967283,33.051757],[130.5656121,33.0871049],[130.5768773,33.115017],[130.6595701,33.109484],[130.6800211,33.171308],[130.6920542,33.151547],[130.7323681,33.1544841],[130.7708892,33.1243311],[130.8533221,33.109139],[130.8874971,33.186479],[130.8364892,33.210599],[130.8594041,33.229521],[130.8262622,33.2367619],[130.8287032,33.2574581],[130.8680481,33.264078],[130.8520742,33.277469],[130.8663481,33.292112],[130.8572991,33.326901],[130.8353482,33.343546],[130.8626812,33.3768941],[130.8863502,33.379696],[130.8949211,33.446155],[130.9728911,33.505519],[131.0295861,33.518859],[131.177274,33.507174],[131.1662752,33.527357],[131.188516,33.547787],[131.1723422,33.583033],[131.18682844252612,33.6183249511737]]],[[[131.0342503,33.8579071],[131.032046,33.819607],[131.041515,33.821028],[131.0342503,33.8579071]]],[[[130.429724,33.887182],[130.446053,33.914878],[130.408101,33.911261],[130.40898,33.892992],[130.429724,33.887182]]],[[[130.78135,33.94047101519049],[130.8222992,33.930292],[130.8450785,33.9392114],[130.832388,33.949849],[130.78135,33.94047101519049]]],[[[130.485781,33.911218],[130.49536,33.897992],[130.508576,33.895967],[130.496745,33.912081],[130.485781,33.911218]]]]}},{"type":"Feature","properties":{"adm0_a3":"JPN","shape_name":"Saitama","ihme_name":"Saitama"},"geometry":{"type":"MultiPolygon","coordinates":[[[[139.8933847,35.7834608],[139.900333,35.864175],[139.825653,35.972762],[139.814666,36.037706],[139.776211,36.090768],[139.729824,36.087795],[139.694287,36.190514],[139.6621403,36.2144984],[139.624883,36.186572],[139.587766,36.21037],[139.4618999,36.1895727],[139.359284,36.25323],[139.3211569,36.2366004],[139.244062,36.244434],[139.129659,36.283398],[139.063414,36.196286],[139.0623701,36.1532503],[139.042892,36.148247],[139.0415179,36.1275236],[138.958435,36.124241],[138.945065,36.094597],[138.864802,36.077347],[138.8283912,36.0373031],[138.7544081,36.0345264],[138.712547,35.985333],[138.739252,35.939108],[138.734401,35.904012],[138.779348,35.899909],[138.813602,35.862368],[138.855898,35.865094],[138.89222,35.839779],[139.0187928,35.8983844],[139.1924381,35.8402716],[139.3009403,35.8350214],[139.325164,35.795586],[139.369917,35.791727],[139.392149,35.763285],[139.496802,35.7782056],[139.541729,35.807302],[139.542975,35.779807],[139.516371,35.765573],[139.547659,35.774228],[139.547155,35.753384],[139.588757,35.778529],[139.622988,35.766872],[139.6533844,35.8001761],[139.7380389,35.7801769],[139.7675139,35.8174803],[139.7922505,35.8052956],[139.821437,35.8148857],[139.822844,35.7954653],[139.8933847,35.7834608]]],[[[139.2621773,36.2454994],[139.2636718,36.2437136],[139.2640078,36.2448241],[139.2621773,36.2454994]]]]}},{"type":"Feature","properties":{"adm0_a3":"JPN","shape_name":"Fukushima","ihme_name":"Fukushima"},"geometry":{"type":"Polygon","coordinates":[[[139.680815,37.846953],[139.689101,37.846666],[139.691074,37.848336],[139.697737,37.847695],[139.714635,37.852924],[139.715639,37.847029],[139.720541,37.83957],[139.741491,37.817715],[139.657874,37.755009],[139.62405,37.710189],[139.62719,37.688286],[139.54928,37.64904],[139.548527,37.609638],[139.564974,37.597386],[139.565725,37.546112],[139.590535,37.528034],[139.585093,37.512899],[139.476103,37.502556],[139.457187,37.51787],[139.429201,37.514663],[139.411234,37.505165],[139.397501,37.459841],[139.362539,37.46997],[139.223576,37.449172],[139.197391,37.411096],[139.231492,37.387879],[139.233617,37.343603],[139.217859,37.334152],[139.212312,37.286241],[139.164748,37.237427],[139.196575,37.19403],[139.220656,37.209179],[139.253837,37.164973],[139.235126,37.110519],[139.260318,37.047691],[139.243358,37.015136],[139.249889,36.955815],[139.229944,36.940049],[139.240839,36.929322],[139.266127,36.941154],[139.393281,36.910796],[139.430341,36.925932],[139.461156,36.970721],[139.535251,36.980585],[139.582042,37.015083],[139.66464,37.039842],[139.673264,37.05775],[139.751806,37.070229],[139.774899,37.091895],[139.822081,37.085138],[139.81504,37.116617],[139.831761,37.133642],[139.902419,37.154272],[140.023242,37.143326],[140.137368,37.106436],[140.193376,37.065109],[140.203066,37.023964],[140.249449,37.025564],[140.240199,37.000277],[140.253076,36.96297],[140.240578,36.946175],[140.29269,36.933199],[140.326512,36.891304],[140.365198,36.884327],[140.377045,36.838061],[140.438486,36.821545],[140.464178,36.791405],[140.53802,36.85886],[140.591968,36.873023],[140.564941,36.91286],[140.575417,36.942512],[140.594443,36.938057],[140.615502,36.903273],[140.78971,36.856489],[140.816363,36.908185],[140.8649673,36.9162055],[140.9030955,36.9447052],[140.9249044,36.9352911],[140.969548,36.973151],[140.982992,36.995522],[140.97774,37.071002],[141.005529,37.144379],[141.002487,37.200164],[141.028754,37.237977],[141.016434,37.230178],[141.012622,37.251783],[141.02544,37.3133117],[141.0317355,37.3134547],[141.0386325,37.3187337],[141.025475,37.324828],[141.043524,37.481696],[141.018014,37.660843],[141.018443,37.662423],[141.0293951,37.6642441],[141.0331036,37.6669524],[141.0192719,37.6716006],[141.0410426,37.6650138],[141.01477,37.675175],[140.987348,37.822744],[140.9765708,37.8372961],[140.981036,37.778619],[140.964013,37.788899],[140.971065,37.816743],[140.949383,37.818883],[140.9757849,37.8278663],[140.949434,37.853021],[140.967859,37.8594277],[140.946416,37.853368],[140.930989,37.896172],[140.900186,37.904336],[140.856218,37.890906],[140.857878,37.802859],[140.775023,37.806362],[140.764408,37.796901],[140.80316,37.779906],[140.792056,37.773277],[140.726941,37.781483],[140.694344,37.803269],[140.679205,37.836342],[140.690051,37.888218],[140.662574,37.900225],[140.627314,37.899078],[140.612366,37.915286],[140.591278,37.906177],[140.566352,37.922795],[140.558919,37.909942],[140.488832,37.899474],[140.469506,37.917872],[140.474854,37.946786],[140.407428,37.973676],[140.384467,37.95222],[140.348568,37.95016],[140.27998,37.976647],[140.262095,37.834419],[140.29878,37.807811],[140.235488,37.745889],[140.166395,37.757294],[140.127602,37.733946],[140.051409,37.779336],[139.986482,37.760411],[139.937015,37.828298],[139.886603,37.809159],[139.857701,37.826541],[139.810014,37.803239],[139.782939,37.831971],[139.741292,37.820295],[139.715622,37.854161],[139.680815,37.846953]]]}},{"type":"Feature","properties":{"adm0_a3":"JPN","shape_name":"Tochigi","ihme_name":"Tochigi"},"geometry":{"type":"Polygon","coordinates":[[[139.687938,36.199682],[139.8218,36.23977],[139.848022,36.31075],[139.88067,36.322964],[139.878811,36.310704],[139.910345,36.300921],[139.914324,36.336712],[139.964493,36.350943],[139.973532,36.378538],[139.989305,36.367116],[140.048157,36.375584],[140.069139,36.388929],[140.066389,36.403774],[140.100977,36.39411],[140.131823,36.414922],[140.185148,36.398339],[140.229447,36.502083],[140.260183,36.517483],[140.243771,36.562822],[140.248474,36.610678],[140.234684,36.62376],[140.240918,36.650925],[140.220054,36.684466],[140.231399,36.699732],[140.292247,36.712566],[140.254877,36.760025],[140.267388,36.817784],[140.248704,36.908861],[140.264243,36.933317],[140.240578,36.946175],[140.253076,36.96297],[140.240199,37.000277],[140.249449,37.025564],[140.203066,37.023964],[140.193376,37.065109],[140.137368,37.106436],[139.953874,37.155063],[139.866277,37.147229],[139.81504,37.116617],[139.822081,37.085138],[139.774899,37.091895],[139.751806,37.070229],[139.673264,37.05775],[139.66464,37.039842],[139.582042,37.015083],[139.535251,36.980585],[139.461156,36.970721],[139.430341,36.925932],[139.407994,36.92657],[139.356138,36.877814],[139.348518,36.852741],[139.406691,36.826941],[139.353049,36.77361],[139.355908,36.750567],[139.372458,36.746266],[139.336939,36.692355],[139.329552,36.627668],[139.39816,36.60204],[139.465235,36.606582],[139.483522,36.581883],[139.460751,36.553247],[139.439039,36.550686],[139.442841,36.531584],[139.417913,36.494712],[139.436468,36.465976],[139.408231,36.457969],[139.361032,36.383817],[139.366441,36.370526],[139.422786,36.332257],[139.416969,36.313297],[139.46271,36.272104],[139.525959,36.284714],[139.562251,36.266922],[139.632485,36.271166],[139.641509,36.235459],[139.687938,36.199682]]]}},{"type":"Feature","properties":{"adm0_a3":"JPN","shape_name":"Aomori","ihme_name":"Aomori"},"geometry":{"type":"Polygon","coordinates":[[[141.682681,40.450301],[141.57612,40.543021],[141.541555,40.52729],[141.49406,40.530537],[141.524433,40.532636],[141.483642,40.561344],[141.424206,40.709161],[141.394865,40.924251],[141.375763,40.936682],[141.393975,40.936908],[141.391722,41.182868],[141.465046,41.429591],[141.387844,41.375746],[141.313816,41.351796],[141.272083,41.354373],[141.198145,41.383535],[141.112628,41.463048],[141.001919,41.485734],[140.913296,41.546528],[140.8973408,41.5258531],[140.908614,41.494371],[140.837607,41.420256],[140.820295,41.345927],[140.800953,41.327934],[140.764185,41.145649],[140.811308,41.12758],[140.854546,41.161431],[140.945375,41.173895],[140.980392,41.19916],[141.055589,41.182559],[141.152071,41.240997],[141.1589414,41.2547006],[141.1592746,41.2604347],[141.1566578,41.2626771],[141.144136,41.240817],[141.133184,41.24397],[141.159858,41.278195],[141.1730985,41.2784356],[141.1908329,41.2904212],[141.1998162,41.2919683],[141.177392,41.277392],[141.233782,41.241433],[141.279057,41.158347],[141.246275,41.103944],[141.22627,40.984051],[141.163636,40.890545],[141.101384,40.872984],[141.064789,40.913246],[140.971754,40.934837],[140.98475,40.959642],[140.948705,40.992359],[140.878922,41.009902],[140.862715,40.957525],[140.837914,40.953351],[140.87228,40.94381],[140.859813,40.888071],[140.796149,40.836414],[140.732952,40.83021],[140.681312,40.875895],[140.661782,40.9423],[140.631545,41.097785],[140.6446439,41.1720421],[140.633064,41.190727],[140.550152,41.229618],[140.495714,41.188322],[140.463855,41.182298],[140.342224,41.26106],[140.321803,41.148122],[140.303361,41.131308],[140.248667,41.133767],[140.305682,41.106788],[140.323818,41.060929],[140.301473,40.914952],[140.25338,40.804491],[140.121478,40.741979],[140.05381,40.769246],[140.000086,40.745366],[139.964344,40.683021],[139.936464,40.671688],[139.929606,40.643418],[139.902393,40.645818],[139.859905,40.611653],[139.869128,40.583988],[139.918424,40.585797],[139.940066,40.55302],[139.949937,40.496472],[139.936302,40.428206],[139.995048,40.435051],[140.019437,40.419846],[140.022716,40.451273],[140.053613,40.467795],[140.093576,40.458929],[140.107609,40.435901],[140.185461,40.443311],[140.220162,40.431151],[140.291035,40.446589],[140.31072,40.436292],[140.335209,40.439389],[140.347802,40.467553],[140.387702,40.487107],[140.43573,40.479977],[140.440114,40.450002],[140.464375,40.456453],[140.529646,40.430541],[140.523599,40.410565],[140.540512,40.402707],[140.567062,40.398646],[140.55336,40.420569],[140.589723,40.436118],[140.652642,40.403354],[140.699221,40.429422],[140.733563,40.415809],[140.733884,40.439511],[140.76904,40.453828],[140.803642,40.448652],[140.820019,40.495336],[140.878333,40.511036],[140.871458,40.435988],[140.892144,40.423249],[140.985147,40.427224],[140.995425,40.353372],[140.962074,40.347141],[140.943966,40.296266],[140.957505,40.282433],[140.945702,40.258082],[140.979478,40.219752],[141.015835,40.218052],[141.104162,40.25582],[141.099841,40.280965],[141.218478,40.315229],[141.315996,40.372629],[141.350989,40.33108],[141.381568,40.342147],[141.397247,40.367256],[141.40712,40.357132],[141.441714,40.376063],[141.479977,40.376366],[141.537195,40.347392],[141.585603,40.378347],[141.586916,40.406967],[141.682681,40.450301]]]}},{"type":"Feature","properties":{"adm0_a3":"JPN","shape_name":"Saga Prefecture","ihme_name":"Saga"},"geometry":{"type":"MultiPolygon","coordinates":[[[[130.0395710582718,33.4697652264276],[130.024776,33.44684],[129.967804,33.455919],[129.965732,33.482644],[129.95586,33.467764],[129.937466,33.4800692],[129.969144,33.511062],[129.957698,33.529494],[129.929975,33.536443],[129.930014,33.550974],[129.896789,33.549435],[129.874354,33.51597],[129.877606,33.53669],[129.858945,33.543344],[129.858046,33.551354],[129.850894,33.556416],[129.84588,33.556094],[129.856971,33.519337],[129.847019,33.525169],[129.839874,33.522369],[129.84893,33.521861],[129.857374,33.505407],[129.828079,33.518225],[129.845499,33.479618],[129.831719,33.475029],[129.850093,33.475294],[129.858957,33.454083],[129.835,33.442302],[129.839275,33.462217],[129.806564,33.48575],[129.793712,33.472028],[129.808016,33.458185],[129.783314,33.451308],[129.831609,33.42203],[129.823501,33.412026],[129.870677,33.404879],[129.848667,33.336881],[129.827713,33.337624],[129.849577,33.329651],[129.828429,33.309479],[129.846388,33.301801],[129.8595117,33.2813766],[129.836953,33.286739],[129.79077700789253,33.340399024013436],[129.7589672,33.290851],[129.8144522,33.242265],[129.8171482,33.184536],[129.8879141,33.156175],[129.9433161,33.164489],[129.9566651,33.118043],[129.9266211,33.107642],[129.922357,33.090493],[129.9943261,33.047915],[130.0083481,33.019679],[130.0886821,32.974032],[130.209297,32.963748],[130.217732,32.95053],[130.223304,32.973642],[130.191203,32.990155],[130.169784,33.051595],[130.140288,33.082871],[130.14922,33.112397],[130.222421,33.165177],[130.2464973,33.203139],[130.287936,33.147109],[130.35579320645536,33.14048080144916],[130.3395864,33.204471],[130.3783861,33.221306],[130.3732964,33.244264],[130.3853914,33.24054],[130.3941164,33.260629],[130.4133881,33.251331],[130.4309753,33.2923331],[130.4497461,33.2650969],[130.4679771,33.287283],[130.4560243,33.301422],[130.4893951,33.315929],[130.4795621,33.330553],[130.5359793,33.342962],[130.5370023,33.438266],[130.5124601,33.449447],[130.4765933,33.4384641],[130.4381501,33.400069],[130.4109714,33.39504],[130.4168091,33.410449],[130.3967194,33.42743],[130.3557874,33.43324],[130.2749694,33.479682],[130.0395710582718,33.4697652264276]]],[[[129.967346,33.527003],[129.971274,33.542892],[129.964432,33.537955],[129.967346,33.527003]]],[[[129.873878,33.559512],[129.893345,33.555105],[129.882242,33.56751],[129.873878,33.559512]]],[[[129.864686,33.617396],[129.857507,33.587779],[129.864303,33.587531],[129.864686,33.617396]]],[[[129.741851,33.574225],[129.760275,33.562902],[129.77353,33.57359],[129.760469,33.582766],[129.741851,33.574225]]]]}},{"type":"Feature","properties":{"adm0_a3":"JPN","shape_name":"Nagasaki Prefecture","ihme_name":"Nagasaki"},"geometry":{"type":"MultiPolygon","coordinates":[[[[128.343825,32.005442],[128.355137,31.989379],[128.356262,32.008397],[128.343825,32.005442]]],[[[128.408303125,32.05042663347457],[128.392584,32.054795],[128.380624,32.038636],[128.405397,32.037176],[128.408303125,32.05042663347457]]],[[[128.628022,32.640259],[128.627589,32.664233],[128.640475,32.663912],[128.634485,32.679885],[128.615582,32.657416],[128.628022,32.640259]]],[[[128.60122,32.739787],[128.599108,32.711122],[128.608953,32.740204],[128.60122,32.739787]]],[[[128.935446875,32.91184803125001],[128.962291,32.904436],[128.970418,32.910812],[128.956861,32.907835],[128.937171,32.925683],[128.935446875,32.91184803125001]]],[[[128.95656584621833,32.9149390625],[128.966998,32.918484],[128.969102,32.929715],[128.960173,32.931029],[128.95656584621833,32.9149390625]]],[[[128.916311,32.870135],[128.87273,32.861629],[128.920077,32.843236],[128.928772,32.823318],[128.914254,32.820832],[128.932242,32.817607],[128.935092,32.828759],[128.943179,32.79997],[128.941484,32.827293],[128.960353,32.830474],[128.964723,32.85144],[128.952447,32.877515],[128.94052,32.884049],[128.942518,32.848932],[128.92777,32.872091],[128.922641,32.870225],[128.932561,32.837786],[128.916311,32.870135]]],[[[128.989857,32.965769],[128.98334,32.943804],[128.996964,32.961647],[128.989857,32.965769]]],[[[129.90224375,32.9256082881356],[129.916376,32.904162],[129.926743,32.9073745],[129.917338,32.920962],[129.90224375,32.9256082881356]]],[[[129.599814,32.880217],[129.601805,32.891301],[129.590258,32.880984],[129.599814,32.880217]]],[[[128.961649,32.90363],[128.980544,32.858499],[129.013314,32.868378],[129.027639,32.84488],[129.020498,32.873334],[129.032333,32.890242],[129.021674,32.88837],[129.033341,32.895197],[129.016552,32.922731],[128.982586,32.93021],[128.980482,32.904036],[129.001292,32.902599],[129.004431,32.881441],[128.961649,32.90363]]],[[[129.593714,32.9332],[129.61083,32.916112],[129.625584,32.926502],[129.602778,32.950262],[129.593714,32.9332]]],[[[129.788907,32.569352],[129.775258,32.549173],[129.791376,32.55715],[129.788907,32.569352]]],[[[128.904024,32.572264],[128.906807,32.563627],[128.907677,32.566429],[128.904024,32.572264]]],[[[129.7584676,32.6548306],[129.7461932,32.6615485],[129.7542348,32.6486453],[129.7584676,32.6548306]]],[[[128.839627,32.605084],[128.826879,32.598611],[128.840273,32.595251],[128.839627,32.605084]]],[[[129.986869,32.747429],[129.96432,32.762306],[129.969741,32.748612],[129.986869,32.747429]]],[[[128.663989,32.700646],[128.650196,32.67913],[128.679179,32.671976],[128.663345,32.667008],[128.671464,32.651282],[128.658975,32.65961],[128.649772,32.657314],[128.667168,32.645079],[128.643805,32.654032],[128.655087,32.642147],[128.635767,32.628429],[128.666082,32.627178],[128.641787,32.603373],[128.626262,32.627397],[128.612484,32.621128],[128.622661,32.634124],[128.611526,32.646957],[128.598105,32.613155],[128.638224,32.592774],[128.6565,32.590439],[128.665638,32.608403],[128.735426,32.607441],[128.771915,32.573927],[128.79384,32.599293],[128.761685,32.619844],[128.770176,32.644697],[128.809058,32.655264],[128.826386,32.635479],[128.897346,32.650653],[128.84895,32.688765],[128.839543,32.724757],[128.851868,32.750179],[128.826519,32.739517],[128.835256,32.760429],[128.813494,32.746994],[128.803741,32.751984],[128.826123,32.760193],[128.804305,32.774931],[128.810597,32.798071],[128.765719,32.761663],[128.796379,32.761281],[128.773264,32.750466],[128.778603,32.734645],[128.755078,32.769427],[128.738559,32.736786],[128.7422,32.750922],[128.724548,32.746901],[128.737524,32.757496],[128.692131,32.739301],[128.697146,32.766647],[128.657201,32.780499],[128.640294,32.76116],[128.663989,32.700646]]],[[[128.896665,32.695393],[128.905798,32.704904],[128.898172,32.711874],[128.893471,32.708181],[128.896665,32.695393]]],[[[129.761544,32.708997],[129.780427,32.704606],[129.759837,32.715469],[129.761544,32.708997]]],[[[128.992067,32.783278],[128.988038,32.756563],[128.963331,32.746685],[129.004478,32.750582],[129.007586,32.771747],[128.992067,32.783278]]],[[[128.957065,32.762641],[128.957991,32.777007],[128.953676,32.773523],[128.957065,32.762641]]],[[[128.837125,32.783287],[128.882909,32.76467],[128.910592,32.796982],[128.905854,32.813446],[128.864788,32.844629],[128.879212,32.803741],[128.862618,32.801807],[128.862718,32.833393],[128.837516,32.838145],[128.837125,32.783287]]],[[[129.628745,33.732039],[129.644337,33.742366],[129.628973,33.743668],[129.628745,33.732039]]],[[[129.772711,33.842689],[129.689003,33.857223],[129.669742,33.826569],[129.688697,33.805457],[129.649539,33.807153],[129.6673,33.800503],[129.650397,33.8],[129.655821,33.780542],[129.677785,33.777787],[129.685911,33.759417],[129.651043,33.773869],[129.642446,33.767352],[129.65672,33.737874],[129.674082,33.759051],[129.689128,33.74199],[129.677,33.727713],[129.716304,33.704012],[129.732895,33.738434],[129.788646,33.740775],[129.798781,33.761579],[129.757733,33.774369],[129.799138,33.785722],[129.748641,33.806621],[129.76437,33.811227],[129.772711,33.842689]]],[[[129.31767244766576,34.27724375],[129.298321,34.282059],[129.310184,34.308207],[129.296528,34.300468],[129.29473,34.320162],[129.277366,34.32701],[129.265507,34.32109],[129.289523,34.304378],[129.291133,34.278494],[129.279931,34.306019],[129.256682,34.292006],[129.255854,34.311469],[129.222211,34.290152],[129.227873,34.324066],[129.204569,34.331146],[129.167544,34.101564],[129.183661,34.11856],[129.202841,34.103307],[129.214168,34.113008],[129.214556,34.083877],[129.231136,34.114035],[129.239974,34.101543],[129.262365,34.11644],[129.254352,34.126327],[129.282439,34.130613],[129.274057,34.14644],[129.285296,34.144857],[129.283081,34.164635],[129.295533,34.160652],[129.297604,34.18539],[129.282942,34.187358],[129.29936,34.194476],[129.297394,34.221527],[129.325822,34.225997],[129.316634,34.261153],[129.35248,34.276924],[129.345794,34.286082],[129.347898,34.297496],[129.315072,34.29889],[129.31767244766576,34.27724375]]],[[[129.377405,34.291088],[129.369022,34.302661],[129.347444,34.285604],[129.359593,34.270628],[129.393601,34.299937],[129.374018,34.303343],[129.377405,34.291088]]],[[[129.315873,34.325008],[129.336094,34.31585],[129.324167,34.32466],[129.326678,34.336264],[129.31786,34.325672],[129.297329,34.337037],[129.290656,34.323442],[129.315873,34.325008]]],[[[129.36074,34.318674],[129.378803,34.317643],[129.37118,34.320624],[129.3786904,34.3256795],[129.364325,34.338492],[129.406422,34.335365],[129.412969,34.36279],[129.389147,34.339738],[129.365148,34.34467],[129.393611,34.359713],[129.373804,34.388893],[129.391415,34.382957],[129.399223,34.412606],[129.35183,34.385815],[129.379525,34.411608],[129.375513,34.425929],[129.365133,34.419482],[129.368985,34.43987],[129.385737,34.42762],[129.368359,34.452191],[129.451251,34.522959],[129.455792,34.554067],[129.473227,34.554992],[129.479267,34.59541],[129.433181,34.617234],[129.457833,34.612527],[129.441926,34.624651],[129.446641,34.631662],[129.460402,34.613627],[129.479586,34.617205],[129.470972,34.627362],[129.491179,34.645016],[129.46539,34.654145],[129.497353,34.667029],[129.484247,34.667452],[129.49448,34.683256],[129.471525,34.677766],[129.482685,34.694447],[129.45754,34.692272],[129.449325,34.706644],[129.415176,34.691962],[129.434968,34.673045],[129.408354,34.678194],[129.3836,34.649513],[129.396999,34.639592],[129.319733,34.647036],[129.285765,34.562543],[129.306457,34.567781],[129.328251,34.533226],[129.33809,34.537847],[129.344864,34.532042],[129.328517,34.527696],[129.325501,34.534848],[129.318221,34.536737],[129.274056,34.469082],[129.281764,34.448352],[129.304602,34.464072],[129.31209,34.450016],[129.299589,34.453391],[129.294625,34.432931],[129.274214,34.441176],[129.285336,34.41537],[129.272107,34.415841],[129.276642,34.373005],[129.251133,34.354746],[129.24382,34.36923],[129.227392,34.362338],[129.283719,34.343473],[129.279413,34.34805],[129.280926,34.354301],[129.287845,34.339015],[129.287817,34.356583],[129.294279,34.351382],[129.29892,34.354634],[129.277984,34.363893],[129.292661,34.373156],[129.281287,34.383393],[129.309179,34.385821],[129.298382,34.369858],[129.312515,34.359741],[129.299858,34.349515],[129.30882,34.336829],[129.325942,34.350587],[129.320317,34.370284],[129.354941,34.374948],[129.340103,34.356404],[129.360758,34.339754],[129.343344,34.336687],[129.354238,34.318336],[129.338218,34.323538],[129.334404,34.305265],[129.355894,34.31041],[129.352941,34.295309],[129.371615,34.311729],[129.36074,34.318674]]],[[[129.7264625,33.414254067164215],[129.744706,33.406804],[129.763437,33.433614],[129.790474,33.424917],[129.793243,33.430237],[129.766446,33.440002],[129.770999,33.461443],[129.752936,33.470219],[129.759827,33.454886],[129.7264625,33.414254067164215]]],[[[129.527075,33.452373],[129.506855,33.43523],[129.506864,33.424328],[129.544776,33.440429],[129.527075,33.452373]]],[[[129.55068125,33.469555224324324],[129.583544,33.495233],[129.553842,33.489281],[129.547403,33.508811],[129.496618,33.471906],[129.521337,33.471539],[129.513205,33.480693],[129.528414,33.486455],[129.55068125,33.469555224324324]]],[[[129.261114,33.020425],[129.221749,33.000935],[129.240125,33.000964],[129.233943,32.988723],[129.261114,33.020425]]],[[[129.085478,33.076144],[129.085877,33.022622],[129.069609,33.019704],[129.068177,33.045965],[129.042299,33.027718],[129.043776,32.986449],[129.065776,32.981877],[129.052506,32.977716],[129.054312,32.958306],[129.047712,32.976234],[129.03002,32.960587],[129.012311,32.976503],[128.997058,32.965092],[129.004946,32.945461],[128.991691,32.943849],[129.006738,32.940185],[129.014258,32.949131],[129.022829,32.932039],[129.035495,32.945302],[129.040978,32.929999],[129.026213,32.919528],[129.051065,32.921458],[129.067801,32.90441],[129.062677,32.894905],[129.059038,32.906573],[129.037989,32.908502],[129.059988,32.888995],[129.057584,32.878087],[129.042945,32.885601],[129.049884,32.87441],[129.039806,32.881678],[129.043247,32.82238],[129.059392,32.816313],[129.065939,32.862758],[129.100178,32.859923],[129.081164,32.895835],[129.096677,32.914851],[129.095755,32.919169],[129.088378,32.920273],[129.084253,32.926837],[129.109395,32.926425],[129.111441,32.941207],[129.101412,32.949952],[129.101647,32.961323],[129.117804,32.938519],[129.140419,32.936834],[129.183092,32.972991],[129.183299,33.002163],[129.16555,33.008793],[129.12079,32.984026],[129.087026,32.984094],[129.091254,33.038479],[129.114152,33.06291],[129.120196,33.098876],[129.102983,33.12416],[129.115017,33.164058],[129.094284,33.121415],[129.107733,33.088159],[129.085478,33.076144]]],[[[129.79077700789253,33.340399024013436],[129.780864,33.373286],[129.7667127,33.3520635],[129.745399,33.367185],[129.716971,33.348168],[129.694792,33.361626],[129.678024,33.351436],[129.668052,33.365277],[129.685742,33.387465],[129.672518,33.39962],[129.659551,33.367238],[129.631754,33.371279],[129.633486,33.362365],[129.630592,33.360747],[129.618455,33.376423],[129.569355,33.377717],[129.576038,33.332291],[129.562189,33.324534],[129.587172,33.304713],[129.612015,33.316135],[129.622513,33.31001],[129.583862,33.29207],[129.592275,33.276891],[129.571865,33.273929],[129.577367,33.262633],[129.556012,33.245311],[129.568614,33.22934],[129.552633,33.217725],[129.595897,33.208915],[129.604477,33.221842],[129.614619,33.224213],[129.600582,33.207139],[129.621664,33.216628],[129.626365,33.188171],[129.63879,33.223648],[129.643357,33.195296],[129.65706,33.193447],[129.635617,33.167019],[129.673769,33.168039],[129.698133,33.142446],[129.681309,33.126097],[129.65704,33.131516],[129.665726,33.101582],[129.674947,33.120122],[129.711734,33.115935],[129.6954462,33.1617807],[129.7169098,33.166614],[129.731355,33.124194],[129.754586,33.147285],[129.754961,33.14136],[129.767852,33.147188],[129.793961,33.138356],[129.7980775,33.1311635],[129.796801,33.114104],[129.788109,33.102621],[129.8073489,33.0764239],[129.798102,33.066366],[129.837555,33.059141],[129.821118,33.055561],[129.821419,33.036997],[129.874674,33.065405],[129.944844,33.016125],[129.950932,32.986536],[129.928178,32.968765],[129.9308065,32.9237235],[130.004977,32.840372],[129.976151,32.83753],[129.951571,32.863201],[129.933127,32.857053],[129.880693,32.882241],[129.8689997,32.8444018],[129.850756,32.859107],[129.8479772,32.8317799],[129.817269,32.863419],[129.788889,32.868092],[129.790574,32.885077],[129.802991,32.880077],[129.810944,32.895016],[129.806804,32.90898],[129.782992,32.908122],[129.793903,32.91482],[129.783371,32.941229],[129.798363,32.954527],[129.794099,32.932756],[129.809795,32.917],[129.818443,32.947494],[129.806792,32.961885],[129.822639,32.981949],[129.764124,33.021891],[129.75989,32.993475],[129.738729,32.988611],[129.732938,33.016615],[129.762222,33.048969],[129.750065,33.053845],[129.74967,33.060267],[129.726307,33.046461],[129.729719,33.075352],[129.713823,33.071107],[129.718995,33.081805],[129.677338,33.099292],[129.66161,33.077036],[129.671539,33.079732],[129.678089,33.07755],[129.659898,33.069887],[129.678383,33.062432],[129.64694,33.037422],[129.661825,33.000451],[129.626853,32.97814],[129.633726,32.92546],[129.650751,32.931718],[129.6625848,32.9162997],[129.701722,32.831086],[129.718148,32.833483],[129.737609,32.805593],[129.7459496,32.8220962],[129.7770955,32.8189785],[129.76539,32.799981],[129.801982,32.776578],[129.791563,32.76596],[129.8149208,32.7577619],[129.804787,32.744177],[129.829744,32.744064],[129.814954,32.717911],[129.8401793,32.729747],[129.8455931,32.7200977],[129.859706,32.745204],[129.8646045,32.7448331],[129.8640989,32.7484577],[129.8704928,32.7490208],[129.87025,32.750431],[129.8726907,32.750584],[129.8366919,32.6887159],[129.8200082,32.6951262],[129.830075,32.7083416],[129.792537,32.694959],[129.802857,32.677629],[129.811022,32.687692],[129.812402,32.686576],[129.815088,32.687134],[129.820507,32.684858],[129.817207,32.654651],[129.738774,32.569518],[129.764682,32.583196],[129.781413,32.571623],[129.837812,32.621069],[129.8390529,32.6413901],[129.895756,32.66166],[129.913229,32.712563],[129.925392,32.707709],[129.956618,32.74224],[129.949466,32.760394],[129.958264,32.765149],[129.9805634,32.7635381],[129.991186,32.75352],[130.024365,32.758423],[130.084069,32.794912],[130.179095,32.794552],[130.193147,32.782942],[130.184294,32.763183],[130.20796,32.752962],[130.206529,32.727449],[130.171326,32.692215],[130.142225,32.67789],[130.125767,32.687666],[130.129556,32.640755],[130.168319,32.621115],[130.168402,32.591063],[130.197751,32.60101],[130.18707,32.611535],[130.232235,32.611056],[130.259423,32.633256],[130.259248,32.652657],[130.302478,32.651891],[130.348798,32.674771],[130.358202,32.693307],[130.345678,32.708484],[130.376647,32.739942],[130.369098,32.764408],[130.381792,32.779766],[130.341164,32.854759],[130.294546,32.879574],[130.243213,32.875454],[130.180988,32.843176],[130.142473,32.857507],[130.120498,32.880631],[130.20143,32.929011],[130.20364990081376,32.9570621059162],[130.0598651,32.986586],[129.922357,33.090493],[129.9266211,33.107642],[129.9566651,33.118043],[129.9433161,33.164489],[129.8879141,33.156175],[129.8171482,33.184536],[129.8144522,33.242265],[129.7589672,33.290851],[129.79077700789253,33.340399024013436]]],[[[129.032164,33.014594],[129.016199,33.01429],[129.004842,33.002696],[129.032164,33.014594]]],[[[129.358975,33.00319],[129.354876,33.020474],[129.342209,33.015673],[129.344558,32.998014],[129.358975,33.00319]]],[[[129.179507,33.006561],[129.196025,33.018034],[129.174308,33.015001],[129.179507,33.006561]]],[[[129.728924,33.10032],[129.767461,33.050131],[129.781489,33.061744],[129.75768,33.080696],[129.763821,33.097981],[129.765948,33.076694],[129.7945347,33.0859457],[129.7864593,33.1041652],[129.7959665,33.1332294],[129.783742,33.141557],[129.758196,33.135204],[129.773805,33.127193],[129.758189,33.128146],[129.760761,33.113832],[129.74375,33.121606],[129.754298,33.100084],[129.728924,33.10032]]],[[[129.536336,33.131057],[129.543769,33.151841],[129.503689,33.140631],[129.536336,33.131057]]],[[[129.575422,33.023618],[129.556052,33.00081],[129.590125,33.022928],[129.56172,33.030487],[129.56406,33.017762],[129.56578,33.023959],[129.575422,33.023618]]],[[[129.6087803,33.0656211],[129.587504,33.027843],[129.609387,33.022127],[129.638469,33.060214],[129.6087803,33.0656211]]],[[[129.027588,33.204118],[129.014389,33.213128],[129.012286,33.200893],[129.027588,33.204118]]],[[[129.07132,33.244508],[129.067029,33.262357],[129.059125,33.258281],[129.058892,33.250517],[129.07132,33.244508]]],[[[129.134123,33.303289],[129.085648,33.283656],[129.073705,33.258799],[129.118507,33.245225],[129.156849,33.271941],[129.134123,33.303289]]],[[[129.143599,33.192169],[129.114921,33.20797],[129.132317,33.158516],[129.143599,33.192169]]],[[[129.09953,33.211551],[129.046472,33.219369],[129.028373,33.200978],[129.049658,33.182802],[129.063841,33.194934],[129.088979,33.186073],[129.079788,33.208087],[129.095997,33.206803],[129.09953,33.211551]]],[[[129.8130437824074,33.3983375],[129.81226,33.34829],[129.818585,33.365669],[129.859887,33.378589],[129.796538,33.414759],[129.8130437824074,33.3983375]]],[[[129.434912,33.442563],[129.39827,33.358713],[129.435911,33.355907],[129.434912,33.442563]]],[[[129.581647,33.161454],[129.590803,33.19392],[129.579247,33.18963],[129.581647,33.161454]]],[[[129.441628,33.352149],[129.447109,33.291668],[129.424033,33.290686],[129.403684,33.265374],[129.434937,33.235738],[129.420292,33.239561],[129.423904,33.225977],[129.398252,33.23987],[129.379531,33.22135],[129.406672,33.197831],[129.400418,33.180548],[129.351603,33.202509],[129.34851,33.182294],[129.370179,33.16926],[129.433993,33.190926],[129.501236,33.259225],[129.504436,33.271521],[129.476744,33.28797],[129.51001,33.287655],[129.500249,33.300619],[129.532104,33.311382],[129.51374,33.330311],[129.544335,33.330769],[129.545682,33.348706],[129.570169,33.357967],[129.553139,33.368976],[129.555001,33.40933],[129.517844,33.400084],[129.552275,33.381145],[129.52468,33.380153],[129.52301,33.353672],[129.512209,33.381737],[129.498623,33.35543],[129.441628,33.352149]]]]}},{"type":"Feature","properties":{"adm0_a3":"JPN","shape_name":"Miyazaki Prefecture","ihme_name":"Miyazaki"},"geometry":{"type":"MultiPolygon","coordinates":[[[[131.8358375,32.66561883980583],[131.818405,32.674332],[131.806703,32.665532],[131.824812,32.655073],[131.8358375,32.66561883980583]]],[[[131.417328,31.51151],[131.414674,31.540938],[131.409947,31.542208],[131.417328,31.51151]]],[[[131.329506,32.833014],[131.265184,32.826461],[131.234533,32.780814],[131.246465,32.769396],[131.235061,32.744378],[131.179968,32.712078],[131.175103,32.671933],[131.143535,32.676281],[131.115549,32.642106],[131.108036,32.581757],[131.051924,32.587636],[131.038961,32.554428],[131.018104,32.546861],[131.025614,32.52111],[131.009406,32.515407],[131.006959,32.490059],[131.019892,32.438674],[131.043566,32.408228],[131.068121,32.407484],[131.073266,32.358896],[131.111916,32.329956],[131.078594,32.281223],[131.050506,32.285825],[131.042703,32.248163],[131.100532,32.201543],[131.108966,32.160149],[131.058765,32.154827],[131.012126,32.174331],[130.955595,32.115413],[130.906012,32.133594],[130.857448,32.099693],[130.7419921,32.097884],[130.7352361,32.108948],[130.7033971,32.058388],[130.777458,32.01607],[130.799719,31.949948],[130.865626,31.933946],[130.897022,31.887777],[130.914003,31.885792],[130.875022,31.842685],[130.876853,31.815747],[130.930899,31.785701],[130.990059,31.777847],[130.978517,31.751568],[131.016797,31.747323],[131.025595,31.666898],[131.054365,31.633369],[131.079214,31.660117],[131.117849,31.629329],[131.16442,31.639452],[131.188351,31.624633],[131.205448,31.579949],[131.188908,31.557527],[131.200758,31.517739],[131.169996,31.499859],[131.160076,31.459519],[131.2058227,31.4528548],[131.227655,31.424228],[131.243055,31.42624],[131.235503,31.405327],[131.253863,31.380737],[131.309343,31.390713],[131.335884,31.360653],[131.35036,31.371974],[131.332462,31.39635],[131.371161,31.428294],[131.363036,31.471753],[131.389621,31.485105],[131.372997,31.506706],[131.374963,31.519082],[131.378907,31.519287],[131.378998,31.5148],[131.382892,31.511352],[131.385247,31.510834],[131.38147,31.554751],[131.397633,31.558813],[131.401064,31.581939],[131.412135,31.569911],[131.417874,31.602561],[131.469292,31.64531],[131.450324,31.679704],[131.468783,31.686366],[131.459815,31.718127],[131.488463,31.784929],[131.4545739,31.8158935],[131.457244,31.883337],[131.484015,31.921328],[131.464346,31.913451],[131.587645,32.296731],[131.6123973,32.3400949],[131.629024,32.342443],[131.622259,32.360169],[131.643066,32.408097],[131.688724,32.422715],[131.67607,32.421287],[131.653772,32.429169],[131.679491,32.429996],[131.674698,32.45407],[131.662188,32.436451],[131.664035,32.449548],[131.651015,32.434818],[131.641784,32.439066],[131.656686,32.447261],[131.656832,32.479525],[131.69548,32.469119],[131.728929,32.492126],[131.710272,32.502528],[131.714408,32.519898],[131.679687,32.50263],[131.693192,32.566887],[131.713009,32.589918],[131.755355,32.602806],[131.773605,32.640116],[131.757601,32.634999],[131.750599,32.64533],[131.764099,32.642029],[131.777165,32.674028],[131.789781,32.662044],[131.826577,32.706612],[131.851012,32.693324],[131.850119,32.722081],[131.865044,32.716375],[131.858109,32.731488],[131.885707,32.745868],[131.847009,32.73593],[131.858975,32.820963],[131.793901,32.821945],[131.767017,32.83894],[131.735728,32.831102],[131.711142,32.772378],[131.592512,32.775314],[131.568361,32.754081],[131.511286,32.770331],[131.517466,32.800804],[131.475256,32.837242],[131.364386,32.803371],[131.329506,32.833014]]]]}},{"type":"Feature","properties":{"adm0_a3":"JPN","shape_name":"Kumamoto","ihme_name":"Kumamoto"},"geometry":{"type":"MultiPolygon","coordinates":[[[[130.032289,32.191212],[130.020903,32.158169],[130.032231,32.175168],[130.047002,32.156484],[130.032289,32.191212]]],[[[130.150715,32.269056],[130.131926,32.26843],[130.13519,32.262555],[130.150715,32.269056]]],[[[130.572862,32.765012],[130.593815,32.764024],[130.594736,32.758698],[130.593747,32.764593],[130.59162,32.764424],[130.592774,32.769159],[130.572862,32.765012]]],[[[130.473329,32.588067],[130.463868,32.539388],[130.487367,32.570419],[130.473329,32.588067]]],[[[130.473527,32.603902],[130.488829,32.576039],[130.509233,32.607142],[130.473527,32.603902]]],[[[130.418005,32.367231],[130.423096,32.393787],[130.408841,32.394773],[130.418005,32.367231]]],[[[130.35975,32.35647],[130.330451,32.312746],[130.321873,32.317447],[130.300431,32.304391],[130.344895,32.312333],[130.374864,32.34696],[130.35975,32.35647]]],[[[130.323992,32.348837],[130.320552,32.340092],[130.342285,32.355601],[130.313394,32.36807],[130.299197,32.357664],[130.323992,32.348837]]],[[[130.001120703125,32.305582398284315],[130.076919,32.310187],[130.061973,32.27704],[130.050143,32.304724],[130.028408,32.298646],[130.036927,32.28573],[130.032581,32.274442],[130.026173,32.300416],[130.010894,32.298391],[129.967282,32.243541],[129.999278,32.253729],[129.988334,32.240148],[130.006575,32.242634],[130.014703,32.222417],[129.990636,32.197233],[130.022466,32.188535],[130.028842,32.214491],[130.045056,32.19909],[130.077614,32.212103],[130.079714,32.242472],[130.091724,32.243618],[130.089942,32.226744],[130.102058,32.235077],[130.09156,32.2541],[130.106756,32.253529],[130.136662,32.291584],[130.160699,32.28951],[130.163439,32.301828],[130.139608,32.297374],[130.157599,32.335254],[130.177878,32.337999],[130.173058,32.310393],[130.204432,32.325181],[130.225588,32.368182],[130.219259,32.392626],[130.19324,32.387894],[130.217086,32.424217],[130.207634,32.427854],[130.198069,32.457676],[130.203624,32.457354],[130.200314,32.459164],[130.19555,32.457456],[130.208575,32.472243],[130.187466,32.547749],[130.118817,32.548632],[130.045955,32.512578],[130.037727,32.536099],[130.012562,32.529714],[130.047311,32.491284],[130.038386,32.475013],[130.031267,32.486063],[130.037994,32.466366],[129.974805,32.355905],[129.976884,32.329139],[130.001120703125,32.305582398284315]]],[[[130.348654,32.360777],[130.350053,32.373354],[130.341986,32.371223],[130.348654,32.360777]]],[[[130.233736,32.38527],[130.270875,32.413051],[130.286209,32.397325],[130.329342,32.397913],[130.349357,32.421728],[130.355074,32.376995],[130.403828,32.394288],[130.402222,32.427162],[130.415893,32.422423],[130.423967,32.432507],[130.406302,32.435223],[130.461067,32.530098],[130.417737,32.524653],[130.394616,32.499993],[130.384617,32.524337],[130.370069,32.512851],[130.367262,32.528003],[130.316017,32.51766],[130.289513,32.483721],[130.2045671,32.4514266],[130.221058,32.415655],[130.246065,32.408332],[130.233736,32.38527]]],[[[130.442913,32.625857],[130.41055,32.614447],[130.393573,32.588522],[130.416782,32.581787],[130.403799,32.553557],[130.422353,32.54565],[130.452378,32.552199],[130.442281,32.571921],[130.459131,32.588455],[130.440784,32.601759],[130.457714,32.614657],[130.442913,32.625857]]],[[[130.839823,33.1040521],[130.7708892,33.1243311],[130.7323681,33.1544841],[130.6920542,33.151547],[130.6800211,33.171308],[130.6595701,33.109484],[130.5768773,33.115017],[130.5656121,33.0871049],[130.4967283,33.051757],[130.5157931,33.014018],[130.5060241,33.0027089],[130.41404103597074,33.00228391956291],[130.429824,32.995916],[130.444133,32.91459],[130.461456,32.919519],[130.46263,32.901414],[130.523676,32.88143],[130.526872,32.84973],[130.5843,32.842072],[130.578406,32.828995],[130.614703,32.792156],[130.597584,32.776227],[130.6013722,32.7126399],[130.537907,32.664981],[130.460376,32.633287],[130.459646,32.607222],[130.65175,32.642755],[130.661433,32.631929],[130.6537699,32.6128053],[130.617702,32.619037],[130.6339615,32.6033129],[130.5623202,32.5377889],[130.543978,32.538156],[130.536244,32.5259],[130.572601,32.507605],[130.5312514,32.5200302],[130.5754285,32.434285],[130.489106,32.366324],[130.507136,32.353769],[130.465092,32.326213],[130.471993,32.301471],[130.490866,32.298783],[130.477655,32.286809],[130.464576,32.295835],[130.466189,32.277081],[130.448755,32.287616],[130.450738,32.272258],[130.424149,32.249956],[130.434952,32.233361],[130.402338,32.235361],[130.372297,32.202549],[130.378044,32.17645],[130.360705,32.182141],[130.4024131,32.120355],[130.4537351,32.112905],[130.4735021,32.118613],[130.4769021,32.138988],[130.5402931,32.136676],[130.5419581,32.149485],[130.5826781,32.154914],[130.5917211,32.185958],[130.6086071,32.187394],[130.6226961,32.156059],[130.6516441,32.151266],[130.6990731,32.106999],[130.7594181,32.096808],[130.857448,32.099693],[130.906012,32.133594],[130.933085,32.116083],[130.974526,32.120836],[131.012126,32.174331],[131.058765,32.154827],[131.108966,32.160149],[131.100532,32.201543],[131.042703,32.248163],[131.050506,32.285825],[131.078594,32.281223],[131.111916,32.329956],[131.073266,32.358896],[131.068121,32.407484],[131.043566,32.408228],[131.019892,32.438674],[131.006959,32.490059],[131.009406,32.515407],[131.025614,32.52111],[131.018104,32.546861],[131.038961,32.554428],[131.051924,32.587636],[131.108036,32.581757],[131.115549,32.642106],[131.143535,32.676281],[131.175103,32.671933],[131.179968,32.712078],[131.235061,32.744378],[131.246465,32.769396],[131.234533,32.780814],[131.265184,32.826461],[131.329506,32.833014],[131.257387,32.887431],[131.245981,32.960002],[131.26351,32.976558],[131.223625,33.017164],[131.216097,33.054201],[131.174548,33.083084],[131.161217,33.140767],[131.111523,33.18314],[131.06002,33.195174],[130.992218,33.183203],[130.978332,33.1409],[131.02405,33.087542],[131.014536,33.047566],[130.990851,33.02382],[130.839823,33.1040521]]]]}},{"type":"Feature","properties":{"adm0_a3":"JPN","shape_name":"Kagoshima Prefecture","ihme_name":"Kagoshima"},"geometry":{"type":"MultiPolygon","coordinates":[[[[128.426919,27.06763],[128.412047,27.047643],[128.39744,27.051001],[128.398317,27.03705],[128.4546982,27.0213656],[128.453477,27.051832],[128.426919,27.06763]]],[[[128.691459,27.440791],[128.595305,27.397144],[128.531473,27.404388],[128.5236907,27.3600615],[128.550362,27.332332],[128.5764023,27.3299132],[128.713746,27.434821],[128.691459,27.440791]]],[[[128.878859,27.82807],[128.899768,27.736048],[128.880874,27.722593],[128.936214,27.660996],[128.987019,27.670065],[129.037955,27.768839],[128.968716,27.817589],[128.971592,27.855358],[128.955788,27.862087],[128.975649,27.871823],[128.971144,27.892661],[128.889676,27.882691],[128.878859,27.82807]]],[[[129.219573,28.140294],[129.215315,28.077028],[129.252412,28.111176],[129.261339,28.078233],[129.283548,28.062781],[129.292213,28.091182],[129.323559,28.094794],[129.319054,28.062155],[129.354746,28.104696],[129.341329,28.11879],[129.321081,28.100888],[129.302697,28.122208],[129.292289,28.107831],[129.287643,28.126033],[129.260377,28.11701],[129.275021,28.142044],[129.245215,28.122102],[129.242254,28.137312],[129.261458,28.144525],[129.244955,28.148795],[129.274875,28.151117],[129.270115,28.167749],[129.259714,28.157503],[129.255871,28.17405],[129.241188,28.150608],[129.220704,28.158491],[129.203239,28.181412],[129.242874,28.188076],[129.209309,28.201294],[129.175847,28.183465],[129.195028,28.144934],[129.219573,28.140294]]],[[[129.205218875,28.037209375],[129.257268,28.005134],[129.269162,28.015822],[129.26829,28.035736],[129.23379,28.031255],[129.216227,28.054973],[129.205218875,28.037209375]]],[[[129.172301,28.069364],[129.147989,28.013778],[129.165441,28.021301],[129.172301,28.069364]]],[[[130.009391,28.376257],[129.91318,28.311855],[129.944577,28.27432],[129.978744,28.288863],[130.033311,28.369266],[130.009391,28.376257]]],[[[128.994699,28.807148],[128.978259,28.793085],[129.003322,28.797],[128.994699,28.807148]]],[[[129.188613,29.156408],[129.216454,29.128825],[129.221769,29.127941],[129.219947,29.157966],[129.188613,29.156408]]],[[[129.583984,29.462991],[129.5962,29.445308],[129.620174,29.449618],[129.600938,29.476448],[129.583984,29.462991]]],[[[129.7264625,29.623923388007924],[129.739399,29.672348],[129.683613,29.652227],[129.697621,29.603145],[129.7264625,29.623923388007924]]],[[[129.536564,29.676486],[129.539291,29.69438],[129.534498,29.69696],[129.525462,29.685946],[129.536564,29.676486]]],[[[129.85034970673078,29.8829125],[129.834076,29.859998],[129.860147,29.822323],[129.917726,29.819825],[129.892771,29.869705],[129.85034970673078,29.8829125]]],[[[129.531164,29.896712],[129.553546,29.904334],[129.531405,29.914898],[129.531164,29.896712]]],[[[129.212498,28.298353],[129.178412,28.297637],[129.221617,28.283721],[129.212498,28.298353]]],[[[129.2138355,28.30088125],[129.249274,28.273901],[129.267529,28.28856],[129.29376,28.284498],[129.296001,28.273765],[129.250949,28.252691],[129.226984,28.273624],[129.212095,28.252648],[129.180791,28.270889],[129.133856,28.253981],[129.151907,28.236537],[129.170326,28.242472],[129.177705,28.22368],[129.218578,28.229091],[129.247152,28.203609],[129.254124,28.233262],[129.277379,28.231423],[129.262357,28.215236],[129.294132,28.223099],[129.263141,28.183061],[129.283299,28.19744],[129.295737,28.148393],[129.333026,28.129149],[129.358525,28.136022],[129.378279,28.108998],[129.364987,28.150867],[129.337089,28.168734],[129.401005,28.153846],[129.4043,28.192263],[129.475623,28.20902],[129.456727,28.232131],[129.407309,28.248609],[129.445859,28.248609],[129.459989,28.267979],[129.44444,28.292365],[129.537838,28.306493],[129.533473,28.327385],[129.564982,28.334714],[129.61293,28.40068],[129.66456,28.397521],[129.710362,28.422044],[129.719197,28.47447],[129.69372,28.490432],[129.689963,28.530766],[129.676261,28.526924],[129.645832,28.501246],[129.674123,28.461594],[129.665863,28.438962],[129.653738,28.467872],[129.64788,28.468077],[129.6536537,28.4224722],[129.646334,28.433815],[129.639356,28.416479],[129.620678,28.41795],[129.620537,28.450888],[129.589747,28.413737],[129.622105,28.478212],[129.559625,28.448073],[129.544186,28.462505],[129.518309,28.441144],[129.511137,28.410967],[129.522865,28.400131],[129.49958,28.382475],[129.490339,28.412824],[129.476962,28.399668],[129.463016,28.413666],[129.446642,28.380136],[129.394955,28.386041],[129.41129,28.364432],[129.401047,28.355971],[129.388989,28.373559],[129.366689,28.354624],[129.339042,28.36849],[129.309696,28.348562],[129.314416,28.333246],[129.2138355,28.30088125]]],[[[129.916725,30.007393],[129.907169,29.961533],[129.944003,29.952241],[129.916725,30.007393]]],[[[130.454879,30.234389],[130.537665,30.228028],[130.604131,30.251863],[130.665225,30.315468],[130.655522,30.312461],[130.671658,30.376017],[130.543735,30.447353],[130.499577,30.452632],[130.498499,30.469413],[130.493442,30.454356],[130.464127,30.457092],[130.464172,30.436871],[130.4263182,30.3982613],[130.37636,30.382797],[130.41316,30.266058],[130.454879,30.234389]]],[[[130.209755,30.422076],[130.265078,30.448083],[130.235187,30.470106],[130.142988,30.489551],[130.169011,30.456645],[130.1955424,30.4623175],[130.191422,30.4415],[130.209755,30.422076]]],[[[129.452662,31.199373],[129.437009,31.186128],[129.43383,31.175819],[129.449583,31.177491],[129.452662,31.199373]]],[[[130.536359,31.496717],[130.514964,31.493919],[130.531246,31.484265],[130.536359,31.496717]]],[[[131.035766,31.364216],[131.032427,31.377795],[131.02242,31.377018],[131.020409,31.364562],[131.035766,31.364216]]],[[[130.2100020513889,32.255959375],[130.242255,32.253203],[130.235091,32.262416],[130.268941,32.279852],[130.257477,32.308146],[130.220064,32.291784],[130.2100020513889,32.255959375]]],[[[130.194643,32.24446],[130.187325,32.221356],[130.205549,32.204484],[130.194643,32.24446]]],[[[130.158948,32.244971],[130.175222,32.233573],[130.175652,32.248011],[130.184429,32.252882],[130.189765,32.268127],[130.158948,32.244971]]],[[[130.7206021,32.100799],[130.6550091,32.135681],[130.6516441,32.151266],[130.6226961,32.156059],[130.6086071,32.187394],[130.5917211,32.185958],[130.5826781,32.154914],[130.5419581,32.149485],[130.5402931,32.136676],[130.4769021,32.138988],[130.4735021,32.118613],[130.4537351,32.112905],[130.4024131,32.120355],[130.36097059470438,32.16806623533659],[130.350772,32.133889],[130.3050138,32.1029127],[130.267116,32.128858],[130.176163,32.106219],[130.17136,32.078271],[130.183212,32.070841],[130.1928698,32.0846764],[130.2122892,32.0613737],[130.173146,31.992057],[130.203057,31.983939],[130.224348,31.910061],[130.192054,31.858573],[130.206284,31.83984],[130.190809,31.843521],[130.179803,31.834355],[130.166987,31.791615],[130.188839,31.746619],[130.211957,31.755939],[130.251107,31.71918],[130.264678,31.724644],[130.252048,31.710095],[130.275117,31.705372],[130.298822,31.661079],[130.320987,31.650297],[130.334992,31.57881],[130.319608,31.504856],[130.271129,31.426505],[130.226057,31.397809],[130.193105,31.408608],[130.192713,31.429524],[130.18882,31.410519],[130.17099,31.420104],[130.159776,31.440187],[130.135931,31.413212],[130.115833,31.423987],[130.106587,31.412496],[130.131992,31.411608],[130.2097,31.347527],[130.173259,31.324004],[130.225512,31.308649],[130.199063,31.295732],[130.200574,31.282425],[130.229437,31.281466],[130.214938,31.27536],[130.215534,31.271342],[130.22485,31.272665],[130.229278,31.26807],[130.216416,31.248201],[130.237149,31.259613],[130.27759,31.246612],[130.2868006,31.2697535],[130.353836,31.249937],[130.459538,31.251274],[130.508047,31.214173],[130.518115,31.165858],[130.554713,31.178936],[130.586995,31.155202],[130.594983,31.17927],[130.639892,31.18951],[130.645037,31.204418],[130.629713,31.21079],[130.657311,31.219775],[130.649974,31.244498],[130.667706,31.267308],[130.624139,31.274958],[130.567962,31.317637],[130.543486,31.383578],[130.558141,31.38593],[130.534841,31.394695],[130.5134413,31.4586886],[130.5322239,31.4623026],[130.533816,31.474089],[130.519196,31.471604],[130.513572,31.49082],[130.5214372,31.5092489],[130.533176,31.50713],[130.547639,31.549254],[130.558886,31.546566],[130.5628013,31.5971591],[130.619377,31.657516],[130.609319,31.679889],[130.628143,31.714052],[130.687995,31.735654],[130.734279,31.707442],[130.79501,31.701863],[130.821373,31.649582],[130.766926,31.563539],[130.706511,31.557135],[130.721462,31.564533],[130.7082422,31.5821764],[130.717296,31.602495],[130.679016,31.62937],[130.624582,31.619928],[130.591047,31.5903795],[130.639133,31.545218],[130.698462,31.555534],[130.698511,31.461733],[130.755863,31.425333],[130.803126,31.336486],[130.789792,31.251099],[130.753393,31.211318],[130.766794,31.180852],[130.744377,31.131739],[130.653211,31.070528],[130.678205,31.062011],[130.660097,30.994347],[130.744855,31.059843],[130.761292,31.055402],[130.811217,31.088863],[130.873846,31.095009],[130.962561,31.138222],[130.979199,31.151906],[130.972584,31.166505],[130.995265,31.169152],[130.985017,31.179674],[131.017022,31.227961],[131.065479,31.227398],[131.129693,31.276895],[131.122687,31.287091],[131.0769681,31.271459],[131.073609,31.29177],[131.105267,31.311507],[131.108867,31.33055],[131.017427,31.356835],[131.01637,31.37958],[131.049017,31.434973],[131.078261,31.457905],[131.084765,31.447472],[131.0912586,31.4485786],[131.083869,31.459745],[131.1086886,31.4762976],[131.160301,31.461861],[131.169996,31.499859],[131.200758,31.517739],[131.188908,31.557527],[131.205448,31.579949],[131.188351,31.624633],[131.16442,31.639452],[131.128028,31.626477],[131.079214,31.660117],[131.054365,31.633369],[131.025595,31.666898],[131.016797,31.747323],[130.978517,31.751568],[130.990059,31.777847],[130.883641,31.80593],[130.875022,31.842685],[130.914003,31.885792],[130.897022,31.887777],[130.865626,31.933946],[130.799719,31.949948],[130.777458,32.01607],[130.7033971,32.058388],[130.7206021,32.100799]]],[[[129.65814,31.659188],[129.68877,31.621267],[129.708216,31.636687],[129.714056,31.62203],[129.738583,31.656037],[129.724962,31.668479],[129.743884,31.687547],[129.738692,31.704672],[129.771446,31.715538],[129.802117,31.78518],[129.781824,31.790623],[129.789186,31.768922],[129.774925,31.740826],[129.696807,31.716465],[129.682234,31.662364],[129.65814,31.659188]]],[[[129.814458,31.794538],[129.828631,31.774821],[129.824822,31.789522],[129.845803,31.801419],[129.839522,31.819012],[129.814458,31.794538]]],[[[129.87355251886794,31.81650625],[129.872065,31.800814],[129.903888,31.824865],[129.925566,31.819391],[129.931926,31.866291],[129.904725,31.868582],[129.910713,31.84285],[129.835721,31.882353],[129.81678,31.860897],[129.821176,31.843336],[129.835636,31.837686],[129.842499,31.869931],[129.846862,31.855395],[129.865674,31.860019],[129.841357,31.853098],[129.84898,31.836594],[129.835176,31.825473],[129.859109,31.837789],[129.856445,31.82122],[129.87355251886794,31.81650625]]],[[[130.155385,32.197114],[130.105704,32.213805],[130.121912,32.200259],[130.09074,32.180576],[130.11565,32.157085],[130.111134,32.125787],[130.163349,32.090528],[130.171069,32.133691],[130.209464,32.153683],[130.18233,32.176775],[130.200518,32.197623],[130.17515,32.229287],[130.164492,32.212267],[130.155589,32.228375],[130.145507,32.217071],[130.155385,32.197114]]],[[[130.956999,30.372638],[130.981302,30.398769],[130.96277,30.480084],[130.999339,30.547972],[131.03484,30.566427],[131.032716,30.587204],[131.055119,30.604884],[131.053581,30.665941],[131.078575,30.696372],[131.082585,30.788956],[131.05635,30.839897],[131.002778,30.784884],[130.993762,30.72642],[130.978614,30.725517],[130.940051,30.669159],[130.953322,30.59284],[130.916772,30.519496],[130.872335,30.465827],[130.849065,30.466943],[130.871524,30.34518],[130.956999,30.372638]]],[[[130.852917,30.761786],[130.841075,30.749983],[130.838525,30.726718],[130.865217,30.731928],[130.852917,30.761786]]],[[[129.925944,30.849651],[129.90457,30.838379],[129.911584,30.819311],[129.937659,30.812217],[129.964171,30.828468],[129.925944,30.849651]]],[[[130.266592,30.787794],[130.277762,30.772409],[130.321787,30.792379],[130.303353,30.808544],[130.266592,30.787794]]],[[[130.396006,30.808603],[130.446007,30.809864],[130.427293,30.819859],[130.396006,30.808603]]]]}},{"type":"Feature","properties":{"adm0_a3":"JPN","shape_name":"Gunma","ihme_name":"Gunma"},"geometry":{"type":"Polygon","coordinates":[[[139.652247,36.212815],[139.669936,36.213723],[139.663085,36.230559],[139.630713,36.254842],[139.641726,36.266957],[139.562251,36.266922],[139.525959,36.284714],[139.46271,36.272104],[139.416969,36.313297],[139.422786,36.332257],[139.366441,36.370526],[139.361032,36.383817],[139.408231,36.457969],[139.436468,36.465976],[139.417913,36.494712],[139.442841,36.531584],[139.439039,36.550686],[139.460751,36.553247],[139.483522,36.581883],[139.465235,36.606582],[139.39816,36.60204],[139.329552,36.627668],[139.336939,36.692355],[139.372458,36.746266],[139.355908,36.750567],[139.353049,36.77361],[139.406691,36.826941],[139.348518,36.852741],[139.356138,36.877814],[139.395581,36.906868],[139.266127,36.941154],[139.240839,36.929322],[139.228707,36.961199],[139.182722,36.961718],[139.170987,37.00198],[139.111297,37.055215],[139.094615,37.056195],[139.091123,37.019734],[139.047381,36.987294],[138.966547,36.979076],[138.979524,36.89178],[138.923142,36.8836],[138.916012,36.850839],[138.929061,36.832644],[138.856439,36.811644],[138.821738,36.817627],[138.831757,36.7939],[138.817764,36.761586],[138.784996,36.744912],[138.727022,36.764169],[138.713069,36.739219],[138.51433,36.690786],[138.529439,36.655289],[138.458183,36.633699],[138.426313,36.593525],[138.428902,36.556451],[138.404074,36.521711],[138.401228,36.434211],[138.45696,36.420241],[138.459646,36.404751],[138.488953,36.400934],[138.504748,36.414904],[138.538922,36.402503],[138.592392,36.424392],[138.647831,36.409282],[138.653527,36.303115],[138.600332,36.2784],[138.611759,36.229503],[138.634657,36.213675],[138.622794,36.196928],[138.636339,36.172067],[138.609541,36.161413],[138.583386,36.178832],[138.577271,36.168074],[138.600764,36.135513],[138.645374,36.120197],[138.63053,36.091181],[138.644188,36.04969],[138.631962,36.027054],[138.679581,36.011715],[138.701164,35.988011],[138.7356955,36.0016217],[138.7544081,36.0345264],[138.8283912,36.0373031],[138.864802,36.077347],[138.945065,36.094597],[138.958435,36.124241],[139.0415179,36.1275236],[139.042892,36.148247],[139.0623701,36.1532503],[139.063414,36.196286],[139.129659,36.283398],[139.244062,36.244434],[139.3211569,36.2366004],[139.359284,36.25323],[139.4618999,36.1895727],[139.587766,36.21037],[139.624883,36.186572],[139.6510289,36.1974956],[139.652247,36.212815]],[[139.2636718,36.2437136],[139.2621773,36.2454994],[139.2640078,36.2448241],[139.2636718,36.2437136]]]}},{"type":"Feature","properties":{"adm0_a3":"JPN","shape_name":"Kyoto Prefecture","ihme_name":"Ky\u014dto"},"geometry":{"type":"Polygon","coordinates":[[[135.728635,34.777998],[135.755514,34.727532],[135.851038,34.705754],[135.890171,34.708316],[135.924417,34.757672],[135.925569,34.740339],[135.976109,34.741141],[135.986255,34.715195],[136.013866,34.707799],[136.028765,34.706314],[136.055476,34.738556],[136.0286,34.757457],[136.033778,34.778588],[136.010159,34.799724],[136.027858,34.821665],[136.005763,34.826158],[136.003993,34.844341],[135.969867,34.837779],[135.961399,34.85466],[135.946351,34.851631],[135.941007,34.893683],[135.897891,34.871267],[135.866637,34.89214],[135.878748,34.947045],[135.849267,34.991734],[135.826905,34.991204],[135.836559,35.001226],[135.820239,35.015194],[135.834518,35.022081],[135.814757,35.0452],[135.834852,35.055554],[135.856763,35.153615],[135.829308,35.220346],[135.858431,35.289229],[135.829623,35.276735],[135.80929,35.316433],[135.764072,35.344557],[135.768785,35.356014],[135.700883,35.343678],[135.642056,35.366906],[135.527588,35.380113],[135.525793,35.420419],[135.502049,35.420031],[135.458346,35.468301],[135.476224,35.505493],[135.449442,35.526047],[135.486599,35.557936],[135.451732,35.567779],[135.462474,35.60379],[135.43413,35.590831],[135.426647,35.56645],[135.342353,35.551817],[135.343582,35.504044],[135.379813,35.502318],[135.395041,35.516782],[135.398221,35.478883],[135.347376,35.494564],[135.347297,35.475197],[135.316721,35.451182],[135.331871,35.515845],[135.32338,35.525912],[135.289363,35.515917],[135.241416,35.538576],[135.242395,35.560118],[135.274753,35.560227],[135.250754,35.570613],[135.254494,35.599627],[135.204288,35.559827],[135.2020103,35.537486],[135.185438,35.560286],[135.170623,35.563517],[135.158955,35.552246],[135.154328,35.555247],[135.194241,35.581562],[135.197797,35.577296],[135.187969,35.565264],[135.1879415,35.5584714],[135.267375,35.666695],[135.287399,35.675828],[135.30338,35.662933],[135.30664,35.699084],[135.223903,35.7793],[135.207004,35.763884],[135.082115,35.738313],[135.084545,35.724765],[135.027324,35.690214],[134.985542,35.692832],[134.961749,35.661363],[134.900924,35.648561],[134.928727,35.633261],[134.910018,35.605851],[134.888571,35.612409],[134.909856,35.63282],[134.88786,35.628477],[134.901448,35.64691],[134.8675079789888,35.65808573473408],[134.873877,35.620929],[134.853727,35.58908],[134.914569,35.545309],[134.9268994,35.5125279],[135.030032,35.540268],[135.045156,35.508693],[135.032164,35.497158],[135.049167,35.407743],[134.991081,35.385635],[134.959553,35.408967],[134.933568,35.40707],[134.918928,35.364515],[134.9247,35.31166],[134.999117,35.290938],[135.010851,35.269582],[135.056789,35.264603],[135.067875,35.237351],[135.10877,35.26628],[135.15753,35.261093],[135.166858,35.240345],[135.154778,35.226502],[135.197058,35.203017],[135.186867,35.173166],[135.206213,35.160685],[135.232189,35.177504],[135.273985,35.177263],[135.289784,35.171754],[135.287771,35.142643],[135.340458,35.150093],[135.34247,35.135874],[135.38981,35.128765],[135.388026,35.097125],[135.404347,35.08885],[135.368729,35.05489],[135.381693,35.010247],[135.493056,34.989068],[135.481137,34.949739],[135.514594,34.94412],[135.541314,34.915226],[135.581258,34.922452],[135.581053,34.937036],[135.557327,34.934686],[135.578578,34.955885],[135.572731,34.971238],[135.613264,34.971195],[135.599322,34.928292],[135.632806,34.934706],[135.67577,34.899301],[135.694914,34.848282],[135.746025,34.803642],[135.728635,34.777998]]]}},{"type":"Feature","properties":{"adm0_a3":"JPN","shape_name":"Chiba","ihme_name":"Chiba"},"geometry":{"type":"MultiPolygon","coordinates":[[[[139.8723964784947,35.63731819395902],[139.8975772,35.6166486],[139.9394582,35.6405021],[139.9181125,35.6554019],[139.9476636,35.6695477],[139.9223074,35.6736314],[139.9290872,35.678754],[139.9531529,35.6717431],[139.9598611,35.6793278],[139.967652,35.68371],[139.985618,35.68103],[139.9858471,35.6638438],[140.0027769,35.6634738],[139.9873372,35.6544577],[140.0136566,35.657411],[140.083973,35.596723],[140.083023,35.61385],[140.100462,35.604539],[140.0889798,35.5945429],[140.1177023,35.596561],[140.1121434,35.570456],[140.1270476,35.5691655],[140.091078,35.564515],[140.115617,35.550341],[140.1148942,35.5408706],[140.112328,35.549882],[140.097995,35.554963],[140.088225,35.552001],[140.096161,35.535376],[140.0663642,35.553407],[140.060757,35.530036],[140.0252101,35.5015467],[140.03611,35.495329],[140.0331851,35.4917166],[140.0097687,35.4862617],[140.0230029,35.4676235],[140.0025228,35.4825735],[139.9933821,35.4532307],[139.9820835,35.4747751],[139.9657139,35.4685949],[139.9744696,35.448469],[139.9551378,35.4438271],[139.964659,35.452948],[139.9510609,35.4561117],[139.948791,35.442164],[139.9186915,35.4418419],[139.900285,35.4298891],[139.896979,35.410265],[139.9187626,35.3859152],[139.8877974,35.3709125],[139.897898,35.3583627],[139.845976,35.375318],[139.862864,35.342681],[139.8377531,35.3589775],[139.8215735,35.3463685],[139.8424116,35.3332572],[139.8164022,35.3240561],[139.833721,35.3218188],[139.7837615,35.3128172],[139.846905,35.290699],[139.8695109,35.2402409],[139.867266,35.219947],[139.8234785,35.1973989],[139.8152005,35.1706744],[139.839284,35.13059],[139.823528,35.101007],[139.842407,35.086537],[139.819212,35.065914],[139.8309505,35.0408873],[139.810367,35.037531],[139.851714,35.023844],[139.8582134,34.9991955],[139.8183299,34.9779705],[139.754104,34.978306],[139.752843,34.965581],[139.817836,34.93922],[139.836873,34.902978],[139.887109,34.899402],[139.941905,34.917471],[139.965012,34.942898],[139.960808,34.967869],[139.983077,35.013244],[140.038539,35.051842],[140.083812,35.062365],[140.1205516,35.1154345],[140.191147,35.127174],[140.200665,35.109773],[140.232461,35.114841],[140.298451,35.151053],[140.3113341,35.1344494],[140.3491742,35.1801329],[140.384318,35.18714],[140.415299,35.305637],[140.391817,35.356156],[140.40576,35.447307],[140.447615,35.522668],[140.526304,35.60311],[140.664892,35.691919],[140.7149681,35.7019852],[140.7369765,35.6939003],[140.7307244,35.6904278],[140.72838,35.6840381],[140.8257386,35.7136259],[140.8467444,35.7002166],[140.8374097,35.6958358],[140.8654632,35.6925538],[140.8677611,35.7377574],[140.8818889,35.7309252],[140.8717239,35.7411838],[140.8648567,35.7446511],[140.8609561,35.7499048],[140.8645343,35.7442224],[140.8719823,35.740003],[140.818047,35.740366],[140.74436,35.783242],[140.706567,35.836257],[140.630678,35.859126],[140.607984,35.895814],[140.511236,35.958737],[140.487168,35.928594],[140.502794,35.905522],[140.45843,35.926542],[140.361601,35.898558],[140.3194,35.864645],[140.278291,35.874045],[140.241478,35.854585],[140.205426,35.861321],[140.150725,35.843378],[140.124591,35.87251],[140.073668,35.876719],[139.937961,35.941011],[139.9366518,35.9664071],[139.884158,35.988829],[139.786769,36.104101],[139.776211,36.090768],[139.817276,36.032505],[139.825653,35.972762],[139.900333,35.864175],[139.893799,35.778707],[139.879457,35.767525],[139.919009,35.6991282],[139.886936,35.67926],[139.8723964784947,35.63731819395902]]],[[[140.1104577,35.572682],[140.1029658,35.5873872],[140.081603,35.588302],[140.0861217,35.5694568],[140.1104577,35.572682]]],[[[139.9776432,35.6795004],[139.9712744,35.6703677],[139.9706395,35.667886],[139.9762512,35.6670379],[139.9776432,35.6795004]]]]}},{"type":"Feature","properties":{"adm0_a3":"JPN","shape_name":"Ibaraki","ihme_name":"Ibaraki"},"geometry":{"type":"Polygon","coordinates":[[[139.729824,36.087795],[139.786769,36.104101],[139.798429,36.095497],[139.884158,35.988829],[139.9366518,35.9664071],[139.937961,35.941011],[140.073668,35.876719],[140.124591,35.87251],[140.150725,35.843378],[140.205426,35.861321],[140.241478,35.854585],[140.278291,35.874045],[140.3194,35.864645],[140.361601,35.898558],[140.45843,35.926542],[140.502794,35.905522],[140.487168,35.928594],[140.511236,35.958737],[140.607984,35.895814],[140.630678,35.859126],[140.706567,35.836257],[140.74436,35.783242],[140.818047,35.740366],[140.849894,35.741442],[140.744058,35.865235],[140.708483,35.920628],[140.70745,35.925214],[140.710473,35.926754],[140.712616,35.954657],[140.710238,35.926878],[140.677154,35.911842],[140.690984,35.88279],[140.652346,35.926606],[140.6939,35.928817],[140.703641,35.93866],[140.6848301,35.9645097],[140.7006551,35.9626036],[140.670505,35.973196],[140.60618,36.093988],[140.558897,36.26243],[140.560802,36.294102],[140.587788,36.310316],[140.626933,36.377689],[140.6127317,36.3931167],[140.619167,36.411388],[140.609737,36.405261],[140.624084,36.426519],[140.608101,36.428437],[140.627301,36.441591],[140.605985,36.441545],[140.623359,36.481804],[140.611697,36.487053],[140.628049,36.495116],[140.69366,36.643775],[140.7166,36.661691],[140.749232,36.785777],[140.775073,36.824304],[140.805765,36.830346],[140.798339,36.857793],[140.615502,36.903273],[140.586096,36.945287],[140.567428,36.936678],[140.564941,36.91286],[140.591968,36.873023],[140.53802,36.85886],[140.464178,36.791405],[140.438486,36.821545],[140.377045,36.838061],[140.365198,36.884327],[140.326512,36.891304],[140.302986,36.926887],[140.253453,36.929695],[140.251556,36.852248],[140.267388,36.817784],[140.254877,36.760025],[140.292247,36.712566],[140.231399,36.699732],[140.220054,36.684466],[140.240918,36.650925],[140.234684,36.62376],[140.248474,36.610678],[140.243771,36.562822],[140.260183,36.517483],[140.229447,36.502083],[140.185148,36.398339],[140.131823,36.414922],[140.100977,36.39411],[140.066389,36.403774],[140.069139,36.388929],[140.048157,36.375584],[139.989305,36.367116],[139.973532,36.378538],[139.964493,36.350943],[139.914324,36.336712],[139.910345,36.300921],[139.878811,36.310704],[139.88067,36.322964],[139.848022,36.31075],[139.8218,36.23977],[139.72748,36.201581],[139.692538,36.206531],[139.695383,36.158],[139.729824,36.087795]]]}},{"type":"Feature","properties":{"adm0_a3":"JPN","shape_name":"Kanagawa","ihme_name":"Kanagawa"},"geometry":{"type":"MultiPolygon","coordinates":[[[[139.684442,35.3949682],[139.6801928,35.4101886],[139.6711781,35.4029118],[139.684442,35.3949682]]],[[[139.1313389,35.6719948],[139.117166,35.654538],[139.134411,35.61651],[139.121436,35.586988],[139.129853,35.566374],[139.110124,35.532289],[139.085788,35.512086],[139.046113,35.509736],[139.027548,35.480968],[138.937369,35.448867],[138.915816,35.405532],[139.001418,35.399749],[139.01901,35.329307],[138.974395,35.248144],[138.987639,35.200954],[139.021576,35.182038],[139.029146,35.150091],[139.1609,35.140991],[139.1417139,35.1522082],[139.136002,35.181371],[139.1477565,35.2408986],[139.255199,35.294449],[139.435198,35.319085],[139.4826896,35.303974],[139.541158,35.309157],[139.571345,35.292924],[139.576125,35.253598],[139.6040579,35.2231113],[139.6207744,35.2214446],[139.6274331,35.2157182],[139.598881,35.195853],[139.63003,35.163485],[139.61081,35.163556],[139.6171966,35.1476116],[139.6048701,35.14457],[139.677757,35.138819],[139.6565871,35.1850866],[139.6906828,35.208877],[139.7250514,35.2113389],[139.7166787,35.2461168],[139.7470271,35.2534841],[139.690967,35.2664937],[139.6740189,35.3005678],[139.6607378,35.2829569],[139.631087,35.2999534],[139.661871,35.3282074],[139.6216232,35.3232644],[139.6383039,35.3437087],[139.6570358,35.3419046],[139.658265,35.3785421],[139.628584,35.384194],[139.638354,35.390887],[139.626011,35.4016215],[139.6454919,35.4029745],[139.6307909,35.4049869],[139.6293858,35.4132026],[139.669588,35.4028201],[139.6906435,35.4392712],[139.6645494,35.4327641],[139.65336,35.4431934],[139.6636332,35.446748],[139.6658154,35.4494776],[139.6317997,35.4530732],[139.6344855,35.4730372],[139.6739676,35.4844906],[139.6759353,35.4692106],[139.688488,35.495387],[139.7127121,35.4642317],[139.7418514,35.4770215],[139.735664,35.494178],[139.7455931,35.485002],[139.7843947,35.5019714],[139.7649847,35.5116345],[139.7965142,35.506604],[139.79577068036855,35.523355428900985],[139.756851,35.544502],[139.702224,35.537027],[139.703733,35.552607],[139.66449,35.589522],[139.525515,35.642667],[139.494675,35.617286],[139.499738,35.605448],[139.4630468,35.6248197],[139.449278,35.611776],[139.507589,35.575141],[139.491029,35.561426],[139.489761,35.584317],[139.473342,35.576869],[139.487796,35.527882],[139.484936,35.503969],[139.468684,35.502004],[139.399794,35.584426],[139.285701,35.612883],[139.252221,35.601667],[139.211459,35.649117],[139.179084,35.645572],[139.161601,35.667907],[139.1313389,35.6719948]]],[[[139.6572498,35.4415021],[139.6661143,35.4351707],[139.6743261,35.4497087],[139.6703783,35.451315],[139.6572498,35.4415021]]],[[[139.673389,35.460384],[139.6953392,35.4494151],[139.7071963,35.4566516],[139.6848677,35.458618],[139.692424,35.472025],[139.673389,35.460384]]]]}},{"type":"Feature","properties":{"adm0_a3":"JPN","shape_name":"Hiroshima","ihme_name":"Hiroshima"},"geometry":{"type":"MultiPolygon","coordinates":[[[[132.533915,34.046834],[132.531355,34.073514],[132.520661,34.049902],[132.533915,34.046834]]],[[[132.405213,34.147872],[132.413139,34.169718],[132.383097,34.176909],[132.387373,34.149675],[132.405213,34.147872]]],[[[132.7812279,34.1874999],[132.7812684,34.1606941],[132.800065,34.175175],[132.7812279,34.1874999]]],[[[133.244581,34.390994],[133.255579,34.400407],[133.243665,34.400182],[133.244581,34.390994]]],[[[133.1677583,34.3900477],[133.155833,34.374472],[133.1726487,34.3740986],[133.1677583,34.3900477]]],[[[133.445788,34.335535],[133.437356,34.351351],[133.427825,34.34477],[133.445788,34.335535]]],[[[133.272098,34.36204],[133.2606822,34.3842342],[133.259091,34.366016],[133.272098,34.36204]]],[[[133.28852,34.357213],[133.262386,34.332302],[133.285344,34.337987],[133.28852,34.357213]]],[[[133.300654,34.34248],[133.33784,34.356333],[133.342269,34.370991],[133.296624,34.36469],[133.300654,34.34248]]],[[[132.480483,34.330325],[132.485719,34.344018],[132.477095,34.346143],[132.480483,34.330325]]],[[[133.112878,34.359366],[133.097216,34.340143],[133.110479,34.317175],[133.126154,34.334085],[133.112878,34.359366]]],[[[133.21321,34.409169],[133.1722082,34.3927519],[133.174352,34.366384],[133.211985,34.356218],[133.2394214,34.398232],[133.21321,34.409169]]],[[[132.333296,34.31127],[132.263874,34.256365],[132.274194,34.231434],[132.348042,34.282223],[132.333296,34.31127]]],[[[133.089899,34.313443],[133.070952,34.261019],[133.093758,34.256633],[133.149784,34.298722],[133.13958,34.315408],[133.10815,34.310562],[133.102647,34.304716],[133.097417,34.303569],[133.089899,34.313443]]],[[[132.890725,34.2616981],[132.883791,34.244069],[132.838095,34.242064],[132.855965,34.208164],[132.920871,34.214135],[132.913342,34.234825],[132.942093,34.277552],[132.926418,34.282425],[132.900895,34.246611],[132.890725,34.2616981]]],[[[132.876378,34.268081],[132.866468,34.259418],[132.875205,34.25474],[132.876378,34.268081]]],[[[132.805554,34.282106],[132.802486,34.268432],[132.811162,34.275784],[132.805554,34.282106]]],[[[132.316803,34.186592],[132.2961317,34.1994854],[132.2925855,34.1888241],[132.316803,34.186592]]],[[[132.867732,34.174276],[132.822861,34.187149],[132.79952,34.158666],[132.84626,34.160008],[132.867732,34.174276]]],[[[132.5391625,34.10751742857143],[132.557792,34.1506],[132.54875,34.141257],[132.5214844,34.1575277],[132.558559,34.173],[132.527014,34.200288],[132.4947849,34.1678293],[132.506072,34.135763],[132.455241,34.115171],[132.447726,34.094312],[132.462301,34.082355],[132.532279,34.103915],[132.55081,34.078943],[132.569818,34.115236],[132.585106,34.10607],[132.59309,34.115199],[132.575982,34.127856],[132.5391625,34.10751742857143]]],[[[132.7586454,34.1929587],[132.6931801,34.2015697],[132.6855191,34.1824897],[132.7391485,34.1731665],[132.7388373,34.1578441],[132.765477,34.177422],[132.7586454,34.1929587]]],[[[132.676188,34.174988],[132.6723616,34.2037469],[132.6442168,34.1710413],[132.662869,34.1695],[132.676188,34.174988]]],[[[132.4448372,34.1791849],[132.428527,34.128598],[132.489992,34.142173],[132.471325,34.1788885],[132.4901915,34.2038559],[132.4988548,34.267096],[132.4796465,34.2962384],[132.4776365,34.2840614],[132.434142,34.285894],[132.4457958,34.2666345],[132.433126,34.250028],[132.456143,34.2567882],[132.47096,34.244529],[132.4741524,34.2084184],[132.457729,34.230955],[132.4389457,34.2250932],[132.41981,34.257991],[132.372124,34.258563],[132.428794,34.173102],[132.4390082,34.1957989],[132.4563093,34.1795447],[132.4448372,34.1791849]]],[[[132.925112,34.285453],[132.915527,34.300283],[132.907433,34.294717],[132.905364,34.283929],[132.925112,34.285453]]],[[[132.4441403,34.3252824],[132.4284081,34.3080051],[132.4154005,34.2997268],[132.442829,34.296942],[132.4441403,34.3252824]]],[[[133.18659950416665,34.27744375],[133.2102781,34.2967371],[133.1933749,34.2998892],[133.2109211,34.3188764],[133.1971926,34.3380744],[133.1773126,34.3290147],[133.1735886,34.3579423],[133.147353,34.3580046],[133.1345192,34.3288756],[133.18659950416665,34.27744375]]],[[[133.080888,34.332319],[133.064626,34.30505],[133.082287,34.304042],[133.080888,34.332319]]],[[[133.230073,35.068023],[133.096423,35.085424],[133.033106,35.068244],[132.990849,35.10132],[132.950241,35.075385],[132.872861,35.102204],[132.828102,35.062075],[132.836736,35.046966],[132.74513,34.976826],[132.749722,34.960259],[132.685202,34.950632],[132.634029,34.904804],[132.701047,34.881689],[132.710846,34.852269],[132.698657,34.842947],[132.680381,34.851732],[132.662122,34.832099],[132.614705,34.843046],[132.53806,34.794992],[132.454259,34.800698],[132.436666,34.820962],[132.396681,34.779423],[132.374315,34.800986],[132.334483,34.790003],[132.31831,34.801609],[132.297868,34.77656],[132.278103,34.798982],[132.241987,34.806351],[132.222384,34.749539],[132.130769,34.708026],[132.161934,34.683141],[132.116348,34.612463],[132.125528,34.583151],[132.083951,34.53753],[132.052379,34.530276],[132.036529,34.501944],[132.059743,34.49227],[132.081047,34.443247],[132.069797,34.356296],[132.085263,34.357882],[132.107527,34.328052],[132.127355,34.332924],[132.144307,34.236817],[132.204856,34.228608],[132.195429,34.204389],[132.2456112024973,34.21067400705021],[132.220707,34.232708],[132.230116,34.2546125],[132.2802235,34.2835915],[132.3288874,34.3478451],[132.3367675,34.3376648],[132.354315,34.3441328],[132.3545452,34.3437167],[132.3587807,34.3452768],[132.3389465,34.3419586],[132.3565554,34.3494002],[132.3541869,34.3538636],[132.3430863,34.3517279],[132.3383048,34.3541279],[132.3645243,34.360276],[132.3647121,34.3474424],[132.3992901,34.365368],[132.4437787,34.3405212],[132.475602,34.3670795],[132.4825716,34.3531123],[132.522557,34.362911],[132.508645,34.3526657],[132.516426,34.343755],[132.4914928,34.3384271],[132.4935076,34.3341792],[132.499585,34.337992],[132.5043443,34.3364393],[132.4942937,34.3162671],[132.5188664,34.2826242],[132.514655,34.256938],[132.5585413,34.2382395],[132.5315856,34.2221708],[132.543834,34.193538],[132.593016,34.212742],[132.5963,34.231106],[132.609151,34.218325],[132.61451,34.229025],[132.619323,34.231173],[132.617586,34.210579],[132.641008,34.201539],[132.6590784,34.2192916],[132.684326,34.210078],[132.701385,34.237371],[132.760588,34.240314],[132.773416,34.255583],[132.752893,34.259677],[132.7488588,34.2828669],[132.784498,34.275604],[132.79623,34.310452],[132.814193,34.316661],[132.834546,34.316429],[132.846942,34.291701],[132.914206,34.337115],[132.922423,34.325045],[132.950848,34.340294],[133.040074,34.331262],[133.079623,34.346125],[133.0968132,34.379395],[133.080779,34.398343],[133.1274643,34.3826235],[133.2095992,34.4106053],[133.2340518,34.4115476],[133.2420921,34.4359056],[133.2555811,34.4248885],[133.251195,34.441438],[133.275712,34.427303],[133.266027,34.392254],[133.281464,34.401581],[133.2844879,34.3863294],[133.344212,34.378335],[133.346112,34.365503],[133.3837286,34.3814341],[133.386135,34.42213],[133.407712,34.4283],[133.398317,34.439459],[133.431261,34.424118],[133.440503,34.436383],[133.408196,34.457181],[133.408602,34.478346],[133.392268,34.477449],[133.378854,34.48197],[133.433984,34.478321],[133.414911,34.478045],[133.414523,34.459242],[133.444952,34.44617],[133.454389,34.531506],[133.384686,34.616835],[133.403378,34.671922],[133.382749,34.680285],[133.358201,34.733273],[133.378086,34.80836],[133.335956,34.834792],[133.295191,34.895726],[133.309446,34.937045],[133.297262,34.956004],[133.321757,35.006145],[133.249577,35.079036],[133.230073,35.068023]]]]}},{"type":"Feature","properties":{"adm0_a3":"JPN","shape_name":"Tottori Prefecture","ihme_name":"Tottori"},"geometry":{"type":"Polygon","coordinates":[[[134.36994406421928,35.61458843915161],[134.364273,35.601584],[134.339758,35.608428],[134.334903,35.592401],[134.293524,35.589323],[134.266044,35.557846],[134.187133,35.542949],[134.196416,35.532704],[134.03406,35.518525],[134.007456,35.537912],[133.925182,35.510145],[133.779508,35.500519],[133.563907,35.530659],[133.447119,35.494768],[133.425239,35.459841],[133.4019664,35.4526895],[133.322568,35.466172],[133.2674061,35.4962237],[133.2445536,35.5351067],[133.2718842,35.5523333],[133.218514,35.546309],[133.198539,35.526327],[133.2225,35.480224],[133.320572,35.410277],[133.324505,35.374033],[133.296046,35.34937],[133.292525,35.320643],[133.310551,35.267918],[133.152649,35.219072],[133.152742,35.203812],[133.182029,35.20136],[133.1949,35.169832],[133.148451,35.139983],[133.136283,35.069572],[133.249577,35.079036],[133.269139,35.057678],[133.290824,35.070944],[133.293136,35.101596],[133.325517,35.093469],[133.411826,35.121146],[133.396462,35.180859],[133.447556,35.171296],[133.507974,35.193116],[133.526192,35.182926],[133.505541,35.228172],[133.560769,35.246746],[133.596799,35.345021],[133.678351,35.318942],[133.745245,35.319513],[133.800007,35.292649],[133.8320762,35.2488319],[133.8659432,35.2722589],[133.8621392,35.2925039],[133.9252222,35.3068989],[133.9341002,35.3351269],[134.0148062,35.3503909],[134.008119,35.308174],[134.097759,35.305697],[134.139797,35.278822],[134.150579,35.257956],[134.137339,35.238655],[134.164184,35.227976],[134.152948,35.196284],[134.172448,35.169743],[134.260472,35.210976],[134.278461,35.196871],[134.321218,35.201817],[134.38995,35.25222],[134.434966,35.229195],[134.463472,35.236823],[134.515371,35.277308],[134.501921,35.326543],[134.513915,35.353457],[134.472302,35.37825],[134.480094,35.427038],[134.439999,35.442929],[134.430876,35.502469],[134.412702,35.514904],[134.421799,35.562549],[134.36994406421928,35.61458843915161]]]}},{"type":"Feature","properties":{"adm0_a3":"JPN","shape_name":"Shimane","ihme_name":"Shimane"},"geometry":{"type":"MultiPolygon","coordinates":[[[[133.136419,35.07426],[133.148451,35.139983],[133.1949,35.169832],[133.182029,35.20136],[133.152742,35.203812],[133.152649,35.219072],[133.310551,35.267918],[133.292525,35.320643],[133.296046,35.34937],[133.324505,35.374033],[133.320572,35.410277],[133.2225,35.480224],[133.201021,35.535242],[133.326814,35.567858],[133.217144,35.581601],[133.211682,35.567152],[133.191807,35.580273],[133.192018,35.562193],[133.16118,35.572031],[133.141805,35.560723],[133.129936,35.577166],[133.140449,35.580983],[133.124943,35.576241],[133.090141,35.603753],[133.097358,35.578886],[133.047905,35.57816],[133.059965,35.564654],[133.028752,35.555696],[133.028187,35.53843],[132.968179,35.543593],[132.971002,35.515812],[132.864947,35.51319],[132.72677,35.470618],[132.758839,35.45686],[132.753483,35.447584],[132.684805,35.451729],[132.686601,35.440658],[132.629133,35.435156],[132.622887,35.418429],[132.670616,35.401801],[132.674713,35.382121],[132.661256,35.32846],[132.629746,35.289049],[132.417569,35.190478],[132.381335,35.146801],[132.389369,35.131729],[132.340146,35.102783],[132.345189,35.092011],[132.33222,35.097456],[132.309736,35.056903],[132.234204,35.036924],[132.112624,34.953146],[132.063525,34.905156],[132.056843,34.872917],[132.036957,34.882537],[132.00802,34.868577],[132.007895,34.847196],[131.954687,34.816406],[131.946241,34.792412],[131.864773,34.755506],[131.874714,34.742662],[131.849712,34.711635],[131.747073,34.675724],[131.69062189405795,34.6810443234156],[131.694819,34.620679],[131.718414,34.613403],[131.72761,34.576436],[131.70283,34.565066],[131.706733,34.532928],[131.667956,34.504135],[131.69912,34.477027],[131.697425,34.435308],[131.79382,34.436213],[131.763457,34.380936],[131.774607,34.33752],[131.797504,34.317756],[131.820101,34.302555],[131.869576,34.30497],[131.919261,34.338141],[131.959248,34.306459],[131.974133,34.341369],[132.013467,34.371327],[131.989853,34.413424],[131.997518,34.427911],[132.025068,34.462383],[132.068585,34.467671],[132.059743,34.49227],[132.036529,34.501944],[132.052379,34.530276],[132.083951,34.53753],[132.125528,34.583151],[132.116348,34.612463],[132.161934,34.683141],[132.130769,34.708026],[132.222384,34.749539],[132.241987,34.806351],[132.278103,34.798982],[132.297868,34.77656],[132.31831,34.801609],[132.334483,34.790003],[132.374315,34.800986],[132.396681,34.779423],[132.436666,34.820962],[132.454259,34.800698],[132.53806,34.794992],[132.614705,34.843046],[132.662122,34.832099],[132.680381,34.851732],[132.698657,34.842947],[132.710846,34.852269],[132.701047,34.881689],[132.634029,34.904804],[132.685202,34.950632],[132.749722,34.960259],[132.74513,34.976826],[132.836736,35.046966],[132.828102,35.062075],[132.872861,35.102204],[132.950241,35.075385],[132.990849,35.10132],[133.033106,35.068244],[133.096423,35.085424],[133.136419,35.07426]]],[[[133.066448,36.012002],[133.027045,36.032515],[132.999918,36.032283],[133.009525,36.001845],[133.038447,36.000785],[133.04165,36.013143],[133.061001,35.993915],[133.066448,36.012002]]],[[[133.230386,36.170144],[133.277859,36.169497],[133.279904,36.188153],[133.287553,36.17078],[133.341738,36.170265],[133.335582,36.197169],[133.306166,36.198902],[133.336128,36.201197],[133.337491,36.220631],[133.34519,36.224696],[133.339187,36.195872],[133.370213,36.205816],[133.38591,36.268318],[133.278953,36.348909],[133.263402,36.327889],[133.224597,36.328627],[133.232098,36.318094],[133.191175,36.290415],[133.215739,36.28993],[133.204458,36.27958],[133.179302,36.288044],[133.177241,36.250554],[133.192772,36.244843],[133.182253,36.212193],[133.244861,36.190159],[133.230386,36.170144]]],[[[133.0682440887097,36.03525625],[133.103907,36.050099],[133.096954,36.072254],[133.152655,36.074595],[133.118196,36.082084],[133.132519,36.111152],[133.098826,36.118581],[133.091262,36.096307],[133.082991,36.114289],[133.064327,36.101068],[133.080087,36.069046],[133.0682440887097,36.03525625]]],[[[132.945905,36.066916],[132.998504,36.038096],[132.976451,36.0838],[133.00568,36.105652],[133.007514,36.074196],[133.046284,36.060932],[133.057105,36.082974],[133.041197,36.109753],[133.070079,36.113421],[133.092948,36.139256],[133.068982,36.142733],[133.055425,36.126697],[133.014513,36.137616],[133.006659,36.107967],[132.977711,36.114707],[132.945905,36.066916]]]]}},{"type":"Feature","properties":{"adm0_a3":"JPN","shape_name":"Niigata","ihme_name":"Niigata"},"geometry":{"type":"MultiPolygon","coordinates":[[[[138.2777337,37.2118968],[138.2598014,37.2009529],[138.2848336,37.2046565],[138.2777337,37.2118968]]],[[[139.680815,37.846953],[139.638443,37.880025],[139.624791,37.918071],[139.642974,37.946677],[139.654659,38.035168],[139.69271,38.057031],[139.691787,38.075063],[139.671318,38.076877],[139.693878,38.115804],[139.682251,38.17179],[139.699174,38.203176],[139.786349,38.192247],[139.857929,38.22967],[139.899887,38.275809],[139.898924,38.293031],[139.848919,38.342851],[139.770706,38.352909],[139.732384,38.371604],[139.722619,38.393847],[139.709789,38.386769],[139.721749,38.49623],[139.599814,38.522064],[139.549343,38.553587],[139.457276,38.39754],[139.440249,38.246251],[139.450343,38.238474],[139.420318,38.186035],[139.429066,38.179954],[139.368946,38.100308],[139.277868,38.02348],[139.225002,38.000947],[139.245677,37.971643],[139.22198,37.970393],[139.228348,37.97561],[139.214809,37.993741],[139.22914,38.016216],[139.202126,37.982882],[139.069654,37.952933],[138.842846,37.817575],[138.800378,37.757041],[138.748322,37.606045],[138.7121064,37.5576669],[138.617378,37.484132],[138.591559,37.42491],[138.58593,37.44199],[138.586848,37.419416],[138.543492,37.368267],[138.436455,37.324723],[138.331777,37.236599],[138.2761003,37.1983215],[138.2521459,37.1909099],[138.2493925,37.1825163],[138.2566651,37.2083432],[138.233611,37.175037],[138.151057,37.161257],[138.09635,37.172956],[138.04756,37.127208],[137.997947,37.114586],[137.913871,37.061444],[137.63498198547947,36.979749090640965],[137.6665,36.95024],[137.711292,36.944089],[137.713512,36.891439],[137.734124,36.868833],[137.730076,36.826427],[137.762439,36.766156],[137.819977,36.798223],[137.876452,36.866208],[137.861547,36.891066],[137.867657,36.915747],[138.013732,36.904022],[138.03249,36.880969],[138.003456,36.826415],[138.054146,36.800078],[138.112388,36.849495],[138.168853,36.84504],[138.213782,36.871151],[138.254702,36.870022],[138.271832,36.842626],[138.287607,36.845707],[138.29632,36.910821],[138.343199,36.920798],[138.394675,36.997177],[138.523934,37.030423],[138.565882,37.02126],[138.586657,36.988246],[138.588758,36.913972],[138.693197,36.854817],[138.679581,36.821051],[138.695841,36.807941],[138.668986,36.778816],[138.695926,36.738513],[138.713069,36.739219],[138.727022,36.764169],[138.789414,36.744874],[138.826917,36.772292],[138.821738,36.817627],[138.856439,36.811644],[138.929061,36.832644],[138.916012,36.850839],[138.923142,36.8836],[138.979524,36.89178],[138.966547,36.979076],[139.047381,36.987294],[139.091123,37.019734],[139.097008,37.0586272],[139.170987,37.00198],[139.182722,36.961718],[139.228707,36.961199],[139.241612,36.94155],[139.255657,36.988749],[139.243358,37.015136],[139.260318,37.047691],[139.235126,37.110519],[139.253837,37.164973],[139.220656,37.209179],[139.196575,37.19403],[139.164748,37.237427],[139.212312,37.286241],[139.217859,37.334152],[139.233617,37.343603],[139.231492,37.387879],[139.197391,37.411096],[139.223576,37.449172],[139.362539,37.46997],[139.397501,37.459841],[139.411234,37.505165],[139.429201,37.514663],[139.457187,37.51787],[139.476103,37.502556],[139.585093,37.512899],[139.590535,37.528034],[139.565725,37.546112],[139.564974,37.597386],[139.548527,37.609638],[139.54928,37.64904],[139.62719,37.688286],[139.62405,37.710189],[139.657874,37.755009],[139.741491,37.817715],[139.714635,37.852924],[139.680815,37.846953]]],[[[138.401949,38.254577],[138.324342,38.19856],[138.290257,38.134253],[138.242499,38.08747],[138.238403,38.027769],[138.220399,38.014403],[138.234524,38.004262],[138.227082,37.979654],[138.249279,37.965229],[138.274516,38.002926],[138.298318,38.007357],[138.340152,37.979556],[138.342238,37.96176],[138.284616,37.919461],[138.289847,37.885461],[138.269201,37.847841],[138.205388,37.828492],[138.215849,37.810029],[138.253068,37.803239],[138.305374,37.827029],[138.344279,37.824953],[138.470464,37.89679],[138.50008,37.920302],[138.574568,38.062731],[138.563168,38.088069],[138.481355,38.062083],[138.434179,38.088407],[138.449707,38.145847],[138.492798,38.203615],[138.514962,38.332055],[138.458194,38.321834],[138.435233,38.260177],[138.401949,38.254577]]],[[[139.21885,38.447693],[139.222795,38.435976],[139.24515,38.450401],[139.264227,38.488926],[139.21885,38.447693]]]]}},{"type":"Feature","properties":{"adm0_a3":"JPN","shape_name":"Nagano","ihme_name":"Nagano"},"geometry":{"type":"Polygon","coordinates":[[[137.556987,35.309875],[137.570752,35.282727],[137.546005,35.251681],[137.578726,35.219435],[137.578737,35.198428],[137.644579,35.208991],[137.681537,35.235235],[137.79532,35.204069],[137.873548,35.219479],[137.895509,35.258006],[137.918407,35.254254],[137.929252,35.27547],[138.019723,35.301496],[138.061209,35.347146],[138.095989,35.339642],[138.096899,35.354226],[138.141298,35.369629],[138.153129,35.397236],[138.120352,35.4301],[138.119784,35.453394],[138.156912,35.459981],[138.164661,35.493717],[138.139518,35.501178],[138.159434,35.544959],[138.141392,35.555076],[138.162049,35.581295],[138.189489,35.576781],[138.218669,35.644549],[138.180103,35.714365],[138.236899,35.757987],[138.185586,35.795533],[138.238667,35.88289],[138.283639,35.859316],[138.370458,35.971381],[138.444676,35.950213],[138.44437,35.917807],[138.4716,35.896197],[138.49013,35.896375],[138.510569,35.922339],[138.591015,35.919769],[138.612254,35.909154],[138.610871,35.873611],[138.676174,35.869802],[138.685844,35.893866],[138.729009,35.909221],[138.739252,35.939108],[138.712547,35.985333],[138.631962,36.027054],[138.644188,36.04969],[138.63053,36.091181],[138.645374,36.120197],[138.600764,36.135513],[138.577271,36.168074],[138.583386,36.178832],[138.609541,36.161413],[138.636339,36.172067],[138.622794,36.196928],[138.634657,36.213675],[138.611759,36.229503],[138.600332,36.2784],[138.653527,36.303115],[138.647831,36.409282],[138.592392,36.424392],[138.538922,36.402503],[138.491818,36.413076],[138.488953,36.400934],[138.401228,36.434211],[138.404074,36.521711],[138.428902,36.556451],[138.426313,36.593525],[138.458183,36.633699],[138.524072,36.650378],[138.534612,36.665639],[138.51433,36.690786],[138.543634,36.703835],[138.610856,36.706381],[138.695926,36.738513],[138.668986,36.778816],[138.695841,36.807941],[138.679581,36.821051],[138.693197,36.854817],[138.588758,36.913972],[138.586657,36.988246],[138.565882,37.02126],[138.51408,37.029687],[138.394675,36.997177],[138.343199,36.920798],[138.29632,36.910821],[138.287607,36.845707],[138.271832,36.842626],[138.254702,36.870022],[138.213782,36.871151],[138.168853,36.84504],[138.112388,36.849495],[138.054146,36.800078],[138.003456,36.826415],[138.03249,36.880969],[138.013732,36.904022],[137.867657,36.915747],[137.861547,36.891066],[137.876452,36.866208],[137.830444,36.807563],[137.751767,36.751109],[137.761858,36.666008],[137.74424,36.61751],[137.751031,36.5885],[137.687733,36.562076],[137.684593,36.537808],[137.710549,36.535743],[137.705436,36.517821],[137.668741,36.509462],[137.636541,36.428413],[137.608075,36.419417],[137.587343,36.389801],[137.587083,36.371965],[137.645419,36.341716],[137.653054,36.304675],[137.573055,36.218656],[137.595061,36.172049],[137.554719,36.1402],[137.554883,36.105533],[137.613948,36.076388],[137.594774,36.012916],[137.543456,35.982871],[137.476519,35.894169],[137.434898,35.905489],[137.380815,35.892423],[137.361126,35.846208],[137.336045,35.844218],[137.324992,35.816671],[137.338113,35.798041],[137.391792,35.798583],[137.393261,35.777727],[137.464751,35.756372],[137.497196,35.688482],[137.545447,35.651082],[137.513808,35.608023],[137.5376031,35.5844524],[137.571303,35.584161],[137.573946,35.544725],[137.631587,35.509914],[137.631749,35.470044],[137.593011,35.44703],[137.634917,35.401163],[137.575227,35.400009],[137.598543,35.379028],[137.603914,35.333234],[137.556987,35.309875]]]}},{"type":"Feature","properties":{"adm0_a3":"JPN","shape_name":"Aichi Prefecture","ihme_name":"Aichi"},"geometry":{"type":"MultiPolygon","coordinates":[[[[136.821675,35.017635],[136.800225,35.003611],[136.811991,34.996028],[136.821675,35.017635]]],[[[136.814685,35.049306],[136.810838,35.026719],[136.838965,35.030158],[136.830904,35.049392],[136.814685,35.049306]]],[[[136.838028,35.051751],[136.850258,35.040557],[136.85496,35.055256],[136.838028,35.051751]]],[[[136.865275,35.050029],[136.882309,35.070535],[136.8736833,35.0718401],[136.865275,35.050029]]],[[[137.308603,34.723148],[137.311844,34.69947],[137.341909,34.7204053],[137.329768,34.724624],[137.308603,34.723148]]],[[[137.047104,34.713512],[137.038991,34.73327],[137.030565,34.72779],[137.047104,34.713512]]],[[[137.322222,34.782779],[137.3131102,34.7957537],[137.3033426,34.7929413],[137.308671,34.778831],[137.322222,34.782779]]],[[[137.318671,34.732938],[137.3142506,34.7485477],[137.307936,34.734786],[137.318671,34.732938]]],[[[136.824148,34.852667],[136.798474,34.875612],[136.808273,34.839326],[136.824148,34.852667]]],[[[136.810948,34.954834],[136.825742,34.960465],[136.818709,34.964471],[136.810948,34.954834]]],[[[136.672778,35.134777],[136.750139,35.080248],[136.769685,35.022582],[136.7975463,35.0119683],[136.7783564,35.0378118],[136.8002642,35.0288037],[136.796919,35.0514846],[136.855505,35.056527],[136.867436,35.092934],[136.890242,35.087967],[136.879419,35.047198],[136.895942,35.043235],[136.894846,35.040204],[136.869114,35.041661],[136.852023,35.016372],[136.8728226,35.0126302],[136.847423,35.009416],[136.820507,34.96621],[136.830082,34.960964],[136.821961,34.883677],[136.839217,34.883578],[136.8665673,34.8392584],[136.840141,34.763881],[136.885727,34.722265],[136.9778466,34.7017449],[136.965099,34.733604],[136.914486,34.771739],[136.936604,34.8540573],[136.92768,34.864904],[136.9397216,34.8614151],[136.943911,34.881072],[136.963548,34.875441],[136.981009,34.956862],[136.983844,34.893259],[136.948837,34.826509],[136.9970107,34.8163683],[137.02637,34.777594],[137.169958,34.787515],[137.177623,34.765583],[137.191983,34.810658],[137.209765,34.802695],[137.21639,34.823011],[137.251567,34.805204],[137.3011703,34.8102492],[137.3367552,34.7803359],[137.32073,34.770503],[137.320366,34.732716],[137.353153,34.726503],[137.311602,34.696225],[137.312585,34.681535],[137.285477,34.678147],[137.3015,34.695632],[137.300904,34.7280685],[137.28489,34.730902],[137.261806,34.715839],[137.261931,34.695471],[137.245599,34.706072],[137.224265,34.67581],[137.130354,34.656199],[137.127598,34.653903],[137.134596,34.655682],[137.147533,34.651922],[137.130002,34.653944],[137.142217,34.644488],[137.119245,34.634064],[137.070743,34.661603],[137.015504,34.581219],[137.036764,34.577839],[137.141589,34.589673],[137.48498063231418,34.67385471222454],[137.49179,34.70246],[137.474107,34.749941],[137.492942,34.786866],[137.487014,34.811749],[137.502674,34.833496],[137.587252,34.849576],[137.597451,34.872447],[137.641252,34.893083],[137.658133,34.942997],[137.707121,34.971947],[137.701029,35.003488],[137.717138,35.035045],[137.801179,35.105955],[137.792841,35.134764],[137.829129,35.152261],[137.803234,35.183519],[137.838115,35.212467],[137.773949,35.203251],[137.759567,35.222102],[137.681537,35.235235],[137.644579,35.208991],[137.578737,35.198428],[137.578726,35.219435],[137.546005,35.251681],[137.566991,35.28993],[137.518935,35.283327],[137.429814,35.222881],[137.417078,35.240323],[137.387023,35.240884],[137.38318,35.260209],[137.344099,35.257858],[137.34463,35.273718],[137.308081,35.291156],[137.186501,35.25307],[137.165227,35.283415],[137.102334,35.301647],[137.081311,35.292191],[137.068218,35.335682],[137.047185,35.336778],[137.046952,35.366131],[136.978264,35.403176],[136.986424,35.424605],[136.922074,35.379179],[136.834039,35.355945],[136.761874,35.361116],[136.678117,35.242213],[136.672778,35.134777]]]]}},{"type":"Feature","properties":{"adm0_a3":"JPN","shape_name":"Yamanashi","ihme_name":"Yamanashi"},"geometry":{"type":"Polygon","coordinates":[[[138.943931,35.854819],[138.89222,35.839779],[138.855898,35.865094],[138.813602,35.862368],[138.779348,35.899909],[138.729009,35.909221],[138.685844,35.893866],[138.676174,35.869802],[138.610871,35.873611],[138.612254,35.909154],[138.591015,35.919769],[138.510569,35.922339],[138.49013,35.896375],[138.4716,35.896197],[138.44437,35.917807],[138.450561,35.945412],[138.381432,35.971421],[138.283639,35.859316],[138.238667,35.88289],[138.185172,35.79108],[138.236899,35.757987],[138.180103,35.714365],[138.193339,35.672153],[138.232314,35.640097],[138.240473,35.576156],[138.268996,35.514234],[138.244003,35.458609],[138.258116,35.407425],[138.232016,35.371225],[138.251255,35.363529],[138.254519,35.320419],[138.284174,35.304347],[138.325843,35.327612],[138.358604,35.317479],[138.398697,35.20027],[138.491492,35.168384],[138.533136,35.200688],[138.512123,35.313721],[138.535086,35.330565],[138.531766,35.409333],[138.558919,35.434169],[138.5818878,35.4457283],[138.609136,35.393176],[138.663599,35.398227],[138.680536,35.357678],[138.821749,35.374088],[138.851207,35.390541],[138.8742602,35.3792214],[138.916402,35.400614],[138.937369,35.448867],[139.027548,35.480968],[139.046113,35.509736],[139.085788,35.512086],[139.129853,35.566374],[139.121436,35.586988],[139.134411,35.61651],[139.117166,35.654538],[139.1313389,35.6719948],[139.024846,35.719701],[138.984394,35.767765],[138.969763,35.831226],[138.943931,35.854819]]]}},{"type":"Feature","properties":{"adm0_a3":"JPN","shape_name":"Miyagi","ihme_name":"Miyagi"},"geometry":{"type":"MultiPolygon","coordinates":[[[[141.517519,38.465655],[141.525942,38.437104],[141.534574,38.443911],[141.517519,38.465655]]],[[[141.601724,38.873672],[141.624239,38.830229],[141.637236,38.83957],[141.622324,38.851964],[141.634612,38.873995],[141.624402,38.885599],[141.601724,38.873672]]],[[[141.459877,38.283052],[141.479083,38.249888],[141.501823,38.245978],[141.475061,38.282053],[141.459877,38.283052]]],[[[141.547936,38.303091],[141.572388,38.270082],[141.586258,38.277449],[141.589786,38.301995],[141.568635,38.31385],[141.547936,38.303091]]],[[[141.429621,38.292346],[141.409055,38.305074],[141.40839,38.284879],[141.429621,38.292346]]],[[[141.116225,38.331967],[141.131411,38.335877],[141.129691,38.348968],[141.116225,38.331967]]],[[[141.141684,38.334099],[141.182676,38.321572],[141.168976,38.350067],[141.162522,38.340356],[141.146824,38.356932],[141.148002,38.338588],[141.131315,38.338457],[141.13744,38.32161],[141.141684,38.334099]]],[[[140.930989,37.896172],[140.914895,37.976382],[140.931713,38.10245],[140.991336,38.224774],[141.023259,38.264243],[141.0469101,38.2646405],[140.998859,38.273052],[141.0416216,38.2699554],[141.087992,38.295676],[141.076364,38.319602],[141.036222,38.306567],[141.045513,38.318681],[141.024505,38.319846],[141.0539412,38.3306082],[141.037623,38.343525],[141.066065,38.351201],[141.074275,38.377819],[141.105337,38.367915],[141.116402,38.376349],[141.107199,38.386093],[141.158594,38.353559],[141.172857,38.375944],[141.273188,38.419981],[141.286315,38.403302],[141.362472,38.412255],[141.372578,38.383163],[141.429951,38.399598],[141.431852,38.373508],[141.458859,38.372837],[141.415916,38.346089],[141.462375,38.351434],[141.474154,38.32925],[141.449262,38.315363],[141.467093,38.305896],[141.471016,38.307772],[141.468291,38.315089],[141.471927,38.320055],[141.524968,38.272558],[141.541262,38.309224],[141.524879,38.325536],[141.534379,38.339987],[141.514791,38.370954],[141.4814289,38.3757673],[141.511693,38.391404],[141.53103,38.381396],[141.538824,38.400833],[141.513789,38.39284],[141.501728,38.415816],[141.469508,38.394414],[141.474463,38.421455],[141.4473811,38.4438604],[141.494442,38.436951],[141.512634,38.450215],[141.476378,38.463693],[141.498544,38.478126],[141.497129,38.495256],[141.469456,38.521124],[141.5135996,38.5130703],[141.514943,38.492932],[141.537342,38.489983],[141.546331,38.524276],[141.532366,38.548899],[141.494495,38.532632],[141.487945,38.554079],[141.4601004,38.5623946],[141.468919,38.54611],[141.453807,38.543359],[141.464207,38.581392],[141.524219,38.609179],[141.530332,38.637129],[141.442664,38.643474],[141.443465,38.673387],[141.494265,38.673947],[141.489741,38.68977],[141.513968,38.687041],[141.528982,38.717699],[141.561742,38.69148],[141.565224,38.739616],[141.535207,38.739659],[141.515673,38.770351],[141.52269,38.790143],[141.603689,38.827851],[141.583037,38.84862],[141.593638,38.889723],[141.5750548,38.9061631],[141.607412,38.879648],[141.630893,38.89081],[141.6234549,38.8998124],[141.63839,38.902232],[141.636834,38.885004],[141.674458,38.857432],[141.667826,38.892788],[141.634358,38.930152],[141.648483,38.942249],[141.631904,38.970708],[141.567087,38.995978],[141.490413,38.997961],[141.491817,38.912831],[141.450808,38.875814],[141.466068,38.856269],[141.449789,38.837407],[141.458626,38.813977],[141.429333,38.810563],[141.437885,38.782256],[141.409835,38.767839],[141.414818,38.786219],[141.393767,38.799856],[141.309254,38.822245],[141.304507,38.793476],[141.272441,38.79698],[141.25753,38.761674],[141.232549,38.747651],[141.180932,38.784539],[141.1462,38.784437],[141.142359,38.812136],[141.104778,38.822854],[141.104788,38.83736],[141.146746,38.85628],[141.139795,38.877518],[141.0204534,38.886409],[140.9895674,38.874329],[140.957833,38.908142],[140.881504,38.927914],[140.824429,38.964092],[140.745225,38.956382],[140.639131,38.883236],[140.613565,38.893921],[140.561961,38.873021],[140.547126,38.889144],[140.540022,38.861899],[140.590703,38.836052],[140.6035,38.783713],[140.646436,38.769525],[140.607013,38.721321],[140.624397,38.687179],[140.601993,38.640612],[140.546629,38.649711],[140.537373,38.635391],[140.57844,38.570093],[140.554058,38.540766],[140.571928,38.525646],[140.567381,38.50131],[140.604202,38.48229],[140.619933,38.454846],[140.580365,38.437276],[140.578189,38.392787],[140.526286,38.357532],[140.529715,38.320704],[140.504315,38.314333],[140.496922,38.283149],[140.471154,38.269367],[140.479997,38.181571],[140.425133,38.121912],[140.417649,38.080339],[140.373633,38.057012],[140.277562,38.056716],[140.289592,38.007209],[140.274867,37.982029],[140.348568,37.95016],[140.384467,37.95222],[140.407428,37.973676],[140.474854,37.946786],[140.469506,37.917872],[140.488832,37.899474],[140.558919,37.909942],[140.566352,37.922795],[140.690051,37.888218],[140.685358,37.815561],[140.726941,37.781483],[140.797878,37.774811],[140.764408,37.796901],[140.775023,37.806362],[140.851684,37.795313],[140.856218,37.890906],[140.900186,37.904336],[140.930989,37.896172]]]]}},{"type":"Feature","properties":{"adm0_a3":"JPN","shape_name":"Yamagata","ihme_name":"Yamagata"},"geometry":{"type":"MultiPolygon","coordinates":[[[[140.262095,37.834419],[140.289592,38.007209],[140.277562,38.056716],[140.373633,38.057012],[140.417649,38.080339],[140.425133,38.121912],[140.479997,38.181571],[140.471154,38.269367],[140.496922,38.283149],[140.504315,38.314333],[140.529715,38.320704],[140.526286,38.357532],[140.578189,38.392787],[140.580365,38.437276],[140.619933,38.454846],[140.604202,38.48229],[140.567381,38.50131],[140.571928,38.525646],[140.554058,38.540766],[140.57844,38.570093],[140.537373,38.635391],[140.546629,38.649711],[140.601993,38.640612],[140.624397,38.687179],[140.607013,38.721321],[140.646436,38.769525],[140.6035,38.783713],[140.590703,38.836052],[140.540022,38.861899],[140.53822,38.900197],[140.500097,38.89486],[140.4621,38.919439],[140.446279,38.9796],[140.376205,38.994466],[140.36219,39.025963],[140.3290831,39.0348093],[140.3107031,39.0135963],[140.2605461,39.0352423],[140.2006411,39.0355793],[140.1980891,39.0612633],[140.1518461,39.0484023],[140.114479,39.07837],[140.062714,39.092553],[140.062423,39.133505],[140.007751,39.123046],[139.994431,39.105522],[139.869575,39.118264],[139.869306,39.058405],[139.818865,38.960539],[139.835721,38.955948],[139.81229,38.950902],[139.8051418,38.930653],[139.8230412,38.9228106],[139.831957,38.909517],[139.809594,38.925013],[139.746567,38.774995],[139.62709,38.687483],[139.539074,38.55819],[139.599814,38.522064],[139.721749,38.49623],[139.709789,38.386769],[139.722619,38.393847],[139.732384,38.371604],[139.770706,38.352909],[139.848919,38.342851],[139.899799,38.287287],[139.857929,38.22967],[139.786349,38.192247],[139.699174,38.203176],[139.682251,38.17179],[139.693878,38.115804],[139.671318,38.076877],[139.691787,38.075063],[139.69271,38.057031],[139.654659,38.035168],[139.629303,37.89366],[139.680815,37.846953],[139.715622,37.854161],[139.741292,37.820295],[139.782939,37.831971],[139.810014,37.803239],[139.857701,37.826541],[139.886603,37.809159],[139.937015,37.828298],[139.992552,37.758702],[140.051409,37.779336],[140.115353,37.734358],[140.166395,37.757294],[140.235488,37.745889],[140.29878,37.807811],[140.262095,37.834419]]],[[[139.545272,39.182533],[139.564529,39.196603],[139.550603,39.208534],[139.539149,39.19551],[139.545272,39.182533]]]]}},{"type":"Feature","properties":{"adm0_a3":"JPN","shape_name":"Akita","ihme_name":"Akita"},"geometry":{"type":"Polygon","coordinates":[[[139.936302,40.428206],[140.010762,40.374574],[140.026141,40.343286],[139.99942,40.220254],[140.025444,40.216783],[140.002847,40.217056],[140.00536,40.211321],[139.999559,40.195603],[140.002503,40.211849],[139.986318,40.201344],[139.990836,40.171345],[139.949059,40.078869],[139.888992,40.003169],[139.818289,39.960113],[139.723692,39.981581],[139.700965,40.00739],[139.692871,39.995348],[139.701345,39.961227],[139.720985,39.954695],[139.701731,39.942314],[139.705673,39.927991],[139.734948,39.90529],[139.75503,39.856842],[139.861294,39.86632],[139.846928,39.87839],[139.858691,39.895684],[139.923985,39.899792],[140.001734,39.851466],[140.035191,39.801816],[140.038079,39.764757],[140.050183,39.770507],[140.038674,39.759423],[140.05852,39.725613],[140.061962,39.620348],[140.024194,39.414776],[139.971877,39.300959],[139.915412,39.274916],[139.892435,39.209213],[139.904285,39.178224],[139.869575,39.118264],[139.994431,39.105522],[140.007751,39.123046],[140.062423,39.133505],[140.062714,39.092553],[140.114479,39.07837],[140.1518461,39.0484023],[140.1980891,39.0612633],[140.2006411,39.0355793],[140.2267161,39.0272163],[140.2605461,39.0352423],[140.3107031,39.0135963],[140.3290831,39.0348093],[140.36219,39.025963],[140.376205,38.994466],[140.431838,38.99191],[140.451065,38.972154],[140.4621,38.919439],[140.500097,38.89486],[140.53822,38.900197],[140.561961,38.873021],[140.613565,38.893921],[140.654051,38.889022],[140.732066,38.949276],[140.773564,38.958095],[140.764008,39.000202],[140.810226,39.057419],[140.802363,39.077905],[140.752677,39.086206],[140.755932,39.118312],[140.769958,39.124175],[140.748919,39.138132],[140.774109,39.167863],[140.807696,39.178211],[140.764827,39.197771],[140.788641,39.238439],[140.717809,39.272619],[140.717308,39.296518],[140.693566,39.299602],[140.708183,39.334469],[140.675621,39.368351],[140.678955,39.383191],[140.653107,39.391007],[140.658363,39.415104],[140.684991,39.42451],[140.681884,39.457232],[140.724388,39.480543],[140.713558,39.498862],[140.741343,39.536194],[140.729603,39.565137],[140.797525,39.604098],[140.822289,39.649962],[140.822561,39.688184],[140.774807,39.734561],[140.803712,39.74476],[140.848256,39.79326],[140.786635,39.823407],[140.782223,39.867857],[140.825805,39.886246],[140.852912,39.865796],[140.878129,39.874604],[140.845302,39.974967],[140.855851,40.015714],[140.844468,40.074599],[140.881017,40.113734],[140.866979,40.132376],[140.883597,40.157325],[140.859181,40.171433],[140.892684,40.192466],[140.905151,40.221927],[140.940951,40.226906],[140.955065,40.247636],[140.945702,40.258082],[140.957505,40.282433],[140.943966,40.296266],[140.962074,40.347141],[140.995425,40.353372],[140.985147,40.427224],[140.892144,40.423249],[140.871458,40.435988],[140.878333,40.511036],[140.820019,40.495336],[140.803642,40.448652],[140.76904,40.453828],[140.733884,40.439511],[140.733563,40.415809],[140.699221,40.429422],[140.652642,40.403354],[140.589723,40.436118],[140.55336,40.420569],[140.567062,40.398646],[140.540512,40.402707],[140.523599,40.410565],[140.529646,40.430541],[140.464375,40.456453],[140.440114,40.450002],[140.43573,40.479977],[140.387702,40.487107],[140.347802,40.467553],[140.335209,40.439389],[140.111616,40.435421],[140.068143,40.468864],[140.022716,40.451273],[140.019437,40.419846],[139.995048,40.435051],[139.936302,40.428206]]]}},{"type":"Feature","properties":{"adm0_a3":"JPN","shape_name":"Iwate","ihme_name":"Iwate"},"geometry":{"type":"Polygon","coordinates":[[[140.955065,40.247636],[140.940951,40.226906],[140.905151,40.221927],[140.892684,40.192466],[140.859181,40.171433],[140.883597,40.157325],[140.866979,40.132376],[140.881017,40.113734],[140.844468,40.074599],[140.855851,40.015714],[140.845302,39.974967],[140.878129,39.874604],[140.852912,39.865796],[140.825805,39.886246],[140.782223,39.867857],[140.786635,39.823407],[140.848256,39.79326],[140.803712,39.74476],[140.774807,39.734561],[140.822561,39.688184],[140.822289,39.649962],[140.797525,39.604098],[140.729603,39.565137],[140.741343,39.536194],[140.713558,39.498862],[140.724388,39.480543],[140.681884,39.457232],[140.684991,39.42451],[140.658363,39.415104],[140.653107,39.391007],[140.678955,39.383191],[140.675621,39.368351],[140.708183,39.334469],[140.693566,39.299602],[140.717308,39.296518],[140.717809,39.272619],[140.788641,39.238439],[140.764827,39.197771],[140.808173,39.180427],[140.748919,39.138132],[140.769958,39.124175],[140.755932,39.118312],[140.752677,39.086206],[140.802363,39.077905],[140.810226,39.057419],[140.764548,38.985398],[140.773564,38.958095],[140.824429,38.964092],[140.881504,38.927914],[140.957833,38.908142],[140.9895674,38.874329],[141.0204534,38.886409],[141.139795,38.877518],[141.146746,38.85628],[141.104788,38.83736],[141.104778,38.822854],[141.123833,38.825359],[141.142359,38.812136],[141.13864,38.79064],[141.195561,38.776825],[141.215839,38.748471],[141.25753,38.761674],[141.272441,38.79698],[141.304507,38.793476],[141.317059,38.823195],[141.334256,38.806986],[141.393767,38.799856],[141.414818,38.786219],[141.413976,38.768056],[141.439629,38.786119],[141.429333,38.810563],[141.458626,38.813977],[141.449789,38.837407],[141.466068,38.856269],[141.450808,38.875814],[141.491817,38.912831],[141.490413,38.997961],[141.567087,38.995978],[141.628015,38.970432],[141.6233182,39.0033861],[141.671214,39.004599],[141.681318,38.998344],[141.668415,38.974718],[141.704996,38.938279],[141.728488,38.952483],[141.696527,38.969757],[141.717594,38.981905],[141.710694,38.996187],[141.744296,38.990371],[141.732346,39.017843],[141.709701,39.023855],[141.722113,39.065684],[141.739992,39.05858],[141.732948,39.019623],[141.758954,39.017689],[141.796374,39.043389],[141.799267,39.024252],[141.847268,39.02619],[141.814142,39.057629],[141.875868,39.06471],[141.823367,39.075166],[141.811246,39.111876],[141.860809,39.103797],[141.880632,39.083893],[141.921288,39.104159],[141.900517,39.120049],[141.874234,39.115348],[141.872701,39.130576],[141.837328,39.146802],[141.921926,39.177874],[141.867262,39.191523],[141.8669016,39.206442],[141.890128,39.197611],[141.887412,39.208877],[141.924382,39.222437],[141.94751,39.216739],[141.957319,39.222659],[141.944471,39.241798],[141.97102,39.247649],[141.8909215,39.2467589],[141.903122,39.256607],[141.8891574,39.2737801],[141.929605,39.270767],[141.890533,39.307729],[141.970867,39.31315],[141.997049,39.350733],[141.915258,39.323891],[141.898935,39.337363],[141.91539,39.345722],[141.908228,39.35582],[141.95747,39.355914],[141.966649,39.37773],[141.949217,39.370792],[141.938171,39.385226],[141.974562,39.426646],[141.98303,39.408247],[142.005293,39.410451],[142.010531,39.426303],[142.028318,39.415565],[142.044276,39.425272],[142.037987,39.445634],[142.061473,39.471367],[142.051585,39.484554],[141.979701,39.439156],[141.954544,39.47219],[142.010972,39.476642],[142.033453,39.529279],[142.058473,39.522393],[142.051916,39.532331],[142.072492,39.546769],[142.057467,39.574247],[142.027427,39.575041],[142.024771,39.65648],[141.945973,39.586669],[141.969427,39.646465],[141.985584,39.650539],[141.969834,39.652869],[141.986331,39.685266],[141.96708,39.69078],[141.987875,39.723443],[141.971977,39.73186],[142.004017,39.7517],[141.98852,39.758007],[142.004314,39.775842],[141.983645,39.788618],[141.991283,39.820304],[141.976744,39.872213],[141.939956,39.91908],[141.943242,39.94342],[141.961866,39.94587],[141.955963,39.983723],[141.833385,40.074532],[141.829197,40.114076],[141.876825,40.143982],[141.852661,40.16958],[141.79404,40.190607],[141.812699,40.189199],[141.801853,40.209292],[141.833665,40.22009],[141.820336,40.262714],[141.769162,40.349424],[141.682681,40.450301],[141.586916,40.406967],[141.585603,40.378347],[141.537195,40.347392],[141.479977,40.376366],[141.441714,40.376063],[141.40712,40.357132],[141.397247,40.367256],[141.381568,40.342147],[141.350989,40.33108],[141.315996,40.372629],[141.218478,40.315229],[141.099841,40.280965],[141.104162,40.25582],[141.022362,40.220275],[140.979478,40.219752],[140.955065,40.247636]]]}},{"type":"Feature","properties":{"adm0_a3":"JPN","shape_name":"Toyama","ihme_name":"Toyama"},"geometry":{"type":"Polygon","coordinates":[[[137.587343,36.389801],[137.608075,36.419417],[137.636541,36.428413],[137.668741,36.509462],[137.705436,36.517821],[137.710549,36.535743],[137.684593,36.537808],[137.687733,36.562076],[137.752932,36.594768],[137.762075,36.770426],[137.730076,36.826427],[137.734124,36.868833],[137.713512,36.891439],[137.711292,36.944089],[137.6665,36.95024],[137.63498198547947,36.979749090640965],[137.49096,36.954118],[137.422294,36.919698],[137.390186,36.804273],[137.332053,36.761804],[137.229212,36.766683],[137.224247,36.751188],[137.2258775,36.7656801],[137.182422,36.757226],[137.121837,36.779502],[137.1183442,36.7664441],[137.1421193,36.7605307],[137.1361326,36.7525194],[137.0925735,36.7698303],[137.1134915,36.7812542],[137.070196,36.7917],[136.995159,36.848106],[136.985308,36.877425],[137.032715,36.923621],[137.026869,36.93955],[137.051731,36.959156],[137.037666,36.96712],[136.986944,36.967298],[136.973742,36.944313],[136.930949,36.950604],[136.878971,36.906272],[136.883027,36.876826],[136.862384,36.860328],[136.848018,36.809731],[136.84916,36.759236],[136.789211,36.719028],[136.815577,36.700508],[136.823831,36.670173],[136.783145,36.616833],[136.791004,36.569623],[136.81723,36.552387],[136.795103,36.510809],[136.796722,36.444689],[136.768648,36.428768],[136.808187,36.358689],[136.784656,36.343788],[136.792284,36.299212],[136.832365,36.306812],[136.837149,36.347216],[136.865097,36.349661],[136.871218,36.36755],[136.874754,36.342794],[136.907471,36.360842],[136.954894,36.339351],[136.973286,36.309853],[136.957732,36.277937],[136.975303,36.274365],[137.012593,36.293101],[137.019738,36.318282],[137.051512,36.328134],[137.059359,36.373419],[137.094879,36.383967],[137.091941,36.396541],[137.160705,36.456635],[137.191672,36.455214],[137.205626,36.427605],[137.247608,36.461965],[137.256375,36.451142],[137.308515,36.463776],[137.317785,36.451183],[137.305003,36.435836],[137.318617,36.424442],[137.389932,36.459923],[137.40972,36.424682],[137.460708,36.412227],[137.504235,36.425711],[137.540899,36.391443],[137.587343,36.389801]]]}},{"type":"Feature","properties":{"adm0_a3":"JPN","shape_name":"Shizuoka","ihme_name":"Shizuoka"},"geometry":{"type":"Polygon","coordinates":[[[138.916402,35.400614],[138.8742602,35.3792214],[138.851207,35.390541],[138.821749,35.374088],[138.680536,35.357678],[138.663599,35.398227],[138.609136,35.393176],[138.5818878,35.4457283],[138.531766,35.409333],[138.535086,35.330565],[138.512123,35.313721],[138.533136,35.200688],[138.491492,35.168384],[138.430942,35.180387],[138.3945,35.20703],[138.358604,35.317479],[138.325843,35.327612],[138.284174,35.304347],[138.248737,35.331602],[138.251255,35.363529],[138.232016,35.371225],[138.258116,35.407425],[138.244003,35.458609],[138.268996,35.514234],[138.240473,35.576156],[138.232314,35.640097],[138.218669,35.644549],[138.189489,35.576781],[138.162049,35.581295],[138.141392,35.555076],[138.159434,35.544959],[138.139518,35.501178],[138.164661,35.493717],[138.156912,35.459981],[138.119784,35.453394],[138.120352,35.4301],[138.153129,35.397236],[138.141298,35.369629],[138.096899,35.354226],[138.095989,35.339642],[138.061209,35.347146],[138.019723,35.301496],[137.929252,35.27547],[137.918407,35.254254],[137.88402,35.249944],[137.873548,35.219479],[137.827786,35.211324],[137.803234,35.183519],[137.829129,35.152261],[137.792841,35.134764],[137.801179,35.105955],[137.717138,35.035045],[137.701029,35.003488],[137.707121,34.971947],[137.658133,34.942997],[137.641252,34.893083],[137.597451,34.872447],[137.587252,34.849576],[137.502674,34.833496],[137.487014,34.811749],[137.492942,34.786866],[137.474107,34.749941],[137.49179,34.70246],[137.48498063231418,34.67385471222454],[137.644489,34.674505],[137.796058,34.644727],[137.97295,34.665332],[138.226739,34.594657],[138.234427,34.605728],[138.194846,34.636068],[138.197245,34.669113],[138.227207,34.727446],[138.3056166,34.7775245],[138.2949307,34.776237],[138.2887232,34.7812199],[138.3017873,34.7788501],[138.337694,34.829142],[138.3244145,34.8726087],[138.3338278,34.8678839],[138.3554043,34.9134839],[138.519179,34.986927],[138.5334977,35.0148706],[138.50416,35.015425],[138.511541,34.994589],[138.503445,34.985727],[138.49109,35.029798],[138.5237066,35.0426456],[138.5567507,35.1016287],[138.640633,35.114735],[138.697742,35.134426],[138.684942,35.144093],[138.694796,35.144724],[138.818435,35.111711],[138.8860331,35.0461778],[138.9073054,35.0484867],[138.8913686,35.0170166],[138.7874161,35.0303181],[138.779004,35.01685],[138.777188,34.970987],[138.762228,34.972385],[138.789829,34.909368],[138.756295,34.885365],[138.752864,34.868358],[138.775884,34.853559],[138.759819,34.842853],[138.769148,34.822996],[138.751161,34.820701],[138.776939,34.759929],[138.739296,34.726623],[138.739074,34.690174],[138.789572,34.669268],[138.77654,34.640029],[138.843433,34.600842],[138.891453,34.634527],[138.904908,34.62905],[138.948199,34.673805],[138.963762,34.673091],[138.95669,34.654269],[138.986876,34.657417],[138.97414,34.695782],[138.9975338,34.7420943],[139.048349,34.768175],[139.082968,34.853784],[139.140762,34.890882],[139.131798,34.898444],[139.148721,34.936108],[139.146757,34.955157],[139.0940173,34.9778346],[139.082933,35.000964],[139.100118,35.009211],[139.10048,35.044915],[139.069223,35.054187],[139.0747048,35.0935319],[139.11184979287444,35.141273076892766],[139.029146,35.150091],[139.026408,35.175617],[138.987639,35.200954],[138.976074,35.235553],[138.975471,35.263753],[139.01901,35.329307],[139.001418,35.399749],[138.916402,35.400614]]]}},{"type":"Feature","properties":{"adm0_a3":"JPN","shape_name":"Ishikawa Prefecture","ihme_name":"Ishikawa"},"geometry":{"type":"MultiPolygon","coordinates":[[[[136.754282,36.086291],[136.779988,36.134193],[136.766446,36.162556],[136.798404,36.172565],[136.851821,36.247103],[136.795458,36.292496],[136.784656,36.343788],[136.808187,36.358689],[136.79514,36.401265],[136.768379,36.42341],[136.796722,36.444689],[136.795103,36.510809],[136.81723,36.552387],[136.791004,36.569623],[136.783145,36.616833],[136.822566,36.680998],[136.789211,36.719028],[136.84916,36.759236],[136.848805,36.81316],[136.895577,36.924721],[136.947963,36.955365],[136.973742,36.944313],[136.986944,36.967298],[137.056635,36.967902],[137.045577,37.037715],[137.058101,37.107837],[137.021389,37.101008],[137.005041,37.056944],[136.9725163,37.0469857],[136.934522,37.087148],[136.9074802,37.0893615],[136.888171,37.068264],[136.8591025,37.0762591],[136.871987,37.087775],[136.859322,37.105799],[136.892877,37.110753],[136.9006687,37.1357348],[136.8733174,37.1456893],[136.906544,37.203266],[136.929672,37.205269],[136.906434,37.218358],[136.932139,37.220555],[136.924433,37.233894],[136.943209,37.224349],[136.962137,37.236479],[136.946023,37.216318],[137.010842,37.183223],[137.033755,37.195558],[137.025579,37.204711],[137.069471,37.217876],[137.098512,37.278731],[137.154654,37.295184],[137.150659,37.306554],[137.234157,37.294644],[137.230429,37.311949],[137.246309,37.307082],[137.267576,37.336309],[137.252507,37.340334],[137.266742,37.357333],[137.248912,37.354169],[137.237406,37.380749],[137.253332,37.428108],[137.360429,37.450475],[137.339416,37.48507],[137.346074,37.515358],[137.32779,37.529301],[137.275297,37.533427],[137.144454,37.499001],[137.029481,37.43279],[136.92395,37.394892],[136.898814,37.407561],[136.843121,37.400654],[136.737191,37.347753],[136.721206,37.320425],[136.733874,37.279501],[136.679682,37.206971],[136.669561,37.150011],[136.684805,37.135731],[136.703212,37.150061],[136.727328,37.135333],[136.719084,37.059319],[136.746377,37.030373],[136.742947,37.012262],[136.76987,36.99703],[136.748759,36.92887],[136.767487,36.904282],[136.74392,36.82775],[136.649666,36.673834],[136.526256,36.533931],[136.40356,36.40853],[136.344711,36.364528],[136.299448,36.352412],[136.2440524088097,36.29527537129256],[136.26681,36.265102],[136.301202,36.258218],[136.332281,36.229781],[136.335664,36.184871],[136.358042,36.165101],[136.409304,36.172227],[136.456637,36.136267],[136.488043,36.159142],[136.510714,36.146125],[136.559794,36.153158],[136.651342,36.092233],[136.662288,36.067629],[136.754282,36.086291]]],[[[136.977044,37.139987],[136.923341,37.130333],[136.924114,37.147057],[136.901575,37.152163],[136.945797,37.091029],[136.995461,37.118438],[137.041101,37.11714],[137.054266,37.148768],[137.037226,37.168101],[137.004937,37.13526],[136.967478,37.155293],[136.977044,37.139987]]]]}},{"type":"Feature","properties":{"adm0_a3":"JPN","shape_name":"Okayama Prefecture","ihme_name":"Okayama"},"geometry":{"type":"MultiPolygon","coordinates":[[[[133.573373,34.35957],[133.580777,34.351005],[133.591089,34.361728],[133.573373,34.35957]]],[[[133.5209333,34.3909801],[133.558867,34.367135],[133.544825,34.380079],[133.557726,34.396133],[133.5209333,34.3909801]]],[[[133.51461,34.390514],[133.525833,34.399237],[133.52679,34.416084],[133.504895,34.406968],[133.51461,34.390514]]],[[[134.27657,34.721584],[134.305725,34.715294],[134.316389,34.702891],[134.347161,34.709221],[134.296974,34.730343],[134.27657,34.721584]]],[[[134.17751,34.608806],[134.164251,34.604018],[134.201864,34.615859],[134.17751,34.608806]]],[[[134.250814,34.692346],[134.263631,34.706445],[134.250302,34.705686],[134.250814,34.692346]]],[[[134.244268,34.678876],[134.226294,34.671351],[134.218365,34.674384],[134.224956,34.667813],[134.244268,34.678876]]],[[[134.247308,34.679862],[134.261825,34.674779],[134.273619,34.681649],[134.25591,34.687972],[134.247308,34.679862]]],[[[133.776957,34.42178],[133.762706,34.431557],[133.759882,34.431142],[133.776957,34.42178]]],[[[133.704019,34.477888],[133.73007,34.483759],[133.704305,34.487814],[133.704019,34.477888]]],[[[133.684552,34.504266],[133.668839,34.490634],[133.683672,34.49048],[133.684552,34.504266]]],[[[133.51199,34.435225],[133.505678,34.424153],[133.517557,34.434525],[133.51199,34.435225]]],[[[134.402814,35.241024],[134.38995,35.25222],[134.321218,35.201817],[134.278461,35.196871],[134.260472,35.210976],[134.172448,35.169743],[134.152948,35.196284],[134.164184,35.227976],[134.137339,35.238655],[134.150579,35.257956],[134.139797,35.278822],[134.097759,35.305697],[134.008119,35.308174],[134.0148062,35.3503909],[133.9341002,35.3351269],[133.9252222,35.3068989],[133.8621392,35.2925039],[133.8659432,35.2722589],[133.8320762,35.2488319],[133.800007,35.292649],[133.745245,35.319513],[133.678351,35.318942],[133.596799,35.345021],[133.560769,35.246746],[133.505541,35.228172],[133.526192,35.182926],[133.500599,35.192552],[133.447556,35.171296],[133.407439,35.185882],[133.393217,35.16769],[133.412618,35.133493],[133.403363,35.114321],[133.325517,35.093469],[133.29094,35.100359],[133.290824,35.070944],[133.266793,35.052967],[133.321757,35.006145],[133.297262,34.956004],[133.309446,34.937045],[133.295191,34.895726],[133.335956,34.834792],[133.378086,34.80836],[133.358201,34.733273],[133.382749,34.680285],[133.403378,34.671922],[133.384686,34.616835],[133.446214,34.556338],[133.4562516,34.4545373],[133.484374,34.465961],[133.473653,34.441395],[133.489107,34.441174],[133.527468,34.453862],[133.486781,34.514169],[133.540293,34.461311],[133.576223,34.465575],[133.601844,34.473491],[133.588766,34.482401],[133.601736,34.495031],[133.648778,34.503948],[133.669342,34.54091],[133.670193,34.5073],[133.690569,34.512319],[133.679374,34.52453],[133.705488,34.526744],[133.704313,34.488175],[133.730404,34.483973],[133.740194,34.469852],[133.737109,34.490525],[133.718942,34.496334],[133.735081,34.49853],[133.739726,34.524949],[133.758076,34.468653],[133.787047,34.435505],[133.822385,34.42981],[133.807645,34.457891],[133.830214,34.475865],[133.934918,34.450913],[133.9380518,34.4810784],[133.964858,34.495006],[133.9594691,34.522727],[133.9793877,34.5328522],[134.003254,34.511512],[134.001069,34.545434],[134.031543,34.550728],[134.032008,34.571714],[134.047031,34.576498],[134.0288201,34.598796],[133.959203,34.5836365],[133.9460229,34.5991396],[134.041609,34.61241],[134.04746,34.597684],[134.063885,34.607817],[134.060197,34.584569],[134.119968,34.588632],[134.138383,34.599509],[134.134109,34.616934],[134.170006,34.613505],[134.187208,34.63133],[134.173933,34.631319],[134.170558,34.65286],[134.191235,34.652037],[134.189915,34.667098],[134.209933,34.66637],[134.204495,34.67531],[134.223199,34.680932],[134.212648,34.685515],[134.244938,34.698128],[134.235609,34.714859],[134.197463,34.707598],[134.214257,34.716215],[134.194605,34.716931],[134.20509,34.726556],[134.179435,34.733188],[134.18586,34.74296],[134.243699,34.715296],[134.292375,34.7382856],[134.3217287816228,34.72194527297151],[134.313027,34.738397],[134.334831,34.769127],[134.3158278,34.7810408],[134.317099,34.801951],[134.287446,34.828798],[134.2637982,34.826727],[134.252738,34.851899],[134.262839,34.884307],[134.294939,34.904077],[134.254094,34.937657],[134.286681,34.996112],[134.263401,35.011347],[134.281591,35.037232],[134.316874,35.043529],[134.318924,35.083282],[134.350348,35.091037],[134.367393,35.146961],[134.411632,35.151962],[134.411776,35.186019],[134.382993,35.194439],[134.379983,35.209356],[134.402814,35.241024]]]]}},{"type":"Feature","properties":{"adm0_a3":"JPN","shape_name":"Tokushima Prefecture","ihme_name":"Tokushima"},"geometry":{"type":"MultiPolygon","coordinates":[[[[134.82147,33.856185],[134.807048,33.851345],[134.80925,33.840068],[134.82147,33.856185]]],[[[134.588768,34.205249],[134.623929,34.185676],[134.643812,34.239446],[134.616755,34.232002],[134.621408,34.210416],[134.588768,34.205249]]],[[[134.6088,34.233525],[134.605937,34.252034],[134.591042,34.213965],[134.6088,34.233525]]],[[[134.50498,33.64079],[134.485299,33.645339],[134.481052,33.636378],[134.496447,33.630011],[134.50498,33.64079]]],[[[134.658494,33.867907],[134.6491982,33.85402],[134.665012,33.859273],[134.658494,33.867907]]],[[[133.660748,33.881809],[133.677293,33.858579],[133.748,33.836778],[133.838422,33.845268],[133.872359,33.806193],[133.91339,33.791181],[133.947474,33.803744],[133.959783,33.83466],[133.9851083,33.8407905],[133.997705,33.821086],[134.032828,33.8284],[134.068359,33.729333],[134.058057,33.691033],[134.174654,33.684285],[134.171312,33.657504],[134.184173,33.649023],[134.149251,33.627141],[134.175933,33.607326],[134.19317,33.561627],[134.281715,33.561022],[134.320025,33.539559],[134.304654,33.561998],[134.311923,33.577196],[134.363704,33.580161],[134.331731,33.583107],[134.363889,33.588601],[134.389927,33.62332],[134.362518,33.628077],[134.397151,33.657047],[134.516753,33.701435],[134.543247,33.718886],[134.543497,33.736575],[134.566997,33.732708],[134.581978,33.771659],[134.602059,33.764099],[134.62003,33.786574],[134.64136,33.78063],[134.750263,33.833813],[134.6801987,33.8303205],[134.720462,33.84509],[134.6435319,33.8428333],[134.646726,33.86645],[134.6273671,33.8569919],[134.637317,33.872905],[134.675287,33.8796],[134.706439,33.9258008],[134.640295,34.00674],[134.6260893,34.009021],[134.633067,33.994061],[134.621966,33.989049],[134.605863,33.992439],[134.58899,34.011036],[134.595938,34.034959],[134.57949,34.03503],[134.569596,34.041151],[134.5794901,34.0434828],[134.5791816,34.0412494],[134.587445,34.038574],[134.589174,34.0383],[134.592039,34.038988],[134.592271,34.039618],[134.594792,34.039012],[134.5782124,34.057872],[134.6034487,34.050925],[134.5933781,34.064093],[134.608281,34.102837],[134.598285,34.100879],[134.594781,34.11446],[134.6007057,34.1153721],[134.598389,34.1111323],[134.6005426,34.1074817],[134.6026714,34.1063225],[134.6256582,34.136601],[134.601777,34.146412],[134.614925,34.142884],[134.64181,34.180274],[134.624437,34.180676],[134.58135,34.201756],[134.587436,34.239743],[134.566711,34.233986],[134.575362,34.22411],[134.575792,34.22183],[134.573977,34.22039],[134.505902,34.225752],[134.440204,34.207894],[134.433336,34.1684],[134.414328,34.156917],[134.35553,34.18529],[134.297906,34.168639],[134.266077,34.183213],[134.173746,34.177002],[134.146316,34.165285],[134.1225652,34.1188894],[134.0502908,34.1178282],[134.026258,34.085088],[133.993934,34.072617],[133.972607,34.072806],[133.931967,34.116011],[133.834133,34.097741],[133.817739,34.0722623],[133.778469,34.07946],[133.728994,34.04416],[133.72132,34.022292],[133.6795502,34.0125328],[133.675107,33.983603],[133.692797,33.946831],[133.675684,33.92638],[133.690517,33.916291],[133.660748,33.881809]]]]}},{"type":"Feature","properties":{"adm0_a3":"JPN","shape_name":"Kochi Prefecture","ihme_name":"K\u014dchi"},"geometry":{"type":"MultiPolygon","coordinates":[[[[132.480003,32.799035],[132.495955,32.796749],[132.499947,32.805256],[132.487101,32.807625],[132.480003,32.799035]]],[[[133.660748,33.881809],[133.583034,33.86765],[133.550046,33.882046],[133.499058,33.829085],[133.415306,33.839915],[133.391407,33.824314],[133.355622,33.834311],[133.325691,33.814684],[133.282219,33.831971],[133.236921,33.782725],[133.192846,33.793858],[133.157807,33.750245],[133.144581,33.704652],[133.120284,33.690608],[133.116611,33.660218],[133.07502,33.650619],[133.067234,33.621665],[133.07962,33.6087],[133.046592,33.576328],[133.06414,33.54251],[133.037796,33.526234],[133.015286,33.480802],[132.959021,33.466281],[132.846938,33.479181],[132.809436,33.464794],[132.835754,33.400179],[132.854437,33.398398],[132.86002,33.368455],[132.900436,33.343737],[132.900491,33.31904],[132.792643,33.27458],[132.771964,33.241276],[132.775591,33.205972],[132.740787,33.201477],[132.695835,33.137587],[132.635659,33.1864],[132.619444,33.180879],[132.628503,33.133627],[132.66397,33.108231],[132.669502,33.071183],[132.657674,33.057057],[132.67823,33.03771],[132.691516,32.973571],[132.683392,32.946832],[132.652489,32.939451],[132.65527345802806,32.925088562295876],[132.693761,32.930385],[132.695966,32.910136],[132.71163,32.924893],[132.721903,32.898656],[132.703873,32.896137],[132.722498,32.881044],[132.696256,32.886783],[132.656846,32.854258],[132.674389,32.840885],[132.644043,32.819826],[132.656988,32.80179],[132.62654,32.796755],[132.64468,32.786765],[132.628698,32.762916],[132.710777,32.799096],[132.757447,32.753065],[132.770367,32.761933],[132.802384,32.746832],[132.861644,32.790657],[132.868346,32.765626],[132.879611,32.789738],[132.935271,32.786904],[132.94535,32.764844],[132.955647,32.778946],[132.969885,32.777798],[132.952146,32.762846],[132.971417,32.747581],[132.965709,32.729393],[133.020129,32.723418],[133.002705,32.787145],[132.96546,32.7989],[132.950659,32.821505],[132.954773,32.865103],[132.993406,32.862338],[133.009374,32.881205],[133.009123,32.912597],[132.9883928,32.9329095],[133.008572,33.010783],[133.039776,33.038639],[133.096476,33.02468],[133.10741,33.077775],[133.143432,33.098091],[133.170573,33.150422],[133.193481,33.167522],[133.208135,33.14926],[133.223005,33.153297],[133.211011,33.184959],[133.241222,33.196737],[133.23865,33.215991],[133.256325,33.225595],[133.247666,33.249564],[133.26422,33.257363],[133.238514,33.296623],[133.260903,33.310316],[133.231539,33.326389],[133.264078,33.340632],[133.259238,33.366412],[133.295627,33.389523],[133.285793,33.404341],[133.304466,33.392144],[133.289828,33.382826],[133.299437,33.373915],[133.324489,33.379187],[133.311392,33.366566],[133.319026,33.354879],[133.345862,33.400791],[133.409613,33.397972],[133.412532,33.41105],[133.457617,33.419679],[133.461067,33.432332],[133.442269,33.439764],[133.432102,33.426734],[133.417342,33.439527],[133.403072,33.414123],[133.396641,33.42479],[133.384123,33.410742],[133.370971,33.424851],[133.367095,33.406679],[133.348336,33.416205],[133.368485,33.430147],[133.405406,33.431981],[133.397967,33.445326],[133.435507,33.437644],[133.574563,33.495374],[133.582742,33.501091],[133.559026,33.498097],[133.546073,33.517469],[133.561657,33.531814],[133.5527,33.540781],[133.573268,33.536524],[133.564935,33.501081],[133.720623,33.539612],[133.767012,33.515941],[133.93471,33.48704],[133.954423,33.445181],[134.031125,33.412342],[134.036943,33.37144],[134.101877,33.328404],[134.110685,33.293938],[134.140561,33.295112],[134.176578,33.242999],[134.208812,33.395615],[134.306462,33.553824],[134.19317,33.561627],[134.175933,33.607326],[134.149251,33.627141],[134.184173,33.649023],[134.171312,33.657504],[134.174654,33.684285],[134.058057,33.691033],[134.068359,33.729333],[134.032828,33.8284],[133.997705,33.821086],[133.9851083,33.8407905],[133.959783,33.83466],[133.947474,33.803744],[133.91339,33.791181],[133.872359,33.806193],[133.838422,33.845268],[133.748,33.836778],[133.677293,33.858579],[133.660748,33.881809]]],[[[132.545576,32.755178],[132.550693,32.715673],[132.541794,32.702917],[132.571837,32.713394],[132.57202,32.734981],[132.545576,32.755178]]]]}},{"type":"Feature","properties":{"adm0_a3":"JPN","shape_name":"Ehime Prefecture","ihme_name":"Ehime"},"geometry":{"type":"MultiPolygon","coordinates":[[[[132.358078,33.368769],[132.368195,33.377374],[132.34369,33.380822],[132.358078,33.368769]]],[[[132.69639910810812,33.92588125],[132.652937,33.900215],[132.667798,33.898651],[132.663169,33.872896],[132.689638,33.875802],[132.6723237,33.8956441],[132.693336,33.90402],[132.69639910810812,33.92588125]]],[[[132.527748,33.925957],[132.554792,33.93578],[132.515555,33.932484],[132.527748,33.925957]]],[[[132.512963,33.975295],[132.502894,33.989588],[132.492864,33.964891],[132.512963,33.975295]]],[[[132.435579,32.939658],[132.458755,32.949366],[132.436087,32.94387],[132.435579,32.939658]]],[[[132.403618,33.069384],[132.395719,33.027413],[132.37868,33.021101],[132.397495,33.014372],[132.411664,33.027347],[132.407515,33.054996],[132.430101,33.045534],[132.432653,33.056127],[132.403618,33.069384]]],[[[132.311512,33.163824],[132.292694,33.15417],[132.310725,33.147915],[132.314841,33.150974],[132.311512,33.163824]]],[[[132.29547,33.179335],[132.265539,33.17394],[132.265973,33.184509],[132.261044,33.184201],[132.265787,33.168276],[132.288985,33.162818],[132.29547,33.179335]]],[[[132.374762,33.221573],[132.356232,33.204674],[132.348615,33.208628],[132.341006,33.206502],[132.363111,33.187655],[132.360881,33.202065],[132.382978,33.212011],[132.379737,33.218696],[132.374762,33.221573]]],[[[132.517803,33.241103],[132.520454,33.217921],[132.53437,33.226471],[132.517803,33.241103]]],[[[132.468129,33.25545],[132.48391,33.265899],[132.476247,33.275048],[132.468129,33.25545]]],[[[132.395317,33.186997],[132.418705,33.196489],[132.394385,33.206706],[132.395317,33.186997]]],[[[133.1735521,34.2851275],[133.1718209,34.2580324],[133.1861112,34.2584911],[133.1735521,34.2851275]]],[[[133.2287767,34.2923507],[133.1988035,34.2687133],[133.2058619,34.2381435],[133.2377869,34.2806173],[133.2287767,34.2923507]]],[[[133.176152,34.230985],[133.1969679,34.2468281],[133.193164,34.257278],[133.176152,34.230985]]],[[[133.1522767,34.2328485],[133.1681349,34.2457073],[133.1507251,34.2418704],[133.1522767,34.2328485]]],[[[133.14287791574725,34.27744375],[133.129981,34.25708],[133.1328674,34.2408206],[133.166446,34.2561374],[133.14287791574725,34.27744375]]],[[[133.010186,34.149995],[132.997395,34.158991],[132.989682,34.154407],[132.991834,34.149299],[133.010186,34.149995]]],[[[133.3280394,34.1734523],[133.3237502,34.1791471],[133.3214837,34.1788177],[133.3161794,34.1827171],[133.3128885,34.1809127],[133.3093327,34.1840223],[133.3072858,34.1798929],[133.3168003,34.1703633],[133.3280394,34.1734523]]],[[[132.880726,34.174658],[132.890771,34.192417],[132.861523,34.193428],[132.880726,34.174658]]],[[[132.934268,34.184755],[132.925396,34.200689],[132.920956,34.200815],[132.918379,34.18677],[132.934268,34.184755]]],[[[133.2648543,34.1969241],[133.2769127,34.1850033],[133.2721526,34.2001991],[133.2648543,34.1969241]]],[[[133.06650625,34.23551637179487],[133.067101,34.218872],[133.054136,34.212064],[133.081568,34.192908],[133.097164,34.204515],[133.123577,34.194149],[133.117577,34.205984],[133.139004,34.213503],[133.109289,34.213862],[133.107913,34.241914],[133.06650625,34.23551637179487]]],[[[132.984142,34.290568],[132.964395,34.263965],[132.992345,34.259214],[132.990361,34.224692],[132.954308,34.222833],[132.948719,34.192989],[133.058604,34.219963],[133.057511,34.258636],[133.027659,34.294199],[132.984142,34.290568]]],[[[132.672987,33.972363],[132.649535,33.957286],[132.674707,33.951773],[132.672987,33.972363]]],[[[133.6795502,34.0125328],[133.598556,34.043468],[133.512148,33.969751],[133.410861,33.990698],[133.336326,33.980267],[133.321158,33.994442],[133.289295,33.973636],[133.2806337,33.9895071],[133.266999,33.980195],[133.28297,33.973009],[133.263473,33.960903],[133.260835,33.979713],[133.248647,33.975978],[133.247637,33.952268],[133.1993541,33.9462186],[133.198097,33.9331613],[133.178256,33.9475749],[133.1759988,33.9263555],[133.166797,33.9406536],[133.1277078,33.9213742],[133.127449,33.941352],[133.1189603,33.924489],[133.1077517,33.9478526],[133.0893709,33.9378068],[133.1011618,33.9491296],[133.0882188,33.9454603],[133.0626978,33.9754085],[133.0326347,34.0568311],[133.0216321,34.0479867],[132.9786723,34.1159215],[132.9691112,34.1014832],[132.941746,34.142844],[132.9243525,34.1164145],[132.891274,34.11832],[132.926942,34.110139],[132.9243392,34.0676925],[132.8650871,34.0592121],[132.7655085,33.9988707],[132.774747,33.988302],[132.7552613,33.9114532],[132.7093341,33.9069514],[132.698569,33.878799],[132.7189466,33.8648638],[132.7064439,33.8668234],[132.687268,33.833954],[132.699226,33.7565876],[132.652606,33.696967],[132.585708,33.653532],[132.477095,33.616592],[132.423874,33.548516],[132.258567,33.473748],[132.26078,33.450287],[132.242062,33.465636],[132.22467,33.444265],[132.199593,33.456091],[132.1945,33.442127],[132.17281,33.44621],[132.173798,33.426347],[132.156756,33.440094],[132.147971,33.432528],[132.165731,33.411337],[132.138382,33.421332],[132.134968,33.402748],[132.120442,33.420011],[132.012666,33.344301],[132.094557,33.387592],[132.120787,33.388349],[132.10358,33.361839],[132.153132,33.37276],[132.182057,33.411917],[132.280661,33.447152],[132.299907,33.474733],[132.316986,33.451688],[132.32429,33.47301],[132.353878,33.474252],[132.341776,33.484815],[132.351302,33.488196],[132.373194,33.460452],[132.39024,33.477054],[132.40171,33.468047],[132.387356,33.459461],[132.4234895,33.4644296],[132.381888,33.442479],[132.416206,33.442829],[132.380639,33.417586],[132.396633,33.39769],[132.378579,33.385196],[132.383942,33.36172],[132.419358,33.383199],[132.405968,33.360188],[132.419734,33.355198],[132.377147,33.337839],[132.370384,33.318833],[132.421169,33.303256],[132.431243,33.319777],[132.522789,33.315628],[132.527974,33.306406],[132.489103,33.294552],[132.476974,33.274593],[132.508999,33.2592],[132.542197,33.271516],[132.519957,33.248714],[132.5534271,33.2375287],[132.5576591,33.2208345],[132.511731,33.213825],[132.490048,33.195147],[132.508696,33.194084],[132.515643,33.170861],[132.492495,33.184587],[132.48685,33.164478],[132.48304,33.185814],[132.457436,33.185771],[132.460221,33.21003],[132.446515,33.200578],[132.420283,33.214917],[132.406294,33.205624],[132.42989,33.20436],[132.464693,33.172013],[132.432634,33.169319],[132.424652,33.155207],[132.44043,33.137987],[132.499644,33.137448],[132.51167,33.121162],[132.446754,33.124373],[132.481272,33.097309],[132.462884,33.093361],[132.461585,33.076042],[132.472469,33.069908],[132.478465,33.084219],[132.488892,33.065131],[132.448941,33.055266],[132.443961,33.065478],[132.432824,33.051594],[132.452016,33.035124],[132.449876,33.048209],[132.482176,33.049194],[132.484549,33.01101],[132.506117,33.004759],[132.511362,32.976675],[132.554451,32.963192],[132.495379,32.963567],[132.505045,32.980077],[132.484721,32.980567],[132.469912,32.969321],[132.503077,32.954762],[132.4921,32.939812],[132.461389,32.940123],[132.472634,32.907106],[132.522001,32.908477],[132.527323,32.92066],[132.496869,32.91875],[132.527032,32.932694],[132.504923,32.941536],[132.512743,32.95039],[132.56729,32.929115],[132.548081,32.944845],[132.602217,32.947519],[132.586108,32.938483],[132.598757,32.91264],[132.65527345802806,32.925088562295876],[132.652489,32.939451],[132.683392,32.946832],[132.691516,32.973571],[132.67823,33.03771],[132.657674,33.057057],[132.669502,33.071183],[132.66397,33.108231],[132.628503,33.133627],[132.619444,33.180879],[132.635659,33.1864],[132.695835,33.137587],[132.740787,33.201477],[132.775591,33.205972],[132.771964,33.241276],[132.792643,33.27458],[132.900491,33.31904],[132.900436,33.343737],[132.86002,33.368455],[132.854437,33.398398],[132.835754,33.400179],[132.809436,33.464794],[132.846938,33.479181],[132.959021,33.466281],[133.015286,33.480802],[133.037796,33.526234],[133.06414,33.54251],[133.046592,33.576328],[133.07962,33.6087],[133.067234,33.621665],[133.07502,33.650619],[133.116611,33.660218],[133.120284,33.690608],[133.144581,33.704652],[133.157807,33.750245],[133.192846,33.793858],[133.236921,33.782725],[133.282219,33.831971],[133.325691,33.814684],[133.355622,33.834311],[133.391407,33.824314],[133.415306,33.839915],[133.499058,33.829085],[133.550046,33.882046],[133.583034,33.86765],[133.660748,33.881809],[133.690517,33.916291],[133.675684,33.92638],[133.692797,33.946831],[133.675107,33.983603],[133.6795502,34.0125328]]],[[[132.534908,33.988873],[132.541217,33.960982],[132.567043,33.994677],[132.534908,33.988873]]],[[[132.642939,33.962052],[132.629969,33.974549],[132.645218,33.981252],[132.645342,34.018505],[132.577877,33.968498],[132.600671,33.942726],[132.642939,33.962052]]],[[[133.368773,33.9938],[133.354855,34.005508],[133.350625,33.996338],[133.368773,33.9938]]],[[[133.06650625,34.19168238723776],[133.021882,34.183237],[133.041106,34.150059],[133.022268,34.154074],[133.012552,34.110695],[133.034979,34.107744],[133.110593,34.169333],[133.083103,34.169521],[133.06650625,34.19168238723776]]]]}},{"type":"Feature","properties":{"adm0_a3":"JPN","shape_name":"Kagawa Prefecture","ihme_name":"Kagawa"},"geometry":{"type":"MultiPolygon","coordinates":[[[[133.531709,34.124053],[133.54092,34.132901],[133.526051,34.136164],[133.531709,34.124053]]],[[[133.626962,34.286826],[133.620347,34.255899],[133.655011,34.270497],[133.656334,34.281218],[133.635286,34.272669],[133.626962,34.286826]]],[[[133.663252,34.325542],[133.673325,34.306301],[133.682226,34.308782],[133.663252,34.325542]]],[[[134.440204,34.207894],[134.378316,34.261818],[134.343244,34.252397],[134.306741,34.278134],[134.257796,34.285407],[134.2464,34.306642],[134.266386,34.336189],[134.250017,34.351572],[134.233693,34.3372422],[134.210941,34.369373],[134.2103725,34.346472],[134.182545,34.352881],[134.190492,34.3311427],[134.1645079,34.3266897],[134.1532779,34.3435114],[134.1637631,34.3824076],[134.136622,34.400316],[134.1194184,34.3970561],[134.1213794,34.3497705],[134.0915898,34.3847953],[134.0883054,34.3406061],[134.0748049,34.3463777],[134.0798285,34.3614513],[134.0689702,34.3471153],[134.0633417,34.3625768],[134.0597528,34.3477427],[134.0517292,34.3615409],[134.0196995,34.3480651],[133.9764643,34.3732631],[133.9571231,34.3653392],[133.9592064,34.3776287],[133.9411886,34.3735483],[133.9276868,34.3897073],[133.921165,34.371678],[133.89351,34.382396],[133.8949315,34.3546022],[133.8658739,34.327606],[133.8292364,34.3308432],[133.8576257,34.3458067],[133.853671,34.360621],[133.8289566,34.3421985],[133.8407245,34.36063],[133.819374,34.35316],[133.8272166,34.3201461],[133.788919,34.308029],[133.7983257,34.2991045],[133.777704,34.289211],[133.765527,34.302599],[133.771866,34.2849088],[133.731269,34.278674],[133.736783,34.262595],[133.674139,34.221924],[133.672788,34.246923],[133.621452,34.235614],[133.59149,34.260678],[133.557109,34.262063],[133.649042,34.193284],[133.630928,34.059049],[133.598556,34.043468],[133.6795502,34.0125328],[133.72132,34.022292],[133.728994,34.04416],[133.778469,34.07946],[133.817739,34.0722623],[133.822935,34.093037],[133.858539,34.105274],[133.9036163,34.1007411],[133.939116,34.115396],[133.945604,34.092173],[133.993934,34.072617],[134.026258,34.085088],[134.0502908,34.1178282],[134.1225652,34.1188894],[134.146316,34.165285],[134.173746,34.177002],[134.266077,34.183213],[134.297906,34.168639],[134.35553,34.18529],[134.414328,34.156917],[134.433336,34.1684],[134.440204,34.207894]]],[[[133.632019,34.338828],[133.617394,34.350658],[133.625375,34.330598],[133.632019,34.338828]]],[[[134.050908,34.4082938],[134.0379907,34.3793668],[134.0566601,34.4073613],[134.050908,34.4082938]]],[[[133.795372,34.388374],[133.752708,34.398608],[133.755221,34.370012],[133.795372,34.388374]]],[[[133.821268,34.395108],[133.815588,34.383976],[133.8244335,34.383863],[133.821268,34.395108]]],[[[133.710313,34.399159],[133.684445,34.361713],[133.699527,34.351631],[133.730569,34.370525],[133.710313,34.399159]]],[[[133.667232,34.383591],[133.675876,34.409821],[133.651011,34.408784],[133.661676,34.398653],[133.667232,34.383591]]],[[[134.163488,34.462492],[134.1773855,34.4866681],[134.16688,34.493558],[134.157168,34.492995],[134.140914,34.46956],[134.163488,34.462492]]],[[[134.128144,34.481511],[134.109517,34.4792],[134.108366,34.474453],[134.128144,34.481511]]],[[[134.278068,34.447458],[134.319539,34.457957],[134.338283,34.433475],[134.362072,34.541375],[134.351266,34.538415],[134.3435513,34.5449961],[134.366555,34.561461],[134.264373,34.553275],[134.230408,34.526795],[134.186906,34.51568],[134.172923,34.528563],[134.156037,34.504777],[134.233349,34.476694],[134.242875,34.458787],[134.223499,34.438607],[134.2378763,34.4359061],[134.23154,34.414871],[134.251351,34.424315],[134.267794,34.468129],[134.313768,34.475406],[134.315405,34.45896],[134.284304,34.460793],[134.278068,34.447458]]],[[[134.052982,34.4228352],[134.0649645,34.4221214],[134.0630755,34.433352],[134.052982,34.4228352]]],[[[133.9687305,34.4786476],[133.9911599,34.4422891],[134.012639,34.453017],[133.9687305,34.4786476]]],[[[134.070329,34.497485],[134.036024,34.48115],[134.084938,34.459898],[134.103946,34.49185],[134.070329,34.497485]]],[[[134.00755729092506,34.498035818303855],[134.015491,34.481149],[134.022119,34.479406],[134.02388216212532,34.50683860899181],[134.00755729092506,34.498035818303855]]]]}},{"type":"Feature","properties":{"adm0_a3":"JPN","shape_name":"Okinawa Prefecture","ihme_name":"Okinawa"},"geometry":{"type":"MultiPolygon","coordinates":[[[[123.754037,24.057935],[123.793486,24.045733],[123.810606,24.061838],[123.777095,24.071515],[123.754037,24.057935]]],[[[123.954375,24.237387],[123.939099,24.235886],[123.936645,24.225052],[123.954375,24.237387]]],[[[124.002206,24.223649],[124.027418,24.230759],[124.025574,24.249644],[123.992771,24.250143],[124.002206,24.223649]]],[[[123.920753,24.217392],[123.935935,24.211962],[123.934561,24.221961],[123.920753,24.217392]]],[[[122.9428179,24.4519256],[123.01088,24.436817],[123.043805,24.462222],[122.962639,24.472654],[122.9428179,24.4519256]]],[[[131.192443,24.471046],[131.180625,24.472179],[131.188062,24.461311],[131.192443,24.471046]]],[[[124.684344,24.640158],[124.7223196,24.6434427],[124.726517,24.666776],[124.681783,24.673048],[124.670813,24.656054],[124.684344,24.640158]]],[[[124.101543,24.320273],[124.0944903,24.3364728],[124.083399,24.339367],[124.080268,24.313397],[124.101543,24.320273]]],[[[123.964722,24.350842],[123.969727,24.339395],[123.953971,24.336647],[123.9516527,24.3318104],[124.0035,24.3273],[123.993612,24.347036],[123.964722,24.350842]]],[[[123.7499,24.39138902714932],[123.751578,24.312692],[123.727001,24.343283],[123.711419,24.331087],[123.703642,24.350104],[123.710237,24.314872],[123.686427,24.332722],[123.688201,24.310048],[123.661773,24.309307],[123.680217,24.282635],[123.718335,24.278009],[123.723735,24.299617],[123.755372,24.279458],[123.880724,24.256377],[123.8812232,24.2806711],[123.904389,24.274973],[123.911653,24.32547],[123.928269,24.316022],[123.939621,24.365041],[123.887115,24.383861],[123.872854,24.404021],[123.861671,24.394802],[123.83272,24.407666],[123.815852,24.390433],[123.8120012,24.4110355],[123.77026,24.436899],[123.772725,24.417612],[123.7499,24.39138902714932]]],[[[123.724591,24.358272],[123.744577,24.347971],[123.724512,24.364903],[123.724591,24.358272]]],[[[123.713006,24.377065],[123.720973,24.365693],[123.728608,24.377698],[123.713006,24.377065]]],[[[124.3116800967742,24.609475],[124.282681,24.561123],[124.296011,24.542021],[124.279121,24.507071],[124.25661,24.519769],[124.228476,24.499081],[124.22248,24.454635],[124.152498,24.454657],[124.139232,24.442316],[124.143205,24.466961],[124.11701,24.48282],[124.119503,24.44666],[124.076682,24.453317],[124.068934,24.431641],[124.084325,24.416204],[124.119098,24.434692],[124.143393,24.413552],[124.143405,24.388376],[124.110908,24.365696],[124.1446337,24.3509979],[124.1454114,24.3370918],[124.181926,24.330507],[124.198977,24.353681],[124.236015,24.344981],[124.249564,24.358283],[124.25249,24.467237],[124.281566,24.487885],[124.304456,24.546484],[124.340954,24.586024],[124.339921,24.605563],[124.3116800967742,24.609475]]],[[[124.684301,24.758781],[124.697563,24.746758],[124.707215,24.746871],[124.69404,24.761452],[124.684301,24.758781]]],[[[125.240641,24.728998],[125.241812,24.715624],[125.25674,24.715572],[125.256179,24.724377],[125.240641,24.728998]]],[[[125.255934,24.924784],[125.231114,24.9345],[125.248291,24.919596],[125.255934,24.924784]]],[[[131.243304,25.872172],[131.219862,25.865011],[131.21338,25.823207],[131.231552,25.812815],[131.261936,25.821825],[131.27339,25.852926],[131.243304,25.872172]]],[[[131.285814,25.961009],[131.307155,25.928153],[131.332113,25.951091],[131.285814,25.961009]]],[[[125.170372,24.803477],[125.139834,24.842199],[125.138383,24.816378],[125.170372,24.803477]]],[[[125.25878796753302,24.785119788434077],[125.285142,24.753165],[125.266192,24.751201],[125.261145,24.7685],[125.260833,24.735722],[125.294905,24.718323],[125.297423,24.733761],[125.305471,24.712572],[125.37039,24.729392],[125.469424,24.718929],[125.433422,24.760963],[125.335103,24.799071],[125.335566,24.821987],[125.265808,24.916122],[125.268436,24.902909],[125.255127,24.910139],[125.29664,24.837221],[125.278255,24.838338],[125.280761,24.813224],[125.25878796753302,24.785119788434077]]],[[[125.156307,24.856837],[125.177776,24.810755],[125.219717,24.80992],[125.209757,24.846799],[125.156307,24.856837]]],[[[126.766976,26.390121],[126.714248,26.373194],[126.707825,26.357412],[126.714101,26.348646],[126.729616,26.340583],[126.711945,26.352037],[126.713399,26.36029],[126.760246,26.342282],[126.778835,26.30628],[126.811704,26.291255],[126.804326,26.323134],[126.826185,26.346025],[126.766976,26.390121]]],[[[127.13792475872093,26.3672875],[127.146147,26.348358],[127.161405,26.362214],[127.150412,26.381457],[127.13792475872093,26.3672875]]],[[[127.236913,26.601738],[127.208879,26.574966],[127.248115,26.586109],[127.236913,26.601738]]],[[[127.872701,26.645973],[127.8548825,26.6490005],[127.8592879,26.6294609],[127.862607,26.629713],[127.872701,26.645973]]],[[[128.031874,26.643922],[128.020047,26.680667],[127.993564,26.6602],[128.031874,26.643922]]],[[[127.943198,26.952175],[127.911825,26.93713],[127.939093,26.910609],[127.957338,26.934926],[127.943198,26.952175]]],[[[127.920812,26.989248],[127.922975,27.002178],[127.912738,26.995191],[127.920812,26.989248]]],[[[128.22509,27.885043],[128.22335,27.866485],[128.234583,27.86052],[128.22509,27.885043]]],[[[127.934583,26.994891],[127.991358,27.044231],[128.020287,27.095162],[127.950606,27.044563],[127.934583,26.994891]]],[[[128.026832,26.708747],[128.009922,26.711679],[128.0155149,26.694039],[128.024427,26.696158],[128.026832,26.708747]]],[[[127.749437,26.71885],[127.805278,26.704515],[127.831413,26.718925],[127.807824,26.739124],[127.759156,26.737492],[127.749437,26.71885]]],[[[127.934059,26.245718],[127.948188,26.257873],[127.937763,26.262586],[127.934059,26.245718]]],[[[127.969435828125,26.3672875],[127.97528,26.353783],[127.996995,26.367075],[127.98799,26.385113],[127.969435828125,26.3672875]]],[[[127.988646,26.392983],[128.004164,26.399403],[127.999944,26.400859],[127.988646,26.392983]]],[[[127.96865,26.322135545454532],[127.956922,26.328889],[127.951034,26.32667],[127.959089,26.308607],[127.96865,26.322135545454532]]],[[[127.837242,26.32952],[127.853418,26.324729],[127.869831,26.329984],[127.861708,26.343602],[127.837242,26.32952]]],[[[127.9397575,26.3357329],[127.974587,26.353942],[127.965829,26.365135],[127.942917,26.363614],[127.9397575,26.3357329]]],[[[127.65419,26.16142],[127.65984,26.151565],[127.667816,26.153642],[127.65419,26.16142]]],[[[127.8839847,26.1602136],[127.906982,26.167461],[127.910477,26.171668],[127.8839847,26.1602136]]],[[[127.24208,26.162347],[127.236488,26.182792],[127.23204,26.163159],[127.24208,26.162347]]],[[[127.292988,26.185914],[127.286282,26.176083],[127.296407,26.177019],[127.292988,26.185914]]],[[[127.352791,26.225419],[127.338884,26.182631],[127.347689,26.145698],[127.364299,26.157246],[127.369889,26.220181],[127.352791,26.225419]]],[[[127.7727264,26.203064],[127.7579991,26.2075075],[127.7566859,26.2038062],[127.7727264,26.203064]]],[[[127.239235,26.219938],[127.249928,26.216176],[127.248944,26.223836],[127.239235,26.219938]]],[[[127.265725,26.199732041666675],[127.275586,26.186629],[127.293415,26.194188],[127.28103,26.213255],[127.265725,26.199732041666675]]],[[[127.438831,26.203399],[127.455562,26.217778],[127.45215,26.225873],[127.438831,26.203399]]],[[[127.30723,26.246586],[127.281764,26.228612],[127.308083,26.218552],[127.318616,26.240242],[127.333177,26.228521],[127.33229,26.240618],[127.30723,26.246586]]],[[[127.712739,26.441786],[127.757096,26.295181],[127.6728303,26.2552234],[127.6836278,26.2558007],[127.6851966,26.2428366],[127.6689032,26.2507668],[127.6670897,26.232279],[127.679402,26.240122],[127.6849821,26.2253889],[127.6751501,26.2264673],[127.6715063,26.2210707],[127.6672865,26.2222039],[127.6622196,26.2206765],[127.6601168,26.2181479],[127.6738959,26.2073241],[127.6520459,26.217767],[127.636576,26.198679],[127.6400225,26.1752954],[127.642773,26.173362],[127.6520413,26.1751991],[127.6561826,26.1732345],[127.6483155,26.1739097],[127.6472257,26.1532347],[127.6500615,26.1607796],[127.6545803,26.1620988],[127.6603492,26.162024],[127.669248,26.1521653],[127.648957,26.133896],[127.668435,26.1336437],[127.656887,26.084196],[127.676574,26.074466],[127.725475,26.09073],[127.830658,26.165752],[127.821066,26.191413],[127.7781459,26.1723887],[127.77631,26.190369],[127.768501,26.200319],[127.7575878,26.2029086],[127.7562769,26.2038591],[127.7563226,26.2049395],[127.7577021,26.2076543],[127.768059,26.214557],[127.779138,26.217804],[127.784357,26.225926],[127.793213,26.218991],[127.789527,26.248619],[127.81623,26.27744],[127.811609,26.2997092],[127.847948,26.316663],[127.834794,26.322338],[127.834647,26.326443],[127.838487,26.331906],[127.853823,26.34195],[127.862329,26.344785],[127.864899,26.343906],[127.906257,26.295599],[127.922189,26.295508],[127.9148144,26.3318191],[127.887838,26.340692],[127.873325,26.359768],[127.879999,26.378376],[127.830475,26.431919],[127.843419,26.427772],[127.869796,26.457609],[127.948802,26.437717],[127.9512433,26.4726652],[128.001304,26.483378],[127.996055,26.508867],[128.053114,26.52044],[128.033296,26.552841],[128.0417311,26.5592488],[128.095317,26.534305],[128.151047,26.568142],[128.123455,26.603398],[128.151733,26.597892],[128.148276,26.629237],[128.238546,26.63194],[128.327158,26.749305],[128.305908,26.844727],[128.24983,26.871103],[128.253358,26.842826],[128.231983,26.797989],[128.183985,26.749817],[128.152959,26.745906],[128.157164,26.719162],[128.098505,26.68062],[128.125828,26.660432],[128.111467,26.66824],[128.029401,26.627012],[127.982593,26.649277],[128.008408,26.68353],[127.9994599,26.6924698],[127.8799927,26.7098717],[127.874079,26.684691],[127.894996,26.660373],[127.8777832,26.6410106],[127.894732,26.606555],[127.979453,26.589667],[127.9802731,26.566018],[127.963945,26.541083],[127.932043,26.542607],[127.917212,26.516247],[127.844031,26.503969],[127.845827,26.481221],[127.811801,26.4645115],[127.797922,26.436752],[127.771339,26.446373],[127.737284,26.422274],[127.712739,26.441786]]]]}},{"type":"Feature","properties":{"adm0_a3":"JPN","shape_name":"Hokkaido","ihme_name":"Hokkaid\u014d"},"geometry":{"type":"MultiPolygon","coordinates":[[[[139.799093,41.352104],[139.816206,41.364599],[139.793897,41.358987],[139.799093,41.352104]]],[[[139.339409,41.497429],[139.372066,41.50133],[139.383419,41.512166],[139.340511,41.525205],[139.339409,41.497429]]],[[[139.406358,42.165562],[139.423,42.137093],[139.420782,42.071738],[139.4509495,42.05185],[139.504948,42.09782],[139.517085,42.176354],[139.560546,42.226849],[139.559093,42.252478],[139.536612,42.232684],[139.435473,42.215901],[139.406358,42.165562]]],[[[141.328025,44.44214331885183],[141.293463,44.421425],[141.294305,44.412717],[141.325794,44.420697],[141.328025,44.44214331885183]]],[[[141.380705,44.433794],[141.427796,44.430204],[141.426335,44.446546],[141.380705,44.433794]]],[[[141.15224375,45.15151825],[141.237803,45.096974],[141.287004,45.110201],[141.330323,45.149944],[141.302977,45.215112],[141.269014,45.235864],[141.233214,45.234087],[141.19915,45.259729],[141.132379,45.213498],[141.142468,45.193879],[141.126838,45.185955],[141.15224375,45.15151825]]],[[[141.064553125,45.42667299693973],[141.033895,45.460807],[141.0377391,45.4429374],[141.012715,45.433028],[140.967024,45.464091],[140.976846,45.447631],[140.966432,45.438389],[140.994406,45.423831],[140.98305,45.379624],[141.027755,45.273339],[141.046482,45.278179],[141.057244,45.318797],[141.064553125,45.42667299693973]]],[[[144.863923,42.946512],[144.880275,42.957355],[144.87305,42.965001],[144.863923,42.946512]]],[[[145.113822,43.073225],[145.124997,43.067377],[145.172732,43.076235],[145.134397,43.083665],[145.121435,43.082267],[145.113822,43.073225]]],[[[145.603657,43.20813],[145.599316,43.220186],[145.587331,43.214875],[145.58735,43.207617],[145.603657,43.20813]]],[[[140.324319,43.221934],[140.430249,43.141895],[140.464422,43.084912],[140.495667,43.064922],[140.503904,43.032357],[140.527417,43.030099],[140.520651,42.990712],[140.390124,42.922844],[140.3660603,42.8777407],[140.304463,42.828702],[140.304286,42.77738],[140.246303,42.767969],[140.234821,42.79634],[140.186096,42.827718],[140.144266,42.754555],[140.073339,42.727737],[140.045815,42.693998],[139.925283,42.688159],[139.867579,42.664874],[139.822065,42.610053],[139.846703,42.528189],[139.846061,42.432375],[139.814657,42.374413],[139.780597,42.352406],[139.766042,42.311061],[139.795456,42.230636],[139.877492,42.210695],[139.922161,42.132269],[140.023588,42.114567],[140.121901,41.999595],[140.141166,41.915631],[140.1311573,41.8720942],[140.1138959,41.8707695],[140.1100079,41.8633045],[140.1262695,41.855253],[140.12247,41.823234],[140.108792,41.804939],[140.069957,41.804535],[140.06757,41.760883],[140.008579,41.692024],[139.982949,41.608024],[139.985786,41.551068],[140.039812,41.446099],[140.088506,41.41815],[140.145845,41.428142],[140.197216,41.397809],[140.2581301,41.4801869],[140.408802,41.516776],[140.429517,41.535036],[140.443271,41.683215],[140.461731,41.697315],[140.527004,41.700541],[140.601058,41.741799],[140.63864,41.815975],[140.682917,41.820953],[140.715717,41.806815],[140.72736,41.780396],[140.715094,41.766572],[140.702001,41.784444],[140.702377,41.740177],[140.736921,41.768055],[140.788689,41.773614],[140.922787,41.740101],[140.966921,41.710134],[141.052692,41.725943],[141.110326,41.785418],[141.155729,41.784276],[141.186425,41.802313],[141.183148,41.817937],[141.146865,41.831146],[141.1494,41.853791],[141.110969,41.873881],[140.960538,41.915432],[140.906592,41.985455],[140.8206164,42.0351401],[140.802618,42.076744],[140.774054,42.085167],[140.759159,42.116902],[140.708114,42.13879],[140.587804,42.108547],[140.549732,42.113144],[140.396056,42.218317],[140.293163,42.245663],[140.275924,42.309722],[140.309641,42.408203],[140.382162,42.514252],[140.474138,42.588595],[140.533959,42.5888],[140.582705,42.566184],[140.646805,42.58665],[140.708626,42.582585],[140.774042,42.536285],[140.779681,42.499261],[140.873725,42.458066],[140.9157802,42.3660198],[141.007614,42.348261],[140.981107,42.343721],[140.9791513,42.3234719],[140.950995,42.347426],[140.9307847,42.3404345],[140.947652,42.316593],[141.002469,42.301069],[141.141124,42.430799],[141.205785,42.45332],[141.348143,42.541695],[141.461982,42.592688],[141.617558,42.620569],[141.622988,42.643198],[141.695512,42.657335],[141.698449,42.652458],[141.647674,42.637772],[141.63003,42.627614],[141.624934,42.620123],[141.716536,42.626805],[141.800863,42.601637],[141.815335,42.613449],[141.817537,42.600857],[141.890263,42.582367],[142.027231,42.484157],[142.194286,42.447766],[142.275645,42.376214],[142.406506,42.308547],[142.448924,42.3019],[142.483666,42.269809],[142.583941,42.243666],[142.670601,42.191623],[142.758479,42.175289],[142.814691,42.141608],[142.964684,42.118443],[143.008878,42.080983],[143.13426,42.027838],[143.16359,41.98273],[143.249103,41.924366],[143.240589,41.948328],[143.256437,41.998049],[143.312141,42.053913],[143.335989,42.186905],[143.307837,42.244453],[143.31992,42.295845],[143.339935,42.301061],[143.325369,42.311267],[143.399419,42.431456],[143.600581,42.644105],[143.928789,42.880227],[144.144557,42.976498],[144.275728,43.003839],[144.36273,42.99458],[144.37269,42.975778],[144.3619886,42.9706526],[144.450163,42.943333],[144.629852,42.951275],[144.781545,42.934125],[144.721997,42.980846],[144.745211,43.02319],[144.798396,43.05837],[144.85405,43.048841],[144.8323925,43.0344049],[144.832175,43.014196],[144.876534,42.985884],[144.97349,42.981195],[145.024879,42.999986],[145.030985,43.029246],[145.085864,43.044926],[145.089362,43.069393],[145.117893,43.080972],[145.112808,43.119419],[145.145703,43.144695],[145.201746,43.135978],[145.289841,43.17178],[145.425376,43.187404],[145.485328,43.186868],[145.503023,43.173336],[145.495892,43.158708],[145.519959,43.164825],[145.507991,43.186621],[145.529409,43.185976],[145.530148,43.208092],[145.556725,43.219258],[145.567905,43.282992],[145.589824,43.277642],[145.629293,43.318737],[145.676724,43.311527],[145.707768,43.335174],[145.756727,43.335394],[145.817457,43.385398],[145.757349,43.399479],[145.721313,43.383119],[145.650666,43.391467],[145.522272,43.307016],[145.4931029,43.2665919],[145.396877,43.29102],[145.31822,43.348285],[145.27771,43.402112],[145.24474,43.524471],[145.193606,43.620586],[145.26919,43.607977],[145.240419,43.590683],[145.288126,43.602992],[145.278962,43.5916],[145.333223,43.591363],[145.321208,43.576019],[145.339696,43.585371],[145.340498,43.571608],[145.281943,43.561936],[145.30419,43.552776],[145.289803,43.550403],[145.341732,43.555863],[145.342131,43.585014],[145.331151,43.593601],[145.316423,43.599978],[145.144058,43.646384],[145.068952,43.748169],[145.061082,43.805917],[145.092013,43.838755],[145.095991,43.895007],[145.142213,43.968458],[145.238715,44.057529],[145.259494,44.132988],[145.328933,44.191502],[145.367083,44.258647],[145.344279,44.339445],[145.320692,44.340528],[145.191932,44.195345],[145.01525,44.100129],[144.9972675,44.0726388],[144.935582,44.043043],[144.910502,44.004396],[144.795216,43.931372],[144.570056,43.919758],[144.341927,43.962685],[144.298941,43.982225],[144.280053,44.011233],[144.289209,44.020145],[144.254953,44.038467],[144.243674,44.113492],[144.204676,44.102001],[144.10064,44.129137],[143.949551,44.142689],[143.616825,44.229959],[143.3994139,44.3158505],[143.3637418,44.3386771],[143.348805,44.370549],[142.990209,44.560296],[142.92745,44.628851],[142.793028,44.717029],[142.657559,44.84263],[142.6325,44.887823],[142.587952,44.919381],[142.584757,44.961416],[142.540121,44.991127],[142.534141,45.028577],[142.507802,45.040011],[142.504427,45.060023],[142.482214,45.061429],[142.413907,45.11468],[142.170607,45.341559],[142.04566,45.405797],[142.018607,45.453777],[141.9365506,45.5229432],[141.8922833,45.5107166],[141.864631,45.440641],[141.7989929,45.4073788],[141.6810135,45.4030191],[141.6837132,45.4198345],[141.6431656,45.4489408],[141.6343457,45.4053783],[141.654909,45.351447],[141.611556,45.311906],[141.614746,45.281226],[141.5706,45.233418],[141.58709,45.153677],[141.736674,44.887322],[141.7852392,44.7217291],[141.79113,44.619512],[141.748662,44.435825],[141.672065,44.323857],[141.6472324,44.3160927],[141.662845,44.050233],[141.658779,44.00528],[141.633033,43.974347],[141.645273,43.971034],[141.646104,43.94183],[141.629621,43.963064],[141.627766,43.922696],[141.560724,43.858975],[141.510341,43.856408],[141.493766,43.836397],[141.387525,43.806702],[141.328753,43.724997],[141.351077,43.643285],[141.386103,43.589325],[141.357736,43.517933],[141.428191,43.419217],[141.423499,43.328237],[141.32049,43.222858],[141.3006901,43.2212634],[141.294149,43.1853632],[141.2760664,43.2007496],[141.161623,43.143874],[141.011655,43.190982],[141.001073,43.20315],[141.020908,43.222941],[141.015649,43.238896],[140.7906418,43.1949366],[140.773967,43.20405],[140.774992,43.226818],[140.642825,43.264767],[140.646302,43.284862],[140.630412,43.297971],[140.606929,43.295825],[140.527258,43.359328],[140.480643,43.375658],[140.461548,43.372116],[140.46026,43.345127],[140.429517,43.329586],[140.346119,43.333714],[140.36024,43.315971],[140.326853,43.258856],[140.324319,43.221934]]]]}},{"type":"Feature","properties":{"adm0_a3":"JPN","shape_name":"Yamaguchi","ihme_name":"Yamaguchi"},"geometry":{"type":"MultiPolygon","coordinates":[[[[132.151772,33.763826],[132.144887,33.730535],[132.126616,33.719541],[132.133749,33.71288],[132.153007,33.727454],[132.151772,33.763826]]],[[[131.947927,33.77964],[131.962483,33.768427],[131.993555,33.779895],[131.967977,33.798169],[131.947927,33.77964]]],[[[132.172716,33.796989],[132.256248,33.766489],[132.273951,33.781181],[132.221113,33.81579],[132.172716,33.796989]]],[[[130.777232,34.115568],[130.782728,34.097491],[130.799852,34.093331],[130.777232,34.115568]]],[[[130.8696931,34.374458],[130.8396524,34.3555057],[130.8399314,34.3451599],[130.8777183,34.353132],[130.8696931,34.374458]]],[[[131.25279,34.43813],[131.172254,34.431844],[131.168175,34.427382],[131.188632,34.398328],[131.214794,34.400619],[131.208033,34.412457],[131.226653,34.427989],[131.222289,34.41652],[131.261113,34.417767],[131.25279,34.43813]]],[[[131.13277726248606,34.766330728643766],[131.148455,34.758305],[131.16409,34.777045],[131.130721,34.798662],[131.13277726248606,34.766330728643766]]],[[[131.407872,34.511612],[131.400784,34.497535],[131.407553,34.489126],[131.419028,34.495272],[131.407872,34.511612]]],[[[131.277244,34.518324],[131.278537,34.496967],[131.294044,34.511384],[131.277244,34.518324]]],[[[130.879494,33.94374],[130.910132,33.92594],[130.902972,33.914384],[130.92348,33.914414],[130.928385,33.926189],[130.924957,33.93688],[130.9163913,33.937622],[130.9146842,33.9383703],[130.9129776,33.9425661],[130.9120279,33.942346],[130.914037,33.953614],[130.879494,33.94374]]],[[[132.056899,33.876252],[132.069994,33.871625],[132.061768,33.883971],[132.056899,33.876252]]],[[[132.265946,34.009344],[132.267653,33.993605],[132.271629,33.995995],[132.265946,34.009344]]],[[[131.601507,34.014978],[131.567873,34.012434],[131.556329,33.989383],[131.601507,34.014978]]],[[[132.352647,33.939338],[132.350216,33.961111],[132.33671,33.947662],[132.352647,33.939338]]],[[[131.819736,33.930695],[131.877669,33.970176],[131.858378,33.990038],[131.841448,33.966721],[131.847433,33.949892],[131.807379,33.951567],[131.819736,33.930695]]],[[[132.118422,33.830042],[132.071011,33.858454],[132.078827,33.827909],[132.054723,33.798499],[132.028057,33.793431],[132.049919,33.784588],[132.087861,33.825623],[132.118422,33.830042]]],[[[131.997164,33.85953],[132.02431,33.852727],[132.017022,33.87122],[131.997164,33.85953]]],[[[132.173429,33.925825],[132.176168,33.894537],[132.203968,33.878901],[132.208042,33.856719],[132.220132,33.874699],[132.279318,33.87085],[132.268362,33.889748],[132.2885165,33.9021576],[132.289667,33.890763],[132.336144,33.884299],[132.331645,33.857759],[132.347267,33.869696],[132.372183,33.862016],[132.36235,33.896205],[132.375625,33.913974],[132.408158,33.909599],[132.421173,33.92518],[132.442642,33.927719],[132.471274,33.945941],[132.472051,33.950174],[132.417227,33.95317],[132.402019,33.928675],[132.369836,33.928423],[132.333785,33.901331],[132.316711,33.906021],[132.319814,33.922731],[132.300835,33.920453],[132.285973,33.95536],[132.263466,33.948581],[132.233989,33.967629],[132.2056385,33.9491874],[132.1845196,33.9537038],[132.1885162,33.9345125],[132.173429,33.925825]]],[[[132.405663,34.014602],[132.427394,34.010793],[132.430839,34.01504],[132.414887,34.030368],[132.405663,34.014602]]],[[[131.005091,34.016786],[131.021216,34.020067],[131.012501,34.026504],[131.005091,34.016786]]],[[[131.696342,34.004271],[131.718841,33.979502],[131.732738,33.982342],[131.711072,33.99978],[131.715412,34.031082],[131.708952,34.035411],[131.696342,34.004271]]],[[[131.779908,34.049057],[131.726353,34.028392],[131.745587,34.023063],[131.779908,34.049057]]],[[[132.068585,34.467671],[132.025068,34.462383],[131.997518,34.427911],[131.989853,34.413424],[132.013467,34.371327],[131.974133,34.341369],[131.959248,34.306459],[131.919261,34.338141],[131.899538,34.318156],[131.887546,34.327237],[131.88129,34.308619],[131.820101,34.302555],[131.776915,34.333451],[131.765246,34.364066],[131.79382,34.436213],[131.697425,34.435308],[131.69912,34.477027],[131.667956,34.504135],[131.706733,34.532928],[131.70283,34.565066],[131.72761,34.576436],[131.718414,34.613403],[131.694819,34.620679],[131.69062189405795,34.6810443234156],[131.667887,34.675996],[131.674848,34.664701],[131.645928,34.65321],[131.650448,34.640892],[131.634567,34.664508],[131.603758,34.662016],[131.588982,34.633237],[131.603045,34.623003],[131.560311,34.618411],[131.538997,34.563005],[131.502129,34.532977],[131.46702,34.538473],[131.455481,34.525487],[131.461915,34.486032],[131.4409,34.483425],[131.416633,34.449036],[131.396899,34.460223],[131.398195,34.446493],[131.420201,34.443323],[131.416449,34.427794],[131.377582,34.422775],[131.3789029,34.4080512],[131.337173,34.418401],[131.306552,34.382888],[131.225142,34.393123],[131.214627,34.370889],[131.1984661,34.3976157],[131.156038,34.372335],[131.131712,34.41771],[131.018121,34.411433],[130.972329,34.442349],[130.932583,34.392093],[130.955193,34.388818],[130.958549,34.407836],[131.015981,34.404946],[131.035909,34.371223],[131.000542,34.374005],[130.92826,34.341483],[130.901468,34.362932],[130.8896849,34.3443696],[130.897565,34.317256],[130.866857,34.287855],[130.92048,34.240992],[130.916265,34.214851],[130.933458,34.188786],[130.895901,34.153233],[130.89678,34.13618],[130.866684,34.136798],[130.860341,34.110923],[130.888388,34.065279],[130.911891,34.059467],[130.905772,33.954206],[130.912896,33.95524],[130.919825,33.952532],[130.9151449,33.9388882],[130.928384,33.9384276],[130.995905,33.989373],[131.002955,34.01738],[131.036762,34.057039],[131.047403,34.042206],[131.099966,34.033042],[131.13417,33.991565],[131.150767,34.003838],[131.1610329,33.9738456],[131.174627,33.975287],[131.157728,33.953113],[131.178347,33.931469],[131.2240045,33.9489851],[131.2241687,33.9589058],[131.2294603,33.9645778],[131.2260394,33.946717],[131.2332246,33.954011],[131.2271512,33.9447285],[131.2153054,33.9366889],[131.2389841,33.9514476],[131.2488767,33.942907],[131.232545,33.9270684],[131.252486,33.9368505],[131.2683891,33.9228961],[131.356047,33.96601],[131.347647,33.982138],[131.378298,34.008011],[131.383577,34.022164],[131.3705374,34.0278165],[131.388446,34.050199],[131.394429,34.026094],[131.415857,34.020732],[131.393994,33.997327],[131.395386,33.985247],[131.421728,34.015607],[131.438249,33.982515],[131.480123,34.011828],[131.464483,34.025192],[131.474156,34.037603],[131.508777,34.023214],[131.509184,34.003568],[131.54039,33.997383],[131.5996389,34.0386406],[131.610044,34.020907],[131.634857,34.046868],[131.697804,34.046495],[131.742076,34.07221],[131.761345,34.067729],[131.739389,34.055293],[131.747351,34.045737],[131.796913,34.059115],[131.781148,34.02749],[131.802343,34.043213],[131.827597,34.029479],[131.7980145,34.0126267],[131.778061,33.973989],[131.816354,33.969423],[131.794635,33.987699],[131.8553523,34.0152133],[131.850192,34.005362],[131.871193,33.998839],[131.861247,33.988117],[131.959964,33.947808],[131.965344,33.918305],[131.981528,33.929496],[132.025618,33.901705],[132.057129,33.920367],[132.044792,33.908698],[132.119835,33.875747],[132.115338,33.833667],[132.144611,33.83361],[132.158266,33.859724],[132.127855,33.887975],[132.11785,33.951159],[132.1894602,33.9654721],[132.2216175,34.0402298],[132.19906,34.118568],[132.222428,34.131082],[132.233407,34.126925],[132.236015,34.131816],[132.2535218,34.1294891],[132.2574019,34.1314652],[132.2302845,34.1872572],[132.2456112024973,34.21067400705021],[132.195429,34.204389],[132.204856,34.228608],[132.144307,34.236817],[132.127355,34.332924],[132.107527,34.328052],[132.085263,34.357882],[132.069797,34.356296],[132.081047,34.443247],[132.068585,34.467671]]]]}}]}