{"type":"FeatureCollection","features":[{"type":"Feature","properties":{"adm0_a3":"NOR","shape_name":"Vestfold og Telemark","ihme_name":"Vestfold og Telemark"},"geometry":{"type":"MultiPolygon","coordinates":[[[[9.366075755623113,58.77144424225252],[9.434651499999958,58.8023358],[9.366909199999963,58.79582629999999],[9.407251,58.80871050000004],[9.394275,58.815629800000025],[9.4644972,58.83671660000002],[9.398342199999977,58.85167540000003],[9.31263349999998,58.825969699999966],[9.297237400000014,58.830263100000025],[9.319513199999975,58.838400100000044],[9.274211499999986,58.83130660000003],[9.304012399999962,58.84813649999997],[9.291734100000038,58.852957],[9.303326599999973,58.890437800000036],[9.327403600000018,58.867545],[9.353030699999977,58.86580530000004],[9.347323,58.88456050000003],[9.35731310000001,58.86275660000003],[9.412077600000025,58.86422090000004],[9.41948770000003,58.875811099999964],[9.3857677,58.875308],[9.421837899999975,58.88042570000004],[9.419887599999988,58.903236799999966],[9.371857600000034,58.880414299999984],[9.367873199999966,58.89337050000004],[9.4228161,58.90759260000004],[9.459769,58.885493],[9.462022599999976,58.91081610000003],[9.468487600000032,58.900948800000016],[9.471923199999988,58.9149121],[9.511191800000041,58.925807800000015],[9.475640100000039,58.923778200000044],[9.4666361,58.9392419],[9.613197,58.929439],[9.620006500000034,58.9390783],[9.5996607,58.9365089],[9.588711,58.945166],[9.647424,58.959475],[9.64966,58.973029],[9.694129,58.965888],[9.70238,58.981713],[9.655939,58.990403],[9.704458,58.986309],[9.705398,59.00806],[9.753606,58.988847],[9.748485,59.015753],[9.6991421,59.047173],[9.647762,59.0467738],[9.627494,59.062467],[9.628355,59.082427],[9.556915,59.108092],[9.562313,59.118563],[9.510155,59.125945],[9.590654,59.116646],[9.580782,59.121553],[9.652053499999958,59.142515],[9.609947300000044,59.2061483],[9.655931099999982,59.145282],[9.6516933,59.139729900000034],[9.6301446,59.13373130000002],[9.64896769999999,59.12166380000004],[9.644332800000011,59.11427490000002],[9.6287869,59.1330693],[9.61529969999997,59.121994],[9.651129100000034,59.102183],[9.643646100000037,59.082095399999965],[9.6630462,59.05643789999998],[9.70509770000001,59.05510620000002],[9.691716799999984,59.061873699999964],[9.692508300000014,59.09711319999998],[9.71697580000004,59.10934670000002],[9.717845,59.069677],[9.740041,59.073136],[9.781022,59.038853],[9.774590900000014,59.0554979],[9.795642,59.091235],[9.806362100000033,59.03732890000003],[9.838755500000019,59.04448040000004],[9.8587075,58.9943743],[9.823393500000034,58.9713981],[9.858152299999979,58.958123],[9.870033900000031,58.97599539999997],[9.9071557,58.965958599999965],[9.9243857,58.9798676],[9.9312889,58.965283300000046],[9.962889899999961,58.961998300000026],[9.9717947,58.98386790000004],[9.985572,58.97018469999996],[10.0399863,58.9777508],[10.03364779999998,58.98905160000004],[10.0501137,59.00145290000002],[10.018802500000024,59.029113700000025],[10.021726,59.050734400000046],[10.050838500000015,59.041246499999986],[10.041108800000021,59.03650680000004],[10.065894099999962,59.043271],[10.0532772,59.03551839999997],[10.074297,59.014997],[10.1672811,59.05114540000004],[10.169482499999983,59.03310710000004],[10.126382099999965,59.023137],[10.13240830000004,59.004217400000044],[10.220809100000029,59.03126089999996],[10.234191,59.0607363],[10.2114566,59.06930710000003],[10.205743200000029,59.07702950000003],[10.230092500000044,59.1008693],[10.223365,59.12679209999999],[10.2414651,59.12649019999997],[10.233022,59.12314],[10.227402400000042,59.11793],[10.227273600000043,59.11606860000001],[10.238589800000032,59.09591590000004],[10.2543884,59.0976062],[10.268265699999969,59.041761499999964],[10.280968700000038,59.07669040000004],[10.265275700000021,59.12583270000001],[10.307715,59.055642200000044],[10.314625,59.0704596],[10.300645399999976,59.08177339999997],[10.312331,59.087806],[10.28039,59.138296],[10.329626,59.129866],[10.307878,59.147237],[10.33237170000001,59.17454720000003],[10.338309300000038,59.21995730000001],[10.3577778,59.2120167],[10.3760976,59.227066399999984],[10.372485700000023,59.27457920000004],[10.396489400000043,59.2782285],[10.42652420000001,59.2593883],[10.4369869,59.270591499999966],[10.460952699999982,59.24434210000003],[10.4875982,59.26546660000004],[10.5043001,59.25485059999998],[10.491387600000014,59.2749595],[10.529577299999971,59.31643310000004],[10.4979,59.322324],[10.461773600000047,59.36954510000002],[10.498510699999986,59.41654730000002],[10.458785100000046,59.4296915],[10.436321800000027,59.446787],[10.455304099999974,59.44499649999998],[10.445417400000046,59.453519200000024],[10.383212700000023,59.438606800000024],[10.351863,59.4797413],[10.334777400000018,59.47019559999996],[10.2807814,59.53095969999998],[10.2394042,59.551816400000035],[10.232226599999962,59.566405899999964],[10.243839,59.572065],[10.334170399999977,59.531823699999975],[10.38446845764507,59.53417687721937],[10.343176827738194,59.56514531017053],[10.319664160876663,59.65893243032244],[10.263482639100648,59.673640699057046],[10.115514598260768,59.67066715366708],[10.08890853490087,59.642568625279935],[10.037463449112352,59.64053280594673],[9.998167758130569,59.66382329606938],[9.97463848548063,59.63257869074983],[9.98107390856908,59.6179518429407],[9.93293080481303,59.60387282499668],[9.941837949840005,59.58691853112926],[9.915329270674045,59.582484104170945],[10.024989775959172,59.51234732337023],[10.059967600641684,59.47302910494437],[10.019384666932813,59.45969117003794],[9.819112470706587,59.46918378967575],[9.758501966371641,59.45827853560071],[9.778087414710651,59.41200210631053],[9.660119707130683,59.40787093157627],[9.5520319667805,59.487254400394846],[9.471744273407923,59.48221126651767],[9.515263540410091,59.538114757741006],[9.464459700186516,59.566755317363636],[9.405566010586144,59.65882800364473],[9.405283923862104,59.68453512044862],[9.333291500961426,59.69277615726961],[9.35478660523497,59.71824920454312],[9.338960026100175,59.71950562272346],[9.344094733829834,59.75729822085716],[9.36775484561656,59.781338829286],[9.186088508167954,59.82698740024533],[9.188569853440235,59.896905735872586],[9.174291604252137,59.90001642165121],[9.192594395119274,59.91681377434676],[9.179507871327298,59.92905809230424],[9.019211167833259,59.98403152975514],[8.992794990828067,59.98077135363834],[9.002420025966241,59.996815983515724],[8.957869676650127,60.09806067369372],[8.722863576326748,60.18310692842185],[8.486105719118632,60.168794448942826],[8.104126000331522,60.1837863813075],[7.812840508909257,60.10265102645966],[7.646000588639938,60.12685202185602],[7.488261749706118,60.0989292900881],[7.442652739576237,60.05732017182402],[7.436428801178534,60.01922769900706],[7.266462725111619,59.98373892682906],[7.232910870550215,59.96271433585313],[7.146821599379819,59.88098066008632],[7.15810538090752,59.86722228097142],[7.141345935324296,59.85363177356415],[7.160960607620036,59.83244611937738],[7.145466668448541,59.811782572310236],[7.096287398953054,59.78277682352601],[7.110451701407094,59.76332059840763],[7.110080240904505,59.70060347398853],[7.367841470604044,59.634749593138835],[7.392620706488051,59.63285779416053],[7.401580900484587,59.65947540726993],[7.442320149421541,59.65870403057813],[7.506116083274649,59.607800911272854],[7.53788605242541,59.60161645272656],[7.551555949862567,59.58662470114033],[7.514550024730594,59.56148397451367],[7.536276474105834,59.52402693781819],[7.625632926681484,59.461783561970265],[7.566065488700776,59.43835361251477],[7.581893544365061,59.43311549227757],[7.539958376691134,59.398818841729295],[7.595393633633644,59.37672933354415],[7.614283057501015,59.32840945080183],[7.696159019830462,59.326748042648326],[7.725057131156404,59.260853295863626],[7.780492266184861,59.22068460847672],[7.743666545598308,59.19845737849522],[7.729243067695776,59.16733391368023],[7.742193239180202,59.14389251638601],[7.805316860602647,59.11706355433997],[7.968093165595668,58.967405217002174],[8.091681737575366,58.94848317340703],[8.136715088615713,58.96109699125854],[8.079481511874805,58.972158611084616],[8.173291567907855,58.982337321266925],[8.309938631538397,58.919456635516056],[8.47645974636482,58.88690530632897],[8.575453841894836,58.931438961840456],[8.65341752664187,58.869406382727654],[8.74371908204689,58.83139821215733],[8.786440282938603,58.84356436938462],[8.792479628798844,58.86446990579858],[8.78112896340113,58.86758306829735],[8.830738161985167,58.91257376307129],[8.761671913084392,58.937365356219516],[8.761995326021577,58.948490838513145],[8.822212655678731,58.969860424900986],[8.83417604762784,58.98808791715023],[8.99488366544991,58.99322716983902],[9.034674320501091,58.932609714793365],[9.166675748821104,58.87930026133758],[9.192029212681607,58.81448230258891],[9.207898211150816,58.8131374687756],[9.196343144766088,58.80344610296881],[9.274620234066399,58.79570119286483],[9.30497942538126,58.77203438558292],[9.328834891298754,58.78521591477612],[9.366075755623113,58.77144424225252]]],[[[9.5123536,58.87187469999996],[9.482383400000028,58.860860900000034],[9.435678400000015,58.859593399999966],[9.4841232,58.8399153],[9.455920500000015,58.85313210000004],[9.532667399999962,58.85111629999996],[9.5207923,58.8586976],[9.537035900000014,58.86121190000003],[9.5123536,58.87187469999996]]],[[[9.473631,58.87289730000001],[9.441619499999977,58.881513100000035],[9.438855299999972,58.867732],[9.473631,58.87289730000001]]],[[[9.613524299999977,58.8875842],[9.5667102,58.84468659999998],[9.545435700000017,58.833692099999965],[9.570154699999978,58.84302870000003],[9.6088174,58.8690691],[9.613524299999977,58.8875842]]],[[[9.566416500000031,58.89348750000004],[9.531579800000035,58.87874030000003],[9.528377099999986,58.874283499999954],[9.57019,58.879335399999974],[9.542813699999964,58.88163369999998],[9.566416500000031,58.89348750000004]]],[[[9.5521135,58.906476599999976],[9.488871899999985,58.8907915],[9.482011900000021,58.877161100000016],[9.4995906,58.8724428],[9.5521135,58.906476599999976]]],[[[9.5028087,58.913983800000025],[9.4818946,58.8903096],[9.552702599999986,58.90773769999996],[9.5400903,58.913882100000045],[9.5028087,58.913983800000025]]],[[[10.1047321,59.02068119999998],[10.092980599999969,59.01769220000003],[10.082621300000017,59.00996550000003],[10.100421699999963,59.0042371],[10.1047321,59.02068119999998]]],[[[9.780425,59.023499],[9.766442,59.030877],[9.762596,59.025397],[9.77001,59.012811],[9.780425,59.023499]]],[[[9.832335500000045,59.02095890000004],[9.802154,59.029254],[9.827007199999983,59.00675409999997],[9.832335500000045,59.02095890000004]]],[[[9.743406799999988,59.04134619999998],[9.753440099999967,59.02349879999996],[9.766113,59.030839],[9.7568005,59.03290080000002],[9.743406799999988,59.04134619999998]]],[[[9.724866700000035,59.06026840000001],[9.7290913,59.045706],[9.747122,59.044428],[9.739439900000036,59.05604609999998],[9.724866700000035,59.06026840000001]]],[[[10.461909,59.084543],[10.462968,59.068532],[10.469638,59.06756],[10.474167,59.080437],[10.461909,59.084543]]],[[[10.44307,59.097809],[10.439891399999969,59.07757480000003],[10.425343,59.08431],[10.430996,59.064793],[10.450525,59.062272],[10.44307,59.097809]]],[[[10.432315,59.120327],[10.426064,59.119628],[10.428235,59.106037],[10.419341,59.101527],[10.429610600000029,59.085674900000015],[10.432315,59.120327]]],[[[10.366299400000024,59.12282630000004],[10.349262,59.11890580000002],[10.361879100000039,59.10861780000002],[10.366299400000024,59.12282630000004]]],[[[10.393789899999973,59.168491399999986],[10.374640699999983,59.157699799999975],[10.387541499999987,59.143460100000034],[10.378658,59.104525],[10.397392,59.094085],[10.391,59.0689954],[10.4063775,59.053428],[10.425373,59.073046],[10.407744,59.097813],[10.419521,59.093845],[10.417055,59.106415],[10.419605,59.119954],[10.436639,59.12847],[10.412846,59.137179],[10.44565,59.153201],[10.393789899999973,59.168491399999986]]],[[[10.34779840000002,59.16913250000001],[10.334379500000047,59.14166449999997],[10.354558,59.149575],[10.359967,59.135184],[10.362070100000032,59.16461460000003],[10.34779840000002,59.16913250000001]]],[[[10.475083,59.200226],[10.463324,59.21111],[10.458514,59.197853],[10.475083,59.200226]]],[[[10.561837,59.214828],[10.539209,59.211258],[10.564812100000044,59.21153779999998],[10.561837,59.214828]]],[[[10.446498499999969,59.242671700000024],[10.4405048,59.2304672],[10.464255,59.22121],[10.4641947,59.23190869999998],[10.446498499999969,59.242671700000024]]],[[[10.392233399999974,59.267561700000016],[10.3857972,59.231501899999984],[10.3640578,59.2091238],[10.365386,59.171219],[10.382993,59.162713],[10.391815400000027,59.178324],[10.4379617,59.1638],[10.467672,59.190327],[10.452063,59.198694],[10.4585429,59.22127250000003],[10.444367200000016,59.22359459999996],[10.429215,59.237087],[10.425729299999965,59.25714510000003],[10.392233399999974,59.267561700000016]]],[[[10.51877929999996,59.39225879999997],[10.5134747,59.377871900000024],[10.53377019999997,59.36643530000002],[10.537502100000019,59.38636740000004],[10.51877929999996,59.39225879999997]]]]}},{"type":"Feature","properties":{"adm0_a3":"NOR","shape_name":"Agder","ihme_name":"Agder"},"geometry":{"type":"MultiPolygon","coordinates":[[[[7.214666650102198,59.67268697626103],[7.098724290462411,59.65129363725159],[7.088961783255725,59.619734935812474],[7.048585475841039,59.58683083489065],[6.991842165924504,59.59702911181879],[6.980262439295842,59.52340302077344],[6.962960119820355,59.51645118853832],[7.022880179837403,59.48120124705421],[6.956709058866076,59.44470825233356],[6.882832573713636,59.42929754800438],[6.932169214141502,59.40026935212053],[6.890901801584439,59.398209409053095],[6.831575654118485,59.31733043922659],[6.837700271133072,59.19258950209871],[6.93917243283138,59.181915619761206],[6.881039377661592,59.144588332811814],[6.90368886737355,59.113403163606364],[6.665525573076708,58.985374522424436],[6.633118463173495,58.939824380194096],[6.560838005326173,58.90995172460092],[6.567544504436133,58.88571317311615],[6.608553474131163,58.88007303722526],[6.518096299564091,58.767413138699595],[6.572749520045431,58.765281643821886],[6.573615846051713,58.741445245395376],[6.606132065040686,58.726783963612675],[6.622347371690915,58.69668112594833],[6.477127414897535,58.67153718242231],[6.436069288617608,58.649328161666745],[6.476676235950825,58.63538649298716],[6.497499210303472,58.60992160376734],[6.532516613245961,58.627877271208575],[6.582724331051711,58.61524989346339],[6.614721322506469,58.62508665221129],[6.587938739425177,58.59016901783216],[6.618217324141008,58.55528511346413],[6.587697948028334,58.49277062514993],[6.607412656286417,58.489429136789916],[6.632150304589455,58.4514008891853],[6.595320608661415,58.416313385825205],[6.608524392717402,58.37217496022648],[6.560330428814872,58.327403215738435],[6.381211800000019,58.274734600000045],[6.648191,58.23339580000003],[6.667551599999987,58.240433400000036],[6.645481,58.270067],[6.664152600000039,58.320545],[6.674337500000037,58.30261869999996],[6.6585853,58.287572],[6.672715500000036,58.2814121],[6.659169400000019,58.266783899999986],[6.703730899999959,58.2561473],[6.694672,58.242284],[6.7186374,58.2199214],[6.8149335,58.262312899999976],[6.932102300000031,58.28890510000003],[6.67497170000002,58.190167800000026],[6.716920200000031,58.17321209999998],[6.6233245,58.1789864],[6.597798499999973,58.131359900000035],[6.5529554,58.11768740000004],[6.627852099999986,58.07015040000002],[6.771343399999962,58.07128],[6.789422200000027,58.0550831],[6.820755100000019,58.06556639999999],[6.818859899999973,58.08234510000004],[6.771703900000036,58.0798423],[6.806261500000032,58.0968276],[6.7264875,58.10200630000003],[6.746238100000012,58.114302500000015],[6.789669399999964,58.09826620000001],[6.794048099999971,58.10919090000003],[6.7751386,58.114983300000034],[6.856068,58.1183095],[6.8681424,58.1341763],[6.805374700000021,58.1561959],[6.810776599999956,58.1712583],[6.792838,58.1843194],[6.830995099999958,58.17760129999997],[6.8698116,58.199490900000036],[6.879591100000026,58.196018],[6.833633400000027,58.17237540000003],[6.909150099999971,58.13084150000004],[7.01824660000001,58.1429829],[7.035568399999969,58.131899299999986],[6.953928600000014,58.11281590000002],[6.902731400000016,58.12641540000002],[6.813180900000026,58.09599260000001],[6.917484599999989,58.0856637],[6.893157,58.07226190000002],[6.920477800000024,58.07150750000004],[6.9278168,58.09274230000002],[6.9541549,58.1069996],[6.931148399999975,58.08283740000001],[6.9648262,58.08230090000003],[6.940045800000027,58.0761283],[6.959472399999965,58.0690784],[6.935058400000015,58.05942770000002],[6.958646800000045,58.0488259],[7.025896699999977,58.11340769999996],[7.06144,58.119077],[7.012061400000013,58.08386839999996],[7.010783399999964,58.05901140000004],[6.997279399999966,58.05431839999996],[7.008399399999975,58.06281540000001],[6.995151400000021,58.066448399999956],[6.990105399999957,58.05305340000001],[7.00222640000001,58.05222040000001],[6.974579900000032,58.046041900000034],[6.988561899999967,58.02901939999997],[7.105164,58.0686989],[7.103518700000032,58.084334100000035],[7.145486500000041,58.071994],[7.043635399999969,58.02802539999997],[7.029378,57.99562429999997],[7.055727799999966,57.979385],[7.111842399999956,58.00677940000004],[7.105577,58.040435599999974],[7.1229274,58.0253784],[7.1417042,58.042941],[7.137850399999989,58.02610939999998],[7.155716400000033,58.04467640000003],[7.177566400000023,58.042302399999976],[7.17872140000002,58.05755340000002],[7.199144399999978,58.05003539999996],[7.193625400000036,58.0445794],[7.199566399999989,58.02725340000004],[7.285123399999959,58.0647914],[7.2753974,58.025998400000034],[7.297396399999977,58.04037639999996],[7.318863399999985,58.025299400000016],[7.320285399999959,58.046440399999966],[7.337047399999962,58.0286104],[7.408457400000023,58.00724740000004],[7.425811399999981,58.0074634],[7.395788400000013,58.020914400000024],[7.428825699999985,58.0197032],[7.404184399999968,58.0274204],[7.431604500000043,58.03111809999998],[7.4083132,58.0448885],[7.4163823,58.04663350000004],[7.447195300000041,58.03491279999998],[7.4231548,58.02635020000001],[7.4321073,58.023444700000034],[7.432229599999983,58.01450480000002],[7.502935400000043,58.02017040000001],[7.498670400000028,58.00680739999996],[7.514244399999969,58.00340540000003],[7.634549499999975,58.01796069999997],[7.672501399999975,58.0143704],[7.6525774,58.0246574],[7.67516840000002,58.020542399999975],[7.681378799999971,58.0385786],[7.66587660000002,58.041157099999985],[7.653168499999973,58.05099490000004],[7.7086513,58.05107559999997],[7.66162250000002,58.10380789999997],[7.711757300000043,58.0768207],[7.686190800000036,58.085449],[7.717707400000039,58.0518939],[7.7841279,58.08242960000002],[7.785406600000021,58.06690420000001],[7.803334300000019,58.0801634],[7.8202131,58.0648506],[7.8472038,58.07639680000002],[7.9110034,58.06995620000003],[7.935213699999965,58.10291149999996],[7.9312928,58.08973489999997],[7.951621100000027,58.075582599999976],[7.9900469,58.101525799999976],[7.956006499999967,58.112366],[7.980182899999976,58.13003879999997],[7.9655463,58.135259],[8.03498,58.14433460000002],[8.051056,58.16166760000002],[8.0349647,58.196268799999984],[8.054906,58.205315],[8.022959700000042,58.2311252],[8.032972199999987,58.23669990000003],[8.086901199999973,58.18752170000002],[8.076853100000013,58.1639022],[8.111545300000044,58.160443299999976],[8.1256454,58.152915700000015],[8.05973710000003,58.1613891],[8.050405600000031,58.1436753],[8.075989499999968,58.1410174],[8.059578200000027,58.124375299999976],[8.061245799999982,58.1192208],[8.089710200000043,58.1339293],[8.087113200000017,58.12171189999996],[8.1246601,58.108328299999975],[8.123711,58.1240557],[8.146450500000023,58.1041561],[8.1663048,58.1200227],[8.137036300000021,58.132842500000045],[8.1737951,58.12622650000002],[8.192868299999988,58.145175499999965],[8.190569899999977,58.16539690000003],[8.207557,58.163647],[8.1952128,58.14644490000001],[8.2138995,58.14379020000001],[8.207054500000032,58.125796100000024],[8.235621100000023,58.12278889999999],[8.2593453,58.133141600000016],[8.216969800000017,58.154978499999984],[8.2677246,58.15947250000003],[8.258856599999985,58.16419790000003],[8.274688,58.165027],[8.278658,58.184248],[8.305364,58.194124],[8.249295,58.20016229999999],[8.253141100000038,58.209098699999984],[8.325205,58.208822],[8.321723,58.213411],[8.357687099999977,58.22677580000003],[8.3434073,58.2363998],[8.391763200000012,58.255754800000034],[8.426796,58.2431918],[8.4390529,58.25067710000001],[8.428805,58.2659],[8.409629800000017,58.26647659999996],[8.43505790000003,58.28861720000001],[8.435465600000013,58.270242299999964],[8.4478467,58.2741297],[8.438984600000031,58.26423930000003],[8.52082,58.268838],[8.516098,58.258836],[8.538082,58.286308],[8.498841,58.278233700000015],[8.523709,58.288815],[8.5132,58.293127],[8.513556,58.3026],[8.530251,58.290375],[8.521329,58.303141],[8.53632129999997,58.3173649],[8.532665,58.291664],[8.552975,58.300184],[8.54601,58.312446],[8.571124799999973,58.310816899999985],[8.612584,58.362837],[8.622848,58.35954],[8.601197,58.335924],[8.617695,58.340582],[8.609043,58.33057090000001],[8.62124,58.327794],[8.642544,58.33835],[8.622068,58.341363],[8.678881,58.357133],[8.66900180000003,58.3718686],[8.689512,58.36663],[8.726382,58.386424],[8.703418,58.393028],[8.7034099,58.40454280000004],[8.727778600000024,58.423855300000035],[8.713149500000016,58.4367546],[8.798322700000027,58.47325149999997],[8.8273979,58.473299300000015],[8.8413807,58.49599110000002],[8.857501599999983,58.488179500000015],[8.855785199999987,58.50127790000003],[8.866278500000012,58.5205986],[8.8796041,58.5262586],[8.8595284,58.49869249999998],[8.884975900000013,58.49793630000003],[8.898515,58.517387100000015],[8.890566800000043,58.51883689999998],[8.887019,58.5250094],[8.962815899999987,58.550070600000026],[8.96769180000001,58.59622729999997],[8.922865199999984,58.57350930000001],[8.944910599999977,58.59165659999997],[8.931902599999985,58.623194],[8.9564834,58.62600240000003],[8.946509799999957,58.6092981],[8.997327900000029,58.58529959999997],[9.018128599999974,58.6077158],[8.993980199999973,58.6125666],[9.0743124,58.6228138],[9.1368828,58.64685290000001],[9.1191418,58.649612199999964],[9.150034,58.6673428],[9.169282,58.656651],[9.231374,58.68727],[9.198487,58.696155],[9.070712500000043,58.68170839999996],[9.0707581,58.68659240000004],[9.220086,58.70451729999998],[9.2446574,58.725382],[9.189737,58.714853],[9.056909700000014,58.725021],[9.087714,58.742223],[9.072387,58.748975],[9.066676,58.7575569],[9.159342,58.738698],[9.183539,58.752617],[9.240107,58.741901],[9.25875,58.756],[9.256192399999975,58.7450671],[9.283925,58.7413],[9.367915,58.768348],[9.196343144766088,58.80344610296881],[9.207898211150816,58.8131374687756],[9.192029212681607,58.81448230258891],[9.166675748821104,58.87930026133758],[9.034674320501091,58.932609714793365],[8.99488366544991,58.99322716983902],[8.83417604762784,58.98808791715023],[8.822212655678731,58.969860424900986],[8.761995326021577,58.948490838513145],[8.761671913084392,58.937365356219516],[8.830738161985167,58.91257376307129],[8.78112896340113,58.86758306829735],[8.792479628798844,58.86446990579858],[8.786440282938603,58.84356436938462],[8.74371908204689,58.83139821215733],[8.65341752664187,58.869406382727654],[8.575453841894836,58.931438961840456],[8.47645974636482,58.88690530632897],[8.309938631538397,58.919456635516056],[8.173291567907855,58.982337321266925],[8.079481511874805,58.972158611084616],[8.136715088615713,58.96109699125854],[8.091681737575366,58.94848317340703],[7.968093165595668,58.967405217002174],[7.805316860602647,59.11706355433997],[7.742193239180202,59.14389251638601],[7.729243067695776,59.16733391368023],[7.743666545598308,59.19845737849522],[7.780492266184861,59.22068460847672],[7.725057131156404,59.260853295863626],[7.696159019830462,59.326748042648326],[7.614283057501015,59.32840945080183],[7.595393633633644,59.37672933354415],[7.539958376691134,59.398818841729295],[7.581893544365061,59.43311549227757],[7.566065488700776,59.43835361251477],[7.625632926681484,59.461783561970265],[7.536276474105834,59.52402693781819],[7.514550024730594,59.56148397451367],[7.551555949862567,59.58662470114033],[7.53788605242541,59.60161645272656],[7.506116083274649,59.607800911272854],[7.442320149421541,59.65870403057813],[7.401580900484587,59.65947540726993],[7.392620706488051,59.63285779416053],[7.214666650102198,59.67268697626103]]],[[[7.6126504,57.98403339999999],[7.568861400000037,57.99430240000002],[7.603797399999989,57.98240039999997],[7.6126504,57.98403339999999]]],[[[7.507491399999976,58.0034534],[7.496650399999959,57.991677399999986],[7.519283399999987,57.974789400000034],[7.551764400000026,57.9938524],[7.507491399999976,58.0034534]]],[[[7.331563399999984,58.02200940000003],[7.350041400000039,58.0031754],[7.3318664,57.9947454],[7.387455400000031,57.99162139999997],[7.362651399999963,58.00692339999996],[7.3755504,58.00964840000001],[7.331563399999984,58.02200940000003]]],[[[7.0178279,58.03264280000001],[7.003431,58.0283393],[7.002951799999989,58.014840099999965],[7.024774699999957,58.0136563],[7.0178279,58.03264280000001]]],[[[7.267222400000039,58.04534640000004],[7.251764400000015,58.040526400000026],[7.2507014,58.02770940000003],[7.2676804,58.02589339999996],[7.267222400000039,58.04534640000004]]],[[[6.926519699999977,58.04970169999998],[6.90632310000001,58.04754529999999],[6.933788700000031,58.039980599999986],[6.926519699999977,58.04970169999998]]],[[[6.850128599999982,58.08058440000002],[6.879412,58.0584622],[6.894917399999988,58.0769055],[6.882438800000012,58.0710938],[6.850128599999982,58.08058440000002]]],[[[7.998344,58.0927152],[7.995230100000027,58.07627330000001],[7.968885500000033,58.0784211],[7.964010700000012,58.06453210000003],[8.0008857,58.0622549],[8.001189,58.08027220000004],[8.029238599999976,58.0790715],[7.998344,58.0927152]]],[[[8.298754,58.185128],[8.284133,58.177111],[8.290621,58.167676],[8.302171,58.17158],[8.298754,58.185128]]],[[[8.310465,58.19364],[8.306386,58.179026],[8.328051,58.186566],[8.323199,58.186796],[8.310465,58.19364]]],[[[8.393454687500034,58.21637258509858],[8.35913819999996,58.22711950000004],[8.326225099999961,58.20789180000004],[8.37061950000002,58.1961816],[8.393454687500034,58.21637258509858]]],[[[6.524918,58.230919],[6.50364,58.23101],[6.503038,58.229206],[6.515147,58.219199],[6.524918,58.230919]]],[[[6.670465,58.233684400000016],[6.652651400000019,58.22460950000002],[6.656342599999986,58.19819060000001],[6.683559699999963,58.2160055],[6.670465,58.233684400000016]]],[[[8.395020699999977,58.2293905],[8.379587799999987,58.23910650000003],[8.369171700000043,58.23278339999999],[8.395020699999977,58.2293905]]],[[[6.563524800000019,58.241376399999986],[6.583856,58.204384],[6.629167099999988,58.19605609999997],[6.636632300000022,58.21825079999997],[6.624699399999988,58.2302069],[6.563524800000019,58.241376399999986]]],[[[6.56016490000002,58.2404963],[6.520799599999959,58.24402090000004],[6.538225700000021,58.2322479],[6.5312362,58.21569269999996],[6.563683,58.212067],[6.56016490000002,58.2404963]]],[[[8.526389,58.251963],[8.502136,58.25008],[8.490944,58.251827],[8.516266,58.24655],[8.526389,58.251963]]],[[[8.47247,58.253288],[8.437861,58.261588],[8.463306900000033,58.24661569999997],[8.47247,58.253288]]],[[[8.74191390000003,58.41215919999997],[8.721,58.41725],[8.723789,58.406385],[8.74191390000003,58.41215919999997]]],[[[8.772423400000017,58.45357370000003],[8.737778800000017,58.43600130000003],[8.7146243,58.43686459999996],[8.74448419999998,58.4159618],[8.775410099999958,58.42432540000003],[8.772423400000017,58.45357370000003]]],[[[8.949441,58.512388],[8.817996,58.460665900000016],[8.780434,58.45954860000003],[8.787174299999977,58.43668070000002],[8.81141110000001,58.43652979999997],[8.817640799999959,58.4536259],[8.83948259999998,58.44798230000004],[8.825982799999975,58.431861100000035],[8.874021600000036,58.448650800000024],[8.8959894,58.4658312],[8.8699829,58.46497370000002],[8.866142,58.468362900000045],[8.905516,58.475248],[8.949441,58.512388]]],[[[8.992969,58.551049],[8.901378600000042,58.5252274],[8.902642099999957,58.51739189999997],[8.944541,58.517505],[8.992969,58.551049]]],[[[8.979971,58.585347],[8.9683633,58.55197180000003],[8.996886,58.552073],[8.995659,58.568966],[8.979971,58.585347]]],[[[9.036458,58.597674900000015],[9.003352,58.591709299999984],[8.9954006,58.57388469999999],[9.008367599999966,58.5666509],[9.019242500000034,58.5700908],[9.036458,58.597674900000015]]],[[[9.08496660000002,58.60045420000003],[9.042560499999984,58.5969973],[9.02788160000003,58.58148820000001],[9.08496660000002,58.60045420000003]]],[[[9.037454500000019,58.6031116],[9.023415,58.60949749999998],[9.017596900000035,58.600689],[9.037454500000019,58.6031116]]],[[[9.103541,58.61695010000004],[9.11324929999997,58.624602400000015],[9.0540378,58.60879329999998],[9.103541,58.61695010000004]]],[[[9.167066,58.73499689999998],[9.093119,58.737868],[9.199877700000037,58.722164300000024],[9.2371561,58.738075],[9.167066,58.73499689999998]]]]}},{"type":"Feature","properties":{"adm0_a3":"NOR","shape_name":"Viken","ihme_name":"Viken"},"geometry":{"type":"MultiPolygon","coordinates":[[[[10.38446845764507,59.53417687721937],[10.408778699999989,59.56326409999998],[10.389804800000025,59.58092620000003],[10.395802200000027,59.58861730000001],[10.412507,59.59040409999997],[10.4144274,59.59232930000001],[10.375524500000012,59.67606750000004],[10.213126500000037,59.736545],[10.283083799999982,59.749161],[10.317726299999986,59.716407800000034],[10.369633700000037,59.71594930000003],[10.3948916,59.689842800000015],[10.431160600000023,59.68530530000001],[10.442004900000047,59.6228828],[10.413649,59.616681700000015],[10.4126937,59.61201269999997],[10.441404099999986,59.60665890000002],[10.411609800000022,59.538672],[10.422029700000014,59.524558],[10.511301200000013,59.51975330000002],[10.6169255,59.56953780000001],[10.599949200000026,59.66603409999996],[10.518090100000045,59.693554],[10.515811499999984,59.762993500000036],[10.497776900000023,59.7635447],[10.504208599999988,59.80299369999996],[10.476185400000016,59.8204744],[10.510672200000016,59.839255700000024],[10.470286900000026,59.836504300000016],[10.496696900000014,59.84620039999998],[10.510691800000039,59.86029],[10.504576599999972,59.876569],[10.528271400000012,59.89056829999998],[10.6121852,59.9033298],[10.591616100000035,59.89329110000002],[10.614249600000015,59.88973030000001],[10.594974099999966,59.88092739999996],[10.613932100000035,59.88652229999997],[10.602138900000014,59.87448420000002],[10.6249012,59.8791105],[10.611889300000033,59.8794421],[10.6420496,59.907261],[10.625326243117472,59.92349796659842],[10.635615448235471,59.947845251349406],[10.610456248561007,59.976609529838846],[10.489165172744224,60.017259873476696],[10.59730403336558,60.07728003637547],[10.572782530114324,60.11678480375127],[10.60394918138021,60.1338597781443],[10.767655871273355,60.11305695441689],[10.754849709311847,60.10024668556983],[10.78574305516874,60.06909684815212],[10.819631408072137,60.064715487781896],[10.811705830231222,60.02546660747157],[10.837688556783764,59.998035519295456],[10.925650263071752,59.9837242420859],[10.95138944182126,59.949242989778405],[10.921416189890223,59.92647496624483],[10.907627884452868,59.88495772824485],[10.93660883589583,59.83170205953353],[10.856299511624034,59.8093113195011],[10.7525497,59.82389470000003],[10.722213400000037,59.754307299999965],[10.7329336,59.72903890000002],[10.7122716,59.71699119999999],[10.725189100000044,59.7311674],[10.704997,59.75445610000002],[10.7153998,59.77266569999998],[10.694370399999965,59.8410921],[10.657716900000015,59.871231700000024],[10.58213840000002,59.762309],[10.609844500000044,59.68619249999997],[10.616539300000017,59.6822413],[10.625482899999984,59.69964560000002],[10.644468600000035,59.70730089999997],[10.619528,59.67353459999999],[10.652778699999988,59.6172869],[10.647603499999981,59.5586867],[10.66918990000001,59.52207290000001],[10.689831799999961,59.527465],[10.679246699999979,59.5111428],[10.6908091,59.477030100000036],[10.652686,59.434792],[10.6578472,59.422718600000024],[10.6508712,59.37361880000002],[10.662654800000016,59.379980799999984],[10.661268100000033,59.359048],[10.673999699999982,59.35998439999997],[10.657205100000034,59.35511670000001],[10.6582675,59.3367132],[10.684523200000019,59.326281800000025],[10.686414700000025,59.303849900000024],[10.73703460000004,59.345584600000024],[10.754581499999972,59.34336590000003],[10.754522100000031,59.32294660000002],[10.719901599999982,59.31771519999999],[10.730883700000039,59.3137639],[10.722449799999968,59.304247499999974],[10.749937699999968,59.318374],[10.759290799999977,59.30788329999997],[10.778826,59.32041230000004],[10.8132739,59.32775130000002],[10.817536199999967,59.32662540000003],[10.741583,59.288800100000024],[10.749055,59.28262760000001],[10.74211009999997,59.27501140000001],[10.731541400000012,59.281617600000025],[10.7244285,59.268245],[10.748549899999983,59.26987520000003],[10.740456800000043,59.254005100000015],[10.739813,59.26572329999996],[10.726798200000044,59.26181949999999],[10.72975980000004,59.228006499999964],[10.793195599999962,59.26407129999996],[10.762257699999967,59.23435509999998],[10.806396700000032,59.20647150000001],[10.7897455,59.19716250000001],[10.79121,59.187255800000024],[10.815135899999962,59.19432340000002],[10.821106200000031,59.1706327],[10.841583799999977,59.1631962],[10.860517,59.170961],[10.856935,59.187652],[10.8841679,59.17495229999997],[10.9007882,59.18564660000002],[10.916736900000036,59.1695661],[10.899269899999965,59.1480465],[10.919831,59.152689],[10.916021,59.138024],[10.937695,59.138087],[10.948977,59.1744],[10.9878892,59.1890449],[10.9957727,59.17692290000004],[11.019671,59.184969],[11.003298,59.173702],[11.020918,59.151156],[11.044495,59.162051],[11.0325,59.127933],[11.108043,59.133385],[11.107904,59.159502],[11.100279,59.161161],[11.06577,59.20310840000001],[11.06453190000003,59.21735990000004],[11.120011200000036,59.14470019999997],[11.146706099999971,59.15875790000003],[11.1670548,59.161548900000035],[11.142411,59.197085],[11.176668,59.186402],[11.184306,59.196644],[11.175633499999972,59.15356030000004],[11.2147762,59.14748789999996],[11.19580880000004,59.12991220000004],[11.203446,59.145114],[11.179360100000025,59.14505610000001],[11.174519199999967,59.1272582],[11.206859,59.1264226],[11.200886200000038,59.111965],[11.230172299999964,59.137708300000014],[11.2,59.091406],[11.2213854,59.10568540000004],[11.225472699999962,59.0935098],[11.216259900000015,59.09700029999997],[11.210088900000038,59.089184599999975],[11.32120830000003,59.117814599999974],[11.388138499999979,59.11874690000002],[11.3748955,59.099202],[11.4108873,59.0703909],[11.407224200000044,59.05576579999997],[11.4339097,59.06358670000004],[11.417839500000039,59.04203290000004],[11.476642,58.98425],[11.453874312580556,58.98546728159702],[11.455634536401034,58.88941241803215],[11.5374131,58.87741829999998],[11.553398499999968,58.89893190000003],[11.572494800000023,58.88782539999998],[11.652003,58.90623340000002],[11.658171,58.931761699999974],[11.675860383889288,58.93506439067716],[11.693641194944686,58.977775890535355],[11.683913800000024,58.9899989],[11.7105158,59.0336756],[11.7809175709626,59.099630230262136],[11.763624399999962,59.114537399999975],[11.782993500000028,59.206643400000026],[11.8296573,59.24098950000002],[11.81624515126733,59.344744447666265],[11.760946399999984,59.428603500000044],[11.753207089407507,59.47936924237755],[11.69112830000001,59.5895487],[11.697964200000023,59.60878130000003],[11.778892399999986,59.64299450000004],[11.855709100000023,59.648295399999974],[11.88921649999999,59.69320830000003],[11.945851397229857,59.70058803241696],[11.923025899999985,59.749940499999965],[11.926056745948873,59.79379407266],[11.833864351208787,59.84243559712157],[11.823035132954516,59.8927889309582],[11.804802585474961,59.898669572488004],[11.802595000459705,59.91947483288257],[11.821408238254623,59.93029832307778],[11.795494720016045,59.96522219652707],[11.839284522336596,60.01606569384533],[11.819385589225293,60.02363367782874],[11.818061279783803,60.05850165729898],[11.791466387187757,60.047783686931666],[11.778080501681064,60.089737604752735],[11.652515668292327,60.12304231745317],[11.562371840786762,60.17596904634305],[11.601894849134117,60.267287337912094],[11.432605392563433,60.33961383532932],[11.34225900365362,60.458798482683456],[11.209564492432234,60.50491438750029],[11.21467304395205,60.56381282430757],[11.15398600286436,60.60514775174884],[11.107826975065722,60.56966954941556],[11.092591982398968,60.51676894132051],[10.980715896589494,60.50011028474907],[10.922567225498472,60.47058176303495],[10.77942541906429,60.48916898110832],[10.710801312018432,60.522143822512156],[10.71130273859208,60.49715701706892],[10.692413062244835,60.49202550650825],[10.710195109102182,60.453973207350884],[10.67197766739276,60.43385709831826],[10.819523497812094,60.42737177910014],[10.903109406137578,60.39629218306161],[10.902088522503904,60.37807290923509],[10.93390269668777,60.346691992064514],[10.882833612537082,60.31872450803291],[10.763072301386224,60.31407779616944],[10.715366497970141,60.339114968282786],[10.605062084488122,60.31210911499562],[10.547379952776716,60.32761656306469],[10.383537172883104,60.3170476904829],[10.365296403751666,60.327812223164806],[10.388487440715567,60.375225347361834],[10.33887438402851,60.36614090946618],[10.261204590898044,60.39362226409773],[10.202076624635092,60.392300516140814],[10.156375213196416,60.522193051671984],[10.09405491341472,60.559566532058135],[10.035329874370314,60.632055006715156],[9.906222232924797,60.63509793206065],[9.952266677339436,60.61089531099921],[9.853391000389554,60.56769476465661],[9.843243636500949,60.58663992890855],[9.832300638892189,60.579725991266805],[9.81047321431253,60.5560568030471],[9.830500167740487,60.45642151907528],[9.611785085509826,60.50034267304074],[9.607069571813371,60.53885508806613],[9.483907348120539,60.52867955629567],[9.41712863783098,60.547769039338405],[9.410588243131267,60.582754858839365],[9.435144329217131,60.599564342329806],[9.378823590232034,60.6213137099013],[9.352647039028192,60.66711740551402],[9.32131719280207,60.67948994548583],[9.33211010483533,60.72990421566358],[9.291303548987784,60.76186300998389],[9.216258959655176,60.77057337220212],[9.146906768369924,60.806831040937695],[8.918991014442591,60.86337604801254],[8.890585181863088,60.896621253227316],[8.654052216694106,60.93594651292347],[8.62108562894405,60.9519029094103],[8.632785599507205,60.96164476425698],[8.60794022056757,60.9822768110573],[8.366334633603588,61.04826346371493],[8.309203759064527,61.09172049882229],[8.21443357326914,61.053910542526154],[8.28266142531555,61.03333065555407],[8.257331728015545,61.008542999521325],[8.220874902480313,61.00429269149557],[8.232816481288193,60.99456442947902],[8.223110666232195,60.96808883068963],[8.153942129965289,60.982232580157174],[8.040872298808834,60.89321496214036],[7.935204877764813,60.897255195108364],[7.879034969056865,60.92404767111184],[7.85151535423501,60.91992277453627],[7.803027072976381,60.89673454080858],[7.704431979178625,60.79277215575902],[7.721540429758409,60.79007162528678],[7.726234979928476,60.76113132289481],[7.704408176667939,60.73912056069166],[7.6146986445305,60.74419434181046],[7.438842391540357,60.66003935185256],[7.546317920014616,60.6574044506305],[7.635850738059022,60.632906967571245],[7.621713632630425,60.59614539443913],[7.639576811719028,60.5595877494119],[7.732114688924781,60.52097049090459],[7.694028296865825,60.42635614980373],[7.67370902729798,60.29433481289451],[7.609751978405852,60.24409458997578],[7.583063882690633,60.17571996614412],[7.488261749706118,60.0989292900881],[7.646000588639938,60.12685202185602],[7.812840508909257,60.10265102645966],[8.104126000331522,60.1837863813075],[8.486105719118632,60.168794448942826],[8.722863576326748,60.18310692842185],[8.957869676650127,60.09806067369372],[9.002420025966241,59.996815983515724],[8.992794990828067,59.98077135363834],[9.019211167833259,59.98403152975514],[9.179507871327298,59.92905809230424],[9.192594395119274,59.91681377434676],[9.174291604252137,59.90001642165121],[9.188569853440235,59.896905735872586],[9.186088508167954,59.82698740024533],[9.36775484561656,59.781338829286],[9.344094733829834,59.75729822085716],[9.338960026100175,59.71950562272346],[9.35478660523497,59.71824920454312],[9.333291500961426,59.69277615726961],[9.405283923862104,59.68453512044862],[9.405566010586144,59.65882800364473],[9.464459700186516,59.566755317363636],[9.515263540410091,59.538114757741006],[9.471744273407923,59.48221126651767],[9.5520319667805,59.487254400394846],[9.660119707130683,59.40787093157627],[9.778087414710651,59.41200210631053],[9.758501966371641,59.45827853560071],[9.819112470706587,59.46918378967575],[9.920556332585422,59.45553134280633],[10.059967600641684,59.47302910494437],[10.024989775959172,59.51234732337023],[9.915329270674045,59.582484104170945],[9.941837949840005,59.58691853112926],[9.93293080481303,59.60387282499668],[9.98107390856908,59.6179518429407],[9.97463848548063,59.63257869074983],[9.998167758130569,59.66382329606938],[10.037463449112352,59.64053280594673],[10.08890853490087,59.642568625279935],[10.115514598260768,59.67066715366708],[10.30294368653299,59.66824168041741],[10.336454543246553,59.63087177066793],[10.343176827738194,59.56514531017053],[10.38446845764507,59.53417687721937]]],[[[11.056947399999984,59.004567399999964],[11.03462980000003,58.9918721],[11.06166590000004,58.990867600000016],[11.056947399999984,59.004567399999964]]],[[[11.113776,59.022653900000044],[11.0650153,59.018167],[11.057369,59.01076540000004],[11.0799999,58.9946224],[11.113776,59.022653900000044]]],[[[11.107475400000034,59.05358720000001],[11.090403200000033,59.04444539999999],[11.08011210000004,59.0248772],[11.106633199999983,59.03032460000003],[11.107475400000034,59.05358720000001]]],[[[10.892809,59.0496454],[10.870059700000013,59.045487100000024],[10.891884799999985,59.03940109999998],[10.892809,59.0496454]]],[[[10.9613201,59.0856951],[10.914815,59.0554507],[10.943971699999967,59.044512],[10.944657400000036,59.030201699999985],[10.967285500000013,59.046135899999975],[10.9613201,59.0856951]]],[[[11.03285110000003,59.0968158],[10.986255600000018,59.08106269999996],[11.003952899999959,59.058779899999955],[10.988498100000022,59.05151269999996],[10.9882809,59.03043359999999],[11.014724800000032,59.031428699999985],[11.016782,59.01704979999999],[11.056864799999989,59.0283963],[11.061421900000013,59.04614659999997],[11.040066299999985,59.041240400000014],[11.037491099999986,59.044869700000014],[11.0897459,59.07160909999999],[11.070139,59.08520939999996],[11.0828339,59.071533899999984],[11.038357399999988,59.06758],[11.03285110000003,59.0968158]]],[[[10.940784500000046,59.10605350000003],[10.8859283,59.07160220000004],[10.8915658,59.06388490000002],[10.922529100000023,59.06555320000003],[10.940784500000046,59.10605350000003]]],[[[11.146056100000013,59.1181349],[11.117211600000033,59.11148610000002],[11.126585100000042,59.09738],[11.146056100000013,59.1181349]]],[[[10.8721893,59.1221838],[10.840416500000028,59.109047],[10.841950699999959,59.1054927],[10.8560982,59.1057945],[10.861417,59.10372310000004],[10.8721893,59.1221838]]],[[[10.916060500000025,59.1255835],[10.8707316,59.10949539999998],[10.858297,59.08973680000001],[10.84863690000002,59.10536259999998],[10.828517599999966,59.0961726],[10.8440282,59.09561129999997],[10.855330499999983,59.0701429],[10.882532,59.083478600000014],[10.87897,59.068439],[10.921349899999978,59.1042251],[10.916060500000025,59.1255835]]],[[[10.9520119,59.13009379999997],[10.944587,59.145408],[10.940517599999989,59.13081170000004],[10.9520119,59.13009379999997]]],[[[11.15624860000002,59.14865250000004],[11.137757,59.150565],[11.125682,59.136682],[11.15624860000002,59.14865250000004]]],[[[10.765750300000022,59.228506300000014],[10.754531,59.2179981],[10.7813096,59.19542690000002],[10.7921912,59.2070037],[10.765750300000022,59.228506300000014]]],[[[10.705006199999968,59.25157629999996],[10.684065,59.22815],[10.705518,59.212639],[10.695068,59.223399],[10.705006199999968,59.25157629999996]]],[[[10.647129600000028,59.5067363],[10.651681,59.49156890000003],[10.62579560000001,59.48250670000002],[10.634322300000033,59.4656167],[10.587962,59.43680780000003],[10.592424599999962,59.41713150000004],[10.65286,59.429900399999966],[10.6459452,59.43835570000003],[10.654207299999975,59.4623233],[10.667027499999971,59.46425360000001],[10.65991,59.476649],[10.675438800000038,59.48652050000004],[10.647129600000028,59.5067363]]],[[[10.567684699999958,59.71971739999996],[10.5482118,59.71615540000003],[10.553694,59.700428],[10.599957800000027,59.6741982],[10.561489800000047,59.702703],[10.567684699999958,59.71971739999996]]],[[[10.550787799999984,59.86746930000003],[10.524287900000019,59.8570608],[10.5266159,59.8524031],[10.549706400000037,59.855976700000014],[10.550787799999984,59.86746930000003]]],[[[10.59015280000002,59.8666521],[10.5608227,59.87427910000002],[10.554094400000015,59.870716700000045],[10.565956400000044,59.857431],[10.59015280000002,59.8666521]]],[[[10.526229199999971,59.882499099999976],[10.506867499999984,59.87587860000002],[10.514787800000015,59.85666],[10.545912600000019,59.870048299999986],[10.51695970000004,59.87174250000001],[10.526229199999971,59.882499099999976]]]]}},{"type":"Feature","properties":{"adm0_a3":"NOR","shape_name":"Rogaland","ihme_name":"Rogaland"},"geometry":{"type":"MultiPolygon","coordinates":[[[[7.096287398953054,59.78277682352601],[6.977219445876675,59.772071350713475],[6.767480243796154,59.7004942939705],[6.704090528461043,59.6939533006948],[6.651877784941872,59.71141620535413],[6.690146856528085,59.769452519129274],[6.678194985105685,59.781625293743474],[6.68532217040821,59.831179890769185],[6.656715624063287,59.844574383578035],[6.569567628716896,59.831726254442835],[6.538058938527324,59.84284665762216],[6.425453510597846,59.78991165303304],[6.333056357804359,59.783858896513934],[6.30243255248058,59.76743146597276],[6.271259161063202,59.735832224318514],[6.268422345638842,59.70323105565499],[6.224855445488863,59.69186342969488],[6.207057916523182,59.64668473738457],[6.186011340490787,59.639936513268864],[6.183041740674711,59.586065792856196],[6.059179387808112,59.59825145790933],[5.969413399889491,59.57896789611709],[5.963017461352431,59.60105564267104],[5.90702428787135,59.60787390326289],[5.824003109167436,59.645966136475714],[5.791801,59.64267489999998],[5.821064399999964,59.609863799999985],[5.743915200000037,59.59824330000004],[5.786800700000038,59.61721660000004],[5.773227700000016,59.64861790000001],[5.594212700000044,59.685683],[5.554033300000038,59.64835429999996],[5.565050299999962,59.63766470000004],[5.552694,59.604226],[5.5848705,59.592701199999965],[5.5638216,59.582099600000035],[5.561682,59.546439],[5.543168,59.54168],[5.550008,59.522087],[5.536064,59.537721],[5.508933,59.511871],[5.472898,59.515118],[5.460432,59.482324],[5.458194855842128,59.498098592590736],[5.422712084441823,59.49967606661767],[5.389424298894996,59.491179452188106],[5.397258458999472,59.48324530159345],[5.364867314733485,59.494999201427106],[5.31587940754415,59.47559307317602],[5.222694,59.502713],[5.223443,59.479658],[5.244296299999961,59.47592779999996],[5.229019900000042,59.4693275],[5.258095,59.46981129999996],[5.2341225,59.4654869],[5.24458350000001,59.46489440000001],[5.232365,59.458512],[5.245864400000032,59.44531370000002],[5.237823699999987,59.43306230000002],[5.298164,59.386089],[5.344333,59.324948],[5.3744915,59.337242],[5.366914,59.408265],[5.384844200000027,59.42363750000003],[5.384167399999983,59.40256690000004],[5.406742500000016,59.3874136],[5.380775,59.373191],[5.408445,59.338885],[5.390908,59.338952],[5.39054,59.31233],[5.4179693,59.2898656],[5.4571577,59.29464989999998],[5.4417613,59.33936310000004],[5.454330299999976,59.3398951],[5.459772,59.376334],[5.468701,59.395624],[5.474755,59.396022],[5.475988,59.364761],[5.454497,59.331112],[5.490444,59.32872849999996],[5.455235700000015,59.314223],[5.475121500000023,59.2748115],[5.519479900000034,59.26942359999997],[5.558292,59.275343],[5.6152764,59.3312785],[5.607784,59.369616],[5.619562,59.372709],[5.607469,59.378585],[5.623496,59.384665],[5.621173,59.400075],[5.581105,59.408044],[5.61972,59.407274],[5.620307399999968,59.4290839],[5.590883900000042,59.45582950000004],[5.590883900000042,59.47547650000001],[5.561305099999968,59.4695174],[5.558777,59.45106220000004],[5.514167699999971,59.42917579999997],[5.462718399999988,59.433840800000034],[5.465834200000041,59.4598201],[5.5239976,59.445067],[5.570506500000038,59.4963829],[5.630849600000042,59.5024521],[5.631021200000029,59.48790019999998],[5.614370099999965,59.49469770000001],[5.6119832,59.47155239999996],[5.637349200000029,59.40327110000004],[5.628719,59.393778],[5.661642,59.352652],[5.658299,59.341965],[5.687403,59.335991],[5.682452,59.324057],[5.645375,59.324047],[5.650708,59.296028],[5.638129,59.285529],[5.650332,59.284768],[5.630739,59.270826],[5.646897,59.259871],[5.665059799999982,59.27409720000004],[5.656257,59.286952],[5.748683,59.32831],[5.741604,59.343056],[5.791172,59.323949],[5.803219,59.348531],[5.826172,59.329084],[5.891996700000023,59.3504761],[5.897010299999982,59.38146920000003],[5.859700399999989,59.40225880000004],[5.842863099999972,59.437428300000036],[5.6673079,59.39142880000004],[5.752315399999985,59.4316248],[5.733183099999971,59.47684550000004],[5.768603300000018,59.43469640000004],[5.854560699999988,59.4642802],[5.850844900000029,59.487353699999964],[5.8080262,59.51871029999997],[5.841195099999984,59.523215],[5.8524772,59.543829],[5.871155700000029,59.539988499999986],[5.871068700000025,59.5021687],[5.8983577,59.497064],[5.885269500000033,59.4816744],[5.908977900000044,59.4743762],[6.199433799999964,59.479868],[6.013520499999968,59.44517950000002],[5.914498,59.449207499999964],[5.927402500000033,59.437003499999975],[5.9131262,59.430667700000036],[5.916004899999971,59.40259849999999],[5.94168570000002,59.3613298],[5.97694240000004,59.35188749999999],[5.981410399999975,59.36958759999998],[6.020171300000031,59.380958],[6.0073615,59.39181270000001],[6.022113599999978,59.3918393],[6.0181035,59.40503169999997],[6.0022819,59.39995290000003],[6.014394,59.4101782],[6.047271899999961,59.395617499999965],[6.12088,59.405648],[6.122172,59.420018],[6.157749,59.4272],[6.217331,59.472785],[6.206049,59.499688],[6.250955,59.520358],[6.270222,59.559428],[6.305956,59.576301],[6.286835,59.594342],[6.2888411,59.61730650000002],[6.312648,59.641093],[6.368788800000024,59.6440691],[6.3291609,59.625073599999986],[6.331091,59.583985],[6.294204899999988,59.5594354],[6.269064,59.517665],[6.444435,59.557441],[6.600456,59.558987],[6.463766,59.548599],[6.272037,59.505819],[6.248322,59.493927],[6.256137,59.468996],[6.213363,59.410986],[6.201989599999957,59.40683270000003],[6.214121,59.444548],[6.177975,59.4197],[6.181511,59.431556],[6.133029,59.416416],[6.133388,59.40029],[6.049778,59.379987],[6.020809,59.341169],[6.085076,59.325464],[6.091764,59.346869],[6.079775,59.346345],[6.10741,59.363352],[6.093096,59.337168],[6.102495,59.320987],[6.174564,59.315912],[6.2015961,59.345577],[6.214267600000033,59.34179479999998],[6.187417,59.317983],[6.226091,59.32291],[6.238139,59.3288],[6.2165043,59.345385200000045],[6.22801,59.354705],[6.215565,59.39029],[6.243062,59.336074],[6.289854,59.318107],[6.2671,59.317631],[6.285154,59.311095],[6.268777,59.309216],[6.274208,59.297678],[6.244874,59.313705],[6.11271,59.300983],[6.154677,59.260164],[6.3594344,59.3197185],[6.557193,59.320322],[6.421635299999972,59.31338520000001],[6.3282196,59.28840190000003],[6.330945,59.270046],[6.308132,59.280202],[6.190397,59.257612],[6.176552199999973,59.2349318],[6.101135,59.219287],[6.084276,59.206105],[6.098427,59.198227],[6.068925,59.192955],[6.022858,59.142991],[6.162298,59.150468],[6.172395,59.13686],[6.087467,59.139335],[6.097195700000023,59.131291200000014],[6.02637,59.114003],[5.977905,59.121461],[5.8905259,59.0858389],[5.889625500000028,59.073506],[5.950452,59.022334],[6.0295111,59.0222183],[6.091532599999971,58.985502],[6.0519815,58.999709099999976],[6.018798400000035,58.9910518],[6.0096306,58.9771797],[6.022275799999987,58.973098800000024],[5.994791800000042,58.97054219999996],[6.0729565,58.903601],[6.099755299999975,58.942944500000024],[6.2621335,59.01197959999996],[6.6518159,59.0533767],[6.282451499999974,58.999989800000016],[6.133147700000018,58.94933240000001],[6.08658470000003,58.900782],[6.1172937,58.87549180000001],[6.174351200000027,58.8486896],[6.247665800000023,58.85122880000003],[6.2677132,58.84918849999997],[6.282294200000015,58.84618379999996],[6.1760191,58.834923900000014],[6.054762100000021,58.895262800000026],[5.964513900000034,58.904209],[5.978752699999989,58.9374964],[5.894837699999988,58.967829],[5.849601,58.9528047],[5.850905100000036,58.929625],[5.786147399999985,58.938732699999974],[5.7745475,58.88286550000002],[5.742233100000037,58.85132479999998],[5.751992299999985,58.89366760000002],[5.7327282,58.9173036],[5.756901900000043,58.939161],[5.742926300000017,58.96143380000004],[5.752459,58.951687],[5.76950180000002,58.96515039999998],[5.5807726,59.0364311],[5.59212240000002,59.0204721],[5.562841099999959,59.0151789],[5.5634127,58.98249219999999],[5.6065082,58.98559439999998],[5.613069900000033,58.975633699999975],[5.5903552,58.9682831],[5.6279519,58.95423310000004],[5.635029799999968,58.9347784],[5.671330400000029,58.9419888],[5.686215399999982,58.92846370000003],[5.6341252,58.895410800000015],[5.6150918,58.90663989999999],[5.6272079,58.93937760000004],[5.608323599999986,58.959614100000024],[5.583055299999961,58.96203419999998],[5.564197700000028,58.942141099999986],[5.605517900000011,58.92869479999997],[5.572564699999981,58.925637200000025],[5.589341399999958,58.912090599999964],[5.576853199999986,58.89957639999997],[5.60284,58.881649],[5.553127399999957,58.8665874],[5.5468665,58.851369599999956],[5.5612635,58.843931],[5.537908700000015,58.81808490000003],[5.545546899999975,58.792583299999976],[5.4894442,58.75355259999998],[5.550243,58.691326300000036],[5.5408551,58.6698274],[5.667325400000033,58.550047599999985],[5.790265800000038,58.519121199999965],[5.789301,58.490789],[5.885043299999969,58.475756099999984],[5.860584,58.475054],[5.875625700000041,58.4642404],[5.996639100000033,58.4768502],[5.998437200000039,58.4620729],[5.976985799999989,58.4616425],[5.9914903,58.449243],[6.003075799999968,58.45812969999996],[5.988675299999956,58.445772199999965],[5.994795900000026,58.42061169999998],[6.0112719,58.41953619999999],[6.009209399999959,58.437592599999974],[6.019263200000035,58.421454800000014],[6.005360900000033,58.4097664],[6.051099700000039,58.37436949999998],[6.066833499999968,58.3858331],[6.1121294,58.355786700000046],[6.239678,58.322642],[6.252274,58.323425],[6.236119299999986,58.33327950000003],[6.240134400000018,58.334496600000016],[6.258265,58.321505],[6.2506342,58.334604300000045],[6.25945680000004,58.34110109999998],[6.263589799999968,58.321029499999966],[6.2923576,58.314530799999964],[6.323503499999971,58.31029980000001],[6.3503874,58.3270218],[6.32244150000003,58.30174590000004],[6.368828700000039,58.2783665],[6.560330428814872,58.327403215738435],[6.608524392717402,58.37217496022648],[6.595320608661415,58.416313385825205],[6.631556414219149,58.448010828749965],[6.607412656286417,58.489429136789916],[6.587697948028334,58.49277062514993],[6.618217324141008,58.55528511346413],[6.587938739425177,58.59016901783216],[6.614721322506469,58.62508665221129],[6.582724331051711,58.61524989346339],[6.532516613245961,58.627877271208575],[6.497499210303472,58.60992160376734],[6.476676235950825,58.63538649298716],[6.436069288617608,58.649328161666745],[6.477127414897535,58.67153718242231],[6.622347371690915,58.69668112594833],[6.606132065040686,58.726783963612675],[6.573615846051713,58.741445245395376],[6.572749520045431,58.765281643821886],[6.518096299564091,58.767413138699595],[6.608553474131163,58.88007303722526],[6.567544504436133,58.88571317311615],[6.560838005326173,58.90995172460092],[6.633118463173495,58.939824380194096],[6.665525573076708,58.985374522424436],[6.90368886737355,59.113403163606364],[6.881039377661592,59.144588332811814],[6.93917243283138,59.181915619761206],[6.847578778456939,59.18267173809029],[6.840758806463652,59.25102386000945],[6.824533075157926,59.26988304287456],[6.831575654118485,59.31733043922659],[6.865142295260788,59.368404131472204],[6.890901801584439,59.398209409053095],[6.932169214141502,59.40026935212053],[6.882832573713636,59.42929754800438],[6.956709058866076,59.44470825233356],[7.022880179837403,59.48120124705421],[6.962960119820355,59.51645118853832],[6.980262439295842,59.52340302077344],[6.991842165924504,59.59702911181879],[7.048585475841039,59.58683083489065],[7.088961783255725,59.619734935812474],[7.098724290462411,59.65129363725159],[7.214666650102198,59.67268697626103],[7.110080240904505,59.70060347398853],[7.110451701407094,59.76332059840763],[7.096287398953054,59.78277682352601]]],[[[5.888038800000016,58.44300350000003],[5.869249499999961,58.444859899999976],[5.8639599,58.428953599999986],[5.888038800000016,58.44300350000003]]],[[[5.960621600000037,58.468580799999955],[5.890235799999987,58.45506409999997],[5.896150900000018,58.451355299999975],[5.888993699999977,58.43907389999997],[5.88037,58.4355372],[5.892167899999977,58.4358808],[5.893079399999989,58.433292499999986],[5.874671100000016,58.4271],[5.903820900000033,58.42623239999999],[5.904972099999982,58.45181740000002],[5.926102899999973,58.456582700000034],[5.9454339,58.4217885],[5.974881499999961,58.4085281],[5.9882754,58.435242],[5.960621600000037,58.468580799999955]]],[[[5.506724,58.9248662],[5.516954,58.91526450000003],[5.492886599999979,58.918588299999975],[5.521975400000011,58.913626699999966],[5.506724,58.9248662]]],[[[5.988495,58.925548],[5.999659,58.908642],[6.026086,58.904499],[6.018891,58.91906],[5.988495,58.925548]]],[[[5.840819900000026,58.963640900000044],[5.819600299999971,58.96187],[5.8032875,58.953590299999966],[5.834142299999966,58.93974760000001],[5.840819900000026,58.963640900000044]]],[[[5.988545300000036,58.992550399999985],[5.969624500000025,58.9782339],[5.985858799999976,58.96799230000001],[6.00334360000001,58.9821853],[5.988545300000036,58.992550399999985]]],[[[5.955361700000038,58.98778990000001],[5.9009254,58.98882119999998],[5.967356300000025,58.97634930000003],[5.955361700000038,58.98778990000001]]],[[[5.746829,59.01189980000002],[5.714090599999965,59.00631360000003],[5.7106861,58.9914267],[5.754861599999982,58.99164180000004],[5.746829,59.01189980000002]]],[[[5.777277,59.048228600000016],[5.7139043,59.037741],[5.682149900000043,59.0442759],[5.706539700000034,59.03148920000002],[5.777277,59.048228600000016]]],[[[5.631225,59.05222],[5.6400518,59.03172960000001],[5.668415399999981,59.04441030000002],[5.648571,59.044780299999985],[5.631225,59.05222]]],[[[5.823557900000042,59.05377720000001],[5.817250300000042,59.03960289999998],[5.8310136,59.035739],[5.833866699999989,59.04662419999996],[5.823557900000042,59.05377720000001]]],[[[5.669097899999963,59.0456155],[5.677511400000034,59.05895120000001],[5.638783400000035,59.05468489999998],[5.669097899999963,59.0456155]]],[[[5.423831,59.072215599999986],[5.393250300000018,59.07370180000003],[5.388951300000032,59.0603079],[5.417622599999982,59.0574975],[5.423831,59.072215599999986]]],[[[5.803565800000031,59.0892622],[5.81115270000001,59.07809569999996],[5.827672,59.079438500000045],[5.82000690000004,59.084517],[5.803565800000031,59.0892622]]],[[[5.631415599999977,59.10053739999997],[5.606150899999983,59.094635599999975],[5.620964900000013,59.0735726],[5.706055300000012,59.06381610000001],[5.631415599999977,59.10053739999997]]],[[[5.5685265,59.100966300000024],[5.579318200000015,59.083133499999974],[5.5987614,59.090429300000025],[5.5933144,59.097699099999964],[5.581683100000022,59.09697530000003],[5.5685265,59.100966300000024]]],[[[5.607548,59.09765939999997],[5.584916500000036,59.1050974],[5.564861399999964,59.10342350000003],[5.607548,59.09765939999997]]],[[[5.7955048,59.120079400000044],[5.818260400000041,59.103188],[5.858727300000032,59.1035864],[5.857393299999968,59.112825700000016],[5.7955048,59.120079400000044]]],[[[5.601934199999969,59.14170080000004],[5.5835464,59.133954500000016],[5.599818299999958,59.124021900000024],[5.565571900000043,59.121540100000026],[5.7013331,59.09878490000001],[5.739304400000011,59.07052450000004],[5.784164300000038,59.081379],[5.782263699999989,59.10777220000004],[5.762733700000021,59.122157500000036],[5.6987568,59.1150294],[5.601934199999969,59.14170080000004]]],[[[5.9267139,59.159229399999965],[5.905873599999966,59.155644900000034],[5.902639399999975,59.12808319999997],[5.880966399999975,59.131756599999974],[5.877371299999966,59.11779390000004],[5.9491663,59.1341915],[5.9267139,59.159229399999965]]],[[[5.981977,59.165418],[5.961165,59.164101],[5.990807,59.160861],[5.981977,59.165418]]],[[[5.945376,59.171887],[5.938238,59.158476],[5.9511404,59.164617600000014],[5.945376,59.171887]]],[[[5.38113,59.192034],[5.383247,59.16511],[5.406411,59.161227],[5.385195,59.17792540000003],[5.413509500000012,59.180097],[5.38113,59.192034]]],[[[5.832023,59.200657],[5.802375899999989,59.184221499999964],[5.8086128,59.16555849999997],[5.773573600000036,59.17655],[5.777243700000033,59.146330799999966],[5.841452,59.139887],[5.88028,59.16681940000002],[5.874771,59.18653],[5.832023,59.200657]]],[[[5.943208,59.210479],[5.9197,59.204224],[5.974222,59.176608],[5.973042,59.191745],[5.943208,59.210479]]],[[[6.095463,59.233118],[5.998697,59.216766],[5.99026,59.203131],[6.019407,59.19695],[6.00699990000002,59.18280459999997],[6.037351,59.182891],[6.100398,59.222088],[6.095463,59.233118]]],[[[5.793215799999961,59.233886],[5.8053816,59.2241801],[5.8405845,59.22289039999996],[5.8368979,59.22876310000004],[5.793215799999961,59.233886]]],[[[5.894759800000026,59.24161540000002],[5.877647299999976,59.23873469999997],[5.884728300000019,59.226803],[5.8973562,59.228647299999956],[5.894759800000026,59.24161540000002]]],[[[5.393173,59.246479],[5.373643,59.199212],[5.420894,59.182722],[5.422597,59.178593],[5.43238,59.17585],[5.441243,59.167234],[5.429326,59.16797],[5.427877,59.161595],[5.447187,59.159696],[5.462581699999957,59.18215920000004],[5.4508011,59.1859855],[5.472683,59.184819],[5.472104,59.200961],[5.456650500000015,59.22488939999998],[5.393173,59.246479]]],[[[5.472201700000022,59.24999680000001],[5.445926,59.253691],[5.445261,59.251399],[5.456470400000034,59.24358349999997],[5.44989,59.239278],[5.472313699999964,59.215674500000034],[5.503175,59.216242],[5.472201700000022,59.24999680000001]]],[[[5.832687300000016,59.2706165],[5.795376599999956,59.26369620000001],[5.786539900000042,59.2483983],[5.815979,59.24267959999997],[5.84073920000001,59.259058],[5.832687300000016,59.2706165]]],[[[5.4742345,59.27227230000004],[5.457614500000018,59.26370270000002],[5.480357,59.252783],[5.4726672,59.269808],[5.485463699999981,59.26715319999997],[5.4742345,59.27227230000004]]],[[[5.864688200000034,59.27911379999998],[5.842055799999967,59.26753070000002],[5.867003,59.24719730000002],[5.886972,59.26483579999998],[5.864688200000034,59.27911379999998]]],[[[5.679544500000032,59.27489230000001],[5.665131,59.272431],[5.667528,59.261498],[5.679544500000032,59.27489230000001]]],[[[5.409950599999979,59.28684430000003],[5.392149599999984,59.27565140000003],[5.417058600000034,59.2741664],[5.409950599999979,59.28684430000003]]],[[[6.05147,59.29692],[5.928435,59.277015],[5.921613,59.258729],[5.94248,59.233929],[5.931098,59.226504],[6.049499,59.238741],[6.104875,59.260602],[6.05147,59.29692]]],[[[4.912839,59.304093],[4.87717,59.319972],[4.854563,59.304935],[4.897844600000022,59.2957043],[4.912839,59.304093]]],[[[5.368514800000023,59.3331979],[5.369210300000015,59.31982520000004],[5.333229,59.316442],[5.352962,59.268591],[5.382265,59.283549],[5.376018,59.298002],[5.363791099999981,59.289563],[5.3816085,59.316816100000025],[5.368514800000023,59.3331979]]],[[[5.983357200000027,59.33615980000003],[5.95445990000003,59.339202100000044],[5.9515538,59.33360309999996],[5.983357200000027,59.33615980000003]]],[[[5.640291,59.371523],[5.622185,59.364462],[5.633676,59.350915],[5.620067,59.353238],[5.621485,59.339126],[5.656204,59.350458],[5.640291,59.371523]]],[[[5.158433,59.403302],[5.140016,59.381972],[5.178063,59.380575],[5.155623,59.390676],[5.169498,59.387886],[5.158433,59.403302]]],[[[5.238329099999971,59.412593199999975],[5.215866600000018,59.38681810000003],[5.2567552,59.365928700000026],[5.209412,59.361101],[5.2254207,59.344755800000016],[5.1866224,59.35489560000001],[5.200818900000014,59.343090199999956],[5.1870108,59.33983650000004],[5.206121,59.315411900000015],[5.229451300000031,59.3146679],[5.211698700000044,59.3118671],[5.229157200000033,59.29882879999998],[5.2749545,59.286752],[5.254830099999962,59.28163089999997],[5.212246,59.304471],[5.210501,59.285299],[5.179798,59.282488],[5.196443500000013,59.2703515],[5.1779779,59.255103200000015],[5.195974500000021,59.24818339999999],[5.16852,59.227119],[5.180593,59.216676],[5.165896,59.205401],[5.184339,59.197155],[5.172438,59.186601],[5.192188600000035,59.17558679999998],[5.194021,59.145786],[5.228194799999985,59.15288219999998],[5.250416,59.139444],[5.275399200000018,59.15294730000004],[5.297782,59.139894],[5.330192,59.27164349999997],[5.2846829,59.2830728],[5.314403599999972,59.2898506],[5.28725,59.30676],[5.325307500000042,59.31131030000002],[5.2782038,59.336382],[5.2981862,59.35360650000002],[5.278809600000022,59.359330200000024],[5.294162599999973,59.37590640000002],[5.238329099999971,59.412593199999975]]],[[[5.08093,59.449492],[5.069662,59.437894],[5.087712500000018,59.429149],[5.094088,59.437130299999986],[5.08093,59.449492]]],[[[5.753902300000012,59.67664820000004],[5.721178,59.682262],[5.731067,59.670022],[5.753902300000012,59.67664820000004]]]]}},{"type":"Feature","properties":{"adm0_a3":"NOR","shape_name":"Nordland","ihme_name":"Nordland"},"geometry":{"type":"MultiPolygon","coordinates":[[[[13.534194700000036,68.06709590000003],[13.539409899999978,68.082855],[13.58760950000002,68.09519260000005],[13.550348800000013,68.105939],[13.581349400000043,68.11841059999998],[13.546661600000022,68.12234540000003],[13.561074399999985,68.1324538],[13.647169299999963,68.14394269999998],[13.6104545,68.132801],[13.604125199999984,68.12333659999997],[13.647823,68.13247990000004],[13.627992700000014,68.12461389999996],[13.654978799999974,68.11338650000003],[13.617406600000038,68.10583819999997],[13.657365099999975,68.09814719999999],[13.633216,68.08221570000005],[13.69549920000004,68.09137620000001],[13.710980799999973,68.07900209999998],[13.734347500000045,68.0867388],[13.7341098,68.10797280000001],[13.71033420000003,68.11027890000004],[13.744651899999983,68.1209954],[13.7413126,68.1369205],[13.75650350000004,68.13972519999999],[13.747061599999967,68.1540685],[13.780818100000026,68.13426739999996],[13.7637092,68.12414130000003],[13.784033200000035,68.1150917],[13.862380499999972,68.12384529999996],[13.8367865,68.14244570000002],[13.855792300000026,68.1466084],[13.841836899999983,68.1513562],[13.846803499999961,68.1561234],[13.848726800000023,68.15196009999997],[13.869930900000039,68.14715349999999],[13.85332210000001,68.1534718],[13.862972,68.1568175],[13.783242200000046,68.1564229],[13.874359199999976,68.1832775],[13.826181499999969,68.1943136],[13.87708010000004,68.19246420000002],[13.887712300000011,68.20561610000001],[13.893956299999989,68.18150579999997],[13.9544841,68.1971196],[13.965257899999962,68.1867061],[13.979361199999985,68.2011879],[14.01690059999996,68.18847660000003],[14.0581495,68.2009571],[14.08544589999996,68.22881289999997],[14.1126583,68.21163869999997],[14.124801099999985,68.2413995],[14.169714700000014,68.25851380000002],[14.089528399999974,68.28848030000002],[14.014101199999974,68.26155420000005],[14.031682099999966,68.25766529999999],[13.973287499999977,68.26992829999998],[13.942447700000017,68.25569669999999],[13.9383648,68.27234029999997],[13.887386599999974,68.28652270000005],[13.9202142,68.29473689999998],[13.956956099999985,68.2685021],[14.031905499999976,68.2792399],[14.007903,68.291104],[14.019945600000018,68.31388509999996],[13.983564799999982,68.34665290000002],[13.900636700000014,68.34397680000002],[13.918854600000042,68.33717650000003],[13.908722,68.32267019999996],[13.8883356,68.32644989999997],[13.902823300000012,68.336634],[13.8903647,68.34398120000003],[13.864168899999974,68.33694250000003],[13.891592299999967,68.33178780000003],[13.85244760000004,68.310685],[13.868225599999985,68.30763429999996],[13.826283300000043,68.30291549999997],[13.839450200000037,68.2941819],[13.8294065,68.28651209999997],[13.802829599999967,68.27892570000003],[13.756767,68.290404],[13.7666096,68.29594960000004],[13.735466299999977,68.28014109999997],[13.776672400000024,68.281786],[13.830553200000018,68.25661749999998],[13.8196499,68.25253820000005],[13.853243100000046,68.2517628],[13.847755500000037,68.24294120000002],[13.780842900000035,68.24125969999997],[13.819735299999959,68.25851950000005],[13.714247100000044,68.27518460000003],[13.7297483,68.27977260000003],[13.718443100000034,68.29867520000005],[13.684956,68.3107209],[13.5704502,68.28705180000004],[13.580484900000013,68.26842170000002],[13.509165499999988,68.24682449999997],[13.648581500000013,68.25329270000003],[13.602850400000023,68.24343420000004],[13.66594910000003,68.23757720000002],[13.559699800000026,68.22966519999997],[13.478371099999965,68.2044922],[13.537609,68.19022850000003],[13.465103,68.17598790000002],[13.552475799999964,68.17443780000002],[13.472044299999975,68.15216839999997],[13.484015399999972,68.14638950000001],[13.593211299999975,68.1843537],[13.619767399999972,68.17040060000002],[13.548716400000039,68.16118229999998],[13.5273917,68.14797449999998],[13.54226710000004,68.14095839999997],[13.4797777,68.12410910000003],[13.460866900000013,68.08268660000002],[13.492992500000046,68.05768930000004],[13.534194700000036,68.06709590000003]]],[[[11.925766993234005,65.09687181326042],[11.9940554,65.1155761],[12.005589199999967,65.1152101],[12.035092800000037,65.1515797],[11.992417,65.168562],[11.943649,65.151484],[11.935947601885243,65.12662524033095],[11.960207336458708,65.11682244887052],[11.925766993234005,65.09687181326042]]],[[[11.878613987824645,65.06635762730131],[11.951527,65.07331360000002],[12.01072,65.1017],[11.97958,65.10514560000001],[11.990017,65.11172390000003],[11.929177,65.097509],[11.878613987824645,65.06635762730131]]],[[[11.96110948453589,65.07709213833164],[12.083021699999975,65.07014729999997],[12.12693,65.05175990000004],[12.179426,65.05440140000002],[12.291763600000017,65.0800118],[12.339785199999987,65.1124578],[12.229874399999986,65.10993130000003],[12.3034609,65.16137640000002],[12.272296800000039,65.1662525],[12.2607856,65.19523090000003],[12.21081529999999,65.2137392],[12.1112517,65.18415359999999],[12.115028500000037,65.12350649999998],[12.156844099999976,65.1283984],[12.16888,65.12141],[12.10137530000004,65.1134407],[12.08567639999998,65.13434280000004],[12.054598799999972,65.10799770000001],[12.069998200000033,65.07908980000002],[12.042490299999976,65.07654929999997],[12.014736700000018,65.098154],[11.96110948453589,65.07709213833164]]],[[[12.187454158836905,65.00008582237167],[12.1975,65.02125],[12.168173199999966,65.04619959999997],[12.0944361,65.04022790000005],[12.12099,65.05062009999996],[12.049918699999985,65.06586309999996],[12.037704727455981,65.04772528496201],[12.049395670963191,65.01511590675379],[12.085053614652617,64.99994766123308],[12.13171170633011,64.99902560724868],[12.119992405406919,65.01292330317594],[12.134317673110239,65.02178986151578],[12.187454158836905,65.00008582237167]]],[[[14.325674981932961,65.11900114424901],[14.379021100000045,65.24804959999997],[14.505657699999986,65.3099238],[14.496771100000029,65.5174317],[14.5295213,65.682227],[14.624004499999966,65.81419090000001],[14.516289808639083,66.13257828044067],[15.035653,66.1535649],[15.484714599999961,66.282458],[15.3772302,66.4843117],[15.625833,66.605833],[16.0387618955011,66.9124470854603],[16.194017679758165,66.98259233078838],[16.3877,67.0455],[16.40401089999999,67.20497950000002],[16.089829849687256,67.43527832334276],[16.1566,67.519458],[16.407567802760276,67.53402605008662],[16.555733,67.647289],[16.738120161439664,67.91421042503293],[17.180003,68.050508],[17.281524478858334,68.11881456201206],[17.664812799999986,68.03847330000002],[17.899762665121845,67.96937037658302],[18.151354895282793,68.19878935636567],[18.101091499999967,68.406043],[18.125923576693584,68.5365147086173],[18.023286542042204,68.60845472685713],[17.54758936996733,68.59700848594373],[17.337709151253208,68.56245600494539],[17.204511847065085,68.55732912905121],[16.866878883485185,68.57276561324059],[16.714294701922306,68.51077783283853],[16.55371921649227,68.49033943999504],[16.557625235102602,68.44730285171852],[16.70863890000003,68.45290809999999],[16.872875499999985,68.4694275],[16.93783170000003,68.51475079999999],[16.99583010000001,68.52608030000002],[17.104905299999974,68.48472880000001],[17.0134356,68.45508919999997],[17.213857300000047,68.45960209999998],[17.544327900000024,68.55107460000002],[17.57443019999998,68.53821079999996],[17.565662299999985,68.5195342],[17.470767799999965,68.46664780000003],[17.63291890000003,68.47543080000004],[17.79357490000002,68.42053889999995],[17.900336,68.41414070000002],[17.81761070000003,68.40658749999999],[17.70990690000003,68.44067960000001],[17.540569299999987,68.45536609999996],[17.379591,68.43289510000002],[17.426041299999962,68.42829430000002],[17.425623400000024,68.4087572],[17.5977641,68.37877339999999],[17.57644890000003,68.37340220000002],[17.42489580000004,68.4031397],[17.384183099999962,68.4218349],[17.29673070000002,68.42031259999997],[17.304315299999985,68.40304350000002],[17.24834219999998,68.3945564],[17.247686800000018,68.37084909999999],[17.278420299999976,68.3506384],[17.284927200000034,68.32694860000002],[17.26251250000004,68.3195104],[17.353532400000017,68.2966803],[17.4071673,68.2601213],[17.3894263,68.24886419999999],[17.357615199999966,68.259454],[17.334592400000016,68.22413540000002],[17.364666200000013,68.20889230000002],[17.322273899999963,68.191902],[17.340717900000048,68.2067388],[17.308828899999963,68.2342705],[17.333998299999976,68.24635649999998],[17.33685159999998,68.2802714],[17.2397,68.31293360000002],[17.230490499999963,68.34151310000001],[17.247540800000017,68.35209120000005],[17.235695500000038,68.37093020000003],[17.188745800000028,68.39129790000004],[17.043723899999975,68.3839539],[17.027715300000047,68.35580649999996],[16.8397518,68.33859179999997],[16.903427400000016,68.36770550000003],[16.899917699999968,68.38398780000004],[16.7727159,68.4021275],[16.78575,68.4136059],[16.76251670000004,68.42069340000005],[16.668645400000038,68.40531820000002],[16.639161,68.42327859999997],[16.5975277,68.42270309999996],[16.48109409999996,68.40834239999997],[16.403087699999986,68.37911110000005],[16.2751098,68.373801],[16.296969,68.36241330000003],[16.2687774,68.36165909999997],[16.290178599999972,68.35225010000005],[16.280856300000025,68.3483301],[16.31153240000003,68.35407629999997],[16.3081399,68.36621279999999],[16.3323313,68.35239460000001],[16.27704120000002,68.33868279999996],[16.2977832,68.3284126],[16.33054410000001,68.3370764],[16.3484707,68.33582309999996],[16.39262659999996,68.32796420000004],[16.349790200000026,68.321483],[16.61949549999997,68.2802563],[16.636636200000044,68.26410140000004],[16.6008425,68.250383],[16.646852599999985,68.23094350000004],[16.63722940000001,68.21474429999998],[16.81383940000003,68.15115770000001],[16.728968100000042,68.1593265],[16.604012700000027,68.2015176],[16.615755799999988,68.22715210000004],[16.545216600000035,68.26984869999995],[16.4042813,68.291404],[16.457148,68.288118],[16.442783799999972,68.29320160000005],[16.451801899999975,68.2978448],[16.358434700000025,68.31545019999997],[16.37140730000002,68.3049457],[16.35225370000002,68.30387590000004],[16.3805195,68.2984009],[16.346199700000042,68.29860290000002],[16.33449939999998,68.30284840000002],[16.348694200000025,68.31104440000003],[16.2945522,68.3217194],[16.266531100000027,68.31024629999999],[16.2378985,68.32395280000004],[16.2718314,68.32659210000001],[16.2423909,68.33286789999995],[16.16907120000002,68.32157930000004],[16.14446279999997,68.2853926],[16.26342220000001,68.2722635],[16.277421,68.25879439999997],[16.3423735,68.2717395],[16.364916699999977,68.24665960000002],[16.1838943,68.23346619999995],[16.196207699999988,68.2114297],[16.445741,68.2244657],[16.4770411,68.24329750000001],[16.458495799999962,68.22913880000002],[16.47790189999998,68.22175140000003],[16.477941,68.20419480000001],[16.6073507,68.18457460000003],[16.5550888,68.1762335],[16.431267799999972,68.204992],[16.401634700000024,68.2084757],[16.38574230000003,68.20659359999998],[16.47648030000004,68.1894848],[16.481777600000026,68.1696671],[16.384888399999987,68.17901679999999],[16.42017340000004,68.1647817],[16.4055139,68.1579484],[16.4186712,68.14000920000004],[16.368860100000028,68.17170859999997],[16.3331943,68.15582730000001],[16.34920830000002,68.145186],[16.338276799999974,68.14079519999997],[16.27715,68.15131920000005],[16.24047750000004,68.1379015],[16.30339670000003,68.12621459999998],[16.281134200000015,68.1183218],[16.327855699999972,68.09829170000005],[16.368181500000013,68.090995],[16.4295635,68.1251099],[16.488176300000013,68.133812],[16.566143799999967,68.09612090000002],[16.73854650000004,68.0865884],[16.647778300000017,68.08592049999999],[16.690498899999962,68.07371849999998],[16.65255090000002,68.06481480000002],[16.639600199999972,68.0811739],[16.531510900000047,68.08686870000001],[16.464433700000015,68.12271120000001],[16.43788559999997,68.09148490000004],[16.406245200000026,68.0909659],[16.357911,68.06198769999997],[16.365190299999966,68.03621610000005],[16.511733500000037,68.02743610000003],[16.458046800000027,68.0029782],[16.490048,67.97921330000001],[16.472881800000017,67.97723920000001],[16.53571850000002,67.97577],[16.524709100000013,67.96594990000003],[16.460146700000045,67.9693703],[16.40529430000004,68.02530049999999],[16.3748807,68.016652],[16.31928680000001,68.03071279999998],[16.339096799999965,67.9918173],[16.392758699999966,67.9530928],[16.47350550000002,67.95314150000003],[16.441503800000024,67.93535379999999],[16.45909560000003,67.91490329999998],[16.304927,67.99434069999995],[16.312743,68.00180789999997],[16.28523830000004,68.0271449],[16.236496800000012,68.03856279999997],[16.23299410000001,68.02465160000003],[16.189606300000015,68.0221415],[16.283294,67.986461],[16.2596886,67.98439429999998],[16.285229400000013,67.96002789999996],[16.238150100000027,67.9027629],[16.464329199999984,67.85995319999996],[16.437051,67.83842719999996],[16.517500200000047,67.81638260000004],[16.45968170000003,67.82046409999997],[16.26879979999998,67.89388570000003],[16.2030839,67.89880809999998],[16.2208307,67.9726002],[16.16167180000001,68.02513709999997],[16.0621004,68.04737369999997],[16.114982599999973,68.0860376],[16.099743899999975,68.0910347],[16.1189344,68.11882240000003],[16.1070221,68.12352630000004],[16.14586950000001,68.1631128],[16.1413759,68.18718510000002],[16.113312,68.19977020000002],[16.1160017,68.1882144],[16.0926272,68.17883360000002],[16.020369300000038,68.18888149999997],[16.121553199999973,68.206434],[16.053885800000046,68.224802],[16.07061369999998,68.23749790000004],[16.065327700000044,68.2547876],[16.002363300000045,68.2658063],[15.928817700000032,68.26046990000005],[15.960009900000017,68.23817989999998],[15.94403,68.2349401],[15.964860100000045,68.22255],[15.958569899999976,68.20393009999995],[15.85252,68.20067],[15.857499899999961,68.1773799],[15.889260099999959,68.17261],[15.87166,68.1612],[15.944518900000016,68.15305370000003],[15.8788201,68.15094],[15.897741200000027,68.14449219999997],[15.8688499,68.14153],[15.89736,68.13371],[15.8457181,68.11089419999998],[15.81864,68.1185301],[15.8069901,68.11832990000005],[15.81918,68.11443009999996],[15.79712990000004,68.11071],[15.8062301,68.0966],[15.74912,68.10888989999995],[15.72523,68.10081],[15.743640099999979,68.08769],[15.664260100000039,68.08803],[15.6462599,68.08018010000002],[15.66378,68.07116010000004],[15.64854,68.06432],[15.65798,68.05968],[15.63123009999996,68.05646],[15.64318,68.06841989999998],[15.60917,68.0749501],[15.65459010000001,68.085],[15.5985,68.1118],[15.70515,68.10486010000004],[15.72892,68.1199801],[15.6859499,68.15006],[15.7257599,68.14989010000002],[15.709500099999985,68.16836990000004],[15.720189900000015,68.16959990000004],[15.68866,68.17178010000003],[15.699739900000043,68.1633],[15.691069899999977,68.16052],[15.64851,68.1768901],[15.667820099999986,68.1872],[15.62043,68.18866],[15.631491099999973,68.18548409999997],[15.593440100000034,68.18160989999996],[15.633790100000034,68.17455],[15.61384,68.1733501],[15.63221,68.16713989999997],[15.61907,68.16362],[15.62806,68.14083],[15.56717,68.14719],[15.59151,68.13304],[15.56309010000001,68.1208701],[15.5311999,68.13454009999997],[15.5178301,68.11974],[15.53548,68.11253009999997],[15.52099,68.10797009999997],[15.48064,68.12700989999996],[15.527950099999966,68.14272],[15.48903009999998,68.1510199],[15.50369,68.16246990000002],[15.40449,68.14332009999998],[15.415229900000039,68.13051],[15.388420100000012,68.12598010000002],[15.41798,68.1305],[15.4226899,68.12564009999996],[15.376530099999975,68.11169],[15.40972,68.09039],[15.358659900000028,68.10787989999997],[15.31309,68.08089],[15.3474001,68.06523],[15.27796,68.06127010000002],[15.304492400000026,68.01884779999997],[15.38289,68.02162289999998],[15.368669900000032,68.00588],[15.415540100000037,67.99579009999998],[15.441900099999973,68.01975],[15.41128,68.02444],[15.3985599,68.03865],[15.54046,68.0619],[15.51344,68.07629989999995],[15.5311999,68.07522],[15.51704,68.08447],[15.5201601,68.10107009999999],[15.59819,68.07371],[15.5707401,68.06996989999998],[15.586980100000037,68.06327010000003],[15.562209900000013,68.05671010000002],[15.587789899999983,68.0548301],[15.57695,68.0449],[15.71023,68.04718990000003],[15.805259900000014,68.0296299],[15.8295,68.03948010000002],[15.755219900000018,68.04444],[15.831450100000023,68.0557],[15.822029899999968,68.05025],[15.97962,68.01207],[15.948410100000011,68.00791010000003],[15.94898010000001,67.9969101],[16.000839199999973,67.99629310000003],[15.947789900000032,67.9928299],[15.97514,67.97859989999998],[15.93369,67.98089010000002],[15.94068,67.96857990000004],[15.8797101,67.97683],[15.92861,67.96480990000003],[15.870169899999965,67.94033009999997],[15.8897,67.9237],[15.8689,67.90634],[15.842709899999964,67.91466990000002],[15.80963,67.95905],[15.745310100000044,67.96996],[15.5875,67.94926],[15.588023500000038,67.93153329999998],[15.52945,67.90931990000003],[15.55932990000002,67.93708],[15.46064,67.9324],[15.33444,67.90164990000001],[15.35778,67.91898009999996],[15.327869900000014,67.91726],[15.17518010000003,67.84847],[15.18957,67.86916010000004],[15.25621,67.88772009999995],[15.20196,67.8906201],[15.23195,67.90386990000002],[15.1348,67.89261],[15.08732,67.89941009999997],[15.101609900000025,67.90784],[15.00995,67.90697990000004],[14.8492,67.87789],[14.904829900000017,67.87282],[14.828990099999984,67.86049009999998],[15.1163899,67.87613],[15.13703,67.86921],[15.11365,67.87026],[15.0973,67.85237010000003],[15.056699900000027,67.86735],[14.94309220000003,67.85349009999997],[14.88397,67.84238990000001],[14.896942300000028,67.83524850000003],[14.883612699999983,67.8306609],[14.810109900000047,67.8487101],[14.7982757,67.84140370000003],[14.810229900000028,67.83388],[14.77169,67.82974],[14.787291599999964,67.82583459999996],[14.757060099999975,67.80442],[14.78247,67.80973],[14.75711,67.7995601],[14.83817,67.80591989999996],[14.850672,67.8035083],[14.83559,67.78891989999998],[14.8754601,67.78690990000004],[14.82762,67.77052],[15.0511692,67.79469440000003],[14.991659899999977,67.76983],[15.144849900000047,67.76286],[15.039540099999972,67.74402],[14.7907699,67.73915],[14.765280100000023,67.72620009999997],[14.895389900000012,67.7115101],[14.736279900000039,67.66863990000002],[14.918519600000014,67.65870149999998],[15.168199600000044,67.71731150000004],[15.208799600000035,67.73847159999995],[15.190649600000029,67.7446315],[15.1994995,67.75498149999997],[15.3800896,67.80387140000002],[15.3988495,67.83399140000003],[15.380359700000025,67.84170149999999],[15.373499500000044,67.87853149999997],[15.399999600000026,67.84216150000003],[15.433699600000029,67.85179140000002],[15.425639499999978,67.87405150000002],[15.455049600000038,67.85250149999999],[15.448579600000013,67.83309139999999],[15.412889600000025,67.82425149999999],[15.431589599999974,67.81115150000002],[15.580421599999973,67.78023080000003],[15.612129,67.78821769999998],[15.78252,67.7406],[15.7890099,67.71308989999997],[15.85559010000004,67.71031990000002],[15.8281576,67.694295],[15.8402699,67.68688],[15.8308724,67.6863366],[15.825389400000024,67.68249410000003],[15.8204502,67.68248479999997],[15.7725301,67.70333],[15.75795,67.73126],[15.7007,67.7326699],[15.601770100000035,67.76463],[15.50601,67.76828],[15.405090100000042,67.74837],[15.475930100000014,67.71621990000004],[15.560879900000014,67.7197799],[15.652920100000035,67.68697990000003],[15.55523,67.7090701],[15.50324,67.70207009999999],[15.53779,67.68254],[15.525,67.68206990000002],[15.30513,67.73759],[15.247460100000044,67.7019],[15.338180099999988,67.69177],[15.23182,67.68582],[15.16083,67.63248009999997],[15.28641,67.6397199],[15.406778,67.6066639],[15.43828,67.6115],[15.42671,67.6023401],[15.45539,67.59485],[15.439670100000026,67.57827],[15.43271,67.60028],[15.2412,67.61665],[15.25687,67.60832],[15.214880099999984,67.5986701],[15.228909899999966,67.59405],[15.2114301,67.5876799],[15.22982,67.58408],[15.215339900000014,67.57617],[15.23037,67.57232010000001],[15.21317,67.55777009999998],[15.291829900000021,67.53475990000001],[15.45759990000002,67.53604],[15.519199900000014,67.51029009999996],[15.65951,67.56141],[15.78264,67.58222009999997],[15.8033,67.5794401],[15.8479,67.59045989999997],[15.886270100000011,67.5953699],[15.918400099999964,67.59442],[15.85634,67.58300010000004],[15.891170099999986,67.58283],[15.8774901,67.5756],[15.67398,67.55293],[15.5265399,67.47984990000003],[15.594328900000033,67.47945910000003],[15.51576,67.45943],[15.51712,67.44536009999996],[15.5815,67.40974],[15.63607,67.4114501],[15.66519,67.43037990000003],[15.69801,67.43778],[15.713778300000026,67.43541530000002],[15.71599,67.43821],[15.727229,67.44103219999998],[15.7159,67.43489],[15.693554899999974,67.43491940000003],[15.643696399999985,67.40748730000003],[15.717678300000038,67.39645130000004],[15.7519864,67.38545179999996],[15.763016500000028,67.35905789999997],[15.725308400000038,67.36238449999998],[15.708751899999985,67.39486780000003],[15.6352699,67.4066],[15.592365500000028,67.39909029999998],[15.611763199999974,67.38780660000002],[15.602665200000022,67.3763194],[15.634333200000029,67.371101],[15.593556,67.34730120000005],[15.58378469999997,67.34932369999996],[15.582409100000017,67.375593],[15.544473500000034,67.37146990000004],[15.5418699,67.40668010000003],[15.474489900000044,67.44447010000005],[15.478852400000044,67.47942570000002],[15.42284,67.4982999],[15.284169900000034,67.5096],[15.152290099999966,67.45302010000003],[15.1388401,67.43156],[15.12967,67.45892009999997],[15.1767599,67.47549009999999],[15.14421,67.4947],[15.241440100000037,67.5089],[15.200769900000012,67.5156],[15.1995599,67.5307],[15.15413,67.53253009999999],[14.996429900000031,67.48633],[14.9277201,67.48989],[15.011769899999972,67.49705009999997],[15.0799399,67.52899990000002],[14.993740099999965,67.56072],[15.0000901,67.57759],[15.090020100000046,67.54331010000001],[15.1519,67.54991],[15.154,67.5634499],[15.120585,67.5666467],[15.112940100000017,67.58291989999996],[15.05538,67.59381989999999],[14.898030099999971,67.56682],[14.6507242,67.47712139999996],[14.714010100000042,67.45151629999995],[15.055478500000042,67.45290190000003],[14.905711400000033,67.43184940000003],[14.866179400000036,67.40723520000003],[14.862492399999972,67.38417119999997],[14.815597200000031,67.38621580000003],[14.855277200000018,67.40714190000004],[14.86953,67.43126740000001],[14.859798199999986,67.436328],[14.8051242,67.44752429999997],[14.755925,67.43471240000004],[14.6369901,67.43812],[14.622836599999967,67.41948669999996],[14.631744700000016,67.41312840000003],[14.57333209999996,67.40395130000002],[14.6408222,67.40207129999999],[14.6175299,67.38806479999998],[14.633173600000028,67.38555589999996],[14.434402300000016,67.30859230000003],[14.390994499999966,67.3079404],[14.36453360000003,67.2864928],[14.4022672,67.29456970000001],[14.395114599999982,67.2883875],[14.308210800000044,67.2637701],[14.323853499999984,67.2534585],[14.590881900000042,67.27661220000005],[14.735814399999981,67.3149028],[14.7085661,67.2941231],[14.7335851,67.28339549999997],[14.705206899999968,67.2704705],[14.722594899999986,67.2632946],[14.6888812,67.25160710000003],[14.7216333,67.24008690000004],[14.869845599999977,67.28308810000001],[14.796271299999987,67.28957649999997],[15.0217212,67.29134139999998],[15.0288801,67.29868],[14.987010200000018,67.2998477],[15.038324600000031,67.322053],[15.172511,67.32991350000005],[15.1417567,67.29435610000002],[15.15326,67.29388],[15.18509330000002,67.3022231],[15.181860100000023,67.31367],[15.23438,67.3343001],[15.23182,67.3445301],[15.2623601,67.34755989999995],[15.2546901,67.31253989999998],[15.037770099999982,67.27235],[15.11413,67.27423],[15.17083,67.25360990000001],[15.253589899999987,67.27087],[15.349023500000026,67.26402990000001],[15.337859899999962,67.24719],[15.24428,67.23381990000003],[15.2960301,67.2284899],[15.430307300000013,67.26025759999999],[15.414405,67.24071509999997],[15.34971,67.2221201],[15.40481,67.22301010000001],[15.391530100000029,67.21742],[15.48155,67.18420009999998],[15.47179,67.17374],[15.484759500000035,67.163289],[15.4443,67.14647],[15.4526801,67.1198599],[15.4343432,67.11471009999997],[15.470522200000026,67.0984958],[15.38889050000003,67.1040864],[15.415484100000022,67.13578939999996],[15.382781,67.12646390000002],[15.418394300000028,67.16786060000003],[15.389623099999984,67.18899260000003],[15.299647399999984,67.19214029999996],[15.221537300000044,67.2211131],[15.138271400000015,67.2098365],[15.088449400000027,67.236624],[15.008949899999969,67.23412930000005],[15.02583,67.22889009999999],[14.998768900000027,67.2174334],[15.011085199999986,67.21335030000003],[14.942856599999988,67.1936488],[14.952244899999979,67.18986479999998],[14.9171561,67.16625680000003],[14.995446099999988,67.138756],[14.999090800000015,67.12108339999999],[14.96955,67.1196],[14.9475713,67.15316480000001],[14.8856245,67.17087590000003],[14.9710799,67.20895],[14.949806600000027,67.20770239999999],[14.941498100000029,67.22493080000004],[15.00640259999997,67.239718],[14.971755899999973,67.249649],[14.843735,67.2279455],[14.79920760000002,67.24016960000004],[14.708590200000039,67.21152049999998],[14.612530100000033,67.22279990000003],[14.511250099999963,67.20769989999997],[14.74679,67.19009009999998],[14.7143906,67.18111750000001],[14.64218,67.18069],[14.62282,67.19777010000001],[14.574603,67.178831],[14.459712400000036,67.18058139999997],[14.485162600000013,67.19581440000003],[14.46655010000002,67.20142],[14.3427099,67.17475010000004],[14.32073,67.16047],[14.341994100000012,67.14770130000004],[14.3080449,67.1262189],[14.3188815,67.1211758],[14.23979569999998,67.09313540000002],[14.3009845,67.09304],[14.327795099999975,67.08231490000001],[14.305879399999966,67.07811020000001],[14.32732750000001,67.076573],[14.39931990000003,67.09596989999999],[14.484570100000017,67.06802009999996],[14.56312,67.07375],[14.60895,67.05737990000003],[14.611640100000024,67.03284],[14.559598499999971,67.01814659999997],[14.5828744,67.03526259999995],[14.571959299999971,67.052813],[14.531501,67.06669549999997],[14.497685600000022,67.05390339999998],[14.4298152,67.08508709999997],[14.416255199999984,67.07627480000004],[14.3911784,67.07909040000003],[14.4085393,67.08415949999996],[14.39853640000004,67.091912],[14.3110646,67.0682945],[14.234500299999976,67.07794820000002],[14.2257272,67.06877240000003],[14.276708299999964,67.05540580000003],[14.2255245,67.00695110000002],[14.2412461,67.00052369999997],[14.180754200000024,66.99897980000003],[14.147785699999972,66.97414049999998],[14.169588599999972,67.00131579999996],[14.1408568,66.99517670000004],[14.10214259999998,67.05755040000003],[14.051580799999975,67.0820033],[14.0394757,67.04286010000001],[14.020133400000013,67.05993250000003],[14.018625699999966,67.0341692],[14.028430500000045,67.03849990000002],[14.017087399999962,67.03034830000004],[14.063012500000017,66.99148329999998],[14.03951920000004,66.9923304],[14.0231603,66.98624760000004],[14.038834300000037,66.98674179999998],[14.012815099999965,66.96181160000005],[14.000473,66.9719048],[14.014195300000033,66.979523],[14.0137881,66.9882073],[13.904856,66.94817489999998],[13.90879,66.964092],[13.893740900000019,66.97151310000001],[13.94425,66.9681628],[14.002247800000035,67.00423449999995],[13.960384499999968,67.012453],[13.873223599999985,67.00159050000003],[13.863275400000031,66.98312079999997],[13.730481900000036,66.9783992],[13.8018423,66.96419330000002],[13.7410506,66.947623],[13.6102537,66.95200760000003],[13.555894799999969,66.9361133],[13.53955,66.94101039999997],[13.555998899999967,66.948752],[13.5452272,66.95455170000002],[13.493590499999964,66.9519546],[13.499265700000041,66.93420379999998],[13.5433154,66.93430269999999],[13.5384912,66.90110880000003],[13.6320266,66.90828250000001],[13.656083900000016,66.88299640000002],[13.735263399999976,66.86137690000001],[13.695054700000032,66.85303769999996],[13.724848899999987,66.84243270000002],[13.672884700000033,66.83213229999997],[13.748325900000037,66.8458718],[13.7693319,66.8354775],[13.745117699999977,66.83206350000005],[13.801792500000044,66.8141974],[14.0008336,66.7973776],[13.819800400000016,66.79491850000002],[13.648663200000023,66.81368380000005],[13.487423799999988,66.79432549999999],[13.524236599999973,66.78430359999997],[13.503739900000046,66.7754672],[13.5481136,66.77223660000003],[13.520345499999987,66.76495809999999],[13.757748500000023,66.75853690000001],[13.547465099999979,66.7552854],[13.562205599999967,66.7465378],[13.5470296,66.74706740000003],[13.554520600000043,66.74064519999997],[13.5485398,66.73612279999998],[13.55697210000002,66.73342079999996],[13.550274299999977,66.7281185],[13.571857700000024,66.7096368],[13.77274719999997,66.7332678],[13.9017937,66.72963040000005],[13.681880400000047,66.71494230000005],[13.715849899999967,66.70863289999998],[13.7105281,66.6993862],[13.5563674,66.697031],[13.53010250000002,66.70484039999998],[13.525142599999974,66.72615989999996],[13.476858400000037,66.7136392],[13.457895,66.72980349999999],[13.398603500000018,66.73379950000003],[13.217002200000017,66.725834],[13.2069062,66.716912],[13.299453399999962,66.70832789999997],[13.27402080000002,66.70447070000004],[13.296257,66.69481280000004],[13.421677600000038,66.69377179999996],[13.402300600000029,66.68771280000001],[13.5309416,66.67099539999998],[13.565634299999974,66.64847940000004],[13.395389900000044,66.65569989999999],[13.40613,66.65913990000004],[13.36153,66.67045009999998],[13.25537,66.66648990000004],[13.228499900000013,66.6814],[13.16761,66.6583301],[13.22597,66.63572],[13.21664,66.63128],[13.352110100000015,66.64253470000004],[13.402,66.63326],[13.42132,66.61811990000002],[13.402,66.6133201],[13.411810100000011,66.62083],[13.369560100000012,66.63677010000004],[13.279180100000044,66.63018],[13.28236,66.61218],[13.255749899999959,66.62455009999995],[13.22644,66.61117],[13.245793200000012,66.59679570000002],[13.22342,66.59939],[13.205133100000022,66.57191740000002],[13.184879200000022,66.5694018],[13.2038705,66.55604239999995],[13.44573990000002,66.56222],[13.49469,66.59186010000003],[13.56188,66.6086],[13.732665200000028,66.60950069999998],[13.56277410000002,66.6010066],[13.469324900000036,66.56586540000004],[13.648876199999972,66.53847960000004],[13.666877099999986,66.515275],[13.506339899999965,66.5477301],[13.261199899999966,66.52845],[13.308487,66.50561179999997],[13.2670999,66.46662],[13.425590100000019,66.47469009999999],[13.256438700000018,66.44570789999999],[13.2097101,66.45497],[13.24159,66.46096],[13.250830100000034,66.47974],[13.21827010000003,66.49190010000002],[13.21441,66.51897],[13.125980100000035,66.53533],[13.126750099999974,66.55068],[12.980670100000037,66.53095990000003],[13.04014440000001,66.49488120000004],[13.100028,66.499251],[13.1038988,66.47470489999996],[13.1717505,66.466093],[13.07682,66.46567010000001],[13.15106,66.43945990000003],[13.140870100000047,66.43038],[13.158424100000033,66.40532009999997],[12.997269900000031,66.35648],[12.991603200000036,66.34505139999999],[13.011308300000014,66.33860380000004],[12.99334010000004,66.34184990000004],[12.9999328,66.331261],[13.098732099999989,66.31087310000002],[13.152772,66.33300140000003],[13.162709599999967,66.32774870000001],[13.110755300000033,66.306979],[13.16171180000001,66.3024279],[13.4357716,66.34925379999997],[13.4865201,66.34589],[13.42949010000003,66.33126010000002],[13.44671,66.32043],[13.562589899999967,66.30723],[13.37211,66.30343],[13.193379900000025,66.27831],[13.11035,66.25072],[13.161560099999981,66.26182],[13.16549,66.26008],[13.16977,66.26231],[13.176890099999984,66.2604699],[13.005808,66.18959760000001],[13.0376099,66.17449010000004],[13.154450100000027,66.1940899],[13.31592,66.25015],[13.385279900000025,66.23694],[13.46583,66.24671],[13.5583,66.27112990000005],[13.567360100000037,66.29052],[13.63293,66.28791010000005],[13.57377,66.2613],[13.619619900000025,66.2411199],[13.735479900000037,66.25707],[13.726359900000041,66.27438],[13.75824010000002,66.27797],[13.73517,66.29491009999995],[13.807810599999982,66.2876552],[13.77137009999998,66.28880989999998],[13.7721,66.27373],[13.731249899999987,66.26547990000002],[13.737350099999968,66.25773],[13.7532301,66.25734010000002],[13.81958,66.27666],[13.90175,66.2704799],[13.93565,66.3023],[14.025390100000013,66.30671990000002],[14.124126,66.34004530000003],[14.164885400000028,66.3364575],[14.17472,66.32348210000004],[14.140509799999968,66.33631950000004],[14.129580099999984,66.30836010000002],[13.9835199,66.27321],[13.9616785,66.2541943],[13.985932599999963,66.2491063],[13.856678199999962,66.22870389999996],[13.788150099999964,66.20430009999997],[13.7873322,66.19085470000002],[13.765868,66.19333540000002],[13.76952,66.20313],[13.821404500000046,66.2377299],[13.7451416,66.2463755],[13.598692299999971,66.2250934],[13.653111700000032,66.20958579999997],[13.61413,66.17931989999998],[13.663999900000046,66.19318010000005],[13.683548899999987,66.17600580000004],[13.789297899999987,66.1852703],[13.8421286,66.163985],[13.82622530000004,66.13754759999998],[13.7928346,66.16176960000003],[13.8120886,66.16590650000002],[13.6497599,66.16351989999998],[13.598140100000023,66.14823],[13.548240099999976,66.10403989999999],[13.540660100000036,66.13721],[13.60975,66.20153010000001],[13.507219900000035,66.19034],[13.48303,66.1926599],[13.586399900000036,66.21717],[13.5708001,66.22981],[13.5825801,66.23452],[13.521909900000018,66.24214],[13.381948399999978,66.2180664],[13.29815,66.22207],[13.235325200000037,66.19968920000002],[13.240294100000028,66.18863150000001],[13.093013,66.16146590000004],[13.0746751,66.14145670000003],[13.063307800000047,66.1514705],[13.0731357,66.15798279999997],[12.8214154,66.1270205],[12.83119,66.12267],[12.6764811,66.0706589],[12.68086850000001,66.06007429999997],[12.75407,66.06204],[12.6570227,66.0432398],[12.83165,66.06827],[12.687975,66.043418],[12.657232600000047,66.03142909999995],[13.051826100000042,66.07676490000001],[12.946689900000031,66.04759],[12.9378959,66.0216816],[12.950021299999982,66.00691469999997],[12.89524919999996,65.97201010000003],[13.090649899999974,65.93188609999999],[13.145642500000033,65.9504655],[13.121109600000015,65.9351754],[13.1702972,65.91009870000003],[13.155258500000034,65.89204230000004],[13.191036099999987,65.86466719999996],[13.187380600000044,65.8394921],[13.12649,65.8961499],[13.08138,65.88868990000005],[13.0303899,65.92538990000001],[12.94207,65.92549989999998],[12.90691,65.95726009999997],[12.8699,65.9572701],[12.8697499,65.97415009999999],[12.678739900000014,65.92814990000004],[12.64157,65.8963699],[12.6339,65.86401990000005],[12.64613,65.86010990000001],[12.60975,65.84829],[12.598560099999979,65.8243199],[12.676050100000037,65.81963010000001],[12.69251010000001,65.84828],[12.693180100000024,65.81989],[12.729229900000028,65.8038],[12.68781,65.79985989999997],[12.71968,65.7778201],[12.6881701,65.78195010000005],[12.67221,65.81395009999999],[12.64842,65.81473010000003],[12.60463,65.80267],[12.58598,65.76886],[12.536862199999966,65.7534092],[12.67223,65.68934989999995],[12.65022,65.65141009999998],[12.70023,65.65358],[12.7855601,65.63425],[12.63582990000003,65.64607010000002],[12.64463,65.67204],[12.611492899999966,65.65092420000002],[12.606479899999968,65.6686401],[12.6474901,65.68488009999996],[12.60598,65.69421010000002],[12.5968901,65.6851199],[12.575200100000018,65.67812990000003],[12.60651,65.7019001],[12.51407990000002,65.73956],[12.429680099999963,65.69697],[12.34835,65.627],[12.367770099999987,65.62785009999999],[12.375696900000023,65.58169110000004],[12.39238,65.5771],[12.40265,65.58572009999997],[12.415780099999974,65.5904199],[12.42084,65.58935],[12.3809801,65.56744],[12.395990099999988,65.54108],[12.426919900000023,65.52779009999998],[12.45001,65.5251101],[12.540182399999967,65.58574689999998],[12.520169900000045,65.55550650000005],[12.457829900000018,65.52089009999999],[12.5261999,65.51536990000002],[12.55527,65.5340101],[12.54959,65.56181009999999],[12.565689899999978,65.58778],[12.577679900000028,65.53207],[12.627479899999972,65.52722009999997],[12.54982,65.50679989999998],[12.594110100000023,65.47425],[12.66554,65.4809901],[12.60494,65.4636699],[12.78201480000003,65.46499490000002],[12.646126600000041,65.44791759999995],[12.65294,65.43467430000004],[12.640654900000015,65.42933209999998],[12.609872099999976,65.43551890000002],[12.711718,65.36382669999998],[12.587692900000015,65.44281310000002],[12.5748017,65.44249579999997],[12.576550800000042,65.41718640000002],[12.591737299999984,65.40612629999998],[12.548853600000044,65.40441370000003],[12.56995259999998,65.437754],[12.5281021,65.45572790000004],[12.514023399999964,65.45386670000005],[12.543951499999984,65.44592749999997],[12.4668531,65.445976],[12.4988753,65.4559399],[12.484990899999971,65.46085450000002],[12.453775600000029,65.45256750000003],[12.493536400000039,65.40862670000001],[12.530612400000042,65.40442989999995],[12.514694200000044,65.3817151],[12.5013475,65.38540209999998],[12.5128065,65.399412],[12.453071400000027,65.42488330000003],[12.441399600000015,65.416962],[12.43387,65.45088990000004],[12.455173400000042,65.46294709999997],[12.4520878,65.47869340000004],[12.327389899999975,65.53721380000005],[12.324720099999965,65.57651790000001],[12.291924199999983,65.58842529999998],[12.22971190000004,65.55394960000001],[12.2753116,65.5631468],[12.2386147,65.54554560000003],[12.26061420000002,65.54544610000005],[12.2354501,65.5239101],[12.254414100000034,65.5277217],[12.234049,65.50069409999998],[12.246580499999983,65.50189119999999],[12.186972100000016,65.46164729999998],[12.22149,65.4646511],[12.176129500000044,65.440416],[12.228682500000044,65.458852],[12.221263,65.48147250000004],[12.300818699999972,65.50481010000001],[12.236555100000036,65.46608609999998],[12.345199100000027,65.49413319999998],[12.326945599999984,65.4685843],[12.35336810000003,65.46739129999997],[12.204222700000035,65.4181799],[12.157939099999982,65.38827249999997],[12.173018300000017,65.3717395],[12.276559300000024,65.39266079999997],[12.2327352,65.36730960000003],[12.241659400000039,65.379647],[12.191063400000047,65.3711706],[12.21684989999996,65.35164949999998],[12.19497270000003,65.34506580000004],[12.194907,65.36762760000005],[12.147149500000044,65.37105370000002],[12.120074800000037,65.33837270000004],[12.129931399999961,65.32780470000004],[12.085389699999972,65.30512690000005],[12.145912199999987,65.3076309],[12.1038716,65.28358409999998],[12.132760600000015,65.284197],[12.116086299999985,65.2735905],[12.1300424,65.27012819999996],[12.104138499999962,65.2671584],[12.114763200000024,65.2531047],[12.08905720000002,65.2426107],[12.1017967,65.236011],[12.0387946,65.21645369999999],[12.076449099999987,65.20922570000003],[12.190909899999959,65.23813],[12.2653425,65.2744219],[12.271577,65.2909514],[12.239091700000039,65.29984349999997],[12.232353500000027,65.32990650000005],[12.2702805,65.3115369],[12.4726902,65.3707139],[12.403770100000045,65.3232],[12.471202599999987,65.32593260000004],[12.35343990000002,65.30313990000003],[12.311539900000025,65.25812],[12.25006980000003,65.23027749999997],[12.276361800000025,65.2272087],[12.314629500000041,65.25914970000002],[12.3626284,65.26801129999996],[12.395169,65.26962719999999],[12.3708092,65.25661440000005],[12.4286437,65.27063059999996],[12.4616663,65.2583432],[12.332989899999959,65.23317010000004],[12.357492500000046,65.22112360000001],[12.4248199,65.2341701],[12.445829900000028,65.2208],[12.425819900000047,65.2071501],[12.51159,65.19581009999999],[12.454910100000017,65.18347010000002],[12.4132201,65.19260989999997],[12.3511199,65.15877],[12.49368,65.13397],[12.73046,65.21514],[12.91883,65.32352],[12.9437365,65.33315460000003],[12.96455010000004,65.32184],[12.856179899999965,65.27352010000004],[12.798059700000032,65.23252729999996],[12.793974300000045,65.21332879999999],[12.707989899999973,65.19304990000005],[12.586220100000013,65.13229],[12.399702,65.0993702],[12.438763799999975,65.087523],[12.4944119,65.10639149999999],[12.454624,65.07252120000001],[12.403404800000018,65.09095480000003],[12.376910900000016,65.08482369999999],[12.384574,65.09336780000002],[12.31389,65.0667501],[12.17028,65.04874990000003],[12.2155,65.0155],[12.21425,64.99625],[12.1825,64.98975],[12.202751930783883,64.97285565150362],[12.276820703895437,64.95978663511262],[12.389166954138297,64.99121623526993],[12.507786182682187,64.97709220996616],[12.561257230787696,64.99031124738366],[12.62866943556069,64.93949726797241],[12.715100904790699,64.95260769837863],[12.76832434414038,64.9407750121661],[12.791317848655664,64.95344862638727],[12.774677105279931,64.97552955849021],[12.906963963624483,64.97424882126914],[12.94805049842179,65.00002293745099],[12.907894606454155,65.02905796328243],[12.967593993754381,65.03287704378587],[12.995960108767953,65.06844894830027],[13.05323872957938,65.07378890850026],[13.085395608574602,65.10996787257164],[13.41124982802612,65.09907800903761],[13.529789011192788,65.11673006788381],[13.62892038987587,65.10531716234478],[14.063855831080097,65.1219575133951],[14.164296948885328,65.13924895004479],[14.325674981932961,65.11900114424901]]],[[[16.006744530220235,68.75564882569346],[16.007098399999965,68.78322910000001],[15.9568634,68.79819259999998],[15.926972,68.773616],[15.8303227,68.74227419999997],[15.769073499999987,68.73655],[15.8837655,68.7877713],[15.908092700000044,68.842076],[15.958056400000032,68.8870989],[15.913581499999975,68.91895239999995],[15.906238500000015,68.96495639999996],[15.7583896,68.95540269999996],[15.721755599999977,68.97234079999997],[15.622244900000016,68.95392410000002],[15.64215880000004,68.950047],[15.601782900000028,68.8964878],[15.635580899999969,68.88613890000002],[15.5769826,68.8896946],[15.549887900000027,68.8631947],[15.681727599999974,68.816582],[15.560180599999974,68.82654380000001],[15.5305557,68.81801719999999],[15.5445,68.82074210000003],[15.535549700000018,68.8015248],[15.472265700000044,68.81881979999996],[15.459641,68.81426859999998],[15.4674496,68.7890171],[15.487989899999977,68.784695],[15.4639186,68.77346229999998],[15.460644400000035,68.75458149999999],[15.522354199999967,68.7281855],[15.660025300000036,68.7428703],[15.645942800000046,68.7395094],[15.652046200000026,68.72717560000002],[15.7157767,68.69326630000002],[15.626255899999975,68.73638080000005],[15.516224799999968,68.72180769999997],[15.451188,68.728629],[15.4371106,68.70894070000001],[15.4774865,68.6746458],[15.463996199999986,68.6638835],[15.6315204,68.6172228],[15.580125399999979,68.61198059999997],[15.563670299999966,68.6349636],[15.460995400000034,68.63205830000004],[15.429711900000044,68.62488159999998],[15.475395500000012,68.60544720000003],[15.41892580000004,68.6209573],[15.3836592,68.59821640000003],[15.3093986,68.59127570000004],[15.337527199999968,68.56671409999996],[15.207435599999975,68.57520739999997],[15.2136201,68.55865819999998],[15.179713599999967,68.53304539999996],[15.2585858,68.53017770000001],[15.287007199999959,68.50495050000002],[15.366496399999964,68.50127520000004],[15.287185,68.49815980000001],[15.259194900000029,68.52196390000003],[15.231576,68.51371330000003],[15.242819899999983,68.50280959999998],[15.21596270000003,68.50304469999998],[15.2272701,68.49416140000002],[15.30937570000004,68.46887280000001],[15.403471599999975,68.4675888],[15.215095899999987,68.46698380000004],[15.195421499999973,68.44180079999997],[15.10896869999996,68.4006204],[15.132197299999973,68.39642670000002],[15.104935,68.39633850000001],[15.06115619999997,68.3587868],[15.081829600000042,68.35482339999997],[14.9779639,68.310619],[15.107497700000017,68.2992973],[15.169204200000031,68.32722540000002],[15.177459200000044,68.31329020000004],[15.255744,68.35909090000001],[15.180233399999988,68.36996950000004],[15.258948200000045,68.36842719999997],[15.364137700000025,68.40705180000003],[15.369625200000026,68.4303797],[15.395911900000026,68.41560659999998],[15.4231096,68.42219749999997],[15.574861099999971,68.5024813],[15.536864600000012,68.51904310000005],[15.580521,68.5117591],[15.5789106,68.49554],[15.61326,68.486873],[15.518954100000016,68.45912390000002],[15.480828,68.4245262],[15.372565200000011,68.38524030000002],[15.357207400000018,68.35451429999998],[15.3574659,68.36572759999999],[15.3275585,68.36211090000005],[15.331728,68.3500929],[15.3628288,68.34266810000001],[15.410343300000019,68.35819379999995],[15.435867,68.3441054],[15.4428707,68.35754349999998],[15.444945399999966,68.340906],[15.4709061,68.34061810000004],[15.50779,68.36216679999997],[15.5003423,68.34504849999998],[15.513797899999982,68.33366730000002],[15.553143500000012,68.3397546],[15.600826,68.32453589999997],[15.572742,68.3250483],[15.556429799999961,68.31302260000001],[15.663178499999987,68.31201739999997],[15.632953199999978,68.32412650000002],[15.692723,68.335222],[15.724228799999974,68.368753],[15.65905470000002,68.3767573],[15.7555826,68.38141150000004],[15.761874,68.39429509999995],[15.735498,68.40432449999997],[15.7729938,68.4357941],[15.780821,68.408738],[15.8388018,68.40741560000002],[15.833044100000016,68.423907],[15.885686699999969,68.46466349999999],[15.869006900000016,68.4723569],[15.87093260000001,68.51001349999997],[15.8847292,68.46626379999996],[15.896516200000011,68.46616409999999],[15.8910553,68.4487122],[15.9106489,68.44752679999998],[15.880112100000044,68.44088710000004],[15.890275300000024,68.4280417],[15.863574400000036,68.38389029999998],[15.9978006,68.40805660000004],[15.991046199999982,68.42167569999997],[16.010439199999983,68.44786760000002],[16.0742637,68.46967250000002],[16.106833800000043,68.5139115],[16.1245141,68.50872080000005],[16.13589630000003,68.5118688],[16.101786699999977,68.52376950000004],[16.115053381531876,68.53891728293087],[16.052008741635074,68.53021280207652],[16.006551534741828,68.54197242731698],[15.996673869857782,68.55570992417664],[16.0272877666041,68.57500807610934],[15.962338153782765,68.61389755157944],[15.88839087121117,68.55788462784818],[15.89105445324458,68.53402523341731],[15.829123582587567,68.53448736832141],[15.648734612071031,68.44334165905562],[15.615068687378763,68.45917365809282],[15.675429744994213,68.48550914707842],[15.667565997456885,68.5113589041846],[15.592541618359434,68.56917869780317],[15.667906784779534,68.58674902740105],[15.67460421489524,68.59695692744366],[15.645453527652592,68.63257790560615],[15.777374755713458,68.65179624708611],[15.804105790192285,68.67659229707373],[15.777458932830983,68.68688384489165],[15.792650382486691,68.70125353703882],[15.784051758445436,68.70927717048959],[15.883518016856742,68.70978752257851],[15.890274820113696,68.7276013682293],[16.006744530220235,68.75564882569346]]],[[[12.4613645,65.13000639999998],[12.300208400000013,65.13227869999997],[12.397406,65.11178349999999],[12.4613645,65.13000639999998]]],[[[12.349721799999958,65.20099039999997],[12.324879199999984,65.19332680000004],[12.3251474,65.185088],[12.3405969,65.1732881],[12.370154800000034,65.18361559999998],[12.349721799999958,65.20099039999997]]],[[[12.317116600000034,65.21913629999999],[12.310260899999982,65.19899120000002],[12.3347959,65.20541509999997],[12.328773499999969,65.20634379999997],[12.317116600000034,65.21913629999999]]],[[[12.0167202,65.23917539999998],[11.974548,65.231752],[11.9641167,65.21398269999999],[12.0387304,65.2064698],[12.0167202,65.23917539999998]]],[[[12.3726867,65.24755310000002],[12.330983699999965,65.24656929999998],[12.313582099999977,65.2376461],[12.3726867,65.24755310000002]]],[[[12.02763,65.4038],[12.00326,65.3859],[12.04280010000003,65.39999],[12.02763,65.4038]]],[[[12.061269900000028,65.46535],[12.03865,65.45852009999996],[12.05143,65.45979],[12.02154,65.45204],[12.049690099999989,65.45336],[12.061269900000028,65.46535]]],[[[12.151729199999984,65.47122879999996],[12.1009916,65.4484505],[12.149048200000024,65.4684683],[12.101333799999981,65.42812190000004],[12.089658699999962,65.4303146],[12.108932499999959,65.44710289999996],[12.03743,65.42036],[12.040110100000035,65.40198],[12.087729699999961,65.42207209999997],[12.070922500000037,65.39563639999997],[12.092455800000025,65.39093320000003],[12.064489499999965,65.38236910000002],[12.10382729999997,65.39254110000002],[12.11421,65.40673990000005],[12.1020308,65.41451060000004],[12.120150800000019,65.40583719999997],[12.110637,65.4152348],[12.136177500000024,65.4165075],[12.155569799999967,65.43816390000002],[12.130751,65.42275980000002],[12.107268699999963,65.4159828],[12.122207,65.44060439999998],[12.171578800000017,65.47210410000001],[12.157606199999972,65.4520455],[12.177448099999989,65.45792290000001],[12.2052131,65.478069],[12.181886799999987,65.46722140000004],[12.184340699999986,65.47354529999997],[12.1643478,65.47303610000003],[12.171640300000043,65.48018010000004],[12.151729199999984,65.47122879999996]]],[[[12.297822799999981,65.46321510000003],[12.3266076,65.48362489999995],[12.273748,65.45954549999998],[12.297822799999981,65.46321510000003]]],[[[12.146619299999962,65.5008619],[12.0735725,65.47030579999998],[12.104836,65.47672809999997],[12.074253500000044,65.45767290000003],[12.1051673,65.4621779],[12.093645799999987,65.45478049999998],[12.159665600000015,65.49253420000002],[12.127439099999982,65.48940969999995],[12.146619299999962,65.5008619]]],[[[12.160819099999976,65.532073],[12.117834,65.5027436],[12.089767399999985,65.493106],[12.104204900000038,65.487594],[12.160819099999976,65.532073]]],[[[12.18474,65.64505],[12.126070100000042,65.61785010000001],[12.12648,65.59457],[12.17551,65.62159],[12.18474,65.64505]]],[[[11.726699,65.679413],[11.708032100000022,65.6660415],[11.756011,65.66797850000005],[11.749409600000039,65.67257519999997],[11.726699,65.679413]]],[[[12.13667,65.68177010000004],[12.083289899999961,65.6927801],[12.07132,65.68333989999998],[12.0352491,65.67450140000001],[12.079069900000029,65.66417],[12.13667,65.68177010000004]]],[[[12.08031,65.69169989999997],[12.03943,65.68528],[12.03617,65.67856990000001],[12.08031,65.69169989999997]]],[[[11.942455,65.715579],[11.952357,65.709757],[11.883076,65.712618],[11.889605,65.704305],[11.821928,65.693289],[11.743059,65.611178],[11.884178,65.610998],[11.849812,65.596803],[11.882342,65.600029],[11.863619,65.592961],[11.906834,65.608775],[11.889511,65.586585],[11.909,65.589412],[12.036914699999969,65.66738680000003],[11.975142,65.675532],[12.0345449,65.67633390000002],[12.0386419,65.6870615],[12.007026599999971,65.70809039999997],[11.938251,65.705935],[11.990652,65.707731],[11.942455,65.715579]]],[[[12.451054600000045,65.72664130000003],[12.330207500000046,65.67984559999996],[12.30321,65.65615],[12.35577240000001,65.65367460000003],[12.451054600000045,65.72664130000003]]],[[[12.488665299999969,65.8074591],[12.4048696,65.77715859999998],[12.404897,65.7593938],[12.3740317,65.74517260000005],[12.477926699999987,65.77211019999999],[12.488665299999969,65.8074591]]],[[[12.346630100000034,65.83168],[12.31957,65.82762010000003],[12.31565140000004,65.81221680000002],[12.346630100000034,65.83168]]],[[[12.57954,65.8390912],[12.527939500000041,65.818312],[12.544712299999961,65.80489449999999],[12.525080099999975,65.80652010000001],[12.517548599999962,65.78638059999999],[12.535028600000043,65.78377910000003],[12.554504499999975,65.8103316],[12.57731,65.82142989999998],[12.5568686,65.80591060000003],[12.566880100000045,65.79312],[12.580330100000015,65.81251010000003],[12.57954,65.8390912]]],[[[12.504893600000045,65.860589],[12.40769230000003,65.832031],[12.396845,65.83969090000002],[12.403884199999982,65.84093290000003],[12.426062500000047,65.85927439999998],[12.401373900000024,65.8555768],[12.3875956,65.820679],[12.418954199999966,65.81539750000002],[12.456065699999975,65.83546780000002],[12.43644460000002,65.82163780000005],[12.458360599999963,65.82146380000003],[12.492507299999978,65.83691930000003],[12.48381630000004,65.8426425],[12.504893600000045,65.860589]]],[[[12.3548898,65.86667530000003],[12.3385108,65.8570849],[12.329469099999969,65.83569340000003],[12.349478199999965,65.84069279999997],[12.3548898,65.86667530000003]]],[[[12.62366,65.88022010000002],[12.6071,65.85669],[12.59357990000003,65.85085],[12.618350099999965,65.85661],[12.62366,65.88022010000002]]],[[[12.357505699999983,65.9372351],[12.304318,65.92577149999997],[12.332466099999962,65.93079949999996],[12.305398700000026,65.91383760000004],[12.332989899999959,65.92099],[12.25099,65.87656009999996],[12.262700100000036,65.88112009999996],[12.2343,65.83697009999997],[12.267040100000038,65.86967990000002],[12.2921799,65.88038],[12.29085990000003,65.86908],[12.29743,65.8957999],[12.376212499999962,65.9334802],[12.357505699999983,65.9372351]]],[[[12.2802591,65.9617086],[12.210668900000044,65.94663260000003],[12.19888210000002,65.92014219999996],[12.213560899999965,65.93919230000002],[12.2802591,65.9617086]]],[[[12.276365399999968,65.99499319999998],[12.261478300000018,65.99327779999999],[12.2389226,65.980959],[12.260775,65.98685050000003],[12.244539799999977,65.97695589999998],[12.254807299999971,65.97513],[12.2159552,65.9626159],[12.288111800000024,65.96722890000002],[12.276365399999968,65.99499319999998]]],[[[12.425374200000029,66.00877360000003],[12.4066679,66.00457159999998],[12.384354,66.00215580000003],[12.402123599999971,65.99873309999998],[12.425374200000029,66.00877360000003]]],[[[12.211543500000023,66.01391850000002],[12.192943299999982,66.0043625],[12.2280153,65.99918140000004],[12.203003300000038,65.97786140000002],[12.263389499999967,65.99597189999996],[12.211543500000023,66.01391850000002]]],[[[12.387793900000045,66.0150397],[12.298557800000044,65.998301],[12.3042089,66.0050009],[12.2702653,66.004421],[12.280794699999987,66.00963120000002],[12.26992020000004,66.00804529999998],[12.2656108,65.99919320000004],[12.2963921,66.00389260000003],[12.275084300000017,65.99640349999997],[12.297481900000019,65.998325],[12.28900080000004,65.97177480000002],[12.310205500000016,65.969769],[12.345297,65.98363579999996],[12.318741900000042,65.9857833],[12.34850310000002,66.0052866],[12.387793900000045,66.0150397]]],[[[12.170352200000046,66.01252489999999],[12.140067700000024,66.01304810000002],[12.141213300000043,66.00187159999996],[12.170352200000046,66.01252489999999]]],[[[12.305427099999978,66.04014569999997],[12.2497688,66.0282413],[12.25864130000003,66.0227133],[12.244395300000011,66.01714069999998],[12.28889740000001,66.02833239999998],[12.263071500000034,66.01569970000004],[12.264122899999986,66.0075119],[12.305427099999978,66.04014569999997]]],[[[12.921870099999989,66.03932009999997],[12.734999900000044,66.01456],[12.614967500000041,65.9803258],[12.66399,66.01427],[12.712161100000042,66.02819670000002],[12.695380900000043,66.02694549999998],[12.721213899999984,66.03280160000001],[12.7220867,66.034741],[12.602450099999963,66.02023],[12.48311,65.9741899],[12.448767399999983,65.94010690000002],[12.4616791,65.9275988],[12.406201699999976,65.92257220000003],[12.380210099999967,65.89418],[12.404550100000012,65.90099],[12.38973,65.88065009999998],[12.535759899999977,65.89675],[12.427774899999978,65.8602934],[12.47212,65.85683],[12.68652990000001,65.95972010000003],[12.92947,66.00386990000001],[12.92792,66.02303],[12.890419899999973,66.02021990000003],[12.921870099999989,66.03932009999997]]],[[[12.58596,66.0482399],[12.530549900000022,66.04839],[12.50968,66.04294],[12.555770099999975,66.03485],[12.58596,66.0482399]]],[[[12.031883,66.0580662],[11.994412,66.04254960000002],[11.990252500000032,66.03616429999998],[12.021105700000035,66.04750820000004],[12.031883,66.0580662]]],[[[12.51636,66.14871010000005],[12.474943100000036,66.1405908],[12.468031499999977,66.13575460000004],[12.495733899999962,66.13686550000003],[12.51636,66.14871010000005]]],[[[12.40442,66.1461],[12.35081,66.14827010000005],[12.3408501,66.12865],[12.40442,66.1461]]],[[[12.3491801,66.17586989999998],[12.31911,66.16717010000002],[12.256839900000017,66.12001],[12.313309900000014,66.13227990000004],[12.3491801,66.17586989999998]]],[[[12.39428,66.16806990000005],[12.35657,66.16577],[12.3530801,66.1567499],[12.39428,66.16806990000005]]],[[[12.7587989,66.18618740000002],[12.670519899999967,66.17669],[12.69622,66.17925],[12.67543,66.17139009999995],[12.695979900000044,66.17503],[12.6890642,66.16242960000001],[12.705089900000011,66.15828009999997],[12.68233,66.14438009999998],[12.767166600000014,66.1401542],[12.806843800000035,66.1546167],[12.73164280000001,66.17595],[12.727556799999974,66.15601690000003],[12.7275614,66.1770401],[12.7587989,66.18618740000002]]],[[[12.963441499999973,66.21349089999995],[12.8781899,66.19732990000003],[12.8480501,66.16468],[12.964781700000017,66.17771670000002],[12.963441499999973,66.21349089999995]]],[[[12.591545500000013,66.2268137],[12.548554,66.21841540000001],[12.583460300000016,66.21841189999998],[12.552912,66.20205359999999],[12.45018910000002,66.18940020000002],[12.504496300000035,66.19336670000003],[12.4253063,66.15332250000002],[12.492903,66.17803130000003],[12.587314,66.170858],[12.54341,66.15906130000003],[12.5879277,66.16551409999997],[12.47954920000003,66.12509950000003],[12.501776399999965,66.12024679999998],[12.4842066,66.10774629999997],[12.46714569999996,66.110881],[12.356989900000027,66.09502010000003],[12.328324899999977,66.0863979],[12.347694199999971,66.08990239999997],[12.329158600000035,66.07354409999998],[12.343037699999982,66.0828533],[12.3554525,66.08531960000005],[12.335482799999987,66.0756751],[12.334751599999972,66.07139990000003],[12.469864600000037,66.08919069999997],[12.310536599999967,66.0392229],[12.329271499999962,66.03316949999999],[12.298167299999974,66.019255],[12.471354400000024,66.03927619999997],[12.667336299999988,66.10319719999998],[12.653005399999962,66.12293090000001],[12.595550099999976,66.11337989999998],[12.650548900000015,66.13613970000002],[12.622255100000036,66.14808620000002],[12.5848427,66.12369860000004],[12.551792799999962,66.13018620000001],[12.629211200000046,66.15678259999996],[12.615603299999979,66.1628395],[12.6314026,66.18895680000001],[12.591545500000013,66.2268137]]],[[[12.28844,66.25261],[12.24997,66.24451],[12.26209,66.24396],[12.2488199,66.23758],[12.28844,66.25261]]],[[[13.18342,66.28433],[12.98787,66.27501990000003],[12.9196771,66.22835609999996],[12.99828,66.23192],[13.18342,66.28433]]],[[[12.82438989999999,66.30376],[12.716850099999967,66.26614990000003],[12.724449900000035,66.2593599],[12.6989,66.24721010000005],[12.75518,66.24573],[12.74316,66.22764009999996],[12.77673,66.21355989999998],[12.848279900000016,66.23631010000003],[12.804589899999975,66.2137],[12.811929900000042,66.20943989999998],[12.89122,66.24611009999998],[12.89133,66.28268010000004],[12.82438989999999,66.30376]]],[[[12.62577,66.35688],[12.551870099999963,66.33705990000001],[12.62219,66.35427009999998],[12.5389999,66.31894990000004],[12.614139900000044,66.33840989999999],[12.62577,66.35688]]],[[[12.611910100000024,66.36179],[12.58374,66.3698],[12.570339899999961,66.35681],[12.53648,66.35115010000003],[12.511079900000045,66.33743],[12.588799900000037,66.35029990000002],[12.574090100000014,66.35096990000004],[12.611910100000024,66.36179]]],[[[12.8920799,66.3648],[12.85651990000003,66.36329989999997],[12.89289,66.36278],[12.8920799,66.3648]]],[[[12.3805539,66.367723],[12.3159269,66.371271],[12.30480190000003,66.35528879999998],[12.349541799999987,66.35185159999997],[12.3805539,66.367723]]],[[[12.595129900000025,66.37739009999997],[12.57686,66.37506010000001],[12.547339900000033,66.3638499],[12.595129900000025,66.37739009999997]]],[[[12.6261599,66.3829799],[12.622,66.3596399],[12.642049899999975,66.3531701],[12.64989,66.36467],[12.63821,66.35562010000004],[12.64534,66.36895010000002],[12.6261599,66.3829799]]],[[[12.577090099999989,66.38581],[12.530970099999973,66.38125],[12.524070099999985,66.36719989999999],[12.577090099999989,66.38581]]],[[[12.879654299999977,66.4008047],[12.8568,66.39732990000002],[12.79935010000004,66.38654989999998],[12.82112,66.38676989999998],[12.811746699999983,66.38075480000002],[12.83443,66.36811],[12.885630099999968,66.377],[12.879654299999977,66.4008047]]],[[[13.0928401,66.43185],[13.04657,66.43511990000003],[13.0135999,66.41577989999998],[13.00056,66.38312],[13.112546199999976,66.39685179999998],[13.122789099999977,66.40842770000005],[13.0928401,66.43185]]],[[[12.89642990000004,66.45721],[12.830590800000042,66.44395689999996],[12.829572100000043,66.4252758],[12.896620099999968,66.39429010000003],[12.89218010000004,66.43183],[12.91438,66.44159],[12.89642990000004,66.45721]]],[[[12.9738146,66.46545409999999],[12.9543036,66.45662450000003],[12.93506,66.46207],[12.91352010000002,66.45565],[12.948915200000034,66.44676309999998],[12.915649900000027,66.42625],[12.91727,66.4375401],[12.90291,66.43351],[12.902759900000028,66.39718009999996],[12.95622310000002,66.40496860000002],[12.9738146,66.46545409999999]]],[[[12.96266009999998,66.49236989999999],[12.9296,66.48936990000001],[12.924009900000023,66.47958010000002],[12.94607,66.4760299],[12.96266009999998,66.49236989999999]]],[[[12.90938,66.49370990000001],[12.8597,66.4828001],[12.88957,66.48551],[12.85899,66.47613990000004],[12.90712,66.48242],[12.90938,66.49370990000001]]],[[[12.0985108,66.5084276],[12.080452899999973,66.5061751],[12.060703,66.48944820000001],[12.090204800000027,66.4906502],[12.0777804,66.49323350000003],[12.0985108,66.5084276]]],[[[12.064919800000041,66.5058107],[12.0329068,66.5056711],[11.99970039999998,66.5060833],[12.035587,66.50403220000001],[12.028440600000035,66.49120140000004],[12.064919800000041,66.5058107]]],[[[12.86333,66.56752009999998],[12.84168,66.55775989999995],[12.8535901,66.55383009999997],[12.80475,66.55418009999997],[12.83298,66.54715],[12.79397,66.53458],[12.8132699,66.5158],[12.877,66.5278],[12.8832999,66.54426],[12.8522,66.54767],[12.876730099999968,66.5536299],[12.86333,66.56752009999998]]],[[[13.01321,66.5815101],[12.98294,66.58215],[12.98021,66.56830010000004],[13.01321,66.5815101]]],[[[13.0491899,66.5898899],[13.007049900000013,66.5781099],[12.994570100000026,66.55749],[13.0630699,66.56449],[13.0491899,66.5898899]]],[[[12.90968,66.59706],[12.90038,66.57774009999996],[12.92807,66.57708009999998],[12.94339,66.59391],[12.90968,66.59706]]],[[[12.6448101,66.60865010000005],[12.605149899999969,66.57939],[12.6457299,66.57182],[12.60842,66.56537],[12.60806,66.55258],[12.671820099999987,66.55405009999996],[12.66756,66.56524],[12.68551990000002,66.57241010000003],[12.68559,66.59237],[12.645130100000014,66.59176990000003],[12.67174990000004,66.5993299],[12.6448101,66.60865010000005]]],[[[13.126239900000037,66.63405],[13.08996010000001,66.61161],[13.11229,66.58042990000003],[13.128200100000043,66.59110990000005],[13.126239900000037,66.63405]]],[[[13.056600099999983,66.64306],[13.00313009999996,66.63484],[13.013489900000042,66.6342],[12.9957099,66.62707],[13.016059899999966,66.63423990000003],[12.99132,66.61755010000005],[13.021690099999962,66.62023990000002],[12.986790099999968,66.61390990000004],[13.04188,66.60105],[13.056600099999983,66.64306]]],[[[13.0323178,66.65081239999998],[12.9814,66.65643],[12.97085,66.65156010000003],[13.0323178,66.65081239999998]]],[[[12.978029899999989,66.6977001],[12.95953,66.6949101],[12.97297,66.69363],[12.9363,66.6869201],[12.92526,66.67987],[12.97808,66.68133],[12.978029899999989,66.6977001]]],[[[13.099989400000013,66.7017994],[13.0721568,66.68487050000003],[13.058821700000035,66.69124370000004],[13.071713099999972,66.69787019999997],[13.04689440000002,66.690157],[13.058349100000012,66.68937680000003],[13.0333686,66.6718487],[13.070034900000028,66.66242450000003],[13.05092,66.6551901],[13.090496499999983,66.65926740000002],[13.080673800000021,66.6616159],[13.09472,66.66430019999997],[13.099989400000013,66.7017994]]],[[[13.550396799999987,66.74253740000003],[13.5149481,66.73953720000004],[13.472595600000027,66.73971119999996],[13.506258900000013,66.73749630000002],[13.550396799999987,66.74253740000003]]],[[[13.168149899999971,66.74683010000003],[13.135799900000023,66.7467],[13.13597,66.74440009999996],[13.168149899999971,66.74683010000003]]],[[[13.370274100000024,66.7872795],[13.27887710000002,66.76536940000001],[13.259094600000033,66.757676],[13.256122,66.75013789999998],[13.419224099999983,66.75414689999995],[13.480608399999984,66.77519490000002],[13.370274100000024,66.7872795]]],[[[13.4431955,66.7976309],[13.398678800000031,66.7876907],[13.4617868,66.79091370000005],[13.496136699999962,66.77560879999999],[13.505929400000017,66.78325020000003],[13.4431955,66.7976309]]],[[[13.2336653,66.81090719999999],[13.186329799999964,66.80239190000002],[13.237497099999974,66.79968849999999],[13.2336653,66.81090719999999]]],[[[13.583144100000034,66.835442],[13.567235899999975,66.82995820000002],[13.625259099999965,66.83380780000005],[13.583144100000034,66.835442]]],[[[13.576173499999978,66.83906440000004],[13.365212299999985,66.83628979999997],[13.3324873,66.81692379999998],[13.576173499999978,66.83906440000004]]],[[[13.682636900000023,66.86780339999999],[13.63407649999997,66.86056150000005],[13.610814300000019,66.84378239999997],[13.668699100000016,66.83823479999997],[13.683289099999985,66.85472620000004],[13.664427299999971,66.85392449999998],[13.682636900000023,66.86780339999999]]],[[[13.488718199999973,66.8792465],[13.4553985,66.8795352],[13.4312943,66.8718741],[13.488718199999973,66.8792465]]],[[[13.64338930000002,66.88619230000005],[13.5702205,66.88080569999995],[13.574567499999969,66.866132],[13.64338930000002,66.88619230000005]]],[[[13.4224607,66.91416290000002],[13.4097683,66.91431550000003],[13.382996800000036,66.90210150000001],[13.408863500000013,66.89950370000001],[13.4224607,66.91416290000002]]],[[[13.476741599999965,66.92166110000002],[13.430667700000033,66.92432620000001],[13.440776899999985,66.9167085],[13.4268738,66.90542290000002],[13.476741599999965,66.92166110000002]]],[[[13.44758540000004,66.93875140000002],[13.427137399999967,66.9360289],[13.410167199999968,66.93094159999998],[13.407814,66.92482389999998],[13.44758540000004,66.93875140000002]]],[[[13.960152,67.05966640000004],[13.931586,67.03119840000004],[13.9537494,67.03517919999999],[13.9454049,67.02469489999999],[13.905541300000014,67.0133624],[13.964875300000013,67.02247489999998],[13.960152,67.05966640000004]]],[[[13.826702,67.08579129999997],[13.767466799999962,67.07995020000003],[13.749132499999984,67.06768209999997],[13.774340900000027,67.0580737],[13.7481699,67.04574270000005],[13.8692037,67.06458160000003],[13.826702,67.08579129999997]]],[[[13.861435699999959,67.1227323],[13.82997690000003,67.10583850000002],[13.9358168,67.10776980000003],[13.929881499999986,67.1110576],[13.861435699999959,67.1227323]]],[[[13.9669766,67.15479040000004],[13.934575300000041,67.13501979999997],[13.946658199999963,67.133904],[13.929700600000029,67.12450390000004],[14.000944500000024,67.144787],[13.9669766,67.15479040000004]]],[[[14.010559799999967,67.16817789999999],[13.982854600000017,67.1654344],[13.969368399999983,67.15669460000004],[14.006944,67.15283010000003],[14.010559799999967,67.16817789999999]]],[[[14.2755128,67.1989518],[14.230422900000029,67.18614460000002],[14.190765499999959,67.14085949999998],[14.200571100000015,67.13726190000003],[14.154881099999962,67.1218541],[14.0679137,67.16169289999996],[14.056946,67.15221639999996],[14.072562399999967,67.150484],[14.0388048,67.1352828],[14.05941420000001,67.139476],[14.0375382,67.128005],[14.058204700000033,67.13090510000005],[14.04909689999998,67.11976470000003],[14.014312799999985,67.10935410000002],[14.0078454,67.0919597],[14.125240600000023,67.071489],[14.155201600000012,67.04309120000003],[14.161811200000042,67.01217289999998],[14.2084963,67.00947519999997],[14.229619399999983,67.0272381],[14.218350900000033,67.02414790000003],[14.227881299999968,67.05456190000002],[14.2425793,67.057904],[14.2128908,67.06529340000003],[14.22000840000004,67.08697590000003],[14.20727510000004,67.10056209999998],[14.2917897,67.1526769],[14.280049500000015,67.17135340000002],[14.302389599999966,67.18717420000003],[14.2755128,67.1989518]]],[[[14.5174799,67.19289010000001],[14.49287,67.20380989999998],[14.484220100000012,67.19201990000005],[14.5174799,67.19289010000001]]],[[[14.5939879,67.23839190000004],[14.48238,67.23164],[14.51062,67.23863],[14.49675,67.23870989999998],[14.352388500000025,67.20853690000003],[14.35546,67.19053],[14.3759171,67.18410139999999],[14.432300099999985,67.20066009999995],[14.614602399999988,67.22452639999997],[14.5939879,67.23839190000004]]],[[[14.7243073,67.23733059999998],[14.6122001,67.24325010000001],[14.614827300000034,67.23155969999998],[14.704257700000035,67.22503820000004],[14.7243073,67.23733059999998]]],[[[14.027904500000044,67.2841182],[13.93641,67.28059010000001],[13.9225501,67.27257],[13.95098,67.27498],[13.9594,67.26898],[13.91843,67.2687101],[13.91483,67.26076],[13.99113,67.2689301],[14.027904500000044,67.2841182]]],[[[14.350113700000012,67.30436429999996],[14.329261599999988,67.3027468],[14.283545299999979,67.28169409999997],[14.314864,67.28341839999999],[14.350113700000012,67.30436429999996]]],[[[14.56946,67.38094],[14.5403,67.3777899],[14.51674,67.36110990000003],[14.56946,67.38094]]],[[[13.926689899999968,67.40912990000004],[13.892990099999981,67.40481990000004],[13.867899900000037,67.3870001],[13.91307,67.40136990000003],[13.926689899999968,67.40912990000004]]],[[[13.916909899999986,67.42697],[13.90331,67.42611],[13.880669899999965,67.41214989999999],[13.8887,67.41118],[13.856439899999963,67.4043],[13.85281,67.39686],[13.90118,67.41458989999998],[13.916909899999986,67.42697]]],[[[13.9907399,67.4353699],[13.96612,67.43521],[13.944130100000041,67.42075],[13.9907399,67.4353699]]],[[[14.386529900000046,67.44503010000001],[14.30195,67.42295],[14.2147201,67.37474],[14.3932353,67.39802680000001],[14.424989899999986,67.42421],[14.387830099999977,67.42023010000001],[14.40612,67.4335999],[14.386529900000046,67.44503010000001]]],[[[11.954404899999972,67.4685009],[11.9239762,67.46153939999998],[11.925361,67.45215560000001],[11.94422390000003,67.45724740000004],[11.954404899999972,67.4685009]]],[[[12.09782,67.53363490000001],[12.064374799999978,67.511149],[12.11227429999997,67.5084247],[12.1439287,67.52715849999998],[12.09782,67.53363490000001]]],[[[14.663120099999972,67.56727],[14.6491001,67.56494],[14.69326990000004,67.56452],[14.647870100000016,67.55777009999998],[14.71001,67.5643],[14.663120099999972,67.56727]]],[[[15.182850100000046,67.61660990000003],[15.136199900000037,67.60948989999996],[15.2105699,67.6037999],[15.182850100000046,67.61660990000003]]],[[[15.12947,67.66701],[15.0333499,67.65811],[15.0535,67.65453],[15.00983,67.63792010000003],[15.097800100000015,67.6458201],[15.12947,67.66701]]],[[[12.7269795,67.6940376],[12.635097600000012,67.67968270000003],[12.559581,67.64384450000004],[12.596515700000023,67.6305365],[12.596275899999988,67.65261660000003],[12.654263499999963,67.650519],[12.648413399999981,67.66168070000002],[12.6668374,67.67074060000002],[12.699146400000028,67.63889360000003],[12.7156419,67.65122350000004],[12.695587099999962,67.6603419],[12.728628600000015,67.65672570000002],[12.696024800000028,67.67301359999996],[12.7269795,67.6940376]]],[[[12.762300099999969,67.75772460000002],[12.7486662,67.75284380000002],[12.739090800000042,67.74367269999998],[12.765450400000034,67.74057989999996],[12.762300099999969,67.75772460000002]]],[[[14.71492990000003,67.8214801],[14.65627,67.80858009999999],[14.653320100000023,67.80192989999996],[14.7025999,67.8073899],[14.71492990000003,67.8214801]]],[[[15.471360099999988,67.9918099],[15.43296,67.97939],[15.49567,67.98151],[15.471360099999988,67.9918099]]],[[[15.10680010000003,68.00126989999995],[15.05080990000003,67.96717],[14.989539899999983,67.97535990000004],[14.9521,67.9666601],[14.9885301,67.95439],[14.949435300000037,67.94928],[14.975630099999982,67.93088010000002],[14.957639899999965,67.91528],[15.168860099999982,67.91034],[15.322720099999977,67.93822990000001],[15.29564,67.94710010000003],[15.27242,67.93933990000002],[15.30711,67.93978990000004],[15.24718,67.93197009999997],[15.26098,67.94882],[15.21863,67.93175009999997],[15.24395,67.94782],[15.1236001,67.9569099],[15.140299899999988,67.96073],[15.095460100000025,67.98044010000001],[15.1272,67.99295],[15.10680010000003,68.00126989999995]]],[[[15.87547,68.02697],[15.52311,68.0199],[15.50776,68.0044799],[15.47178,68.01252],[15.461479899999976,68.00896],[15.52446,67.98935010000004],[15.63546010000001,67.98666],[15.72612,67.99855],[15.6837299,68.00589],[15.72369,68.0191401],[15.84915010000001,67.97943],[15.93903,67.99518],[15.87547,68.02697]]],[[[15.46087,68.02993009999997],[15.40328,68.03545],[15.446809899999959,68.0263899],[15.46087,68.02993009999997]]],[[[15.22517,68.04524],[15.21347,68.03528989999997],[15.22362,68.02659010000002],[15.159290099999968,68.00033],[15.18538,67.98113009999999],[15.170730099999986,67.98013010000003],[15.176779899999971,67.97066010000002],[15.3020699,67.97124989999998],[15.22517,68.04524]]],[[[16.27310580000001,68.09566260000003],[16.202923199999987,68.07792839999996],[16.17366880000002,68.06085250000001],[16.317832,68.04717839999998],[16.33007879999997,68.07750860000004],[16.27310580000001,68.09566260000003]]],[[[13.133303100000028,68.113637],[13.071748699999986,68.1114024],[13.097703,68.07849370000002],[13.046984,68.07512769999995],[12.986283300000046,68.03638330000003],[12.9908616,68.02046659999998],[12.95845480000002,68.02998179999999],[12.971563900000028,68.01817220000002],[12.950750099999976,68.008],[12.969974,67.98142079999997],[12.9052413,67.96717389999996],[12.915804600000037,67.9449866],[12.884886299999977,67.93593859999997],[12.899661399999985,67.9214881],[12.844286199999978,67.900775],[12.864319400000014,67.89190830000001],[12.8421471,67.89088880000004],[12.8623195,67.87061110000002],[12.851794500000025,67.86082780000004],[12.8284862,67.85917770000002],[12.8465524,67.8466288],[12.79769160000004,67.83523540000002],[12.872883400000013,67.82843330000004],[12.9055216,67.85484420000002],[12.899878700000023,67.864235],[13.005997100000034,67.8887413],[13.031711500000021,67.8818951],[13.04171820000002,67.88831020000002],[13.021562499999973,67.888323],[13.03866960000002,67.89342269999999],[13.0283502,67.89957019999999],[13.076837300000022,67.91308120000002],[13.0417255,67.92000520000005],[13.082019100000043,67.91459419999998],[13.102690799999973,67.93650549999998],[12.9761859,67.94092589999997],[13.0083775,67.958811],[12.985173699999986,67.97126369999997],[13.027172299999968,67.95936659999995],[13.005841600000046,67.9810194],[13.0145917,67.9935674],[13.0701001,67.95052220000002],[13.101611,67.96979720000003],[13.1344343,67.94403760000004],[13.1870881,67.9758823],[13.167042099999971,67.9913774],[13.1862272,68.0000863],[13.162777,68.00459559999997],[13.178360599999973,68.01773579999998],[13.159740100000029,68.02250150000003],[13.172049300000022,68.02824560000003],[13.162609500000034,68.0447097],[13.082046800000025,68.0160325],[13.04910260000003,68.032735],[13.168960200000047,68.058636],[13.1211695,68.0594322],[13.185470900000041,68.08486929999997],[13.1903459,68.0992369],[13.136876700000034,68.09780650000005],[13.133303100000028,68.113637]]],[[[15.84758009999996,68.1597999],[15.78090990000003,68.15756989999996],[15.74595,68.13804],[15.826003899999975,68.1238661],[15.8153266,68.1303755],[15.83747010000003,68.13684],[15.811039899999969,68.1362001],[15.83424010000003,68.14248],[15.815057400000022,68.15320280000002],[15.84758009999996,68.1597999]]],[[[13.324505,68.17003250000003],[13.295790799999963,68.13077339999997],[13.3406626,68.11785249999998],[13.3461189,68.07400680000003],[13.294150699999975,68.07976069999995],[13.3258662,68.10267289999999],[13.308643299999968,68.109653],[13.234670599999966,68.10530489999998],[13.241816799999985,68.09644649999996],[13.225091199999973,68.09497489999997],[13.218601299999989,68.08788680000005],[13.2388693,68.07383490000002],[13.194909899999963,68.07768450000003],[13.165586,68.0447354],[13.181428200000035,68.01874660000003],[13.2010087,68.01906560000005],[13.191377199999966,68.01234780000004],[13.201387,68.0014937],[13.226206399999963,68.01325079999997],[13.238311300000017,68.06133209999999],[13.262846300000032,68.0406607],[13.26101949999996,67.9993413],[13.358004099999988,68.02737109999998],[13.34480279999999,68.03152319999998],[13.354119099999973,68.04970959999997],[13.3647615,68.02908830000004],[13.392133900000026,68.03168959999998],[13.401711499999958,68.05624560000004],[13.3864517,68.06283970000003],[13.422342399999977,68.08876560000002],[13.403068200000035,68.0949204],[13.4433554,68.12340869999998],[13.417781800000018,68.13085910000004],[13.4608752,68.1395899],[13.324505,68.17003250000003]]],[[[14.7029551,68.17143330000003],[14.675378600000034,68.16953090000001],[14.654009500000043,68.15953239999997],[14.695085900000016,68.15764150000003],[14.7029551,68.17143330000003]]],[[[16.37833120000003,68.2061859],[16.3670532,68.20658069999998],[16.32387209999997,68.1951283],[16.360420700000034,68.19639640000003],[16.37833120000003,68.2061859]]],[[[14.75440910000001,68.22188960000001],[14.711504899999973,68.19713859999997],[14.782185100000046,68.1933712],[14.805551,68.2159811],[14.817158499999984,68.21028810000004],[14.80714529999998,68.20331209999998],[14.833044900000015,68.21189849999996],[14.826298500000036,68.21700460000002],[14.75440910000001,68.22188960000001]]],[[[15.097725699999987,68.29078280000002],[15.009558400000046,68.2958794],[14.980470900000032,68.2739561],[15.013550300000023,68.265118],[15.097725699999987,68.29078280000002]]],[[[14.922852100000018,68.31082],[14.8174195,68.27413419999998],[14.797128799999971,68.23829860000002],[14.86492650000002,68.22340880000003],[14.88412090000002,68.25042039999997],[14.9186052,68.25017980000004],[14.927649400000021,68.26040090000002],[14.918673400000038,68.26092040000002],[14.91538650000004,68.263139],[14.9373015,68.2736589],[14.881083100000026,68.27813929999998],[14.963891699999966,68.28889969999999],[14.922852100000018,68.31082]]],[[[14.243130500000035,68.32171580000005],[14.0867936,68.34557559999998],[14.078626399999973,68.33554690000003],[14.10660650000002,68.3231246],[14.0534188,68.32114609999998],[14.071821,68.300255],[14.156862699999962,68.30803049999997],[14.130627,68.2916447],[14.152784899999983,68.285983],[14.132467200000033,68.28452],[14.199035100000025,68.2573972],[14.24515949999996,68.26366770000004],[14.271898199999967,68.28610580000002],[14.243130500000035,68.32171580000005]]],[[[16.116230700000035,68.35871520000002],[16.066821099999974,68.35041339999995],[16.036733100000045,68.3343765],[16.18194259999999,68.34469910000001],[16.116230700000035,68.35871520000002]]],[[[15.045607199999967,68.36645519999996],[15.0095524,68.36041059999997],[15.0038096,68.34853189999997],[15.045607199999967,68.36645519999996]]],[[[15.19071,68.47587989999998],[15.053149499999986,68.4626197],[15.03988239999996,68.447243],[14.994190099999983,68.45285009999998],[15.00357,68.43726],[14.991909500000023,68.43561230000005],[14.88151,68.45842989999998],[14.900129600000046,68.44849250000003],[14.881368,68.44535780000001],[14.890034800000041,68.43002849999998],[14.866192499999965,68.41719739999998],[14.8947135,68.390032],[14.8605988,68.39655460000003],[14.777154900000046,68.368567],[14.836402900000035,68.3916453],[14.8446551,68.426339],[14.71619,68.44162990000004],[14.69908,68.42139989999997],[14.7134,68.38692010000001],[14.6803,68.39860990000001],[14.6992,68.41271010000004],[14.658550100000035,68.43818989999998],[14.531810099999976,68.41744],[14.5870899,68.39381009999997],[14.565229600000041,68.37407090000002],[14.5324492,68.39743380000004],[14.53658630000001,68.39548520000001],[14.553019800000012,68.39488789999997],[14.5187453,68.4060179],[14.407727100000024,68.3912986],[14.4178644,68.38573869999996],[14.402748600000038,68.37775439999997],[14.4178828,68.37756510000003],[14.4065975,68.375567],[14.442094299999987,68.37632029999997],[14.428472500000012,68.35227179999997],[14.483320099999975,68.347533],[14.46303990000002,68.36575889999999],[14.509181799999983,68.32891449999997],[14.4701964,68.31728809999998],[14.449140099999958,68.34855329999996],[14.436604300000045,68.33591930000001],[14.450783799999979,68.32336569999995],[14.40623,68.32208460000001],[14.42465350000004,68.3002022],[14.389210300000045,68.3343197],[14.3321333,68.3418511],[14.30786519999996,68.320022],[14.307477,68.29327069999998],[14.354610800000046,68.27693950000001],[14.285449699999987,68.2761557],[14.262136100000046,68.25326160000003],[14.387595,68.26282749999997],[14.218169500000034,68.234078],[14.21219519999999,68.2142863],[14.2343588,68.20343520000004],[14.205637199999966,68.17426879999998],[14.339961100000021,68.18022429999998],[14.356565899999985,68.1886242],[14.3344423,68.19525650000003],[14.344783200000034,68.2043706],[14.36789479999996,68.18842749999997],[14.4044194,68.1944103],[14.3901887,68.20089290000001],[14.402170299999973,68.21471060000003],[14.4312988,68.20876170000004],[14.418487600000041,68.20192859999999],[14.4331784,68.20429419999996],[14.443226200000026,68.21699229999999],[14.4393002,68.207245],[14.459425500000012,68.21115669999996],[14.4368324,68.20176780000001],[14.464860400000013,68.20055380000002],[14.50004180000002,68.21329170000004],[14.4822352,68.21560490000003],[14.537422199999984,68.21896910000004],[14.54591219999999,68.237811],[14.533086399999974,68.2396165],[14.562864500000018,68.24917510000004],[14.575325499999959,68.24434159999998],[14.549549600000034,68.2363318],[14.556089100000037,68.2233],[14.57531240000003,68.24213940000003],[14.6644019,68.236642],[14.671933,68.24718140000002],[14.6269866,68.25552689999998],[14.65365889999999,68.26936379999998],[14.6726676,68.25092790000004],[14.685975500000016,68.27241950000004],[14.6207963,68.27834930000004],[14.6944868,68.28491440000003],[14.726067,68.31721580000004],[14.701883599999977,68.3194727],[14.7009638,68.32274309999995],[14.7222934,68.322191],[14.707900399999986,68.32536090000002],[14.6614016,68.320392],[14.648972600000022,68.32481929999997],[14.7133236,68.33040449999997],[14.7116447,68.35759790000003],[14.743126300000032,68.3524031],[14.759076900000046,68.32846159999998],[14.800337499999983,68.32951210000003],[14.73866190000004,68.3129624],[14.75039,68.31310679999997],[14.714687599999966,68.27775880000003],[14.728921699999976,68.27635839999998],[14.7220251,68.25744150000003],[14.848007,68.29365430000001],[14.990548899999979,68.36276149999996],[14.928173,68.36444880000005],[14.99317229999997,68.36567689999995],[14.9949,68.38459989999997],[15.05172,68.37284],[15.1313099,68.4164999],[15.194549899999977,68.4645],[15.1778296,68.46983079999997],[15.19071,68.47587989999998]]],[[[15.203867299999963,68.48072310000005],[15.135559399999977,68.48540760000004],[15.134781,68.4804068],[15.203867299999963,68.48072310000005]]],[[[16.961834200000037,68.50199240000005],[16.9370092,68.49544569999998],[16.90345010000003,68.47648289999995],[16.95706490000004,68.48040749999996],[16.972117,68.48838620000002],[16.961834200000037,68.50199240000005]]],[[[14.987823199999962,68.569488],[14.919283499999981,68.57095380000001],[14.9599675,68.56418260000002],[14.987823199999962,68.569488]]],[[[14.69824009999996,68.58857],[14.61951,68.56975],[14.61213,68.55209],[14.72434,68.51422989999996],[14.73278,68.50836],[14.707059899999987,68.5027],[14.73253,68.49993],[14.721898700000025,68.49224],[14.9014999,68.49973],[14.99068,68.53005],[15.00254010000004,68.54923009999999],[14.911028100000024,68.57129240000005],[14.69824009999996,68.58857]]],[[[14.34775,68.62515],[14.3231,68.61738009999996],[14.3334,68.61282009999996],[14.31362,68.60712],[14.3383899,68.60951990000002],[14.34775,68.62515]]],[[[14.78283,68.8121],[14.75112,68.80439010000002],[14.72103010000001,68.78184990000004],[14.803410100000015,68.80163990000003],[14.774284599999966,68.80459640000004],[14.78283,68.8121]]],[[[14.84874,68.83492],[14.7877,68.81951989999997],[14.820970099999965,68.81367],[14.82461,68.8003901],[14.85562,68.80987],[14.84074,68.81625],[14.84874,68.83492]]],[[[14.790300100000021,68.84354990000004],[14.746409900000025,68.84579],[14.76960810000001,68.83885320000002],[14.73366,68.81715],[14.77712,68.8179699],[14.76523,68.82851989999999],[14.790300100000021,68.84354990000004]]],[[[14.894580099999978,68.93759],[14.84606,68.92398990000002],[14.865239900000017,68.91212009999997],[14.834688500000027,68.88270150000001],[14.961859,68.87351549999997],[15.00258,68.88917],[14.978080100000014,68.92623010000001],[14.927837300000025,68.9229729],[14.894580099999978,68.93759]]],[[[15.29452,68.96346],[15.2344301,68.95521],[15.2206457,68.94378990000004],[15.279653800000027,68.9324194],[15.29977,68.94871990000001],[15.26777,68.94852],[15.29589,68.95127989999999],[15.29452,68.96346]]],[[[15.1566584,69.0235489],[15.0168327,69.0009882],[15.03215,68.98860010000004],[15.0107322,68.96470759999998],[15.02214,68.94924009999997],[15.003809,68.945945],[15.092,68.90883],[15.038780099999972,68.90808],[15.057550100000029,68.89939],[15.0352,68.88917],[15.091250100000032,68.89757990000004],[15.07485,68.87459],[15.08654,68.87176990000005],[15.06173,68.87025],[15.144849900000047,68.85153989999998],[15.142804600000016,68.823443],[15.157319900000022,68.81267],[15.12344,68.82011],[15.120739900000025,68.84235],[15.0486,68.8576],[15.0399901,68.79523],[15.009640099999967,68.81862989999998],[15.02521010000002,68.83779],[15.00682,68.83703],[15.019200100000042,68.84393],[14.9901895,68.86240150000002],[14.907719900000039,68.8530999],[14.901389899999963,68.8439],[14.92479,68.82985990000002],[14.9789,68.81606989999999],[14.92235569999998,68.7984107],[14.990661,68.77536339999997],[14.9291799,68.78308],[14.90243,68.76978],[14.91688,68.76902010000005],[14.89833,68.73909],[14.884939900000017,68.74139],[14.89584,68.746],[14.884790099999968,68.77104010000002],[14.857330099999967,68.76283990000002],[14.898829899999978,68.78561990000004],[14.8762,68.79404010000005],[14.76691,68.78050990000001],[14.75302,68.76068010000002],[14.750079900000014,68.77064],[14.7024,68.74986],[14.7117199,68.76470010000001],[14.68386,68.76592989999997],[14.70808,68.80048009999999],[14.69778,68.80506990000005],[14.71074,68.81351990000003],[14.6933799,68.81579],[14.70703990000002,68.82604],[14.691489900000022,68.8257599],[14.706910100000027,68.83574990000002],[14.6524599,68.83514],[14.6324,68.8289601],[14.622736899999978,68.8004287],[14.6585142,68.78148490000004],[14.62014,68.78063],[14.623478499999965,68.76010189999995],[14.60123,68.7532301],[14.64619,68.7403],[14.60489,68.72589009999997],[14.62196010000001,68.73616],[14.58411,68.74578009999998],[14.5989601,68.7621699],[14.583979899999978,68.77134],[14.58981,68.79947],[14.54449990000002,68.8221],[14.53198,68.81261009999999],[14.54932,68.81113],[14.53932,68.7996001],[14.452909900000034,68.78093989999996],[14.46039,68.7635801],[14.43093,68.75759989999997],[14.58393,68.73607],[14.5479,68.72446989999997],[14.48152,68.73424989999995],[14.42435,68.71208],[14.467550600000024,68.69644040000001],[14.409190100000014,68.70027],[14.36953,68.6853001],[14.416725700000011,68.68047749999995],[14.3886461,68.67361709999996],[14.392426100000023,68.66366739999997],[14.424499,68.6635669],[14.46808740000003,68.68643309999996],[14.452809499999987,68.6750721],[14.465383699999968,68.6646469],[14.4235062,68.6561074],[14.438636300000042,68.6543674],[14.421656100000014,68.64638750000002],[14.443386200000031,68.63239760000005],[14.420926200000018,68.62030790000001],[14.4445232,68.61403529999997],[14.425524100000043,68.6068875],[14.480664100000041,68.61370770000005],[14.483124100000012,68.5982474],[14.525569800000039,68.60017990000003],[14.558706300000047,68.621434],[14.6106799,68.6165099],[14.65414030000003,68.63535360000003],[14.608803399999971,68.65671239999996],[14.67219230000001,68.65634439999998],[14.679042200000026,68.66862430000003],[14.655969,68.673392],[14.6829799,68.68683349999996],[14.675332,68.71152560000002],[14.69124930000001,68.71134950000001],[14.68708919999997,68.6945949],[14.715479300000013,68.70052490000002],[14.7066091,68.67980510000001],[14.72831920000004,68.684955],[14.736109200000037,68.67908520000005],[14.712239199999978,68.67879510000002],[14.7141,68.66195],[14.768199900000024,68.65667],[14.78438,68.68788009999996],[14.81902,68.7065799],[14.7986201,68.70681],[14.8168,68.71910010000003],[14.82191,68.69688009999997],[14.79183,68.68073],[14.81304,68.66414],[14.85365,68.68003],[14.859139899999963,68.70009010000001],[14.874020099999964,68.67902],[14.936839899999988,68.69209010000004],[14.922040099999979,68.70563],[14.97089,68.72916],[14.951160100000017,68.7374601],[14.97405,68.73069990000003],[14.981099900000029,68.71741],[14.94066,68.71254010000001],[14.9449,68.7048701],[14.9878,68.69926],[15.059599899999988,68.73324009999997],[15.04904,68.73529],[15.08532,68.73936990000001],[15.00327,68.76623],[15.1503444,68.75291639999998],[15.126273099999988,68.7337997],[15.154878800000017,68.7187294],[15.138595700000025,68.7075902],[15.173731499999988,68.6963511],[15.09968110000004,68.71328840000002],[15.051193200000036,68.69070620000002],[15.065831600000013,68.67657019999996],[15.03767989999998,68.68136],[15.04117,68.67012],[14.970960100000031,68.67012],[14.97449,68.65747],[14.94499,68.66973],[14.78659,68.64085009999997],[14.81958,68.63653990000003],[14.82395,68.61558],[14.8844052,68.60579060000002],[14.85201989999998,68.60692010000004],[14.84795,68.58877],[14.999031800000019,68.57664660000003],[15.37317,68.66434],[15.4203229,68.69046440000001],[15.406814800000014,68.7319952],[15.38362,68.74177],[15.253357799999968,68.7560394],[15.30078,68.76187],[15.3140619,68.77880550000003],[15.270454200000017,68.79802289999998],[15.369257100000034,68.8000603],[15.375194400000037,68.8098364],[15.3600732,68.81189719999998],[15.392430099999977,68.84219989999998],[15.386310100000046,68.85627],[15.32346,68.86739],[15.244494399999976,68.823786],[15.26664,68.85548],[15.28568,68.84906],[15.2957199,68.85875009999997],[15.27590010000004,68.8593001],[15.30335,68.89887010000002],[15.27722,68.90812010000003],[15.319930099999969,68.9175],[15.25852,68.9176],[15.2757901,68.90761],[15.175199899999981,68.92972],[15.2235601,68.93529],[15.17278,68.95307],[15.198174700000045,68.96471189999998],[15.14336,68.94943],[15.091337900000013,68.95316640000003],[15.194109899999987,68.98056],[15.180784899999967,68.98006920000003],[15.186559900000042,69.01406010000002],[15.1566584,69.0235489]]],[[[16.136438,69.3280435],[15.84923490000001,69.25510639999997],[15.86399630000004,69.24764579999997],[15.8406932,69.2379968],[15.867727300000013,69.2325911],[15.837847399999983,69.222971],[15.859435499999975,69.20421810000005],[15.798411400000024,69.19164259999995],[15.827510700000037,69.186952],[15.79590830000004,69.1555865],[15.678397,69.14198540000001],[15.5671422,69.10608549999998],[15.550850900000036,69.08714319999997],[15.564223099999964,69.07948290000004],[15.519927299999981,69.06559310000002],[15.53368930000001,69.06062579999997],[15.497916099999976,69.02985719999995],[15.509126299999988,69.02834470000005],[15.45725330000003,69.01768029999998],[15.4657547,69.00303670000002],[15.43092389999996,68.9859289],[15.442300200000037,68.92709819999999],[15.415960299999988,68.89982340000003],[15.4818078,68.87127690000003],[15.551829800000029,68.9060228],[15.603270500000011,68.9794538],[15.539073,69.00422009999997],[15.6281626,68.99454260000003],[15.6391139,68.98192349999998],[15.617780899999968,68.97513130000003],[15.632408799999965,68.96585690000005],[15.65006059999996,68.98478949999996],[15.8754958,69.027298],[15.8545827,69.03639090000001],[15.895685400000016,69.05250980000001],[15.900701600000012,69.07264810000004],[16.086629300000045,69.152716],[16.1037547,69.1722598],[16.084777,69.18801229999997],[16.11037280000003,69.20550260000002],[16.096456400000015,69.21371609999997],[16.1194495,69.243951],[16.177286899999977,69.26127850000005],[16.1799429,69.2863312],[16.13683650000002,69.305713],[16.136438,69.3280435]]]]}},{"type":"Feature","properties":{"adm0_a3":"NOR","shape_name":"M\u00f8re og Romsdal","ihme_name":"M\u00f8re og Romsdal"},"geometry":{"type":"MultiPolygon","coordinates":[[[[8.257698243977611,63.020537288006096],[8.3064129,63.00813679999998],[8.347735600000016,63.02076919999998],[8.4949486,63.017953],[8.347290300000031,63.00885990000003],[8.3222249,62.993685500000026],[8.37203860000002,62.968297499999956],[8.599559599999983,63.0247241],[8.46327680000003,62.969864700000045],[8.610007199999957,62.99097480000001],[8.6513958,62.9905678],[8.6416499,62.9776371],[8.6543992,62.97173929999998],[8.67997570000003,62.977857899999975],[8.710556100000021,62.972691199999964],[8.4214557,62.9474345],[8.4761127,62.90120230000004],[8.540435899999975,62.878804],[8.6128551,62.8796962],[8.631704899999958,62.84133260000003],[8.6988015,62.8291067],[8.703367799999983,62.814397799999966],[8.633548,62.83091470000003],[8.581082299999986,62.86821390000002],[8.517143,62.86471320000001],[8.4132589,62.9019951],[8.52132,62.8455154],[8.497832799999982,62.8352522],[8.45531490000002,62.846190399999976],[8.3655847,62.886247],[8.300772,62.8544465],[8.340175699999962,62.89066979999996],[8.281173200000035,62.9268906],[8.333301100000034,62.964166700000035],[8.2775915,62.983825299999985],[8.252476,62.974379400000025],[8.2419949,62.97935370000002],[8.256380099999982,62.996458],[8.1400266,63.030083],[8.132050200000029,63.04519310000004],[8.0562727,63.0370924],[8.124707099999972,63.049266800000034],[8.142101499999987,63.07031050000001],[8.109695,63.10633350000002],[8.06619190000004,63.1099271],[7.979830200000015,63.089111399999965],[7.9671342,63.07591339999997],[7.978383200000016,63.048992800000015],[7.961825200000016,63.0406852],[8.007196800000015,63.02158680000004],[7.9882835,63.0115013],[7.997718300000022,62.99995709999998],[8.135927300000011,62.947212600000036],[8.151611800000035,62.90910060000002],[8.204486,62.9114907],[8.1496878,62.89010690000002],[8.165829799999957,62.867454],[8.156669199999977,62.85638159999996],[8.2468888,62.809445],[8.322587800000013,62.80350820000001],[8.5414277,62.729767799999955],[8.560845299999963,62.69488910000004],[8.538818199999975,62.67971519999998],[8.554277700000034,62.67421980000004],[8.522998300000028,62.67132189999999],[8.506164699999962,62.71691569999999],[8.4851319,62.7256534],[8.435050699999968,62.73177590000002],[8.418602299999977,62.719612800000036],[8.401361100000026,62.7464681],[8.312673700000039,62.784299299999965],[8.262058,62.780278],[8.141651,62.820399],[8.113688,62.857575],[8.112467,62.888777],[8.08972,62.890167],[8.121015,62.921575],[8.037579,62.967334],[7.973842,62.973664],[7.837568,62.950864],[7.680791599999969,62.895106200000036],[7.79391,62.960604],[7.686185,62.969236],[7.587129599999964,62.936655],[7.5926228,62.92627690000002],[7.430102899999968,62.899166100000045],[7.455966,62.908866500000016],[7.448834,62.939582],[7.416366,62.958411],[7.3172855,62.97136720000002],[7.325500599999989,62.993149299999985],[7.306724599999969,63.0016255],[7.288633400000032,62.99551470000003],[7.260753700000032,62.9906494],[7.271462699999963,62.98902409999999],[7.274200099999971,62.98266020000004],[7.252729600000029,62.98726830000002],[7.264713500000019,62.993943],[7.290085600000017,62.99676129999997],[7.307366399999959,63.0065515],[7.243768300000019,63.003073],[7.263567200000031,63.00974889999996],[7.255796,63.012298],[7.136116599999974,62.992646799999974],[7.15456980000002,62.992045799999985],[7.150806,62.9822869],[7.100932700000028,62.98886619999998],[7.0903931,62.959495],[7.0512701,62.97303550000003],[7.029804600000022,62.9669561],[7.038424600000036,62.955361399999965],[6.8983688,62.91014129999998],[6.967908799999977,62.90025770000004],[6.941497,62.88865680000003],[6.977510599999958,62.894979699999965],[6.967505,62.874618],[6.997827,62.873772],[6.99137,62.861653],[7.013994,62.854297],[6.997684,62.834746],[7.1733094,62.849869900000044],[7.155543700000043,62.84071230000004],[7.205825,62.8327532],[7.1792193,62.8195225],[7.240918799999973,62.8109974],[7.1754686,62.80336819999997],[7.153649,62.81954810000004],[7.070316,62.81725239999999],[7.115063800000042,62.826241099999955],[7.097098799999978,62.830745299999954],[7.0463774,62.81929870000001],[7.024428,62.829185899999985],[6.976844,62.795936],[6.991955,62.787453],[6.9693293,62.776054299999984],[6.990283,62.7675432],[6.993928900000034,62.74782329999996],[6.968175899999961,62.73535859999998],[6.992070600000021,62.730304500000045],[6.9812842,62.724342799999974],[7.15135,62.73255],[7.498882299999975,62.781208600000035],[7.721589900000025,62.793172200000036],[7.36217010000002,62.738099],[7.427589,62.717774],[7.345132,62.697125],[7.502219699999978,62.68688970000004],[7.875646,62.763649],[8.066179,62.775405],[8.01894,62.751803],[8.107707,62.731673],[8.143494100000014,62.70192650000003],[8.143667,62.683674],[8.092662,62.713157],[7.958878,62.746126],[7.932316,62.740171],[7.934811299999977,62.72310030000002],[7.831077,62.733225],[7.497879,62.661743],[7.509793,62.635005],[7.543194,62.616935],[7.535689300000014,62.5868248],[7.504198,62.58513480000002],[7.5125,62.608681],[7.489058600000019,62.63921440000003],[7.3961124,62.62793369999996],[7.416760600000027,62.597455],[7.469420800000014,62.58459480000001],[7.457090100000018,62.578312499999974],[7.474505199999969,62.5658239],[7.549836,62.55483],[7.724773800000028,62.58428],[7.787762700000011,62.57318689999999],[7.685914800000026,62.56933810000004],[7.658694799999987,62.5483366],[7.569329500000043,62.53766580000003],[7.555262199999978,62.496887899999976],[7.507882600000015,62.534777],[7.51772110000004,62.54239320000002],[7.436721300000015,62.53767660000003],[7.422653,62.559339],[7.37979,62.572666],[7.36062,62.60852],[7.289537,62.608437],[7.263111,62.623465],[7.23163,62.610916],[7.167551,62.632227],[7.120200200000037,62.61101639999998],[7.135253200000035,62.61050920000003],[7.125659500000014,62.60510809999998],[7.152872199999981,62.56993629999997],[7.1443169,62.5274064],[7.128869899999989,62.52643239999996],[7.135534,62.557853],[7.0775515,62.654232499999985],[6.907465300000014,62.645712299999964],[6.938932099999983,62.614990700000014],[6.924908,62.612465],[6.916719,62.59900339999999],[6.9327051,62.587200799999984],[6.912228799999975,62.574054700000026],[6.920654,62.587375],[6.880313,62.614612],[6.772238,62.655544],[6.663223,62.633935],[6.672311,62.603118],[6.64761250000001,62.63123],[6.6238408,62.62856819999997],[6.6126308,62.61070939999998],[6.633564799999968,62.5966397],[6.61125050000002,62.556327],[6.6004487,62.56406659999997],[6.611257100000033,62.58690849999996],[6.5705364,62.59562849999999],[6.569512899999962,62.62444829999997],[6.510686300000023,62.615346499999966],[6.4804962,62.616672900000026],[6.462675599999978,62.61562259999999],[6.456241800000017,62.61479120000003],[6.452881,62.61380050000004],[6.472056100000033,62.605771900000015],[6.459930200000018,62.5631632],[6.4407925,62.61422110000002],[6.335017,62.613996],[6.25623310000003,62.5836114],[6.2773528,62.56215660000003],[6.265399799999981,62.5473512],[6.286375700000034,62.5428481],[6.255482099999975,62.52992640000004],[6.5720956,62.54242420000001],[6.585871299999967,62.531271],[6.463094299999982,62.51553],[6.60807630000002,62.523846],[6.6261753,62.519165],[6.601686,62.502449100000035],[6.635677399999972,62.504183199999986],[6.669356700000039,62.49676380000001],[6.6828677,62.50095590000003],[6.7260409,62.4921822],[6.726780399999987,62.4883939],[6.717524400000018,62.483931199999965],[6.698975400000039,62.48055519999996],[6.7044774,62.473736],[6.811011300000013,62.48262829999999],[6.772590699999958,62.459076599999975],[6.8709527,62.4598703],[6.9404411,62.42622789999997],[6.956810399999979,62.38647540000003],[6.9839024,62.38124020000003],[6.933128400000021,62.374099],[6.937459399999989,62.363157700000016],[6.9889498,62.31153010000002],[7.192045399999957,62.28338960000003],[7.3395361,62.29260569999998],[7.426547100000013,62.252162700000014],[7.412055800000038,62.23349230000002],[7.327937800000027,62.28675470000001],[7.263050099999967,62.2849222],[7.227263299999963,62.2534893],[7.134274100000026,62.27941709999997],[7.038823099999968,62.277336],[7.037398799999982,62.170854],[6.957935800000014,62.116394600000014],[7.045386800000019,62.09475029999999],[7.139816,62.1252547],[7.1885862,62.114040199999984],[7.198289500000032,62.09818209999999],[7.1272384,62.11553930000003],[7.084455400000044,62.092178299999986],[7.0172354,62.08483440000004],[6.932804400000036,62.10637630000003],[6.873238300000017,62.082789100000014],[6.934451399999974,62.1369186],[7.015451400000016,62.1784722],[7.001586800000025,62.2158959],[7.0062441,62.2837198],[6.965309400000018,62.291194],[6.887894400000038,62.3621688],[6.881414800000018,62.377747699999986],[6.912639799999964,62.412255500000036],[6.856706400000045,62.4329825],[6.747843399999963,62.4343156],[6.7467574,62.44876],[6.717418100000016,62.451893900000044],[6.544716800000016,62.40795180000001],[6.5798839,62.401188699999985],[6.567292900000043,62.36868439999997],[6.613167,62.31012549999998],[6.554916900000029,62.3676413],[6.552769199999963,62.39174769999999],[6.451147799999978,62.40093680000002],[6.407759500000031,62.385236],[6.424401399999956,62.37113160000004],[6.401962900000035,62.35820710000003],[6.4390921,62.333395],[6.4693655,62.275769599999975],[6.526667,62.233583],[6.528307299999957,62.20605969999998],[6.5923445,62.211656699999985],[6.653938799999958,62.19404710000001],[6.554894400000032,62.193769699999976],[6.611202499999957,62.1428088],[6.552857199999961,62.10465],[6.5465571,62.12391450000004],[6.581026799999966,62.14693780000003],[6.498520199999968,62.20676650000002],[6.478002,62.2044831],[6.492925399999971,62.219684700000045],[6.465579,62.25219],[6.4229248,62.26654920000002],[6.42535850000001,62.2910021],[6.401402,62.32198790000004],[6.355245699999989,62.34995010000003],[6.3494342,62.3714694],[6.31394620000003,62.37447510000001],[6.1026247,62.31428069999997],[5.958624,62.249273100000025],[6.002122,62.239108],[6.010972,62.216257],[6.1231482,62.20033819999998],[6.117303899999959,62.188848],[6.007216,62.201583],[5.969342699999979,62.23237680000001],[5.925274900000032,62.222201],[6.141215,62.094586],[6.281827,62.085774],[6.312359,62.0801],[6.324518400000011,62.06093290000004],[6.271827,62.08161],[6.258845,62.068169],[6.18581,62.084876],[6.101928,62.076998],[6.078499,62.0575821],[6.067904699999959,62.066560900000034],[6.0870006,62.0965614],[5.979343,62.142568900000036],[5.9619469,62.13583419999996],[5.968957399999985,62.101762],[5.846917200000034,62.00483860000004],[5.944965100000021,62.11692329999997],[5.935558799999962,62.13945020000001],[5.9512359,62.1579145],[5.914174200000021,62.1897091],[5.8439969,62.204345099999955],[5.730082899999966,62.171422],[5.67039770000004,62.17468010000003],[5.692215799999966,62.12170420000004],[5.745364300000032,62.098149300000024],[5.724527600000039,62.087866900000044],[5.675078399999988,62.11686759999998],[5.677214900000015,62.13735290000003],[5.643693200000021,62.17204880000001],[5.563781100000019,62.16681939999996],[5.485020299999976,62.200078],[5.4406796,62.1785441],[5.437667,62.1560778],[5.40455510000004,62.127561299999975],[5.4357438,62.1026928],[5.564714100000034,62.09766889999998],[5.618471500000032,62.074448500000024],[5.620593700000031,62.0532354],[5.590543600000041,62.075288599999986],[5.5206473,62.07544790000002],[5.528998300000042,62.04767819999998],[5.511362300000021,62.04024720000002],[5.530175099999978,62.0358403],[5.512888,62.03742080000002],[5.4926679,62.022839300000044],[5.502374510331179,62.00723498916714],[5.442874719077154,61.97420955829303],[5.475956094871012,61.98594771905645],[5.551558852323368,61.96041235279663],[5.728986012819822,61.98079206112668],[5.802578645809159,61.96599577854557],[5.926908990730484,61.996594822805605],[5.964776888354203,61.99410983758474],[6.036361204896976,61.95658359585436],[6.116622603404713,61.96514658539865],[6.181833489564511,62.010653690239906],[6.217175576391449,62.00941287099728],[6.257523952483083,62.00555253519151],[6.235822299027959,61.99181295717039],[6.311348807592481,61.958652276958034],[6.420987144865387,61.98169417254386],[6.431070274185683,61.95156235984952],[6.502254181669763,61.92334379855855],[6.537463755437483,61.94622568829315],[6.627039019175503,61.95912658976576],[6.748107312312929,61.95347414167957],[6.951605177553651,61.98867437749484],[7.051395938863405,61.984424407263255],[7.082728704525064,62.00500090783355],[7.073480363658954,62.00938552684032],[7.185539861092787,62.01443338195023],[7.20315379084436,62.022916050727495],[7.194888433943705,62.030693785308884],[7.3491092163178,62.00768189560042],[7.342530396941902,62.03542735073023],[7.402002586526595,62.06009309230669],[7.414718923012634,62.09208741597498],[7.514252610362968,62.097432757865434],[7.583776842924956,62.06534032622643],[7.631831617510038,62.0850869260588],[7.579379022012613,62.12189753098867],[7.655260502838456,62.140892566883075],[7.734595488848091,62.18463318306328],[7.827342028175558,62.18968686184217],[7.863971867590065,62.17077792241983],[7.983609909510684,62.17745883242893],[8.131252129894705,62.2906605459376],[8.205852119783678,62.33174420147655],[8.27520641863687,62.347989317038355],[8.792622946933939,62.37840240615475],[8.889618403236138,62.37549435327915],[8.919054903610133,62.35346358228463],[8.971132618801015,62.35389975862389],[9.104668605045543,62.38201933228133],[9.18362559637337,62.426645681940386],[9.205997850828085,62.520728224608085],[9.22313169023934,62.520881581266295],[9.24372987113979,62.55607781418626],[9.220992634497254,62.57473549951276],[9.15223543751198,62.57288886498601],[9.012126088168493,62.66395284378645],[8.981175409164406,62.66216529468702],[8.919962009093314,62.71177086294187],[9.077136398549923,62.759633420370896],[9.146830046720986,62.75645807307595],[9.364831470657709,62.79410666455521],[9.323551391947687,62.80945017854565],[9.33118346981583,62.862126581353074],[9.286140317211464,62.877304232931266],[9.312227698806804,62.89143850513387],[9.307855732112326,62.90526073112319],[9.26673306814694,62.9258296251202],[9.174333216449263,62.91717145710161],[9.122376812656098,62.9350962289972],[9.11450402675972,62.95800372324685],[9.130962138281932,62.95770091175996],[9.110631911760608,62.97128754054334],[9.17764973973781,62.99300850349842],[9.14065647207198,63.00087022525943],[9.15630640145324,63.01295544124811],[9.138047071182925,63.01526376216525],[9.156253065154761,63.01699192352004],[9.104400590425362,63.02907538809014],[9.114196413608049,63.04014662530261],[9.083745583729163,63.09038725952434],[8.972832225181335,63.072538448422186],[8.959020764901577,63.09306782897515],[8.995159395737367,63.103637669623204],[8.96995848781053,63.13391896543315],[8.86014408928135,63.11432000166661],[8.807152642522452,63.126617361818155],[8.652572275792053,63.064175863042855],[8.50198806912652,63.04897096227565],[8.481498386513122,63.079650396354154],[8.437213763700846,63.06554534129277],[8.425172483469222,63.046739299748275],[8.402801088473788,63.05687651775928],[8.257698243977611,63.020537288006096]]],[[[8.755116945194848,63.424335918839326],[8.658116,63.409822699999985],[8.649952699999973,63.390376],[8.7007456,63.3654152],[8.711532,63.350038],[8.701152700000025,63.346470699999976],[8.845076399999984,63.34750219999997],[8.526309099999962,63.3032258],[8.531157099999986,63.28950320000003],[8.499276,63.291113600000045],[8.490608499999984,63.2768328],[8.528664100000038,63.27152370000001],[8.525898299999989,63.25524380000002],[8.551294500000028,63.25296669999999],[8.59846740000003,63.20938920000002],[8.583296,63.20062220000001],[8.605085499999964,63.2069747],[8.5991981,63.19448919999998],[8.619456899999966,63.189044599999974],[8.832193050578848,63.20198985833162],[8.86269417430549,63.231325526466904],[8.82790857272293,63.24424844409936],[8.815748662950973,63.26612643318442],[8.86597365330689,63.29521274413731],[8.863131136510066,63.32174525199537],[8.911064978461056,63.35650155626185],[8.798904290531032,63.37150131916796],[8.803166256607769,63.40231337313844],[8.755116945194848,63.424335918839326]]],[[[5.409908300000032,62.216555699999965],[5.3402839,62.2100735],[5.422398800000016,62.19705539999997],[5.409908300000032,62.216555699999965]]],[[[5.475868500000013,62.219240300000045],[5.446167400000034,62.22243580000003],[5.476282299999967,62.212166399999965],[5.475868500000013,62.219240300000045]]],[[[5.910807800000017,62.24919629999997],[5.877640500000036,62.24657809999997],[5.850551299999983,62.2310703],[5.889596,62.2363579],[5.910807800000017,62.24919629999997]]],[[[5.481962,62.264561200000024],[5.38924540000003,62.25797580000004],[5.439605400000035,62.237702699999964],[5.494085599999975,62.241154500000015],[5.44968,62.25614789999997],[5.4815339,62.249509500000045],[5.481962,62.264561200000024]]],[[[5.7519442,62.30305110000004],[5.712207899999976,62.29456349999997],[5.559318,62.29322409999999],[5.545412699999973,62.28584880000002],[5.549925200000038,62.268877600000025],[5.580837400000037,62.25770239999998],[5.529128299999963,62.258797299999976],[5.5339346,62.24597990000004],[5.648863499999978,62.2185066],[5.529600699999969,62.2253333],[5.608262800000018,62.186704700000014],[5.7640795,62.2033408],[5.811572800000041,62.2279477],[5.811051900000018,62.240866],[5.7860327,62.2457549],[5.801799399999984,62.26463640000003],[5.847431300000027,62.2781626],[5.818368199999989,62.27739850000001],[5.830492599999969,62.284642],[5.818271100000038,62.291029500000036],[5.7318019,62.282171799999986],[5.7519442,62.30305110000004]]],[[[5.496808600000035,62.34182669999998],[5.478091299999987,62.333411699999964],[5.476552300000014,62.321408200000036],[5.515430199999981,62.32827519999996],[5.496808600000035,62.34182669999998]]],[[[5.677903699999986,62.3359241],[5.609014300000025,62.33989889999999],[5.595109800000019,62.32838149999996],[5.650813300000012,62.318041099999974],[5.6470261,62.327096],[5.677903699999986,62.3359241]]],[[[5.745646799999959,62.359591800000025],[5.672839600000023,62.36447759999998],[5.666713699999958,62.3547371],[5.692554099999979,62.34248850000002],[5.655147900000012,62.3236651],[5.734417399999957,62.322978],[5.725730600000011,62.334304400000015],[5.745646799999959,62.359591800000025]]],[[[5.554733299999958,62.37513369999997],[5.497027700000045,62.365368399999966],[5.5253641,62.3540954],[5.5062566,62.34321159999999],[5.52868,62.330567800000026],[5.606495299999969,62.34024849999996],[5.607468400000014,62.354259],[5.563259899999972,62.3597547],[5.554733299999958,62.37513369999997]]],[[[5.640223700000012,62.37033309999996],[5.611765600000028,62.368418099999964],[5.67737490000002,62.3700512],[5.640223700000012,62.37033309999996]]],[[[5.5872638,62.41491389999999],[5.6083516,62.38481710000004],[5.667078,62.40010520000004],[5.660986400000011,62.407358899999984],[5.5872638,62.41491389999999]]],[[[6.003037099999963,62.42175809999998],[5.841051,62.404969],[5.815875399999969,62.373776],[5.826050699999973,62.34470349999997],[5.810396200000033,62.34090009999996],[5.845128800000031,62.343338],[5.863446499999968,62.3215096],[5.855535399999988,62.31793340000004],[5.841782199999978,62.31685689999996],[5.851331599999975,62.320700500000015],[5.828955399999968,62.3351124],[5.761738899999957,62.32506129999996],[5.794117100000017,62.319226700000016],[5.770867200000017,62.297490699999955],[5.8505843,62.30806930000002],[5.8286659,62.30234519999998],[5.8484089,62.2919287],[5.831157,62.2827882],[5.8545887,62.2901327],[5.867785100000033,62.275670400000024],[5.807025300000012,62.2497548],[5.9123587,62.2497708],[5.970078500000019,62.295177599999974],[6.113680099999973,62.350121199999975],[6.064712599999988,62.346418500000034],[6.086407400000015,62.35438289999998],[6.032125499999962,62.3690634],[6.003037099999963,62.42175809999998]]],[[[6.3338697,62.4386563],[6.299907400000015,62.4342469],[6.341915499999983,62.438296300000026],[6.3338697,62.4386563]]],[[[6.2198006,62.45173040000002],[6.180866299999964,62.43874539999997],[6.054839799999966,62.437184200000026],[6.077975400000012,62.41423810000003],[6.165136,62.39465759999997],[6.366667500000011,62.41973830000001],[6.355874100000024,62.43180060000001],[6.276134700000013,62.42295159999996],[6.2935385,62.437792],[6.2373936,62.4359655],[6.2198006,62.45173040000002]]],[[[6.126871200000016,62.4723587],[6.0906936,62.4700153],[6.085918299999959,62.456842],[6.104165899999957,62.45349080000001],[6.171273,62.46246270000001],[6.114286599999973,62.468616900000015],[6.126871200000016,62.4723587]]],[[[6.186504700000016,62.48255619999997],[6.150981,62.4692553],[6.263273700000015,62.47418820000002],[6.256496599999982,62.478700199999956],[6.186504700000016,62.48255619999997]]],[[[5.970237600000038,62.491689],[5.933919799999975,62.466151500000045],[6.0315195,62.4636799],[6.0480697,62.48580659999997],[5.970237600000038,62.491689]]],[[[6.529881,62.50869640000002],[6.372876,62.476322],[6.232754500000025,62.46936889999998],[6.220474599999969,62.46413660000004],[6.356337,62.45789750000002],[6.341875200000024,62.452706],[6.361147299999969,62.4416388],[6.341577299999978,62.43274210000001],[6.395461,62.43098739999996],[6.3923261,62.418329599999986],[6.535687399999967,62.435055899999966],[6.7252005,62.49055210000004],[6.660771,62.481132600000045],[6.62472,62.50210919999998],[6.520079,62.50340420000001],[6.529881,62.50869640000002]]],[[[6.064649,62.51502],[6.046637,62.50951970000001],[6.018697,62.511998799999965],[6.041761,62.49725509999998],[6.064649,62.51502]]],[[[6.579763,62.515296],[6.553497,62.514838],[6.593028,62.512198],[6.579763,62.515296]]],[[[6.46098,62.515234],[6.351412,62.506056900000026],[6.282439,62.517505],[6.1646715,62.491634299999966],[6.378366300000037,62.4924652],[6.46098,62.515234]]],[[[6.14123070000001,62.523156],[6.099321300000037,62.52588690000004],[6.101776100000022,62.50772830000003],[6.0810131,62.50611959999998],[6.139559600000032,62.50089509999997],[6.14123070000001,62.523156]]],[[[6.257241399999968,62.547959],[6.257776800000036,62.564045],[6.243222900000033,62.55033370000004],[6.257241399999968,62.547959]]],[[[6.262388200000023,62.5744387],[6.2353928,62.57128410000002],[6.218938200000034,62.5518533],[6.236768399999958,62.54973990000002],[6.262388200000023,62.5744387]]],[[[6.130820899999966,62.58287090000002],[6.070348800000035,62.582887],[6.1015848,62.57106979999997],[6.007138799999966,62.5521226],[6.039785500000038,62.54258550000004],[6.0137902,62.5357386],[6.0870255,62.55422070000004],[6.1383914,62.5279615],[6.118354500000022,62.5748972],[6.130820899999966,62.58287090000002]]],[[[6.1937094,62.635053900000045],[6.1262924,62.633431899999955],[6.144509400000041,62.614603799999976],[6.213726400000018,62.5935967],[6.2254804,62.598566],[6.1937094,62.635053900000045]]],[[[6.55972,62.64855],[6.538722,62.653557],[6.517462,62.641665],[6.55972,62.64855]]],[[[7.443943,62.67327080000003],[7.4336467,62.677303500000015],[7.408777799999976,62.6654942],[7.443943,62.67327080000003]]],[[[7.269388700000045,62.67988909999998],[7.2207897,62.6640568],[7.27349770000003,62.64757149999996],[7.388176700000026,62.6607067],[7.269388700000045,62.67988909999998]]],[[[6.928481,62.680716],[6.909569,62.680435],[6.870768,62.670255],[6.882007,62.668762],[6.928481,62.680716]]],[[[6.166655099999984,62.6871629],[6.169982100000015,62.65523020000002],[6.2612501,62.6281156],[6.278546199999967,62.6329643],[6.240627100000017,62.664573700000034],[6.166655099999984,62.6871629]]],[[[6.235236,62.6931669],[6.2253055,62.6823239],[6.27048330000004,62.66335940000002],[6.326669,62.64937360000003],[6.349638,62.65970929999999],[6.333018,62.677781],[6.235236,62.6931669]]],[[[6.649273799999976,62.70527680000003],[6.5977258,62.68802440000004],[6.608088799999988,62.6838503],[6.5581637,62.65148769999998],[6.666054800000042,62.66204790000004],[6.6386178,62.674642099999986],[6.649273799999976,62.70527680000003]]],[[[6.425611299999966,62.713196199999985],[6.313805,62.70553850000001],[6.3977126,62.687472799999966],[6.4322838,62.69957189999998],[6.412022,62.7096712],[6.425611299999966,62.713196199999985]]],[[[7.3500259,62.7311778],[7.263171399999967,62.72981739999997],[7.305253800000044,62.7269846],[7.195927800000023,62.706901100000046],[7.3500259,62.7311778]]],[[[6.921916599999966,62.74866560000002],[6.769682799999964,62.73382430000004],[6.7292249,62.711483899999976],[6.724136299999971,62.7271577],[6.741337299999971,62.73562489999998],[6.7048764,62.739378499999965],[6.677009,62.729621],[6.701469,62.72349779999996],[6.67548720000004,62.71858540000002],[6.697964599999983,62.69906880000001],[6.657265200000028,62.682679600000036],[6.6769295,62.66067580000002],[6.894171900000034,62.69617439999998],[6.9390215,62.70919480000002],[6.921916599999966,62.74866560000002]]],[[[6.401905,62.761532],[6.372061,62.758034],[6.355047,62.7485],[6.386778,62.749477],[6.401905,62.761532]]],[[[6.659908599999985,62.78648689999996],[6.628497600000015,62.7844259],[6.651710599999982,62.7771366],[6.659908599999985,62.78648689999996]]],[[[6.488421700000012,62.74834939999997],[6.4802473,62.79222310000002],[6.448115,62.78511],[6.413856099999981,62.76773230000002],[6.448942699999959,62.754158799999956],[6.4159357,62.74463409999996],[6.468565,62.729093],[6.488421700000012,62.74834939999997]]],[[[6.521539,62.799143],[6.481730100000037,62.800957],[6.480447200000027,62.792345899999965],[6.521539,62.799143]]],[[[6.5962552,62.812668],[6.577165599999967,62.8265755],[6.577127099999979,62.82495920000003],[6.574395800000032,62.82453750000004],[6.572035300000033,62.8211599],[6.5962552,62.812668]]],[[[6.928147,62.863209],[6.864812900000027,62.8348495],[6.812577700000032,62.855824400000046],[6.772257700000027,62.84836450000001],[6.763059699999973,62.84412440000001],[6.8182923,62.82320149999999],[6.765714100000041,62.806700099999965],[6.821848,62.805649],[6.8098572,62.7973626],[6.9150941,62.77399170000003],[6.9272833,62.7944834],[6.901397,62.803615],[6.919252,62.812069],[6.889460799999968,62.81567510000004],[6.9602253,62.82349969999997],[6.951829300000044,62.83665030000004],[6.968842300000032,62.84969050000003],[6.928147,62.863209]]],[[[8.3878901,62.91893360000004],[8.389597200000031,62.9077325],[8.41307550000001,62.90203840000002],[8.41078690000001,62.9081836],[8.3878901,62.91893360000004]]],[[[7.840556300000022,62.99924949999996],[7.801120199999966,62.989443499999965],[7.78158080000002,62.97565709999996],[7.8093529,62.965327],[7.869935899999957,62.97583630000004],[7.840556300000022,62.99924949999996]]],[[[7.769613199999958,63.02359610000002],[7.746609499999989,63.0192108],[7.786773499999965,63.02061620000002],[7.769613199999958,63.02359610000002]]],[[[7.936260900000013,63.04318660000002],[7.8849916,63.0240092],[7.902329200000024,62.9932516],[7.880520800000012,62.989259600000025],[7.954559200000032,62.998069700000045],[7.990669399999971,63.0172066],[7.9812545,63.02795159999997],[7.9478541,63.0203756],[7.965650299999959,63.037504],[7.936260900000013,63.04318660000002]]],[[[7.418699200000022,63.0504869],[7.3957152,63.04717570000003],[7.3928137,63.043416500000035],[7.416132099999983,63.0353136],[7.418699200000022,63.0504869]]],[[[7.583265099999958,63.08980230000002],[7.5553289,63.0838745],[7.5687052,63.08180970000004],[7.553485200000031,63.0781316],[7.568186,63.077207],[7.556162699999968,63.063758],[7.6025231,63.06247450000003],[7.583265099999958,63.08980230000002]]],[[[7.980271600000032,63.09348240000004],[7.960367099999987,63.09882470000002],[7.9523518,63.088231399999984],[7.980271600000032,63.09348240000004]]],[[[7.900030100000043,63.099467299999986],[7.715789399999972,63.08433970000004],[7.705781799999988,63.07149189999998],[7.726779900000013,63.05327659999998],[7.701561899999975,63.06413749999996],[7.7126345,63.0580183],[7.696151499999958,63.03744570000001],[7.8136683,63.0232685],[7.893289199999986,63.0663225],[7.882795099999983,63.07780780000004],[7.900030100000043,63.099467299999986]]],[[[7.636604,63.117456199999985],[7.560622,63.10430130000001],[7.629101,63.095718],[7.618621,63.0905],[7.633039,63.083988],[7.6020606,63.07437890000001],[7.643644300000018,63.0733019],[7.566406,63.050326],[7.590308,63.039821],[7.574481,63.035057],[7.594187200000023,63.023026],[7.58297590000001,63.01283710000004],[7.567551199999988,63.009501600000014],[7.581370499999961,63.015518899999975],[7.56826960000001,63.0173043],[7.574568,63.033267],[7.551993,63.034061],[7.567998,63.040876],[7.565455,63.046734],[7.486287,63.040793],[7.521968,63.053962],[7.483613,63.059697],[7.53149,63.077599],[7.529336,63.081158],[7.514029,63.082534],[7.4199376,63.0575845],[7.4414367,63.05353710000004],[7.456031,63.058759],[7.48372,63.057652],[7.426884899999985,63.05168879999997],[7.4674123,63.0429996],[7.4252846,63.042437699999965],[7.449747600000011,63.0339384],[7.4086696,63.0226092],[7.466386899999987,63.022676300000036],[7.353812,62.981491],[7.481577,62.95821970000003],[7.504619,62.935962],[7.727418,63.003512],[7.6717461,63.0265951],[7.674545700000012,63.05663910000002],[7.657637900000024,63.0581384],[7.677999699999981,63.067844],[7.660343200000041,63.07207750000002],[7.6747631,63.0955203],[7.652421399999975,63.10429139999999],[7.669487900000037,63.11184250000002],[7.617733600000042,63.112400600000015],[7.636604,63.117456199999985]]],[[[7.761995,63.12330009999999],[7.696264199999957,63.129796200000044],[7.709507399999959,63.12321470000003],[7.688684799999978,63.11462979999999],[7.7170013,63.1063684],[7.761995,63.12330009999999]]],[[[7.8722,63.1125539],[7.825303700000029,63.13540839999997],[7.835193600000045,63.1262704],[7.811622,63.13464780000001],[7.7438089,63.111021300000026],[7.8722,63.1125539]]],[[[7.935154899999985,63.155250800000026],[7.889094500000015,63.16663790000002],[7.875909600000041,63.1600198],[7.907820299999967,63.15137],[7.9453163,63.15621460000001],[7.935154899999985,63.155250800000026]]],[[[8.018733899999985,63.2084013],[7.995914399999981,63.208625299999966],[7.9537817,63.199457099999975],[8.018733899999985,63.2084013]]],[[[8.23057930000004,63.2287498],[8.159185800000012,63.21312370000002],[8.191109200000012,63.20647490000003],[8.17757210000003,63.19983540000001],[8.187918900000012,63.16322660000003],[8.325002599999975,63.16576259999999],[8.23057930000004,63.2287498]]],[[[8.1262039,63.2368682],[8.059762800000025,63.226140700000045],[8.025906200000032,63.202845],[7.908468,63.17422239999998],[7.973136799999979,63.15459969999998],[7.953889400000035,63.144334],[8.1874014,63.15548350000001],[8.170692799999978,63.1610482],[8.175433700000022,63.18654659999997],[8.1262039,63.2368682]]],[[[8.1760195,63.2496166],[8.1488312,63.236943199999985],[8.172337,63.225492],[8.216836299999985,63.23290679999997],[8.1760195,63.2496166]]],[[[8.50860320000002,63.261960400000014],[8.48523870000004,63.24933829999998],[8.511051299999982,63.22960360000004],[8.532190599999966,63.232672700000045],[8.50860320000002,63.261960400000014]]],[[[8.3193072,63.253904100000014],[8.328059200000014,63.2613817],[8.290450399999981,63.2719132],[8.241224700000037,63.2645983],[8.2891905,63.24534929999997],[8.255600799999984,63.23424139999999],[8.261852499999977,63.21624819999999],[8.317915699999977,63.193504200000014],[8.3452339,63.16403060000003],[8.475728299999984,63.15733259999997],[8.579529,63.18231360000003],[8.546742299999964,63.223849],[8.5032122,63.22576749999998],[8.484443100000027,63.238613499999985],[8.469019800000032,63.275623],[8.450032400000017,63.283640299999966],[8.383665699999975,63.26685140000004],[8.40128539999998,63.265343],[8.384326700000043,63.260335200000014],[8.4057007,63.254621300000025],[8.3926573,63.24272020000004],[8.4092518,63.205458],[8.385973599999973,63.2174623],[8.391813800000024,63.245193499999964],[8.3759104,63.270557900000036],[8.3193072,63.253904100000014]]],[[[8.035623,63.290668],[7.978105,63.293848],[8.008843,63.284345],[8.035623,63.290668]]],[[[8.115023,63.305508],[8.058329,63.300284],[8.023381,63.28291],[8.115023,63.305508]]],[[[8.2090454,63.322959799999964],[8.178323500000028,63.311382599999966],[8.189940600000044,63.30278529999996],[8.154910300000017,63.306005],[8.102262,63.2784129],[8.12876459999996,63.28154240000002],[8.224601300000044,63.312752],[8.2090454,63.322959799999964]]],[[[8.4495416,63.33379869999999],[8.385708599999985,63.325658699999984],[8.357902400000027,63.3084032],[8.445177599999964,63.30409010000001],[8.4781857,63.31721990000004],[8.4495416,63.33379869999999]]],[[[8.585479899999958,63.39146669999999],[8.494142700000017,63.373206199999984],[8.510142500000017,63.362789299999974],[8.4923841,63.35514150000002],[8.51861,63.3450829],[8.445467300000042,63.33883609999996],[8.534105,63.32084109999999],[8.550781899999981,63.323834200000015],[8.516449699999983,63.33944819999998],[8.5482476,63.3440117],[8.573947400000014,63.3277273],[8.5596693,63.314847799999974],[8.70721120000002,63.33865579999996],[8.647514699999958,63.38254470000003],[8.585479899999958,63.39146669999999]]],[[[8.133884,63.47266],[8.099334,63.470913],[8.14232,63.467851],[8.133884,63.47266]]],[[[7.994149,63.47763],[7.962519,63.466405],[7.993026,63.46074],[7.988243,63.450474],[7.947861,63.46067],[7.96064,63.455136],[7.944705,63.453229],[7.956605,63.4482],[7.940149,63.437335],[7.945095,63.437284],[7.948235,63.429552],[7.927232,63.436559],[7.928296,63.448758],[7.896862,63.433938],[7.910829,63.427138],[7.887844,63.430799],[7.894893,63.440574],[7.865708,63.427299],[7.860693,63.438515],[7.841929,63.436318],[7.852742799999989,63.42548480000002],[7.788784,63.409656],[7.827266,63.40371],[7.794688,63.404974],[7.799967,63.387879],[7.839794400000043,63.39592019999996],[7.841369299999966,63.38951050000004],[7.766584,63.368408],[7.797189,63.372507],[7.778152,63.364415],[7.817288,63.355023],[7.910053,63.372389],[7.845161,63.356019],[7.905508,63.357006],[7.904043,63.3506],[7.846495,63.351169],[7.821333,63.339708],[7.839701,63.336021],[7.81913,63.337899],[7.810434,63.334757],[7.839809,63.333336],[7.848084,63.339926],[7.863961,63.327135],[7.91981,63.340231],[7.990902,63.326171],[7.978567,63.320967],[8.024253,63.324357],[7.988318,63.318734],[7.979525,63.309974],[7.993404,63.303422],[8.082109,63.303381],[8.105247,63.309028],[8.04901,63.324268],[8.14662,63.333071],[8.119764,63.336489],[8.170822,63.34255],[8.143288,63.349422],[8.214998,63.372089],[8.193726,63.378621],[8.204107,63.394922],[8.165736,63.400203],[8.166292,63.430135],[8.146169,63.431638],[8.148399,63.446145],[8.123966,63.460322],[7.983718,63.465278],[7.994149,63.47763]]]]}},{"type":"Feature","properties":{"adm0_a3":"NOR","shape_name":"Vestland","ihme_name":"Vestland"},"geometry":{"type":"MultiPolygon","coordinates":[[[[5.456993199162796,59.49803176314214],[5.44375,59.5124428],[5.458782799999961,59.524778400000045],[5.4392959,59.5278919],[5.459668100000025,59.53171509999996],[5.449703200000021,59.54271240000003],[5.500421800000032,59.52211739999996],[5.507878900000017,59.5433775],[5.4752275,59.5617347],[5.512765400000029,59.54728369999999],[5.5363538,59.569219100000026],[5.520230499999967,59.591399],[5.525372200000044,59.6259744],[5.5071948,59.6353262],[5.5312455,59.648977099999975],[5.543206799999977,59.7102018],[5.515908,59.71879889999999],[5.535089299999973,59.732220199999986],[5.478241,59.71034619999996],[5.4741326,59.6921345],[5.463081199999985,59.70465489999997],[5.437520199999989,59.6880297],[5.4507096,59.661359800000014],[5.41346880000002,59.66330019999998],[5.451902600000013,59.65201250000004],[5.444813500000011,59.64085549999999],[5.477619400000021,59.62396620000002],[5.450792199999976,59.603366600000015],[5.435241,59.6087144],[5.442139199999984,59.584246500000035],[5.431568500000038,59.584072],[5.4319696,59.6125595],[5.438185,59.61689120000003],[5.4102536,59.6244876],[5.408673,59.6527537],[5.374213700000018,59.64621919999996],[5.3772597,59.633954],[5.315545599999959,59.619806600000025],[5.329046499999967,59.60099589999997],[5.304865899999966,59.6003123],[5.2840135,59.558550499999974],[5.272622599999965,59.56484429999998],[5.224632700000042,59.5279799],[5.2772174,59.526166300000035],[5.2670679,59.5179078],[5.2793288,59.50988],[5.256092300000036,59.5203542],[5.227906,59.5128839],[5.261738600000031,59.5151336],[5.240063699999963,59.50714480000004],[5.280272199999979,59.49063409999996],[5.312276,59.50060950000003],[5.295484,59.492826],[5.31587940754415,59.47559307317602],[5.364867314733485,59.494999201427106],[5.397258458999472,59.48324530159345],[5.389424298894996,59.491179452188106],[5.456993199162796,59.49803176314214]]],[[[7.442652739576237,60.05732017182402],[7.583063882690633,60.17571996614412],[7.609751978405852,60.24409458997578],[7.67370902729798,60.29433481289451],[7.694028296865825,60.42635614980373],[7.732114688924781,60.52097049090459],[7.639576811719028,60.5595877494119],[7.621713632630425,60.59614539443913],[7.635850738059022,60.632906967571245],[7.546317920014616,60.6574044506305],[7.438842391540357,60.66003935185256],[7.6146986445305,60.74419434181046],[7.704408176667939,60.73912056069166],[7.726234979928476,60.76113132289481],[7.721540429758409,60.79007162528678],[7.704431979178625,60.79277215575902],[7.803027072976381,60.89673454080858],[7.85151535423501,60.91992277453627],[7.879034969056865,60.92404767111184],[7.935204877764813,60.897255195108364],[8.040872298808834,60.89321496214036],[8.153942129965289,60.982232580157174],[8.223110666232195,60.96808883068963],[8.232816481288193,60.99456442947902],[8.220874902480313,61.00429269149557],[8.257331728015545,61.008542999521325],[8.28266142531555,61.03333065555407],[8.21443357326914,61.053910542526154],[8.251701165570166,61.07394382726714],[8.133876693484737,61.10967117782213],[8.075600945970544,61.17972204918627],[8.044005786905208,61.178987091163435],[8.06057298634196,61.19331604981865],[8.053218146369552,61.22025347134232],[8.006563650050673,61.23357197988057],[8.051171044684548,61.23277627331053],[8.135700421228558,61.26902535016035],[8.176731770037204,61.305047147250775],[8.243819454519548,61.3213808901995],[8.251141600075337,61.33913611900102],[8.15954245003521,61.36967592673193],[8.150360455842572,61.42674140890502],[8.1922573743782,61.438798625365],[8.274829711962226,61.43126787306935],[8.322052971369214,61.455885433608515],[8.26233262108032,61.53397957827743],[8.195565209443105,61.54779348860302],[8.117893392237713,61.52284677863234],[7.94731242983021,61.55668068223925],[7.932993896143988,61.60237276541651],[7.895650915991303,61.64364664005135],[7.908215486150398,61.721679200269946],[7.841840701708382,61.743132066256365],[7.752518560498146,61.7548100296025],[7.513823662732224,61.727364471075234],[7.514754689724175,61.76032823228515],[7.412503204685171,61.85750942511504],[7.414227000672967,61.89151482078439],[7.388799297708125,61.93307145492032],[7.393387279386503,61.992523471919675],[7.311453547705003,62.01797971042473],[7.194888433943705,62.030693785308884],[7.20315379084436,62.022916050727495],[7.185539861092787,62.01443338195023],[7.073480363658954,62.00938552684032],[7.082728704525064,62.00500090783355],[7.051395938863405,61.984424407263255],[6.951605177553651,61.98867437749484],[6.748107312312929,61.95347414167957],[6.627039019175503,61.95912658976576],[6.537463755437483,61.94622568829315],[6.502254181669763,61.92334379855855],[6.431070274185683,61.95156235984952],[6.420987144865387,61.98169417254386],[6.311348807592481,61.958652276958034],[6.235822299027959,61.99181295717039],[6.257523952483083,62.00555253519151],[6.217175576391449,62.00941287099728],[6.181833489564511,62.010653690239906],[6.116622603404713,61.96514658539865],[6.036361204896976,61.95658359585436],[5.964776888354203,61.99410983758474],[5.926908990730484,61.996594822805605],[5.802578645809159,61.96599577854557],[5.728986012819822,61.98079206112668],[5.551558852323368,61.96041235279663],[5.475956094871012,61.98594771905645],[5.442874719077154,61.97420955829303],[5.502374510331179,62.00723498916714],[5.4545357,62.0069163],[5.479087299999973,62.013791900000015],[5.493803,62.044315],[5.3174279,62.120851],[5.316581200000025,62.1431845],[5.30002660000004,62.1514674],[5.331344,62.168511100000046],[5.291851200000041,62.17112170000004],[5.29785930000004,62.16020179999998],[5.285550099999957,62.15810490000003],[5.2826534,62.1746175],[5.237298300000036,62.18766320000001],[5.223564,62.210683],[5.184149,62.218987],[5.175006700000017,62.19848360000001],[5.201294500000019,62.19288959999999],[5.09584,62.194758],[5.114796,62.168141099999985],[5.0866024,62.1674005],[5.160444699999966,62.12754719999997],[5.112934300000015,62.125647900000025],[5.116798900000029,62.099828],[5.234002800000036,62.103155299999976],[5.343368300000039,62.05926240000002],[5.339596,62.0355807],[5.425048,62.019594300000044],[5.343541900000014,62.0328015],[5.312057,61.977092],[5.298273,61.989096],[5.24068,61.9903],[5.297683499999971,61.96601590000002],[5.288894,61.951116],[5.241496400000022,61.98444940000004],[5.200971300000012,61.978967],[5.221439100000035,61.93286430000001],[5.1984969,61.9504806],[5.195307900000023,61.987888],[5.1632607,61.98314],[5.133441099999979,61.93791659999997],[5.145131,61.92770579999996],[5.127017200000038,61.9323553],[5.1220305,61.9198551],[5.191302299999977,61.91749040000002],[5.1465644,61.91158679999996],[5.177980899999989,61.89534940000002],[5.222812499999984,61.91368979999997],[5.322498300000044,61.908409300000045],[5.450472299999975,61.9395873],[5.4590603,61.92603860000004],[5.685240499999965,61.91032769999997],[5.9052439,61.9193892],[5.9881692,61.9056555],[5.729782200000043,61.89291930000004],[5.807217700000033,61.85740840000003],[5.910842,61.883692],[6.068033,61.873643],[6.136860900000029,61.84637760000003],[6.30584,61.864044],[6.40296330000003,61.83481410000001],[6.522911,61.833954],[6.555741200000019,61.8778958],[6.717318300000018,61.902171699999975],[6.7106111,61.88149809999997],[6.847068099999975,61.868638],[6.82005510000001,61.86652679999999],[6.803591099999972,61.83484970000003],[6.757283,61.864598],[6.589903,61.87034],[6.578617,61.865663],[6.608258,61.846985],[6.529731,61.80976],[6.484654,61.805229],[6.383524,61.817547],[6.296922,61.848381],[6.125181,61.830942],[6.078562700000022,61.846801],[6.098971,61.824631],[6.2120967,61.778821900000025],[6.179768800000017,61.7643042],[6.117431,61.7828127],[6.036901299999963,61.84596269999999],[6.019598,61.8444107],[5.9958336,61.837245600000024],[5.965649,61.766156],[5.913233,61.73140459999996],[5.918889,61.739988700000026],[5.912887300000035,61.73598680000002],[5.8791794,61.734844099999975],[5.91437480000001,61.73824809999998],[5.943686,61.768166],[5.980287,61.850329],[5.85626,61.856803],[5.693378,61.834876],[5.646546,61.813003],[5.679262,61.840656],[5.779793,61.853251],[5.737892,61.860364],[5.7079552,61.8849355],[5.6012193,61.89972119999999],[5.5450083,61.889381],[5.532473299999973,61.895243100000016],[5.541405299999957,61.9048063],[5.430626800000015,61.917580899999955],[5.381624099999959,61.9077733],[5.299776,61.85745020000003],[5.382508899999982,61.8460859],[5.324023,61.848403],[5.293911,61.836879],[5.320158,61.833111],[5.309423,61.827148],[5.15332,61.808697],[5.096369499999986,61.77737419999997],[5.094177499999985,61.76102759999996],[5.131221,61.75777790000002],[5.157701800000035,61.77279220000001],[5.2952599,61.7729473],[5.149825099999971,61.75494290000002],[5.1492061,61.73831530000003],[5.217925,61.722791200000046],[5.175410400000024,61.7228358],[5.161770100000028,61.702365599999965],[5.166326299999978,61.71888680000003],[5.119103500000021,61.7438742],[5.112291699999959,61.7052836],[5.106723699999959,61.74222570000002],[5.0874987,61.753269],[5.033267699999987,61.75792219999997],[4.991040700000026,61.73960159999997],[4.981452700000032,61.72899130000003],[5.006692700000025,61.72299409999996],[5.008076699999963,61.71939],[4.968549700000024,61.72124310000003],[4.986064799999989,61.696805],[4.973007900000036,61.669537299999966],[5.009537599999957,61.64971880000002],[4.991142,61.62741],[5.0150836,61.6301366],[5.002144899999971,61.63450150000001],[5.004539,61.64175820000003],[5.030735399999985,61.629898800000035],[5.098875500000032,61.63948760000001],[5.2853682,61.62528329999998],[5.425110300000012,61.6481889],[5.368561599999987,61.62769070000004],[5.139675400000042,61.60531770000003],[5.3398448,61.613294400000015],[5.461301399999984,61.589501],[5.443934500000024,61.57852770000004],[5.4585225,61.571686],[5.34678260000001,61.57753010000001],[5.367360399999987,61.571705],[5.3395872,61.577879499999966],[5.334338200000021,61.58737830000004],[5.398644700000043,61.59368639999999],[5.29793420000002,61.60759760000002],[5.180936799999957,61.5961286],[5.203439799999975,61.5823187],[5.229635299999979,61.585655],[5.273622800000032,61.57035169999999],[5.353057599999977,61.56315050000004],[5.407688599999959,61.549001400000044],[5.277544499999975,61.553564600000044],[5.3014587,61.54353359999999],[5.270244899999964,61.54007670000004],[5.174936499999982,61.55534080000001],[5.1908377,61.53831539999997],[5.1600405,61.5334561],[5.184647799999963,61.527306800000034],[5.165678600000033,61.52213739999998],[5.177705,61.514246599999986],[5.354427399999983,61.4882638],[5.502377099999988,61.4949426],[5.470138799999956,61.4841902],[5.4797424,61.465170499999985],[5.457226100000033,61.4730187],[5.442347199999963,61.4643936],[5.528085899999956,61.4545273],[5.623528500000029,61.470801200000025],[5.720921800000033,61.516952],[5.723087199999965,61.50332910000004],[5.8151146,61.48916250000001],[5.805962900000038,61.47268559999998],[5.860295,61.45670189999998],[5.831779599999964,61.45819189999998],[5.835808399999975,61.456247],[5.843685499999983,61.4563232],[5.849612700000039,61.45393730000003],[5.848713,61.450931600000025],[5.876823,61.45561730000003],[5.849389599999965,61.45024350000002],[5.798164699999985,61.467186199999965],[5.796436800000015,61.481321299999955],[5.714233299999959,61.494477],[5.634575200000013,61.45428610000002],[5.546089899999961,61.4405017],[5.449829,61.448946],[5.467896,61.454251],[5.43245,61.45924],[5.412486,61.47777],[5.324791,61.478909],[5.379399,61.465041],[5.34644,61.460749],[5.235741,61.483599],[5.225624,61.476854],[5.253716,61.473065],[5.224484,61.460875],[5.234333,61.456491],[5.078934,61.45204],[4.975925,61.421325],[5.004844,61.405802],[5.164622,61.430741],[5.102475,61.412519],[5.103835,61.377177],[5.092686,61.40192],[5.032401,61.394388],[5.023828,61.377368],[5.047841300000021,61.349322299999976],[5.111798,61.343067099999956],[5.071120499999958,61.3385579],[5.077651,61.322076],[5.168652,61.334821],[5.187989,61.35998],[5.415290899999968,61.38524910000002],[5.527676,61.380069],[5.567382,61.369726],[5.653353,61.377035],[5.676144,61.362764],[5.643984,61.373505],[5.560948,61.362807],[5.429919,61.378652],[5.359101,61.352254],[5.285262,61.355819],[5.351154,61.324491],[5.350843,61.313233],[5.280004,61.349508],[5.199341,61.346999],[5.196777,61.333218],[5.21664,61.331616],[5.198362,61.317835],[5.226925,61.307643],[5.166985,61.302982],[5.138266,61.318922],[5.118014,61.306826],[5.147975,61.297397],[5.055958,61.306116],[5.029284,61.292825],[5.072746,61.294343],[4.979056,61.28512],[4.98579050000003,61.256383400000026],[4.9490555,61.260923499999976],[4.948285599999979,61.24558010000002],[4.9875686,61.24513810000004],[5.024411599999977,61.2728768],[5.031487599999961,61.25895039999997],[5.009270599999981,61.243923],[5.06013,61.23989],[5.092502,61.24349],[5.096427,61.25853],[5.103294,61.257912],[5.10227,61.234636],[5.02346,61.239546],[5.004185,61.224604],[5.182280700000041,61.227592500000036],[5.311183399999985,61.18929759999999],[5.251824,61.194607],[5.29623,61.177991],[5.263819,61.169578],[5.136444,61.206074],[5.094275,61.202254],[5.071944,61.177258],[5.173950600000031,61.146937700000045],[5.213027,61.163251],[5.287562800000044,61.138818],[5.265826200000022,61.12982240000003],[5.1973075,61.14705210000001],[5.196709,61.134337],[5.2295485,61.12563370000002],[5.2290194,61.1055717],[5.259334200000042,61.10667929999999],[5.27046050000004,61.1246062],[5.2847367,61.109553],[5.307140499999962,61.114762700000014],[5.344906500000034,61.13928409999997],[5.346835799999971,61.10213939999996],[5.40124,61.069645],[5.565554,61.114706900000016],[5.617570700000018,61.1531503],[5.7052888,61.13780069999998],[5.7259794,61.14578079999998],[5.728483200000033,61.16745550000003],[5.802433799999983,61.1599517],[5.795973300000034,61.1916766],[5.819533500000039,61.20986410000001],[5.835596500000028,61.2067228],[5.814041,61.188472899999965],[5.823319300000017,61.16168150000004],[5.931649599999988,61.16085959999998],[6.050376100000031,61.1941787],[6.0649972,61.21820720000003],[6.080976299999973,61.2066586],[6.070971699999971,61.18553939999999],[6.005293200000027,61.1634392],[6.06126530000004,61.14519960000003],[6.137748,61.153761],[6.184719,61.161788],[6.2220428,61.188048],[6.203491,61.16525],[6.268753,61.133812],[6.37842860000004,61.10984809999999],[6.473446599999976,61.115145599999984],[6.477856100000045,61.129872],[6.545072,61.140133199999966],[6.528628100000033,61.195297],[6.5393151,61.20921319999998],[6.499198,61.2145635],[6.480699699999958,61.228619500000015],[6.5681802,61.2123512],[6.546767799999985,61.2287695],[6.55546020000004,61.24232530000001],[6.539855499999957,61.261376],[6.500366300000037,61.275817699999976],[6.544433600000032,61.27263550000003],[6.561834200000026,61.29953009999996],[6.57323,61.252476299999955],[6.653199199999959,61.28455019999998],[6.668924100000039,61.316256899999985],[6.7216569,61.352078500000026],[6.754391,61.420777400000034],[6.744764799999968,61.34996830000004],[6.691379700000043,61.31034729999997],[6.678920199999959,61.279374],[6.587585,61.239966],[6.596521099999974,61.207526300000026],[6.681619,61.203723],[6.716788200000034,61.18160160000004],[6.835122,61.186065],[6.910823300000034,61.16139849999998],[6.995757,61.15739090000004],[7.024890400000027,61.1927436],[7.094127900000013,61.213005],[7.119094400000025,61.2313405],[7.112447700000034,61.246795699999964],[7.167808299999988,61.26851540000001],[7.172993500000024,61.254752],[7.134506299999964,61.24867],[7.1190673,61.210313599999985],[7.172020199999961,61.20099159999997],[7.077879599999969,61.19842220000001],[6.994662,61.1507072],[6.928074600000022,61.13932230000002],[6.9444531,61.11320760000004],[6.992195799999989,61.10578880000003],[7.0401482,61.134379599999974],[7.168099,61.14139970000004],[7.1881859,61.16642969999998],[7.246058100000029,61.17146480000003],[7.240103800000041,61.18385570000003],[7.329014600000038,61.1567797],[7.3957324,61.181900700000014],[7.353654400000019,61.19669789999998],[7.330482199999965,61.2653217],[7.246922499999963,61.29958040000004],[7.347645200000018,61.34413539999998],[7.342634699999961,61.36819640000003],[7.284355700000033,61.39594549999997],[7.363957600000036,61.37874879999997],[7.436812600000019,61.4094209],[7.4522282,61.43986650000003],[7.523866,61.4578514],[7.5878181,61.4947356],[7.599887699999973,61.4881744],[7.589303499999977,61.4744152],[7.518039800000031,61.448932],[7.484686400000017,61.408318199999975],[7.4157003,61.380443400000026],[7.384238799999986,61.325849],[7.3126247,61.2968554],[7.378802499999958,61.267680400000025],[7.3933686,61.2069271],[7.422054800000021,61.200349],[7.621316600000027,61.21326769999998],[7.650096800000016,61.2409588],[7.7126735,61.229648499999975],[7.657852099999984,61.22224469999996],[7.624262399999958,61.195259],[7.5188263,61.1924644],[7.374047199999966,61.1467525],[7.478841899999965,61.098761],[7.248428,61.147359],[7.215110300000015,61.118187],[7.041403,61.104209],[7.026259,61.088376],[7.047897800000035,61.06031359999998],[7.039722599999964,61.03390930000002],[7.083878800000031,60.9750632],[7.1931934,60.93935159999998],[7.1917926,60.90508039999997],[7.1223989,60.86048269999996],[7.157224400000016,60.9152055],[7.1548044,60.938182200000035],[7.049550700000017,60.98565140000004],[6.9418445,60.9430709],[6.88475660000003,60.9301358],[6.870193,60.894581600000016],[6.8414799,60.88134060000002],[6.8714282,60.930972],[7.016964599999985,60.97898549999997],[7.036840100000029,60.998857900000026],[7.007788,61.045874],[7.014156,61.0574616],[6.959409,61.088151],[6.940718,61.074814],[6.880576,61.089241],[6.875403,61.130881],[6.852454,61.145365],[6.702141,61.151469],[6.644196,61.175559],[6.630811399999969,61.173426499999984],[6.589178,61.090755],[6.542115,61.104499],[6.450007,61.079111],[6.399317,61.023743],[6.416716,61.007693],[6.362793,61.002937],[6.350276,61.010756],[6.38679,61.018893],[6.409482,61.070532],[6.341838,61.070625],[6.303018400000026,61.040511],[6.270300199999989,61.03502380000004],[6.30839310000002,61.04793249999999],[6.319446,61.082344],[6.162084199999972,61.11854370000004],[6.039706900000018,61.1064316],[5.9822479,61.12908629999997],[5.9021845,61.130545],[5.859974600000028,61.114651200000026],[5.913285,61.0683498],[5.846798,61.099134899999974],[5.803170700000026,61.06830260000001],[5.807912100000022,61.049767],[5.796875900000019,61.06269920000001],[5.824679,61.1178669],[5.803925799999975,61.1261487],[5.733730599999975,61.098319700000026],[5.694189899999968,61.090462299999956],[5.658327800000039,61.10416020000001],[5.6144532,61.08512610000004],[5.68171070000003,61.05944360000003],[5.609940199999985,61.0837516],[5.567286299999962,61.06441619999997],[5.521723799999977,61.06580160000002],[5.479268,61.048045],[5.491361299999985,61.02679609999998],[5.48432,60.987793],[5.458642,61.016935],[5.464633,61.032954],[5.3243816,61.031082800000014],[5.293277700000031,61.06557830000002],[5.170138800000034,61.0708853],[5.151852500000031,61.08545120000003],[5.141710699999956,61.0709378],[5.045187600000011,61.060677],[5.040337399999983,61.0408887],[5.02011950000003,61.0348704],[5.0518655,61.02799240000002],[5.026337499999988,61.0247944],[5.041925799999957,61.018324499999984],[5.025885499999982,61.00928650000002],[5.040547100000014,60.979788300000045],[5.0875212,60.9833666],[5.121312600000016,60.96517290000002],[5.1622496,60.975842599999986],[5.173480899999982,61.00380230000003],[5.1908882,61.006401200000035],[5.172313899999969,60.9877915],[5.192988300000033,60.96848089999999],[5.127867799999985,60.960276100000044],[5.140869800000013,60.93831310000003],[5.124202699999957,60.90473469999996],[5.134941400000036,60.88125280000004],[5.117989,60.87146480000002],[5.1264703,60.95832369999997],[5.005336199999965,60.966744600000034],[5.02140120000003,60.962665600000044],[5.003205599999982,60.96110560000002],[5.017180599999959,60.95731359999997],[5.0019506,60.95370159999999],[5.010859700000013,60.93577960000002],[5.0513653,60.927273],[5.029082900000036,60.90728380000002],[5.0704361,60.864420399999986],[5.058228100000028,60.8599088],[5.0638891,60.84427870000003],[5.0910131,60.83387670000001],[5.097096099999975,60.84670770000001],[5.098586099999979,60.8294077],[5.1457763,60.82554670000001],[5.155541,60.846588199999985],[5.185851199999968,60.84857350000002],[5.1897632,60.82905649999998],[5.176927200000025,60.84078350000003],[5.154295600000024,60.835261500000016],[5.1670254,60.8219474],[5.1549018,60.81563590000004],[5.175826800000015,60.811202899999984],[5.1828288,60.833230899999954],[5.182109800000022,60.80726190000004],[5.1940688,60.80591489999997],[5.191095800000033,60.82759390000002],[5.212053800000026,60.838769900000045],[5.2607374,60.79222470000002],[5.27818,60.81735020000004],[5.239991799999965,60.8319484],[5.3064116,60.8120051],[5.309522,60.83257490000003],[5.3356088,60.82962759999998],[5.350098900000043,60.870661199999965],[5.473559500000013,60.8869402],[5.525907500000015,60.91601809999999],[5.488420600000032,60.89055320000004],[5.4922246,60.87870620000001],[5.5901943,60.8733475],[5.510812099999972,60.857003300000024],[5.47566,60.876464],[5.36661,60.864733],[5.351788,60.840719300000046],[5.3789269,60.81618689999998],[5.327873,60.815747],[5.265706,60.770478],[5.3240221,60.74866840000003],[5.349414800000018,60.76600050000004],[5.347612099999987,60.745488],[5.386478100000035,60.74827379999997],[5.3767961,60.7305258],[5.400914099999964,60.73495979999998],[5.392828400000015,60.723121],[5.4164716,60.707254099999986],[5.454462,60.71378819999998],[5.420442,60.701983],[5.469324099999961,60.67534940000002],[5.469319600000032,60.659041400000014],[5.4096083,60.69645629999999],[5.380589599999984,60.6853001],[5.4623751,60.63457460000004],[5.362004,60.680702900000036],[5.367513400000034,60.659785],[5.4047211,60.6371985],[5.359892199999971,60.6541871],[5.3320987,60.69804489999998],[5.350112199999989,60.707503500000016],[5.318709700000012,60.730758],[5.278358299999985,60.7281534],[5.269840299999972,60.743777700000024],[5.2403712,60.740270800000026],[5.089634300000045,60.789275900000014],[5.113196300000022,60.765357899999984],[5.0174695,60.82251259999997],[5.017749699999973,60.81173070000004],[4.945385,60.81016440000003],[4.9842464,60.788607100000014],[4.994988900000029,60.794227],[4.984814900000044,60.80227570000004],[5.04538510000001,60.776701],[5.0630304,60.7518789],[5.031402400000017,60.748009899999985],[5.062942700000027,60.72906930000003],[5.104179500000038,60.72273219999998],[5.093682399999965,60.740077700000036],[5.213152499999984,60.724719],[5.1900165,60.715616299999986],[5.158172800000015,60.73160920000004],[5.187184399999966,60.7085005],[5.1967998,60.69476490000002],[5.131472100000044,60.724803500000036],[5.1698958,60.70124389999999],[5.1035736,60.71815269999997],[5.238025,60.662405],[5.223172,60.658813],[5.227269,60.642618],[5.268809,60.61932060000002],[5.165645799999984,60.67211649999996],[5.1235141,60.679183199999976],[5.131991500000032,60.66891329999996],[5.114058899999984,60.673157699999955],[5.126461299999962,60.66078160000002],[5.113676599999971,60.6591519],[5.204575,60.623283],[5.195398,60.61857],[5.232211200000036,60.58560509999998],[5.231351400000039,60.56541009999997],[5.2784605,60.54092129999996],[5.387156400000025,60.57016249999999],[5.3643496,60.592072399999964],[5.4098983,60.5866766],[5.3905568,60.61017429999998],[5.43013,60.595054],[5.4444039,60.6001517],[5.431069200000026,60.60821189999997],[5.457918200000011,60.604140900000026],[5.492490900000012,60.633623599999964],[5.5622877,60.6318623],[5.577640600000032,60.66128349999998],[5.5480054,60.70115730000002],[5.594141899999959,60.69676790000001],[5.664460799999981,60.72692350000003],[5.69915120000004,60.76241190000003],[5.737839200000016,60.7677531],[5.7615382,60.80548410000003],[5.789219499999975,60.815949400000044],[5.803392399999984,60.8129711],[5.7740871,60.80233819999997],[5.7660482,60.780768100000046],[5.6813872,60.7351297],[5.66577220000004,60.7154405],[5.675353899999957,60.7019513],[5.751506500000025,60.69772350000003],[5.7957206,60.735103200000026],[5.7611201,60.692723599999965],[5.733941,60.6889637],[5.7403724,60.66434210000001],[5.7675381,60.6676073],[5.801982400000027,60.658112299999964],[5.844921500000021,60.6212869],[5.871014399999973,60.636321100000046],[5.956348399999966,60.641453300000045],[5.875598099999978,60.633571],[5.87808270000003,60.6224644],[5.833542100000043,60.61266579999999],[5.8001669,60.65753179999999],[5.7376683,60.65957249999999],[5.731890400000038,60.55902920000003],[5.7196461,60.55656110000002],[5.7327537,60.55134970000003],[5.773782700000018,60.57725979999996],[5.719793,60.5379183],[5.7435701,60.46847390000004],[5.720240300000045,60.45285730000004],[5.6496964,60.4595166],[5.622051600000043,60.428537499999976],[5.520794199999978,60.421415199999984],[5.4592963,60.4547451],[5.4633346,60.4206114],[5.450033099999962,60.451972700000034],[5.375509899999974,60.50633770000003],[5.2996181,60.52680830000002],[5.272924499999986,60.520168100000035],[5.255433399999964,60.477303900000024],[5.320566900000022,60.442453],[5.2787417,60.44692349999997],[5.279445399999959,60.43468260000003],[5.321703600000015,60.41233059999998],[5.3083603,60.40162870000002],[5.324739300000013,60.39464940000004],[5.3010948,60.40024610000002],[5.308923699999978,60.3882662],[5.352080899999988,60.3807724],[5.241183499999979,60.39966679999996],[5.17154080000004,60.37428050000003],[5.193239899999979,60.34838],[5.175837700000029,60.34525320000002],[5.2023839,60.327154099999966],[5.232418499999957,60.330106199999975],[5.220743400000027,60.3428064],[5.236189400000034,60.360777899999974],[5.257896899999958,60.32052750000004],[5.318327099999975,60.326768],[5.328924199999973,60.3408785],[5.337604,60.344888],[5.329419800000034,60.312358],[5.301629399999962,60.30328010000002],[5.300554799999956,60.317878],[5.278492800000011,60.32256370000003],[5.265220700000016,60.311577900000024],[5.219945,60.32044380000004],[5.200870899999964,60.29027679999997],[5.2363651,60.2629093],[5.272562100000021,60.27599740000004],[5.2642222,60.268836300000025],[5.283678299999982,60.27245339999999],[5.298355499999973,60.25625210000002],[5.329027199999969,60.26951250000002],[5.334792300000023,60.257757799999986],[5.282370799999979,60.22347560000004],[5.248798599999981,60.22384040000003],[5.245137600000026,60.20972489999997],[5.280521700000017,60.2067031],[5.304173200000028,60.2275445],[5.390715100000042,60.22280020000002],[5.366328699999977,60.2007694],[5.350952300000044,60.21078319999996],[5.3347758,60.204886],[5.3536643,60.19002150000004],[5.330026400000042,60.1931359],[5.398959399999969,60.17904229999996],[5.400007700000019,60.15341210000001],[5.4265508,60.16204060000002],[5.44202490000003,60.13215470000003],[5.472131399999979,60.1891473],[5.532956100000041,60.1969683],[5.574774600000042,60.2423441],[5.562615899999978,60.26154489999998],[5.614691099999968,60.287013],[5.6469198,60.3737412],[5.66645,60.37135330000004],[5.650871400000023,60.362465499999985],[5.664482,60.34546810000004],[5.6850187,60.3723292],[5.719968500000027,60.38155459999997],[5.7196021,60.40313060000003],[5.763166200000013,60.3956622],[5.744923499999976,60.368992],[5.688782400000013,60.363960100000014],[5.683505500000029,60.3460944],[5.656018099999981,60.3360299],[5.650620599999966,60.3060869],[5.663140299999968,60.3011909],[5.656116300000024,60.28512839999996],[5.640552599999959,60.2744777],[5.654471199999977,60.29767069999997],[5.633563499999971,60.270883200000014],[5.583753199999974,60.25256160000002],[5.601637899999966,60.2507622],[5.598389400000036,60.235820699999984],[5.666176700000024,60.28463660000004],[5.665964300000036,60.26586950000004],[5.6205276,60.23234489999999],[5.661000600000031,60.24466120000004],[5.7473913,60.238358099999964],[5.592007099999984,60.2061742],[5.606127800000026,60.18504920000004],[5.574408500000038,60.155777],[5.603737,60.142358900000026],[5.686637800000026,60.16141509999996],[5.697271600000041,60.1922129],[5.7052458,60.18036049999996],[5.7702551,60.186983400000024],[5.7205199,60.17064970000002],[5.7688285,60.126678],[5.7200486,60.10501660000001],[5.743846200000013,60.105462300000035],[5.732890600000017,60.095185599999986],[5.758739600000039,60.069338],[5.792557400000019,60.091616800000025],[5.8033933,60.076307499999956],[5.838158199999976,60.090679099999974],[5.7940717,60.04926710000004],[5.7824013,60.0676797],[5.749675200000025,60.0669142],[5.757019199999979,60.057693800000045],[5.715262600000036,60.072241],[5.706255399999959,60.0475632],[5.725711,60.0053453],[5.762035399999975,60.01067540000003],[5.765627900000036,59.97918670000003],[5.829672699999987,60.01798589999997],[5.811439500000025,60.002105100000044],[5.817236,59.98320690000004],[5.851864500000014,59.990473],[5.915179399999969,60.03349079999997],[5.922441100000041,60.08282010000004],[5.899006600000044,60.15501519999996],[5.923931199999965,60.166669400000025],[5.924306899999964,60.150136200000034],[5.9491405,60.157790700000014],[5.963010800000012,60.212981],[6.006409600000028,60.23092989999997],[6.0187787,60.257738099999955],[6.005947100000041,60.27186250000004],[6.082025600000017,60.25277440000004],[6.1410986,60.2592522],[6.151979799999973,60.2422764],[6.196143500000039,60.2808072],[6.1739259,60.284544699999984],[6.166036599999968,60.3100726],[6.221657599999974,60.33224090000003],[6.1446729,60.373225799999986],[6.172021299999985,60.363226499999975],[6.204286400000013,60.36977960000004],[6.205524,60.38742180000004],[6.25160330000003,60.37109020000003],[6.2783867,60.38203879999998],[6.229352099999973,60.4195851],[6.209265699999976,60.46926580000002],[6.240771,60.43476449999997],[6.234914599999962,60.4224664],[6.298218299999968,60.39155860000002],[6.526921,60.457428],[6.603009,60.458947],[6.713341200000022,60.52245340000003],[6.630111599999976,60.463603899999974],[6.6325153,60.44947719999997],[6.700541300000017,60.430538],[6.760772299999983,60.4709961],[6.892947900000012,60.4907668],[6.917091699999988,60.518929200000024],[6.90993980000003,60.566471300000025],[6.947331699999969,60.57242389999996],[6.921336700000035,60.562341900000035],[6.924385300000035,60.5278771],[7.026481499999958,60.586624300000025],[6.913902800000015,60.49359130000001],[7.142706200000037,60.49427],[7.059758200000021,60.46373960000001],[6.992577699999968,60.48286689999996],[6.836898299999982,60.47392920000004],[6.712799100000021,60.39868039999997],[6.7104283,60.3938523],[6.7259138,60.3796345],[6.723671,60.3767511],[6.685850499999967,60.385631200000034],[6.652436,60.31430389999998],[6.618328,60.280737],[6.619723400000032,60.23735620000002],[6.571306500000039,60.17110610000004],[6.546078299999957,60.09646350000003],[6.551182300000024,60.070337900000034],[6.528227500000016,60.08864960000001],[6.540692899999966,60.08671679999996],[6.538749899999962,60.1379123],[6.5726919,60.2208655],[6.563758,60.23945409999997],[6.611300900000016,60.30336590000002],[6.605649400000035,60.32867429999998],[6.6253018,60.3370002],[6.6684792,60.40765420000004],[6.560620599999977,60.43639089999998],[6.512223400000016,60.4105305],[6.496732600000032,60.38341760000002],[6.352831,60.3705381],[6.353141300000042,60.350155899999955],[6.377153599999973,60.3407069],[6.223035,60.2944701],[6.252441099999983,60.27456809999999],[6.203607200000038,60.25751839999999],[6.195885800000033,60.22646669999999],[6.122007,60.2193756],[6.082881799999983,60.190831],[6.1673842,60.1255805],[6.1358881,60.10732590000004],[6.2468282,60.13032330000002],[6.279082500000021,60.164170400000025],[6.296477399999988,60.16305219999997],[6.2821663,60.13404959999996],[6.320824900000032,60.12713689999999],[6.114945,60.0962709],[6.0387519,60.067220799999966],[5.981318,60.00151570000004],[6.0102264,59.98036650000004],[5.994268800000023,59.95467679999996],[5.810690300000031,59.9340496],[5.771835,59.91266939999996],[5.775554299999962,59.8820797],[5.760113500000029,59.86810739999998],[5.7378047,59.87744920000003],[5.740887,59.8632803],[5.674475400000011,59.84865280000003],[5.7282229,59.8335887],[5.715420100000012,59.82620060000004],[5.780757399999969,59.8306043],[5.8205044,59.79337870000004],[5.880458400000043,59.7687682],[5.938509300000016,59.79607989999999],[5.969337900000026,59.8320161],[5.966988200000033,59.85409170000001],[5.991294300000026,59.85886919999997],[5.978982900000029,59.84782879999998],[5.9827933,59.80833370000001],[5.9560966,59.7902522],[5.979712099999967,59.76450710000004],[6.022688,59.752957899999956],[6.080786199999965,59.76035419999997],[6.095331599999975,59.7878414],[6.120697199999968,59.781710100000026],[6.2284486,59.835469],[6.338723400000012,59.853526],[6.367355,59.875021900000014],[6.386143799999976,59.87527760000003],[6.3400034,59.84656260000002],[6.250024,59.8310324],[6.21114060000003,59.802490399999975],[6.141473500000027,59.78302],[6.0915963,59.73598909999998],[5.995810599999961,59.74469750000003],[5.982639,59.733997699999975],[5.934060499999982,59.7706972],[5.950276099999984,59.75177839999998],[5.933065299999972,59.7456064],[5.941777200000042,59.7339497],[5.870375,59.73055370000003],[5.856569899999963,59.708895],[5.7827415,59.6838289],[5.7934294,59.64888359999997],[5.917696,59.67628659999996],[5.932277499999982,59.66448790000002],[5.894564,59.650052699999975],[5.922103099999964,59.6446309],[5.822543456697717,59.64061912468213],[5.963017461352431,59.60105564267104],[5.969413399889491,59.57896789611709],[6.059179387808112,59.59825145790933],[6.183041740674711,59.586065792856196],[6.186011340490787,59.639936513268864],[6.207057916523182,59.64668473738457],[6.224855445488863,59.69186342969488],[6.268422345638842,59.70323105565499],[6.271259161063202,59.735832224318514],[6.30243255248058,59.76743146597276],[6.333056357804359,59.783858896513934],[6.425453510597846,59.78991165303304],[6.538058938527324,59.84284665762216],[6.569567628716896,59.831726254442835],[6.656715624063287,59.844574383578035],[6.68532217040821,59.831179890769185],[6.678194985105685,59.781625293743474],[6.690146856528085,59.769452519129274],[6.651877784941872,59.71141620535413],[6.704090528461043,59.6939533006948],[6.767480243796154,59.7004942939705],[6.977219445876675,59.772071350713475],[7.096287398953054,59.78277682352601],[7.145466668448541,59.811782572310236],[7.160960607620036,59.83244611937738],[7.141345935324296,59.85363177356415],[7.15810538090752,59.86722228097142],[7.146821599379819,59.88098066008632],[7.232910870550215,59.96271433585313],[7.266462725111619,59.98373892682906],[7.436428801178534,60.01922769900706],[7.442652739576237,60.05732017182402]]],[[[5.2546458,59.6867651],[5.239337700000023,59.67785250000003],[5.2557053,59.67376380000003],[5.239677299999967,59.6661269],[5.264453899999987,59.6656738],[5.2546458,59.6867651]]],[[[5.300767200000033,59.69810640000003],[5.294165200000011,59.6823134],[5.3194822,59.68911730000003],[5.3164693,59.69428040000001],[5.300767200000033,59.69810640000003]]],[[[5.27185,59.722929100000044],[5.253485299999982,59.71280459999998],[5.258120900000018,59.6952948],[5.271095700000016,59.70581580000002],[5.27185,59.722929100000044]]],[[[5.327333900000019,59.730695200000014],[5.342054699999975,59.71253880000001],[5.329946800000029,59.7002945],[5.347230899999976,59.698565800000026],[5.297995600000037,59.67497919999997],[5.3957438,59.70424350000004],[5.362152,59.706055300000024],[5.327333900000019,59.730695200000014]]],[[[5.384294,59.72596670000002],[5.352077200000037,59.73283509999997],[5.3800542,59.71974730000004],[5.384294,59.72596670000002]]],[[[5.240033899999984,59.743772],[5.229656799999981,59.72654540000003],[5.206491300000037,59.74259680000004],[5.183696400000025,59.731131],[5.1629416,59.70681879999996],[5.1827611,59.70162759999996],[5.151062500000036,59.67516360000003],[5.1698325,59.67471649999999],[5.1509677,59.653528299999955],[5.167649,59.626356800000025],[5.186237400000037,59.629084899999974],[5.1644737,59.615995],[5.1865687,59.61279270000003],[5.171243400000035,59.593537699999985],[5.197413900000013,59.595748899999975],[5.177766,59.589408800000044],[5.197227799999981,59.5906224],[5.175915199999958,59.5820272],[5.183350099999972,59.574393499999964],[5.249352299999964,59.6024412],[5.248891500000029,59.61429140000004],[5.208567,59.60221830000004],[5.248252900000038,59.62751339999998],[5.225791199999973,59.6462282],[5.2415315,59.665835],[5.197647,59.646729299999976],[5.237860199999988,59.67372730000003],[5.22847230000003,59.67377670000003],[5.2498669,59.7036222],[5.240033899999984,59.743772]]],[[[5.662343799999968,59.7453529],[5.649182800000018,59.717271900000036],[5.727293199999982,59.70486209999998],[5.709443799999979,59.7315698],[5.662343799999968,59.7453529]]],[[[5.1486243,59.754154700000036],[5.12505030000001,59.735659299999966],[5.124728600000038,59.72432579999997],[5.14255,59.7270915],[5.1486243,59.754154700000036]]],[[[5.712166600000023,59.747138],[5.668492699999982,59.75411180000004],[5.6861555,59.73978190000001],[5.7255652,59.732519],[5.717457600000019,59.7582839],[5.712166600000023,59.747138]]],[[[5.7222139,59.81563530000001],[5.700043299999956,59.813092300000015],[5.709906499999983,59.80265850000003],[5.697193499999974,59.790137600000016],[5.6830984,59.80543340000003],[5.655774100000043,59.79950380000004],[5.6566646,59.816253900000035],[5.628498099999989,59.812126],[5.6464206,59.796764599999975],[5.669185500000017,59.79410830000001],[5.665561,59.782757900000036],[5.697127099999987,59.78208810000004],[5.715213699999987,59.79454479999998],[5.73070640000004,59.7760868],[5.753636799999983,59.7805536],[5.732335199999982,59.76285629999997],[5.74933390000003,59.7566034],[5.7356727,59.7414541],[5.744102800000016,59.7221397],[5.77848970000001,59.72865880000001],[5.7896821,59.761471200000024],[5.842770699999965,59.7560854],[5.80157560000003,59.789988],[5.742107599999956,59.79194179999999],[5.7222139,59.81563530000001]]],[[[5.091098200000021,59.813782199999984],[5.06315110000004,59.822273199999984],[5.083466200000041,59.80308880000001],[5.091098200000021,59.813782199999984]]],[[[5.0830804,59.850541499999984],[5.061693100000019,59.84782889999999],[5.082046399999983,59.83947490000004],[5.0830804,59.850541499999984]]],[[[5.2320067,59.85547829999999],[5.248284199999963,59.83976970000001],[5.2299544,59.8515249],[5.220535300000039,59.848135],[5.230342100000017,59.8396203],[5.2616222,59.83939530000003],[5.2320067,59.85547829999999]]],[[[5.1019592,59.871239],[5.07768350000004,59.86435420000004],[5.096512099999972,59.83127040000004],[5.159868399999977,59.84052340000002],[5.1019592,59.871239]]],[[[5.582615100000043,59.87769920000002],[5.5531763,59.85642079999999],[5.585795600000031,59.8154912],[5.603094300000032,59.82890359999996],[5.592945199999976,59.84307109999997],[5.620871199999987,59.854661900000025],[5.582615100000043,59.87769920000002]]],[[[5.166665299999961,59.788053300000044],[5.157292700000026,59.760104900000044],[5.175363799999987,59.77350279999997],[5.175638900000012,59.7489394],[5.200506800000037,59.77053909999997],[5.199223800000018,59.749468399999984],[5.247434700000019,59.758052599999964],[5.227682699999979,59.753912100000036],[5.224875399999961,59.73764470000001],[5.236410500000032,59.7458125],[5.267426700000021,59.74938850000003],[5.2774246,59.72711750000003],[5.315686499999982,59.7253277],[5.300375899999986,59.73200339999999],[5.318728300000041,59.7464843],[5.349993600000035,59.72458479999999],[5.337950400000024,59.74830550000004],[5.348046100000014,59.756636799999974],[5.3178884,59.76449359999999],[5.3037746,59.801689499999966],[5.287294699999977,59.812314200000024],[5.267948500000029,59.79515940000003],[5.245142800000012,59.8009835],[5.255936500000024,59.804577],[5.2459251,59.814409700000034],[5.2436548,59.821189500000024],[5.2608085,59.807860300000016],[5.276066800000011,59.817696500000025],[5.240367499999964,59.82428010000004],[5.177576,59.87793750000002],[5.153971300000014,59.876399200000016],[5.158312300000011,59.85504549999997],[5.20237440000002,59.8323532],[5.202062200000034,59.81861760000003],[5.2054604,59.81602769999997],[5.205373600000017,59.8137298],[5.1615142,59.83731119999999],[5.175813599999989,59.80704489999996],[5.149060799999971,59.83021649999996],[5.154753199999961,59.807341],[5.126742799999983,59.8073718],[5.107527600000038,59.78384750000004],[5.132247499999986,59.78722860000002],[5.105432499999973,59.76986660000002],[5.123564299999982,59.77645320000001],[5.112006199999962,59.7649027],[5.1328971,59.74949629999998],[5.166665299999961,59.788053300000044]]],[[[5.148109,59.8933584],[5.138249500000013,59.880297200000044],[5.1616657,59.87984009999997],[5.148109,59.8933584]]],[[[5.129544499999982,59.889307],[5.113729199999971,59.890785],[5.121816599999972,59.887085500000026],[5.0947676,59.88561290000004],[5.1245305,59.870256],[5.129544499999982,59.889307]]],[[[5.181766,59.902539],[5.1834223,59.89248549999998],[5.210048099999986,59.8789055],[5.209683700000033,59.8937041],[5.181766,59.902539]]],[[[5.212743900000016,59.90315779999998],[5.257057799999986,59.857792],[5.275641299999977,59.859976400000015],[5.2600078,59.87915690000002],[5.212743900000016,59.90315779999998]]],[[[5.0780951,59.90472479999996],[5.057540499999979,59.896841399999964],[5.055628,59.88621390000003],[5.092041199999974,59.89019449999996],[5.0780951,59.90472479999996]]],[[[5.1211352,59.9],[5.092308100000031,59.903690900000036],[5.094927300000029,59.890637899999966],[5.1211352,59.9]]],[[[5.181366499999983,59.91128709999999],[5.1702682,59.90792909999997],[5.196791600000038,59.9013717],[5.181366499999983,59.91128709999999]]],[[[5.606231299999974,59.91958259999998],[5.577858699999959,59.888489],[5.614672500000028,59.872602600000036],[5.6304859,59.90157],[5.606231299999974,59.91958259999998]]],[[[5.224429099999982,59.921212199999985],[5.234079900000021,59.900424599999965],[5.262456700000028,59.8896389],[5.251692499999971,59.91089309999998],[5.224429099999982,59.921212199999985]]],[[[5.683836300000044,59.93380709999999],[5.675031099999982,59.9273902],[5.685566400000019,59.90598929999996],[5.69047210000002,59.91201340000004],[5.683836300000044,59.93380709999999]]],[[[5.189844499999973,59.937886],[5.195224300000033,59.924915300000045],[5.2093479,59.92537790000004],[5.209472300000039,59.9327],[5.189844499999973,59.937886]]],[[[5.723845900000034,59.9388631],[5.705484,59.9273052],[5.715093,59.91389119999998],[5.732556099999963,59.92539920000003],[5.723845900000034,59.9388631]]],[[[5.265456199999962,59.92162920000003],[5.244686900000039,59.93832140000003],[5.249703900000013,59.9264132],[5.265456199999962,59.92162920000003]]],[[[5.85469980000004,59.955307900000044],[5.840166,59.95096389999998],[5.844666599999981,59.9478008],[5.791458400000037,59.9334883],[5.847385399999959,59.94238440000002],[5.85469980000004,59.955307900000044]]],[[[5.262608399999968,59.958275199999974],[5.2546072,59.94049559999998],[5.299671699999985,59.92264],[5.286802700000036,59.946947],[5.262608399999968,59.958275199999974]]],[[[5.521576699999974,59.88615260000002],[5.474079599999969,59.9268599],[5.364506400000012,59.969316],[5.326281,59.9671326],[5.318671,59.9819527],[5.286103600000013,59.959611],[5.324756099999982,59.95564470000002],[5.329892399999968,59.93108029999997],[5.3087049,59.9320812],[5.3148001,59.917821099999976],[5.28139230000002,59.9193327],[5.29184880000002,59.91259610000002],[5.2760108,59.89882180000004],[5.2748783,59.885225100000014],[5.2923627,59.88698189999998],[5.290054499999973,59.9050343],[5.30752550000002,59.8884141],[5.285278799999981,59.87186060000001],[5.3107253,59.852667300000014],[5.323589099999969,59.81576689999998],[5.348114900000022,59.81016549999997],[5.347705499999988,59.84405510000003],[5.3584305,59.831552500000015],[5.3494596,59.8145091],[5.361379899999962,59.80860670000004],[5.348428,59.8108548],[5.363467400000021,59.792263799999986],[5.341098299999979,59.80768860000002],[5.336701399999976,59.78457439999997],[5.366550799999969,59.787658299999954],[5.36421,59.7745488],[5.421130699999987,59.761971],[5.400037199999973,59.761196699999964],[5.402549700000025,59.75098289999997],[5.4505017,59.746472099999956],[5.4830014,59.762440500000025],[5.490570700000029,59.750836600000035],[5.4872093,59.7617302],[5.5185027,59.77538440000004],[5.501296500000018,59.7784036],[5.507123899999987,59.78738169999998],[5.542245700000036,59.78790529999996],[5.524251,59.8211526],[5.534375499999976,59.84438690000003],[5.521576699999974,59.88615260000002]]],[[[5.9474542,59.98622440000004],[5.85842790000004,59.95910130000003],[5.855600699999973,59.95530250000004],[5.950973400000036,59.96239260000004],[5.9608519,59.976119299999986],[5.9474542,59.98622440000004]]],[[[5.189339400000014,60.01542269999999],[5.1330345,60.009464],[5.099187700000018,59.987851099999986],[5.142470699999956,59.96762010000002],[5.222497,59.9885508],[5.189339400000014,60.01542269999999]]],[[[5.099306100000044,60.00957620000003],[5.0343133,60.01087070000003],[5.080870899999978,60.00969540000004],[5.045803,59.9902158],[5.091234899999963,59.98176740000004],[5.099306100000044,60.00957620000003]]],[[[5.102766600000018,60.06122010000004],[5.079121,60.06937339999999],[5.0948003,60.062135500000025],[5.081860499999967,60.05956150000004],[5.102766600000018,60.06122010000004]]],[[[5.195093599999966,60.078862299999955],[5.177314800000032,60.0685587],[5.174777599999979,60.05517],[5.183325,60.056066599999966],[5.187776,60.07000549999998],[5.194544700000025,60.0744197],[5.1978614,60.075019],[5.195093599999966,60.078862299999955]]],[[[5.559274700000016,60.07965010000004],[5.554583199999973,60.06763639999998],[5.576333299999957,60.069751800000034],[5.587531799999978,60.0751348],[5.559274700000016,60.07965010000004]]],[[[5.698568300000039,60.07336759999998],[5.659324299999978,60.077303899999976],[5.667750400000026,60.0696055],[5.664197500000045,60.0637],[5.654093900000023,60.076514300000014],[5.6342788,60.06985309999998],[5.628357099999958,60.05127259999997],[5.595357800000022,60.060832599999955],[5.603282200000036,60.06971139999998],[5.535326300000042,60.0559982],[5.564627299999957,60.044944100000016],[5.478735199999972,60.04963540000004],[5.462887300000018,60.02318740000002],[5.4919443,59.99639320000004],[5.482303399999976,59.98705940000003],[5.4609223,59.99918510000003],[5.4360476,59.98283459999997],[5.434815,59.99969],[5.411361800000035,59.990218600000034],[5.4170582,60.00049350000002],[5.401134199999968,60.00256579999997],[5.388985,59.998283500000035],[5.3970834,59.984563],[5.3743016,59.98718439999998],[5.477145399999971,59.940692800000036],[5.498193799999983,59.9542619],[5.47946990000001,59.964191800000044],[5.496808899999971,59.9571119],[5.502519200000021,59.977582800000015],[5.516576300000041,59.92528450000004],[5.5492677,59.887512],[5.611097399999986,59.93141030000001],[5.62358,59.90873490000003],[5.6546901,59.91631250000003],[5.640841100000026,59.89855760000003],[5.665685399999964,59.901892099999976],[5.6664749,59.92846610000003],[5.620500400000038,59.93885869999998],[5.7038953,59.99905320000004],[5.698568300000039,60.07336759999998]]],[[[5.430009199999985,60.081195],[5.4268394,60.065443],[5.43881730000002,60.06150379999998],[5.429911199999959,60.075163299999964],[5.4413385,60.07514079999997],[5.430009199999985,60.081195]]],[[[5.425656099999964,60.073445899999975],[5.3552509,60.079781299999965],[5.357842600000028,60.0468074],[5.3401989,60.0302172],[5.368532299999961,60.0039918],[5.360259,59.995492400000025],[5.3857735,60.002412800000016],[5.373118099999962,60.01529440000003],[5.438615899999965,60.0134906],[5.427785400000017,60.01934020000002],[5.442986600000021,60.01886470000003],[5.432685199999975,60.034],[5.442949100000027,60.047505899999976],[5.422284100000029,60.06163],[5.425656099999964,60.073445899999975]]],[[[5.1153108,60.09590520000002],[5.086575,60.09529509999999],[5.117587199999972,60.08170230000002],[5.1153108,60.09590520000002]]],[[[5.258210599999979,60.097077600000034],[5.199469099999975,60.12311979999997],[5.216465500000011,60.10443260000001],[5.2048732,60.10156130000003],[5.231511599999971,60.087707799999976],[5.216563799999973,60.09159850000002],[5.2410808,60.06972250000001],[5.232199,60.055394],[5.2535843,60.060670400000035],[5.257564499999988,60.04903789999999],[5.220594599999972,60.0408249],[5.222108900000032,60.0636745],[5.198682,60.08044650000003],[5.200700900000021,60.069715499999965],[5.184138,60.054060499999984],[5.20102210000004,60.06822459999997],[5.209294399999974,60.051517],[5.182412099999988,60.041081800000015],[5.202099500000012,60.03913189999997],[5.2098956,60.0284287],[5.197362899999968,60.02227170000002],[5.214362299999985,60.009867],[5.274501299999978,59.99667669999996],[5.2921716,60.01172520000003],[5.269985099999962,60.00848640000002],[5.271195600000022,60.0134122],[5.304294500000028,60.032547499999986],[5.3012056,60.06717960000002],[5.263184300000011,60.088426600000034],[5.269229,60.06413410000001],[5.246991699999958,60.0668305],[5.2628127,60.0829742],[5.2429849,60.0942916],[5.258210599999979,60.097077600000034]]],[[[5.091230200000018,60.14209429999998],[5.037780800000013,60.13426219999997],[5.041046899999978,60.11628910000003],[5.087008500000033,60.12570950000001],[5.091230200000018,60.14209429999998]]],[[[5.370432100000032,60.14505440000003],[5.3519626,60.13585820000004],[5.385745399999985,60.1335553],[5.370432100000032,60.14505440000003]]],[[[5.1496837,60.15248350000001],[5.135151,60.1356635],[5.121686599999963,60.145364800000046],[5.110402499999966,60.1420193],[5.141463800000045,60.11958890000003],[5.136468,60.093762900000044],[5.1628207,60.090467599999975],[5.180016700000033,60.10285859999998],[5.1731118,60.116028200000024],[5.146205200000042,60.11137529999998],[5.163647,60.116520100000045],[5.163940800000043,60.1186794],[5.142363,60.135852600000014],[5.166669899999986,60.1397823],[5.1496837,60.15248350000001]]],[[[5.421510699999986,60.15483790000003],[5.409355899999978,60.15433379999998],[5.4032342,60.15127380000001],[5.418054199999988,60.152302200000015],[5.405864600000031,60.1363226],[5.421510699999986,60.15483790000003]]],[[[5.211289,60.1551306],[5.199169399999958,60.15245079999997],[5.2139535,60.1400529],[5.211289,60.1551306]]],[[[6.016513100000042,60.166119],[5.9318558,60.14069869999997],[5.94383260000002,60.104675500000035],[5.9772306,60.09191530000003],[5.966218699999958,60.07058739999999],[6.061009600000022,60.12828270000002],[6.061056299999978,60.14852060000003],[6.016513100000042,60.166119]]],[[[5.376058299999963,60.1665691],[5.3821582,60.1487713],[5.400291499999964,60.15231259999999],[5.391213599999988,60.16296749999997],[5.376058299999963,60.1665691]]],[[[5.0399264,60.1666894],[5.0371066,60.175521],[5.029947499999986,60.1622421],[5.0399264,60.1666894]]],[[[5.350057,60.1807355],[5.325300700000012,60.1532455],[5.3501048,60.141586],[5.37399140000001,60.16980949999996],[5.350057,60.1807355]]],[[[5.0693263,60.208740400000046],[5.042094699999987,60.17476770000004],[5.083313,60.16745769999997],[5.0693263,60.208740400000046]]],[[[4.9790155,60.22796130000002],[5.004169200000041,60.20997030000002],[5.020588400000014,60.222591],[4.9790155,60.22796130000002]]],[[[5.1693891,60.24377359999996],[5.17035010000002,60.230089],[5.198904900000011,60.23168640000004],[5.185777,60.24156239999997],[5.1693891,60.24377359999996]]],[[[5.2224069,60.2399955],[5.205015799999989,60.244845],[5.2075857,60.23389750000002],[5.2224069,60.2399955]]],[[[5.263633499999964,60.269266099999975],[5.2354545,60.2616815],[5.232027,60.249245800000025],[5.2634127,60.242223],[5.2859189,60.2587261],[5.2656079,60.25892730000003],[5.263633499999964,60.269266099999975]]],[[[5.167284799999971,60.292096399999984],[5.148395199999966,60.29414850000004],[5.151478,60.287144],[5.167284799999971,60.292096399999984]]],[[[4.99775520000003,60.306396699999965],[4.971184900000013,60.313919699999985],[4.972384,60.3086428],[4.99775520000003,60.306396699999965]]],[[[5.186610900000032,60.3164317],[5.1754467,60.337360599999975],[5.157248199999986,60.32306830000004],[5.169275099999981,60.2999306],[5.186610900000032,60.3164317]]],[[[4.982791599999969,60.32503160000003],[4.950849400000012,60.335304600000036],[4.946256699999973,60.33078569999998],[4.9647462,60.3187043],[4.982791599999969,60.32503160000003]]],[[[4.974881100000038,60.35007339999997],[4.9249802,60.35570450000004],[4.950056,60.34359929999996],[4.92482890000001,60.33460360000004],[4.974881100000038,60.35007339999997]]],[[[5.094593300000016,60.365377699999975],[5.09501510000001,60.355234599999974],[5.118657,60.34406620000004],[5.113218900000026,60.35801770000003],[5.094593300000016,60.365377699999975]]],[[[5.111581099999961,60.39925120000004],[5.108389699999959,60.37734439999996],[5.077999,60.378808100000015],[5.119492300000038,60.37289770000002],[5.133758799999976,60.33669470000004],[5.15822570000004,60.33864630000004],[5.162993800000026,60.34904169999996],[5.135652,60.36369989999998],[5.133425899999965,60.3700301],[5.160412399999958,60.359609099999986],[5.153003300000035,60.3894394],[5.111581099999961,60.39925120000004]]],[[[5.1002095,60.44714540000003],[5.072696599999981,60.45176069999999],[5.070414499999986,60.44278329999998],[5.1002095,60.44714540000003]]],[[[4.926136899999966,60.44888630000001],[4.9049591,60.454457],[4.918954,60.434544299999956],[4.926136899999966,60.44888630000001]]],[[[4.9688576,60.450182200000036],[4.951652700000041,60.44962270000001],[4.963531699999967,60.4384566],[4.9688576,60.450182200000036]]],[[[5.059738,60.230363],[5.098523799999976,60.17259739999997],[5.1086994,60.18647330000001],[5.1298056,60.17760050000004],[5.159364400000021,60.19029480000001],[5.144768600000015,60.215281900000036],[5.167715900000024,60.19877870000004],[5.170420499999983,60.199921],[5.120827,60.263703],[5.098548100000032,60.2714423],[5.101281,60.25825129999996],[5.069226500000012,60.285498],[5.089892600000011,60.280269],[5.092117399999973,60.2925711],[5.1025067,60.273791],[5.131998800000014,60.2728732],[5.138401100000033,60.320459900000046],[5.0673327,60.3678352],[5.051997199999979,60.3940187],[5.028429,60.373172],[5.044872499999963,60.38969989999997],[5.0373125,60.401317799999966],[5.049732199999978,60.3990603],[5.005771,60.412989],[5.018128300000035,60.4345362],[4.98648,60.458899],[4.9999455,60.423885],[4.983496400000019,60.422847800000035],[4.992487600000016,60.432973600000025],[4.9754141,60.45063070000002],[4.956559499999956,60.4259261],[4.970426599999977,60.394948900000045],[4.989277200000041,60.4048103],[4.985964,60.384486299999985],[4.963583399999981,60.3864917],[4.983584400000018,60.37555919999996],[4.984691,60.3431833],[5.0197197,60.30036289999997],[5.037272,60.30667379999998],[5.047188,60.29404349999997],[5.049841799999987,60.309281],[5.0666457,60.318397899999965],[5.069945299999977,60.308987700000024],[5.052413699999979,60.29333570000003],[5.0603402,60.2742291],[5.044102700000041,60.29388440000004],[4.993022400000035,60.2839145],[4.953185400000025,60.303699900000026],[4.96813340000004,60.293459400000046],[4.947180400000017,60.283241900000014],[4.9655169,60.2755998],[4.948126300000032,60.27549429999998],[4.9680932,60.25083509999999],[4.994452399999959,60.26804229999997],[4.983397600000016,60.24861470000003],[4.994477199999968,60.2444138],[4.979595099999989,60.243670400000035],[4.997452799999968,60.241426299999986],[4.979941200000026,60.24216669999996],[4.991610700000026,60.23335660000003],[4.98021940000004,60.23033380000003],[5.0228919,60.2231799],[5.016665200000036,60.2118507],[5.0392383,60.202592699999954],[5.05731140000003,60.21756959999996],[5.044811299999962,60.24019709999998],[5.053968,60.236852],[5.061136,60.244322],[5.067244,60.243302],[5.059738,60.230363]]],[[[5.070675900000031,60.46924890000004],[5.068575499999971,60.4879189],[5.060174,60.488067],[5.070675900000031,60.46924890000004]]],[[[4.936698400000038,60.499567599999956],[4.944346700000034,60.477772],[4.929262400000022,60.48325940000002],[4.938843599999986,60.4745513],[4.9282005,60.465975800000024],[4.949142600000011,60.453828500000014],[4.967122100000031,60.48648750000004],[4.936698400000038,60.499567599999956]]],[[[4.889130200000013,60.514695],[4.868124900000014,60.51120980000001],[4.890042199999977,60.50629829999997],[4.877186200000038,60.49633310000003],[4.897477400000016,60.49950930000002],[4.889130200000013,60.514695]]],[[[4.933167800000037,60.5025211],[4.892729600000022,60.5146597],[4.921111800000032,60.49198870000002],[4.933167800000037,60.5025211]]],[[[5.234632,60.5505452],[5.258349800000039,60.54303160000004],[5.2523873,60.53038420000004],[5.271073400000036,60.5343544],[5.264982,60.546556],[5.234632,60.5505452]]],[[[4.966270099999969,60.56249369999998],[4.980805300000023,60.532797499999965],[5.02830350000003,60.50148350000003],[5.094047399999967,60.495],[5.090000100000024,60.482602],[5.076981200000018,60.490589599999986],[5.07326910000001,60.46430760000002],[5.1240745,60.4694986],[5.078997699999976,60.45601769999996],[5.10660660000004,60.4527913],[5.1098823,60.43970119999996],[5.1096117,60.45214489999998],[5.1722928,60.44032660000001],[5.1582145,60.43063169999997],[5.169984200000032,60.42590759999998],[5.139848499999976,60.42485850000004],[5.168336500000036,60.391112399999955],[5.24517,60.415484800000016],[5.220040899999988,60.48891330000002],[5.0941465,60.52510539999999],[5.077846700000043,60.50927140000003],[5.040084800000043,60.53136559999997],[5.0486772,60.50659510000001],[5.0248519,60.537214],[4.966270099999969,60.56249369999998]]],[[[4.883339699999988,60.5625582],[4.851154700000015,60.54481680000004],[4.87015690000001,60.5281949],[4.856806700000037,60.533704100000016],[4.8562245,60.51535560000002],[4.876718299999959,60.52298629999998],[4.87679310000002,60.535442],[4.893157900000022,60.51698410000002],[4.916501499999958,60.52361629999997],[4.883339699999988,60.5625582]]],[[[4.8225482,60.56741439999998],[4.811201900000016,60.56408869999997],[4.795798900000014,60.5522488],[4.8167858,60.55090830000002],[4.8225482,60.56741439999998]]],[[[4.8688821,60.5815294],[4.827715199999959,60.568108600000045],[4.832884600000019,60.54342230000004],[4.862917099999974,60.55472839999999],[4.8526809,60.563474599999964],[4.864999599999974,60.556003399999966],[4.8688821,60.5815294]]],[[[4.964330100000035,60.58203110000003],[4.953647100000035,60.57741410000003],[4.941741,60.57699030000004],[4.959384899999963,60.56197289999997],[4.960866299999966,60.57821720000004],[4.9803616,60.57930140000004],[4.964330100000035,60.58203110000003]]],[[[4.997888599999966,60.59960179999998],[4.945509499999966,60.6157458],[4.949244900000037,60.60442330000003],[4.9946204,60.5943013],[5.021974500000036,60.570035400000044],[4.997307500000025,60.56594269999999],[5.020890599999971,60.5551343],[5.035394700000028,60.56193260000001],[5.025814,60.5702549],[5.0552254,60.56582239999998],[5.025759,60.55187150000004],[5.049004100000042,60.54106439999999],[5.2202923,60.5056653],[5.249280399999966,60.5151161],[5.218911,60.556752400000036],[5.150408,60.59164949999997],[5.0952629,60.5907739],[5.044684599999959,60.614581300000026],[4.997888599999966,60.59960179999998]]],[[[4.841367300000043,60.63536980000003],[4.846302299999982,60.619285400000045],[4.79086,60.62203919999999],[4.802562,60.60851039999998],[4.794205299999964,60.58841790000001],[4.845252399999977,60.5849912],[4.8385572,60.6136075],[4.8611944,60.61519989999996],[4.841367300000043,60.63536980000003]]],[[[4.807653499999963,60.660443700000044],[4.7849675,60.64985119999998],[4.7898109,60.6301943],[4.8358546,60.63107580000001],[4.807653499999963,60.660443700000044]]],[[[4.898527,60.672257],[4.938797,60.639174],[4.994867500000021,60.6324509],[4.953116,60.660466],[4.979066,60.6414],[4.898527,60.672257]]],[[[4.7944354,60.675031800000035],[4.792210500000026,60.658993400000035],[4.807058799999963,60.66120140000003],[4.811459199999989,60.6672799],[4.7944354,60.675031800000035]]],[[[5.601421,60.659932],[5.568387,60.690524],[5.585588,60.667407],[5.580217,60.642677],[5.601421,60.659932]]],[[[5.604804499999959,60.678972],[5.589459300000032,60.6861728],[5.602570799999972,60.671373600000045],[5.604804499999959,60.678972]]],[[[5.0615565,60.69891730000004],[5.074184900000022,60.68124790000001],[5.109060500000039,60.6668785],[5.077608300000035,60.6884806],[5.091174400000019,60.68816230000004],[5.0615565,60.69891730000004]]],[[[5.095175,60.703625],[5.103853,60.69184149999999],[5.168266099999984,60.672953],[5.1382075,60.68842779999998],[5.095175,60.703625]]],[[[5.6586203,60.7038043],[5.611763300000016,60.692733],[5.617548799999982,60.68057669999999],[5.641409199999957,60.68706329999996],[5.610587399999977,60.6669343],[5.620454200000035,60.663711699999986],[5.5911173,60.6216336],[5.550435,60.602285],[5.550464,60.615854],[5.503793,60.611872],[5.523254399999965,60.5898026],[5.483763,60.602005],[5.476594400000034,60.574879700000025],[5.457696,60.587894],[5.463037,60.576019],[5.438319,60.569048],[5.488631399999976,60.526228199999984],[5.428249,60.563088],[5.345483299999975,60.544734],[5.343493099999973,60.5319231],[5.42901680000003,60.50483639999998],[5.427517100000022,60.488885300000014],[5.531629399999959,60.42864540000002],[5.609096,60.438704],[5.668338,60.478752],[5.708405,60.470904],[5.695692699999965,60.53442130000003],[5.734474299999958,60.674639800000016],[5.6963458,60.70018639999998],[5.6725827,60.68159949999997],[5.6586203,60.7038043]]],[[[4.8982223,60.70888830000002],[4.864503799999985,60.71354],[4.901399800000016,60.704601],[4.8982223,60.70888830000002]]],[[[5.080267499999968,60.7083311],[5.05276640000003,60.71468119999997],[5.096425299999984,60.694929599999966],[5.080267499999968,60.7083311]]],[[[4.890113199999989,60.747167],[4.9240774,60.724993400000024],[4.875888,60.7368247],[4.931925900000044,60.70399880000002],[4.893096099999971,60.717455],[4.930984499999957,60.69078079999998],[4.897749200000034,60.69939390000004],[5.0096078,60.651005],[4.996347099999964,60.638762],[5.03510680000001,60.64111610000003],[5.096560200000043,60.60759320000003],[5.14576160000002,60.610479],[5.2287307,60.5660737],[5.183512800000022,60.619347799999964],[5.0729974,60.679626699999986],[5.115714,60.64766329999996],[5.11864,60.636327300000026],[5.039732,60.71098810000003],[4.9423582,60.73488779999997],[4.982004400000028,60.712859399999964],[4.890113199999989,60.747167]]],[[[4.98098,60.76601540000003],[4.992340600000022,60.746441900000015],[5.015293599999969,60.744641900000026],[4.98098,60.76601540000003]]],[[[4.7110432,60.787900900000025],[4.6902736,60.778337800000045],[4.693306299999977,60.7753713],[4.698455400000045,60.777268400000025],[4.7163773,60.7782696],[4.726979900000016,60.7752318],[4.7166903,60.77310069999998],[4.706069499999964,60.7770577],[4.701563199999969,60.775891499999965],[4.697788700000038,60.763511],[4.716563,60.750479],[4.746916200000028,60.761145],[4.7110432,60.787900900000025]]],[[[5.0010889,60.791508800000024],[5.006966300000014,60.776622300000035],[5.0471863,60.7670563],[5.034146599999966,60.7798389],[5.0010889,60.791508800000024]]],[[[5.23001390000004,60.7892349],[5.2110819,60.79569090000002],[5.212504899999958,60.78593990000004],[5.23001390000004,60.7892349]]],[[[4.9475709,60.799591800000016],[5.001337699999974,60.75967220000001],[5.03714970000002,60.75681920000003],[4.9917928,60.784869700000044],[4.9475709,60.799591800000016]]],[[[4.840248600000029,60.788675800000014],[4.808739700000041,60.80304679999998],[4.822887700000033,60.787588800000044],[4.840248600000029,60.788675800000014]]],[[[4.9145119,60.81674690000004],[4.903176,60.8093567],[4.9181026,60.80146139999999],[4.902852799999978,60.80462980000004],[4.929390799999988,60.7804025],[4.870843100000032,60.805192],[4.8575147,60.7836949],[4.912786399999968,60.767868399999955],[4.897091300000044,60.755611],[4.991124500000032,60.732262],[4.958560400000044,60.75200069999996],[4.9848627,60.747709199999974],[4.9145119,60.81674690000004]]],[[[4.870758699999977,60.836075799999975],[4.856147500000029,60.83315389999998],[4.862386400000029,60.82061670000004],[4.877915199999959,60.8149473],[4.872393200000035,60.8304491],[4.8869091,60.81396120000003],[4.896782,60.81449279999996],[4.870758699999977,60.836075799999975]]],[[[4.78049,60.877482],[4.786639,60.865371],[4.816934,60.86279],[4.806384,60.871122],[4.78049,60.877482]]],[[[4.868422,60.917624],[4.8191679,60.93140110000002],[4.843869,60.905253],[4.834762,60.908233],[4.824762,60.907986],[4.829237,60.89436],[4.863899,60.885182],[4.87291,60.895551],[4.876761,60.862736],[4.931388,60.854796],[4.919251,60.859408],[4.929106,60.869162],[4.899552,60.866511],[4.927362,60.870722],[4.889823,60.915022],[4.841381,60.913646],[4.868422,60.917624]]],[[[4.793811,60.937067],[4.776308,60.934484],[4.793625,60.933742],[4.777527,60.918599],[4.821188,60.909826],[4.8181191,60.932508800000015],[4.793811,60.937067]]],[[[4.9564914,60.91501160000002],[4.898841399999986,60.93670180000002],[4.901523,60.917289],[4.938074,60.887205],[4.958588,60.887676],[4.935484,60.896457],[4.954537,60.898741],[4.944661,60.909122],[4.9564914,60.91501160000002]]],[[[4.832011,60.947302],[4.81986,60.941836],[4.832491,60.941921],[4.834958,60.939072],[4.795644,60.937967400000026],[4.852708,60.935516],[4.832011,60.947302]]],[[[4.880516,60.939979],[4.863792,60.946354],[4.851173,60.946528],[4.880516,60.939979]]],[[[4.993402599999962,60.948081],[4.982862699999989,60.936308199999964],[4.953089099999962,60.9430058],[4.9687813,60.91091110000003],[4.960495,60.897375],[4.976430399999975,60.8859026],[4.964241,60.864302],[4.981736100000033,60.847112799999955],[5.0394691,60.8475298],[5.0220181,60.91178280000003],[4.993402599999962,60.948081]]],[[[4.826419,60.955312],[4.792233,60.955771],[4.788905,60.952744],[4.826419,60.955312]]],[[[4.913773800000042,60.9628347],[4.8953538,60.9629667],[4.903274799999989,60.9457067],[4.912891799999985,60.948130700000014],[4.902138799999966,60.9531457],[4.913773800000042,60.9628347]]],[[[4.973955,60.957839],[4.928817,60.96873],[4.934152,60.952529],[4.973955,60.957839]]],[[[5.09054,60.970447900000025],[5.046201200000032,60.978379199999985],[5.039714200000022,60.9757902],[5.09054,60.970447900000025]]],[[[4.863461100000043,60.9784878],[4.826254100000037,60.99102580000001],[4.8115581,60.982777800000044],[4.863461100000043,60.9784878]]],[[[5.019760299999975,60.99477],[4.973154,61.01288],[4.984105200000032,61.00638690000001],[4.971849600000033,60.98929340000002],[4.955998199999966,60.994061],[4.957467,61.015028],[4.927194,61.011497],[4.926913,60.976436],[5.036447,60.9727899],[5.021738100000016,60.990463899999966],[4.981915300000027,60.99217719999997],[5.019760299999975,60.99477]]],[[[4.883773900000032,61.07993529999999],[4.866886899999988,61.06686130000004],[4.878264900000028,61.06721530000002],[4.875005900000028,61.0388513],[4.905302900000018,61.046873300000016],[4.90595690000004,61.06657130000003],[4.883773900000032,61.07993529999999]]],[[[4.745446800000041,61.0929157],[4.727442800000036,61.08265370000002],[4.742897,61.038755499999986],[4.756315799999976,61.064878700000044],[4.745446800000041,61.0929157]]],[[[4.7044759,61.09669790000004],[4.641404400000026,61.058992700000026],[4.664996900000039,61.04445720000003],[4.643145899999967,61.0352552],[4.672187800000026,61.01345939999997],[4.660606899999985,60.999886500000045],[4.688758900000044,60.99216590000002],[4.709169899999987,61.015785499999964],[4.703260900000016,61.029649199999966],[4.713570899999974,61.02516720000003],[4.713256900000017,61.01442219999996],[4.697060900000038,60.997480199999984],[4.708628500000044,60.981769],[4.721847800000022,61.0022959],[4.732478799999983,60.9936727],[4.7427209,61.031876799999985],[4.707832800000022,61.04607030000001],[4.719234499999979,61.0569786],[4.7027357,61.06044080000002],[4.7044759,61.09669790000004]]],[[[4.7051489,61.09937690000001],[4.68791690000001,61.10343089999998],[4.683408899999963,61.09325090000003],[4.7051489,61.09937690000001]]],[[[4.717100900000014,61.1199559],[4.703639900000022,61.11065690000002],[4.7248789,61.11217890000001],[4.7271869,61.0962819],[4.7368959,61.10946589999998],[4.717100900000014,61.1199559]]],[[[4.793222600000012,61.12572160000001],[4.7858916,61.09894560000003],[4.751397399999989,61.09927349999998],[4.762642100000013,61.0563839],[4.756631499999985,61.04372080000003],[4.779704700000019,61.021464800000025],[4.789464600000025,61.072544],[4.817606200000023,61.04408770000001],[4.812891899999959,61.06620989999997],[4.82317750000003,61.065996399999975],[4.828005199999973,61.071336],[4.810886400000024,61.08083049999998],[4.8162384,61.09125249999997],[4.80941560000001,61.1034966],[4.810355399999965,61.0854445],[4.791871400000035,61.08569050000002],[4.790588600000033,61.11338460000003],[4.80384760000001,61.1125286],[4.793222600000012,61.12572160000001]]],[[[4.816530600000023,61.1386178],[4.793058600000032,61.1448168],[4.816243399999975,61.119283300000035],[4.816530600000023,61.1386178]]],[[[5.195751300000028,61.146063],[5.171472299999968,61.139544],[5.195269300000026,61.135321],[5.195751300000028,61.146063]]],[[[4.776498600000044,61.14833559999998],[4.787390600000018,61.13961960000002],[4.761857600000029,61.13265960000004],[4.761494600000015,61.12613859999997],[4.793217600000043,61.1303286],[4.7890466,61.1454836],[4.776498600000044,61.14833559999998]]],[[[5.02187,61.173408],[5.029694,61.1217239],[5.09998840000001,61.125173699999976],[5.05888,61.163892],[5.02187,61.173408]]],[[[5.018854,61.20084],[5.030654,61.17814],[5.067425,61.177071],[5.066795,61.195765],[5.018854,61.20084]]],[[[4.891723299999983,61.216297],[4.883368,61.19716],[4.9026717,61.178132],[4.89084340000001,61.16773110000001],[4.9145321,61.1394616],[4.9139364,61.11060840000001],[4.867212099999984,61.19045009999996],[4.856709100000044,61.18317209999996],[4.869866100000019,61.17565609999998],[4.857058099999966,61.1800961],[4.852716099999975,61.178364100000046],[4.863105099999986,61.14776510000003],[4.844016600000044,61.165213199999954],[4.805283599999987,61.154985200000034],[4.832049600000031,61.1414798],[4.826554,61.086095],[4.838991899999966,61.07201409999997],[4.819692900000016,61.06048790000001],[4.8397009,61.04575590000002],[4.86238320000003,61.05041419999998],[4.864138300000031,61.0784431],[4.897929300000014,61.09322119999997],[4.8976458,61.10926709999996],[4.914807799999975,61.1000681],[4.920261,61.053827],[4.951383,61.087677],[5.008055,61.097853],[5.0251609,61.12119180000003],[5.009727,61.170006],[4.993309,61.174343],[4.998368,61.199864],[4.94818,61.203154],[4.98442,61.184712],[4.972063,61.173631],[4.941314,61.190712],[4.949894300000034,61.1259147],[4.923798,61.181748],[4.935675,61.198215],[4.891723299999983,61.216297]]],[[[4.860842800000031,61.21909940000004],[4.860672100000029,61.2041716],[4.878512800000022,61.19940440000001],[4.874129800000015,61.2104704],[4.860842800000031,61.21909940000004]]],[[[4.8483935,61.214606900000035],[4.820749599999962,61.21077890000003],[4.8425079,61.19713],[4.8483935,61.214606900000035]]],[[[4.730803600000021,61.2268429],[4.737387599999975,61.201805900000025],[4.7635756,61.205306899999975],[4.773345600000022,61.19980490000002],[4.74208760000001,61.2004659],[4.7407456,61.1953649],[4.791635599999976,61.1949579],[4.730803600000021,61.2268429]]],[[[4.9710855,61.2774979],[4.94496,61.275632],[4.938428,61.273166],[4.975282500000032,61.2638716],[4.9710855,61.2774979]]],[[[4.634083799999965,61.300900099999986],[4.612122800000028,61.2980921],[4.621385800000043,61.27703909999996],[4.63505510000004,61.282485],[4.634083799999965,61.300900099999986]]],[[[4.692580200000029,61.29020140000002],[4.663446199999987,61.30258839999997],[4.665953200000027,61.2940603],[4.692580200000029,61.29020140000002]]],[[[4.7153368,61.319621899999966],[4.6867618,61.3030889],[4.698668800000027,61.287072899999984],[4.7805018,61.29037589999998],[4.7153368,61.319621899999966]]],[[[4.794020899999984,61.319364200000045],[4.749617900000013,61.3299232],[4.75924590000003,61.311629199999985],[4.794020899999984,61.319364200000045]]],[[[4.8605804,61.3589269],[4.8272789,61.353721],[4.823233100000012,61.3444267],[4.8503484,61.3391033],[4.8605804,61.3589269]]],[[[5.351949200000016,61.36429340000004],[5.310540199999968,61.359628299999954],[5.3110742,61.35603530000003],[5.351949200000016,61.36429340000004]]],[[[4.96619,61.368487],[4.907154800000034,61.37971450000003],[4.917523300000036,61.36958420000001],[4.878722699999981,61.347708300000015],[4.932838399999961,61.33332530000003],[4.954342600000027,61.31206570000004],[5.0328792,61.326766899999974],[5.0093338,61.37909750000004],[4.96619,61.368487]]],[[[5.1686656,61.488632799999976],[5.050973700000027,61.49962049999996],[5.062714100000031,61.4971573],[5.053671699999972,61.47511],[5.1686656,61.488632799999976]]],[[[4.9251745,61.5413739],[4.9244347,61.514377199999956],[4.9679344,61.4999442],[4.994404299999976,61.50930610000004],[4.9251745,61.5413739]]],[[[4.7627546,61.57064430000004],[4.733225699999965,61.559319200000026],[4.733588100000018,61.553243],[4.7700306,61.5534622],[4.7627546,61.57064430000004]]],[[[4.893076599999956,61.56879079999998],[4.791566,61.56848770000004],[4.78438830000003,61.559554],[4.893076599999956,61.56879079999998]]],[[[5.093004199999983,61.57582609999997],[5.057123799999962,61.56383439999996],[5.173470900000043,61.54614890000002],[5.142966899999978,61.56342520000003],[5.093004199999983,61.57582609999997]]],[[[5.165323400000043,61.5759852],[5.11998360000001,61.582845399999975],[5.102784,61.577134200000025],[5.165323400000043,61.5759852]]],[[[5.054525199999981,61.60341780000004],[4.997827100000029,61.59822020000004],[5.0054172,61.58798739999999],[4.992187699999983,61.586487400000046],[5.044099200000018,61.5853416],[5.054525199999981,61.60341780000004]]],[[[5.075389400000029,61.612872600000024],[5.060256900000025,61.60671689999998],[5.084678900000016,61.6062168],[5.053075,61.5930017],[5.1418689,61.60281420000001],[5.075389400000029,61.612872600000024]]],[[[4.8946465,61.59615270000004],[4.8449779,61.61354990000002],[4.856552599999974,61.60586620000002],[4.852810200000034,61.60031029999996],[4.826726699999972,61.606106800000035],[4.825039399999985,61.59221850000004],[4.8069068,61.59595190000003],[4.7870887,61.5877578],[4.787392299999981,61.5852695],[4.8946465,61.59615270000004]]],[[[5.179839400000018,61.61684719999999],[5.122817700000025,61.61756140000002],[5.1408783,61.611132099999985],[5.179839400000018,61.61684719999999]]],[[[5.0984136,61.630188500000024],[5.076699,61.6273832],[5.117908199999976,61.62569520000004],[5.0984136,61.630188500000024]]],[[[4.843485499999977,61.63982070000004],[4.836481700000016,61.62507450000002],[4.8495883,61.618869199999956],[4.855323499999974,61.6335319],[4.843485499999977,61.63982070000004]]],[[[4.813596,61.636287399999986],[4.793961500000043,61.6531108],[4.773410399999966,61.643571599999966],[4.813596,61.636287399999986]]],[[[4.8747917,61.71712349999997],[4.8531415,61.70649370000002],[4.8668644,61.697491700000015],[4.831038200000014,61.6980229],[4.826936600000019,61.68232229999998],[4.864703100000044,61.65477649999998],[4.8837413,61.6693487],[4.899139599999968,61.6581034],[4.898496100000015,61.68143219999996],[4.864323199999964,61.7045233],[4.8844509,61.7064137],[4.8747917,61.71712349999997]]],[[[4.846802100000035,61.811278800000025],[4.7900729,61.79116909999996],[4.854305400000024,61.768538599999964],[4.846416,61.74678949999998],[4.902434,61.77903540000001],[4.846802100000035,61.811278800000025]]],[[[5.287283,61.838781],[5.270777,61.846221],[5.268133,61.843449],[5.287283,61.838781]]],[[[5.3341285,61.887938699999964],[5.2226195,61.88704549999996],[5.187647600000011,61.88048750000002],[5.296185700000033,61.868708500000025],[5.3341285,61.887938699999964]]],[[[5.145106,61.892517],[5.114445,61.888385],[5.164179,61.886076],[5.145106,61.892517]]],[[[4.953104900000026,61.90956630000003],[4.899580899999977,61.89534430000004],[4.926418900000028,61.882175299999965],[4.8632169,61.87715929999998],[4.819521599999964,61.851763499999976],[5.00194,61.8364015],[4.946534200000018,61.82459749999997],[4.9641214,61.8183364],[4.9583212,61.809182699999965],[4.90495,61.817482],[4.928977,61.790786099999984],[4.926237,61.7685593],[4.951502,61.7751125],[4.942155,61.79827830000003],[4.968571,61.78433879999997],[4.960696,61.77523750000001],[5.0963579,61.81436840000004],[5.128062500000018,61.83790060000004],[5.1499844,61.8418194],[5.1405216,61.866083099999955],[5.16356720000004,61.84723750000004],[5.1245478,61.825393900000044],[5.2574085,61.83646449999996],[5.259658200000027,61.85967259999997],[5.2439512,61.86604760000004],[5.083633,61.877643299999974],[4.953104900000026,61.90956630000003]]],[[[5.021584,61.927657],[5.006435,61.916106],[5.041322,61.897934],[5.123511,61.901809],[5.021584,61.927657]]],[[[5.1921915,62.01804630000004],[5.181133499999978,62.01195130000004],[5.20941530000003,62.01903570000001],[5.1921915,62.01804630000004]]],[[[5.266989,62.0280193],[5.2522229,62.01564370000002],[5.268515200000023,61.99671870000002],[5.316127599999975,62.01036880000002],[5.266989,62.0280193]]],[[[4.9948394,62.03589750000001],[4.983526,62.00809760000004],[5.00193080000002,61.99714869999998],[4.986693599999969,61.99406119999996],[5.067576199999978,61.970221],[5.05228120000003,61.949105900000035],[5.035972200000026,61.965523],[5.017541599999985,61.95738440000004],[5.013442600000028,61.940552799999956],[5.091763099999968,61.9222326],[5.118201700000013,61.9272091],[5.1429983,61.95661670000002],[5.137134799999975,61.9841344],[5.15668,61.991355099999964],[5.125367699999982,62.034530200000034],[5.111846,62.015954200000046],[5.081394200000021,62.017333],[5.094197200000016,62.00946070000003],[5.080130299999984,62.00185249999998],[4.9948394,62.03589750000001]]],[[[5.3145865,62.05510070000003],[5.297234300000019,62.055324900000016],[5.2895353,62.0523866],[5.3150329,62.04086580000004],[5.3145865,62.05510070000003]]]]}},{"type":"Feature","properties":{"adm0_a3":"NOR","shape_name":"Oslo","ihme_name":"Oslo"},"geometry":{"type":"Polygon","coordinates":[[[10.642085633500228,59.91135193297464],[10.675689700000014,59.919162899999975],[10.6625751,59.912846300000034],[10.674812199999973,59.89424679999996],[10.701770700000047,59.90342719999998],[10.688907799999981,59.917653],[10.759422600000047,59.90645190000004],[10.744345900000042,59.88679140000003],[10.765052099999984,59.8862489],[10.784725800000029,59.86010010000003],[10.771553297316563,59.82350611182253],[10.8800139854275,59.81100505696923],[10.93660883589583,59.83170205953353],[10.907627884452868,59.88495772824485],[10.921416189890223,59.92647496624483],[10.95138944182126,59.949242989778405],[10.925650263071752,59.9837242420859],[10.837688556783764,59.998035519295456],[10.811705830231222,60.02546660747157],[10.819631408072137,60.064715487781896],[10.78574305516874,60.06909684815212],[10.754849709311847,60.10024668556983],[10.767655871273355,60.11305695441689],[10.60394918138021,60.1338597781443],[10.572782530114324,60.11678480375127],[10.59730403336558,60.07728003637547],[10.489165172744224,60.017259873476696],[10.613956055795327,59.97432345606993],[10.635615448235471,59.947845251349406],[10.625326243117472,59.92349796659842],[10.642085633500228,59.91135193297464]]]}},{"type":"Feature","properties":{"adm0_a3":"NOR","shape_name":"Tr\u00f8ndelag","ihme_name":"Tr\u00f8ndelag"},"geometry":{"type":"MultiPolygon","coordinates":[[[[11.96110948453589,65.07709213833164],[11.951176,65.060477],[11.808271,65.02177],[11.790098,64.99268],[11.72507,65.001302],[11.706725,65.017246],[11.68092,65.001334],[11.616496,64.998127],[11.592277,64.979101],[11.770617,64.979735],[11.725698,64.954075],[11.612219,64.966726],[11.6542,64.93323],[11.622307,64.93405],[11.632067,64.94437],[11.60755,64.962202],[11.573029,64.94233],[11.569704,64.957997],[11.476134,64.938598],[11.5381526,64.8999647],[11.5679227,64.91985160000002],[11.6156318,64.929803],[11.587199399999971,64.92035129999996],[11.599849,64.913972],[11.582604,64.910178],[11.59408,64.897951],[11.56556790000003,64.90909380000004],[11.5628978,64.89119730000004],[11.582714,64.892519],[11.573977500000044,64.88120369999997],[11.728246,64.9076024],[11.574780699999977,64.869287],[11.273105,64.849468],[11.271052,64.839392],[11.309056,64.840982],[11.256571,64.831554],[11.248279,64.825795],[11.267605,64.819872],[11.240659,64.813629],[11.264818,64.811727],[11.249956,64.809906],[11.242441,64.806182],[11.276892,64.80182],[11.299947,64.815281],[11.278376,64.812287],[11.278079,64.815874],[11.332741,64.822957],[11.302128,64.812689],[11.4467835,64.80955230000002],[11.387749699999961,64.79270160000004],[11.3476169,64.76375140000002],[11.283266299999962,64.75031629999995],[11.289307799999971,64.7547716],[11.26018050000004,64.75461139999997],[11.181811,64.74065539999997],[11.219508300000026,64.7443055],[11.192148699999983,64.7374977],[11.2113,64.73039410000004],[11.282228,64.749974],[11.2191021,64.72786529999998],[11.2496902,64.72816579999997],[11.392892400000033,64.75164639999996],[11.4694915,64.7914795],[11.421830400000022,64.7874969],[11.403481,64.79046769999995],[11.612521,64.827384],[11.659654,64.863526],[11.614627,64.867652],[11.734995,64.885448],[11.95346,64.949737],[12.009651199999972,64.94650770000003],[12.0552808,64.97111580000005],[12.148869200000046,64.9683834],[12.2172455,64.945754],[12.299850499999977,64.94687580000002],[12.392807800000028,64.924852],[12.456782300000025,64.88925769999997],[12.43376489999999,64.88593830000003],[12.3376728,64.92804069999998],[12.176510600000046,64.93308630000001],[12.1952848,64.9440696],[12.180208500000035,64.95629870000002],[12.11571770000004,64.96424980000003],[12.024753200000028,64.93079739999999],[11.95775,64.933911],[11.694014,64.873144],[11.725651,64.870521],[11.680403,64.86341],[11.65178,64.835517],[11.816326,64.859874],[11.748378,64.833762],[11.6249295,64.81598270000005],[11.754426,64.804731],[11.735906,64.793813],[11.8083395,64.8059292],[11.860879,64.79504],[11.814173399999973,64.77774730000004],[11.729704300000044,64.76596060000003],[11.7377418,64.77556370000002],[11.7189327,64.785462],[11.687441499999963,64.76950930000001],[11.575052,64.768543],[11.568976,64.755085],[11.636117,64.761456],[11.585263,64.74994],[11.64744,64.736303],[11.555837,64.755568],[11.521161,64.750021],[11.540695,64.744314],[11.499586,64.72403],[11.405123,64.711776],[11.436554,64.692071],[11.401355,64.676015],[11.388397,64.684924],[11.382549,64.659175],[11.412533,64.647174],[11.395646,64.641819],[11.403,64.627115],[11.521108,64.562964],[11.601222,64.585627],[11.59544,64.606201],[11.539554,64.601288],[11.601543,64.620169],[11.631184,64.615293],[11.604042,64.587113],[11.62188,64.586797],[11.61157,64.569322],[11.695558,64.594042],[11.795802499999986,64.5888933],[11.622041,64.56851730000002],[11.54714960000003,64.53151],[11.540758,64.543946],[11.574674,64.556791],[11.523109099999985,64.56001340000003],[11.527903700000032,64.54706990000004],[11.487826,64.543825],[11.509266,64.534505],[11.495283,64.527834],[11.522085,64.534926],[11.535759,64.518954],[11.465401,64.519381],[11.437364,64.498097],[11.460333,64.4862],[11.425612,64.476029],[11.444641,64.453323],[11.4850007,64.46840329999998],[11.522772,64.44906],[11.384665,64.438316],[11.353041,64.418356],[11.386507,64.405021],[11.380923,64.391806],[11.40789910000002,64.3810492],[11.406798199999969,64.3685543],[11.3654631,64.3669956],[11.4001259,64.37771679999996],[11.373957,64.389872],[11.376657,64.400575],[11.330417,64.392361],[11.338941,64.377896],[11.270667,64.356196],[11.19038,64.274773],[11.218887,64.325517],[11.259867900000021,64.35477370000004],[11.247016800000043,64.3622745],[11.313264,64.388794],[11.34163,64.437217],[11.298351,64.440204],[11.299656,64.462827],[11.162778,64.440982],[11.191544,64.460001],[11.178433,64.474013],[11.188899,64.482557],[11.114183,64.517422],[11.127533,64.521067],[11.073684,64.515951],[11.082521,64.534503],[11.070164,64.551818],[11.090725,64.567903],[10.999139,64.584779],[10.983491,64.606992],[10.902392,64.584778],[10.969046,64.547319],[10.976789,64.531098],[10.948382,64.52022],[10.979724,64.4978],[10.9127658,64.51713039999997],[10.9287194,64.50487579999997],[10.889606,64.507682],[10.895193099999979,64.49458840000001],[10.784187,64.511556],[10.795364,64.500931],[10.773376,64.50964],[10.772776,64.491228],[10.749242,64.494324],[10.795208,64.480467],[10.806145,64.484427],[10.785149,64.499009],[10.81424,64.499165],[10.79928,64.497302],[10.84391,64.472702],[10.77097,64.481656],[10.787555,64.463165],[10.760706,64.478838],[10.750939,64.455931],[10.695412,64.477814],[10.68888,64.458447],[10.654788,64.453207],[10.702796,64.424902],[10.745511,64.431181],[10.74243,64.443241],[10.806328,64.43326],[10.81461,64.41525],[10.794202,64.41985],[10.803774,64.406517],[10.782908,64.405405],[10.831492,64.388946],[10.819324,64.383725],[10.838723,64.368901],[10.809888,64.370539],[10.801466,64.386248],[10.759373,64.374991],[10.751303,64.415251],[10.681368,64.413254],[10.616621,64.459004],[10.590198900000015,64.43813710000005],[10.5481,64.441835],[10.637847799999967,64.4144571],[10.6129526,64.40716780000002],[10.641366799999986,64.392617],[10.623213599999982,64.38730709999997],[10.586406,64.418148],[10.523664,64.43902],[10.45433,64.404423],[10.490122,64.388332],[10.563596,64.402021],[10.582789,64.396443],[10.572743,64.386191],[10.62171,64.384763],[10.6299723,64.37190260000001],[10.616893800000039,64.363075],[10.683134,64.360025],[10.610352,64.342168],[10.583502,64.367785],[10.510614,64.374053],[10.513699,64.354965],[10.573549,64.327986],[10.495479,64.356431],[10.466644,64.352629],[10.499593,64.345261],[10.513923,64.337568],[10.444013,64.354388],[10.478807,64.331787],[10.445045,64.329054],[10.461287,64.318405],[10.453108,64.29929259999997],[10.50513,64.306194],[10.4852,64.297189],[10.502807,64.295986],[10.443983,64.2972201],[10.453598,64.2784508],[10.435256100000046,64.29869630000002],[10.4050711,64.2959193],[10.392248900000013,64.27629939999998],[10.4241067,64.25418939999997],[10.411199700000019,64.25482640000001],[10.392404199999984,64.27264619999995],[10.376469200000017,64.2835402],[10.368293199999968,64.28489620000003],[10.336533,64.268182],[10.353027,64.25652],[10.274797400000036,64.23518060000005],[10.375992,64.209751],[10.394961,64.201641],[10.390303,64.190686],[10.36257,64.1756],[10.371531,64.196747],[10.348807,64.206167],[10.3005855,64.2118753],[10.300353299999966,64.18695020000004],[10.283071899999975,64.19479319999998],[10.287511400000039,64.20646090000001],[10.2478758,64.20423109999999],[10.2641461,64.18469729999997],[10.203688,64.203726],[10.191139900000024,64.184453],[10.2259259,64.17637709999998],[10.2094452,64.16124459999997],[10.2284624,64.14871690000003],[10.189156,64.15349610000004],[10.200152,64.162702],[10.174669,64.17855829999998],[10.161244400000037,64.16492219999998],[10.1903904,64.15749870000002],[10.1747307,64.1429],[10.1512694,64.1570284],[10.1555202,64.1442511],[10.119564100000012,64.12133479999999],[10.173347700000047,64.10353789999998],[10.252852800000035,64.11606609999997],[10.266132,64.105613],[10.13551880000001,64.06702810000002],[10.136367100000033,64.08237760000003],[10.0810239,64.10387619999999],[10.031353,64.099919],[10.039872200000023,64.08136090000002],[10.014078599999966,64.08667590000005],[10.0338786,64.07767490000003],[10.021769799999959,64.07694619999997],[10.081955199999971,64.05037160000003],[10.033355200000017,64.0350456],[10.052543,64.03395039999998],[10.043610900000012,64.02755850000003],[10.064643799999985,64.01335309999999],[10.0279814,64.02786540000001],[10.002269799999986,64.0181022],[10.056303400000012,63.98836309999999],[9.991187299999972,63.9976346],[10.0064585,63.977127700000025],[9.975005,63.97446890000003],[9.951437299999967,63.94525490000004],[10.0279008,63.9629284],[10.0082105,63.972040900000046],[10.0540577,63.967515],[10.04629,63.96054529999996],[10.135295199999984,63.98479010000003],[10.0725446,63.96419380000003],[10.112377500000026,63.97286349999999],[10.104073899999989,63.963620600000034],[10.18539890000001,63.9928074],[10.227133199999972,64.00088330000003],[9.931597899999979,63.905375100000036],[9.969700199999988,63.900496699999984],[9.9899112,63.9067433],[9.974239,63.913209],[10.090144,63.928369],[10.098113300000012,63.934474],[10.080861399999975,63.9344448],[10.099014300000043,63.94822180000003],[10.194747900000035,63.96096729999997],[10.184853199999978,63.9516126],[10.226957199999976,63.9595626],[10.200581499999984,63.940391299999966],[10.223485100000019,63.92754439999998],[10.1727933,63.94194559999996],[9.935979,63.872024],[9.959234,63.890544],[9.914421,63.878045],[9.9583,63.8972],[9.854762,63.884379],[9.843088,63.888709],[9.875077,63.890821],[9.85797,63.900899],[9.827488,63.891101],[9.836903,63.885675],[9.825981,63.879344],[9.855127,63.883778],[9.82893,63.871142],[9.858839,63.853318],[9.885433600000027,63.8710323],[9.883969699999962,63.854741500000046],[9.814152499999974,63.8485018],[9.812097500000029,63.8662437],[9.7328493,63.845442900000016],[9.764739,63.856916],[9.750300800000012,63.86522230000001],[9.634030200000044,63.82962839999998],[9.612189600000033,63.8135569],[9.66224,63.82481],[9.681753,63.817557],[9.560708,63.771399],[9.61161850000003,63.75618230000003],[9.757740599999988,63.76847860000002],[9.802176600000024,63.7612884],[9.703171399999967,63.75530870000004],[9.530507400000033,63.71372679999999],[9.576330800000022,63.704384199999964],[9.574041699999981,63.679892],[9.53877459999999,63.6620304],[9.565759799999963,63.64973049999997],[9.59145680000002,63.671693399999974],[9.6671318,63.67436710000004],[9.677028300000035,63.7029108],[9.74316160000004,63.6968114],[9.860731,63.7208],[9.933810099999963,63.75377580000004],[10.1210218,63.784373699999975],[10.013916599999973,63.7312552],[10.129516,63.7541209],[10.04396,63.717218100000025],[9.966263300000012,63.71817289999998],[9.937489800000044,63.70718159999996],[9.96093920000003,63.69612289999996],[9.909088200000028,63.701482200000015],[9.862497100000024,63.678925],[9.830791899999959,63.69023719999996],[9.814884499999966,63.6841886],[9.827718300000022,63.672127700000026],[9.802638699999978,63.661010100000034],[9.85654810000003,63.64379779999999],[9.805515200000038,63.62721030000004],[9.85383059999998,63.58630220000004],[9.877487800000019,63.58712809999999],[9.949648800000045,63.59920480000002],[9.960007,63.59850590000001],[9.9195969,63.59292259999999],[9.939024500000016,63.577710100000026],[10.005213700000027,63.596350800000046],[9.95145740000003,63.5581751],[9.931284900000016,63.5631547],[9.94973020000003,63.58014629999998],[9.937681700000024,63.57626330000004],[9.924569400000017,63.581445099999975],[9.902661899999977,63.57517570000003],[9.897417600000026,63.56886529999998],[9.894364600000017,63.568617],[9.894471399999972,63.56690529999999],[9.890147300000041,63.56654940000003],[9.888060300000024,63.564849299999956],[9.91957490000004,63.54992710000003],[9.90912580000003,63.535701500000016],[9.9328927,63.50295810000003],[9.997698799999966,63.48565029999998],[10.1001163,63.49523580000004],[10.230705300000032,63.555634],[10.419962200000011,63.570510400000025],[10.4258069,63.5890658],[10.606657799999986,63.64775969999997],[10.62193,63.67117719999998],[10.9554495,63.7457061],[11.011512800000013,63.8015783],[10.99892880000002,63.81187620000003],[11.07065570000001,63.84202449999997],[11.048013400000013,63.85841949999998],[11.048877700000027,63.880374699999976],[10.950768799999967,63.90633729999998],[10.831078500000025,63.85843060000001],[10.683388500000014,63.83919619999999],[10.647892199999976,63.8085503],[10.591295,63.806693],[10.688499,63.844732],[10.890565,63.893145],[11.019319,63.955627],[11.206103,64.006895],[11.220343,64.021007],[11.209355,64.048041],[11.2220832,64.07415910000002],[11.328187700000015,64.09505190000003],[11.3036603,64.09972509999999],[11.320882900000019,64.10798729999996],[11.304860700000031,64.1115536],[11.318884300000033,64.11961809999997],[11.3933288,64.10959019999999],[11.234547,64.06982660000001],[11.237562199999985,64.02871409999999],[11.362241200000046,64.0398008],[11.370359300000011,64.030329],[11.345924,64.02581750000003],[11.432516900000046,64.02828520000003],[11.446033,64.0202641],[11.432038800000011,64.01411289999997],[11.4911945,64.01734250000003],[11.4866515,64.00689839999998],[11.497284899999972,64.0065938],[11.501797599999964,64.00520439999998],[11.4117783,63.97188720000003],[11.392016799999972,63.98165560000003],[11.382081,63.96805649999998],[11.31909489999996,63.962319700000045],[11.283257400000025,63.975825],[11.2106961,63.9369545],[11.227787199999973,63.9411078],[11.200751099999962,63.91636529999997],[11.07657830000004,63.8868779],[11.072284899999985,63.85890989999997],[11.0901738,63.83919760000002],[11.136710299999987,63.83874079999997],[11.2313749,63.869343899999976],[11.244418800000023,63.86202069999997],[11.2720309,63.869661200000024],[11.295306800000017,63.870961100000024],[11.301386,63.8682439],[11.3314799,63.89583789999998],[11.317617,63.915332599999964],[11.374786899999979,63.95001650000002],[11.3842851,63.94569319999997],[11.3671087,63.92914220000002],[11.3893443,63.926624],[11.36677669999997,63.92123669999997],[11.37836139999997,63.91531129999998],[11.3510799,63.894208199999966],[11.377725500000025,63.88068020000003],[11.336483,63.8589919],[11.291446900000036,63.8689585],[11.31583,63.8546398],[11.304520699999966,63.84541789999999],[11.367803800000043,63.83496339999998],[11.406068100000045,63.84623979999996],[11.4400583,63.8269419],[11.39922680000003,63.81817559999997],[11.473124200000019,63.8014848],[11.4842631,63.7835612],[11.5255547,63.783279500000035],[11.480524,63.78149950000002],[11.462681,63.80131670000003],[11.4277598,63.8003847],[11.445296599999978,63.77363020000003],[11.329875200000018,63.76955730000001],[11.345489700000023,63.7632989],[11.296287,63.75475619999998],[11.300431600000028,63.74859290000002],[11.274078699999968,63.72888420000001],[11.2402245,63.73283030000002],[11.294688800000042,63.7474666],[11.28384870000001,63.7627994],[11.209638800000011,63.756207199999956],[11.213916900000044,63.719653],[11.188545,63.7111677],[11.150221500000047,63.717711900000026],[11.148870800000022,63.7039831],[11.086731399999984,63.7105321],[11.0489865,63.69539189999996],[11.045451300000032,63.71121850000002],[10.995298300000012,63.712512200000035],[11.0017001,63.70253560000004],[10.9133798,63.6844707],[10.842448700000041,63.63792010000003],[10.722247099999983,63.620203299999986],[10.67167659999997,63.581907400000034],[10.66931240000002,63.55862720000002],[10.6430883,63.56225369999996],[10.627536900000024,63.54718420000002],[10.675628500000013,63.54346619999996],[10.739905,63.5738599],[10.768286199999967,63.567245],[10.935787699999967,63.6131992],[10.916490800000012,63.60362259999997],[10.9541619,63.60228519999998],[10.85016990000003,63.5747352],[10.873494800000017,63.5727869],[10.858956,63.56274969999996],[10.942772200000018,63.56448390000001],[10.8921067,63.54476729999997],[10.7728993,63.5370237],[10.752743899999984,63.510174],[10.810902800000012,63.47251610000003],[10.8998637,63.473967600000044],[10.911386800000034,63.46604520000002],[10.908495299999977,63.45878250000004],[10.898159500000016,63.46955359999996],[10.8836667,63.45791339999999],[10.894044900000011,63.450946100000024],[10.8836429,63.45113840000004],[10.8708626,63.4487698],[10.901225400000026,63.449814700000026],[10.908057800000016,63.455348799999975],[10.9160785,63.445485],[10.809804199999974,63.43532],[10.810364,63.4188269],[10.792481,63.4123241],[10.761630899999975,63.432141],[10.6416546,63.443806],[10.521920299999966,63.430548],[10.44911689999999,63.45739630000001],[10.3798943,63.43130840000003],[10.303265200000023,63.4545419],[10.201183200000031,63.45225360000003],[10.090902,63.41587],[10.056410399999983,63.3850183],[10.107857100000018,63.35315910000004],[10.2506229,63.34353369999997],[10.264801599999963,63.336574599999985],[10.25374370000003,63.32760049999998],[10.277429,63.322741],[10.278493599999972,63.31780529999998],[10.251597199999974,63.32746949999998],[10.2597836,63.336622599999956],[10.2262124,63.3407323],[10.167917399999983,63.310529099999954],[10.106761,63.32839479999998],[10.08099840000003,63.3249343],[10.0749631,63.32505219999999],[10.069912099999968,63.326550699999984],[10.036330399999983,63.350135199999954],[9.969788600000019,63.34928959999998],[9.8431928,63.30771330000003],[9.850846499999989,63.31810090000002],[9.818368600000028,63.32069159999997],[9.941387899999988,63.373407],[9.9783673,63.443026],[9.848697299999976,63.484476],[9.851403,63.5017684],[9.805246900000043,63.51530260000001],[9.831640199999981,63.541209700000046],[9.755280800000033,63.583651500000016],[9.742044200000045,63.61566119999996],[9.714818499999978,63.614946],[9.753929499999959,63.64528160000001],[9.73308510000004,63.64591810000001],[9.596955399999963,63.6198493],[9.52238670000003,63.59577750000004],[9.551752499999978,63.59698090000004],[9.549411299999978,63.589679499999974],[9.49179450000004,63.57946180000001],[9.5694219,63.58159089999996],[9.557686,63.5702825],[9.571913600000027,63.564297],[9.58423030000002,63.527292499999966],[9.55056040000002,63.5690244],[9.488560399999969,63.572824],[9.411624700000033,63.525112200000045],[9.417683200000027,63.5002388],[9.388891599999983,63.5154507],[9.396483,63.550663400000026],[9.412145699999975,63.5549806],[9.392430599999969,63.55931139999996],[9.314870100000029,63.518779],[9.24253,63.5230212],[9.274838,63.508521299999984],[9.262289699999982,63.4914986],[9.231104599999963,63.5192506],[9.146547,63.488095],[9.170539599999984,63.4823582],[9.174114700000025,63.46051849999997],[9.301762399999959,63.446416699999986],[9.336793,63.46565540000001],[9.282341200000022,63.4669263],[9.300515199999971,63.479265],[9.2812212,63.479497900000034],[9.279169300000035,63.49602],[9.314646800000027,63.48079919999997],[9.299885299999989,63.471774],[9.34609160000004,63.4722526],[9.3392886,63.45558970000001],[9.429176099999982,63.4661597],[9.4772807,63.4814242],[9.5119866,63.48421040000004],[9.479657,63.47849789999999],[9.4981457,63.476985800000016],[9.483694599999982,63.47130339999997],[9.493568600000014,63.4651793],[9.19119359999996,63.4300157],[9.178390699999973,63.41112139999997],[9.2131462,63.38360830000001],[9.2332574,63.3913874],[9.229978200000023,63.37208849999997],[9.3647316,63.374095],[9.5016087,63.3972419],[9.41813420000004,63.37122960000004],[9.2402218,63.34808309999998],[9.236257100000046,63.33171509999998],[9.20383,63.34009849999996],[9.101331699999959,63.287137400000034],[9.083609900000033,63.30882259999998],[9.1369214,63.3408256],[9.118688100000027,63.3488357],[9.179822100000013,63.3737516],[9.147956299999981,63.37608460000003],[9.15270749999999,63.39901670000002],[9.132617100000017,63.42076390000003],[9.0877048,63.42789250000001],[9.096246799999962,63.4420254],[9.025159599999965,63.446103600000015],[9.021330400000037,63.46441020000001],[8.999797700000011,63.464257],[9.00612820000004,63.44823890000003],[8.97564740000003,63.440023800000034],[9.0002838,63.42881150000002],[8.970748699999985,63.4196256],[9.023246799999972,63.41209680000003],[8.96739470000003,63.40464260000002],[8.936252199999982,63.42635249999996],[8.921412200000022,63.4117262],[8.880812,63.41079],[8.904179,63.38739250000004],[8.871994800000026,63.406778],[8.8713838,63.42864139999998],[8.755116945194848,63.424335918839326],[8.803166256607769,63.40231337313844],[8.798904290531032,63.37150131916796],[8.911064978461056,63.35650155626185],[8.863131136510066,63.32174525199537],[8.86597365330689,63.29521274413731],[8.815748662950973,63.26612643318442],[8.82790857272293,63.24424844409936],[8.86269417430549,63.231325526466904],[8.832193050578848,63.20198985833162],[8.986044099999967,63.20829310000001],[8.981233800000043,63.20150519999997],[8.715834699999968,63.1855562],[8.5458089,63.158233399999986],[8.565590800000033,63.148759700000035],[8.555426,63.14235809999998],[8.568582799999968,63.12957109999998],[8.626288900000011,63.11442039999998],[8.618608500000024,63.094300300000036],[8.590714299999979,63.12091239999996],[8.54104339999997,63.1359283],[8.3702994,63.13240120000002],[8.334006799999981,63.14978790000002],[8.2403693,63.139986],[8.324202799999968,63.1109438],[8.3122031,63.1039448],[8.337636500000011,63.09410270000003],[8.322301300000023,63.0874207],[8.347550200000041,63.0842942],[8.32168329999996,63.07670620000002],[8.277573299999984,63.074162],[8.305911299999979,63.09639460000004],[8.2569127,63.110526],[8.230934899999975,63.140604500000016],[8.169427900000036,63.1292375],[8.155905799999962,63.11338229999998],[8.19176960000003,63.07942120000004],[8.233381299999975,63.0663179],[8.215502400000018,63.034739],[8.253776500000031,63.020229199999974],[8.402801088473788,63.05687651775928],[8.425172483469222,63.046739299748275],[8.437213763700846,63.06554534129277],[8.481498386513122,63.079650396354154],[8.50198806912652,63.04897096227565],[8.652572275792053,63.064175863042855],[8.807152642522452,63.126617361818155],[8.86014408928135,63.11432000166661],[8.96995848781053,63.13391896543315],[8.995159395737367,63.103637669623204],[8.959020764901577,63.09306782897515],[8.972832225181335,63.072538448422186],[9.083745583729163,63.09038725952434],[9.114196413608049,63.04014662530261],[9.104400590425362,63.02907538809014],[9.156253065154761,63.01699192352004],[9.138047071182925,63.01526376216525],[9.15630640145324,63.01295544124811],[9.14065647207198,63.00087022525943],[9.17764973973781,62.99300850349842],[9.110631911760608,62.97128754054334],[9.130962138281932,62.95770091175996],[9.11450402675972,62.95800372324685],[9.122376812656098,62.9350962289972],[9.174333216449263,62.91717145710161],[9.26673306814694,62.9258296251202],[9.307855732112326,62.90526073112319],[9.312227698806804,62.89143850513387],[9.286140317211464,62.877304232931266],[9.33118346981583,62.862126581353074],[9.323551391947687,62.80945017854565],[9.364831470657709,62.79410666455521],[9.146830046720986,62.75645807307595],[9.077136398549923,62.759633420370896],[8.919962009093314,62.71177086294187],[8.981175409164406,62.66216529468702],[9.012126088168493,62.66395284378645],[9.15223543751198,62.57288886498601],[9.220992634497254,62.57473549951276],[9.24372987113979,62.55607781418626],[9.22313169023934,62.520881581266295],[9.205997850828085,62.520728224608085],[9.18362559637337,62.426645681940386],[9.0620617891768,62.37260842330611],[9.483888656131638,62.29226981285063],[9.60192097835385,62.25572673026219],[9.797492921379174,62.2876417806678],[9.834784778738424,62.30728262683113],[9.834692198916533,62.3298529804676],[9.854754320362128,62.33097623974003],[9.821443589138335,62.342836804817054],[9.839302390655897,62.36208821568639],[9.900262097681095,62.34436957765948],[9.93419511460963,62.35521995272779],[9.951809986801221,62.39719805992892],[10.097583077325622,62.427807724848556],[10.005731808715066,62.558132560565355],[10.038760462884976,62.567775709364945],[10.026678707442953,62.58562370021291],[10.074166528598179,62.601900688503854],[10.144138247911584,62.68751220872477],[10.17647492676671,62.69692794268321],[10.325076717193646,62.69529565761057],[10.594365080431395,62.66376050545551],[10.673069860072314,62.675053236363595],[10.74034512836949,62.64546668391588],[10.825307920140967,62.68830488602506],[10.928247934618726,62.69629568321705],[11.160792203172884,62.647418720946895],[11.164457032721417,62.6160174631811],[11.196428949120444,62.59403497546921],[11.196123072877262,62.57075941065601],[11.243881392972987,62.56687226000335],[11.254249228449009,62.532486442220986],[11.446539540252303,62.47032151435333],[11.556107244463961,62.37158578722083],[11.67171976402245,62.38178765612487],[11.688839930911985,62.3504510268017],[11.727132436677136,62.347581565892725],[11.724647310619194,62.359106640300084],[11.775646584085077,62.38264211070422],[12.050399400071313,62.34849250075871],[12.130958699508161,62.31004406260595],[12.25466526223152,62.331024925222934],[12.056144,62.6119191],[12.1363845,62.74791689999998],[12.074688980968286,62.902546297598604],[12.218232956643316,63.00033447015428],[11.97458217601816,63.2692252495659],[12.212878299999975,63.47859060000002],[12.149762499999973,63.593946],[12.297581199999975,63.6732169],[12.339966200000042,63.72698550000003],[12.683568117551411,63.974222249812726],[12.926718801802675,64.05795219822329],[13.21110966705451,64.09536682633892],[13.973696323630094,64.01380143814902],[14.156841876436363,64.19478590085502],[14.113949093710604,64.462030985437],[14.085233167820071,64.47824942299023],[13.891176910367433,64.5071331223262],[13.654080199999964,64.579929],[13.7050997,64.6396655],[14.077299686268546,64.9389362069357],[14.325674981932961,65.11900114424901],[14.164296948885328,65.13924895004479],[14.063855831080097,65.1219575133951],[13.62892038987587,65.10531716234478],[13.529789011192788,65.11673006788381],[13.41124982802612,65.09907800903761],[13.085395608574602,65.10996787257164],[13.05323872957938,65.07378890850026],[12.995960108767953,65.06844894830027],[12.967593993754381,65.03287704378587],[12.907894606454155,65.02905796328243],[12.94805049842179,65.00002293745099],[12.934233269001316,64.98462384056359],[12.774677105279931,64.97552955849021],[12.791317848655664,64.95344862638727],[12.76832434414038,64.9407750121661],[12.715100904790699,64.95260769837863],[12.62866943556069,64.93949726797241],[12.561257230787696,64.99031124738366],[12.507786182682187,64.97709220996616],[12.389166954138297,64.99121623526993],[12.276820703895437,64.95978663511262],[12.18879045989526,64.97747270631852],[12.17625,64.984],[12.187454158836905,65.00008582237167],[12.149926102843882,65.01893373856967],[12.119992405406919,65.01292330317594],[12.13171170633011,64.99902560724868],[12.085053614652617,64.99994766123308],[12.036030955501912,65.03014172485071],[12.04881920883856,65.06579705423368],[11.971952,65.065528],[11.982337789950838,65.07078369749705],[11.96110948453589,65.07709213833164]]],[[[11.939704544880444,65.14898723362799],[11.746279,65.042884],[11.745701,65.01372],[11.924268533599124,65.06786032264347],[11.878613987824645,65.06635762730131],[11.960207336458708,65.11682244887052],[11.935947601885243,65.12662524033095],[11.939704544880444,65.14898723362799]]],[[[8.554712300000022,63.145258100000035],[8.520030499999963,63.1482418],[8.496583,63.14467410000003],[8.554712300000022,63.145258100000035]]],[[[8.3519358,63.451448899999974],[8.318303800000026,63.44688369999999],[8.292492500000014,63.4468807],[8.3292721,63.432310499999986],[8.3519358,63.451448899999974]]],[[[8.946498800000024,63.455252199999975],[8.893989099999965,63.4504273],[8.875718800000042,63.4393794],[8.914972,63.432600800000024],[8.945177500000034,63.437022],[8.91476310000001,63.441771899999985],[8.946498800000024,63.455252199999975]]],[[[9.066217900000039,63.45838620000003],[9.038871899999966,63.46277389999998],[9.033788900000038,63.45927190000003],[9.066217900000039,63.45838620000003]]],[[[8.25033190000004,63.49664180000002],[8.23617950000004,63.48993749999997],[8.269738099999978,63.49643680000002],[8.25033190000004,63.49664180000002]]],[[[9.169015,63.49720350000004],[9.102351799999985,63.49769580000001],[9.09992730000002,63.480931],[9.137925799999968,63.481819899999955],[9.1329249,63.48994660000001],[9.169015,63.49720350000004]]],[[[9.114097900000017,63.52402770000002],[9.1065456,63.5169438],[9.063958200000032,63.504114],[9.109518199999988,63.51347480000003],[9.114097900000017,63.52402770000002]]],[[[8.30446920000003,63.5144937],[8.308449700000041,63.525503800000024],[8.280334700000024,63.51507119999996],[8.30446920000003,63.5144937]]],[[[8.342660799999967,63.52863759999997],[8.313918,63.51566719999998],[8.32944080000002,63.5160453],[8.312179099999971,63.51456679999997],[8.304009900000041,63.5101284],[8.335329099999965,63.50848750000003],[8.342660799999967,63.52863759999997]]],[[[8.38805069999997,63.54174950000003],[8.371789600000023,63.53568210000001],[8.357932699999958,63.534547],[8.376524,63.53054580000003],[8.38805069999997,63.54174950000003]]],[[[9.426425200000011,63.540541],[9.4196902,63.5512298],[9.4014715,63.54510859999996],[9.426425200000011,63.540541]]],[[[8.44337930000003,63.574775500000044],[8.409687299999979,63.576005700000046],[8.402332600000028,63.5677332],[8.44337930000003,63.574775500000044]]],[[[10.6407471,63.58424029999997],[10.609984199999968,63.58376870000003],[10.6255388,63.58013920000002],[10.600634300000046,63.57743760000004],[10.583459,63.5636658],[10.6248132,63.57502550000004],[10.639720800000042,63.56476249999997],[10.624454399999973,63.57643009999999],[10.6407471,63.58424029999997]]],[[[8.481343,63.5857048],[8.4652919,63.5760888],[8.4921867,63.58163189999998],[8.481343,63.5857048]]],[[[8.536080300000014,63.58758590000003],[8.498052300000024,63.5660367],[8.569856600000024,63.55766469999996],[8.626773300000034,63.57678939999997],[8.536080300000014,63.58758590000003]]],[[[9.370740299999959,63.589270300000045],[9.2918067,63.57717289999999],[9.291554199999986,63.56627289999997],[9.3228261,63.5671867],[9.370740299999959,63.589270300000045]]],[[[8.423604599999978,63.582900300000034],[8.385220900000045,63.590841099999984],[8.404652500000042,63.58671210000003],[8.3641935,63.58231860000004],[8.387692900000031,63.58108009999997],[8.3679572,63.5780405],[8.392863199999988,63.56643],[8.403308,63.5770153],[8.423604599999978,63.582900300000034]]],[[[9.399113400000015,63.58662019999998],[9.380034299999963,63.59026449999997],[9.378383,63.5844307],[9.399113400000015,63.58662019999998]]],[[[8.660864499999986,63.6266045],[8.638481300000022,63.63080679999998],[8.62578890000003,63.62690110000003],[8.660864499999986,63.6266045]]],[[[9.343258700000035,63.63800729999996],[9.3155064,63.647883700000015],[9.312052599999966,63.6351889],[9.343258700000035,63.63800729999996]]],[[[9.5266856,63.63711820000003],[9.551056699999961,63.6504255],[9.499582100000016,63.640952],[9.5266856,63.63711820000003]]],[[[8.9821457,63.6541879],[8.880385,63.644080400000014],[8.87172169999999,63.6352671],[8.893100900000016,63.635761799999976],[8.875569,63.628654900000015],[8.924600600000042,63.623109800000044],[8.863711299999965,63.60055249999997],[8.833357499999982,63.61855590000002],[8.863848899999981,63.623439],[8.8560248,63.644396499999964],[8.661038,63.62280209999999],[8.653066899999983,63.5970158],[8.6349976,63.6044709],[8.648303899999975,63.60531920000002],[8.650712100000012,63.6200404],[8.588114800000012,63.61137059999996],[8.544190500000036,63.59378630000004],[8.777354800000014,63.56143120000003],[8.655079200000037,63.5706723],[8.552915500000035,63.54700170000002],[8.562307399999968,63.553807500000026],[8.472449699999961,63.55871980000004],[8.3627358,63.5246609],[8.378485900000031,63.518381400000024],[8.311471699999972,63.4976926],[8.2994019,63.48460830000001],[8.30862689999996,63.49055240000004],[8.3181959,63.48928570000004],[8.296741699999965,63.47858520000001],[8.385536300000028,63.5129666],[8.3961116,63.5252556],[8.385901100000014,63.5260605],[8.404947700000042,63.525803500000045],[8.420027500000037,63.5306282],[8.433647,63.53105619999998],[8.308789,63.4796262],[8.330707799999958,63.4719319],[8.312659700000035,63.45384440000002],[8.374546799999981,63.45537439999996],[8.3491964,63.4480785],[8.3799616,63.447375700000016],[8.3546324,63.4419074],[8.394136299999987,63.43354929999999],[8.373962799999978,63.4333613],[8.385917200000014,63.4267834],[8.52775419999998,63.42681510000004],[8.660740300000013,63.4689378],[8.8105222,63.484464600000024],[8.839203,63.47460280000002],[9.079019199999982,63.515374],[9.20124969999996,63.564828800000036],[9.16839420000002,63.571145],[9.128124,63.5474653],[9.149565800000014,63.580990800000045],[9.0921809,63.60189549999998],[8.967693599999981,63.580651600000046],[8.990698100000015,63.6150767],[8.935638,63.62256960000002],[9.00274550000002,63.641951900000024],[8.9821457,63.6541879]]],[[[8.864130600000019,63.660372799999976],[8.780278399999974,63.657669],[8.813673,63.64974630000003],[8.8082635,63.6473984],[8.774583799999979,63.6558224],[8.663584100000032,63.64016309999999],[8.674334600000021,63.6286355],[8.703638900000032,63.6288779],[8.834270600000037,63.6433545],[8.864130600000019,63.660372799999976]]],[[[9.122888799999961,63.65995289999996],[9.046362399999962,63.66134959999997],[9.033752,63.65424329999997],[9.057092799999976,63.65075479999999],[9.035109399999962,63.6407966],[9.065479699999978,63.63683050000003],[9.014808199999957,63.61668190000004],[9.07967220000001,63.610986499999974],[9.180581200000027,63.64507839999999],[9.1079276,63.647552599999976],[9.122888799999961,63.65995289999996]]],[[[9.154944,63.66751950000003],[9.141797500000036,63.66473290000004],[9.1715081,63.663648],[9.154944,63.66751950000003]]],[[[8.4375221,63.675464100000035],[8.401446,63.67676290000003],[8.3913561,63.674122799999985],[8.4375221,63.675464100000035]]],[[[9.095723800000032,63.679456499999965],[9.03446520000004,63.6720393],[9.1128203,63.666074400000014],[9.095723800000032,63.679456499999965]]],[[[9.416928800000047,63.68917479999999],[9.371293800000014,63.66630330000004],[9.3813397,63.65710719999996],[9.369634,63.65780040000003],[9.354824499999982,63.653209],[9.3927144,63.6474273],[9.406581600000031,63.663054399999986],[9.429406500000038,63.656445],[9.4097485,63.64825730000002],[9.458460799999969,63.6427705],[9.4287176,63.65352829999996],[9.438031500000022,63.6760735],[9.416928800000047,63.68917479999999]]],[[[8.9309689,63.736075899999975],[8.8701062,63.73233980000003],[8.873874500000033,63.71991819999997],[8.9309689,63.736075899999975]]],[[[8.603163199999985,63.754387],[8.57282819999996,63.755068],[8.5648632,63.747116],[8.603163199999985,63.754387]]],[[[8.7554316,63.77741789999999],[8.727292500000038,63.777973600000045],[8.713459099999964,63.76704240000003],[8.7554316,63.77741789999999]]],[[[8.8869552,63.782637],[8.839378299999966,63.7759688],[8.827487200000016,63.7678654],[8.89946210000001,63.77133109999996],[8.8869552,63.782637]]],[[[8.677217900000022,63.800855499999976],[8.656096199999984,63.788506499999976],[8.625528200000042,63.7843042],[8.6564245,63.781249],[8.677217900000022,63.800855499999976]]],[[[8.713293799999965,63.79518070000002],[8.681557199999967,63.79991719999997],[8.673656100000015,63.7827134],[8.713293799999965,63.79518070000002]]],[[[9.380792,63.801911],[9.360731,63.794034],[9.357722,63.784833],[9.369828,63.78199],[9.380792,63.801911]]],[[[8.8010059,63.7939664],[8.7638656,63.79621289999998],[8.771952,63.78615869999996],[8.745200900000038,63.7715259],[8.7741868,63.77683340000003],[8.789694599999963,63.7765282],[8.560338699999969,63.715344100000046],[8.599547599999967,63.721122699999974],[8.574417199999983,63.70615249999999],[8.464465100000028,63.693775199999955],[8.4784249,63.711209],[8.279766099999962,63.68092519999998],[8.287816600000019,63.67036249999999],[8.288918499999975,63.67237160000004],[8.30152890000002,63.67660659999997],[8.338441900000037,63.680922400000014],[8.2897991,63.67138319999997],[8.328764600000026,63.67001359999998],[8.310436700000045,63.661347300000045],[8.396013200000029,63.6791543],[8.441025300000037,63.67672589999999],[8.458664200000031,63.685878],[8.480605600000034,63.68871470000003],[8.434487199999973,63.670054900000025],[8.574658499999964,63.686077500000046],[8.464420900000013,63.6682921],[8.49012910000002,63.66154780000003],[8.8337356,63.700932099999974],[8.841718499999972,63.74612840000003],[8.810153200000025,63.7626258],[8.822468299999974,63.802797399999974],[8.7900556,63.7852662],[8.8010059,63.7939664]]],[[[8.755075699999958,63.80750520000004],[8.722365200000025,63.79968610000003],[8.7031885,63.7870176],[8.720712499999971,63.78619190000004],[8.6633058,63.76541669999999],[8.710279799999986,63.76587140000004],[8.6958625,63.7670699],[8.7482598,63.78561659999996],[8.755075699999958,63.80750520000004]]],[[[8.813247499999987,63.806921],[8.791496500000017,63.813596099999955],[8.7871058,63.805085899999966],[8.813247499999987,63.806921]]],[[[11.225800900000028,63.818146],[11.053200700000044,63.8002215],[10.998559,63.747267200000024],[11.037452900000023,63.744319500000024],[11.151887599999966,63.801519600000034],[11.201955400000042,63.793547900000014],[11.23298279999998,63.80707289999997],[11.225800900000028,63.818146]]],[[[8.715771200000043,63.815014],[8.6882602,63.816492],[8.699593,63.81485170000002],[8.684920200000045,63.804464],[8.715771200000043,63.815014]]],[[[9.445051,63.822445],[9.382395,63.813416],[9.402085,63.81413],[9.38379,63.788347],[9.438652,63.802003],[9.445051,63.822445]]],[[[9.487309,63.838678],[9.463503,63.817783],[9.516299,63.823998],[9.493193100000031,63.82962519999998],[9.487309,63.838678]]],[[[8.479701199999989,63.856305],[8.483012200000028,63.833809],[8.47624219999996,63.85527],[8.4335782,63.8436],[8.4882622,63.831782],[8.488499700000029,63.8504739],[8.49667620000003,63.847157],[8.502791,63.85068060000004],[8.479701199999989,63.856305]]],[[[8.663889499999987,63.86948979999997],[8.64208,63.864510800000026],[8.6423379,63.8618309],[8.663437499999981,63.8582586],[8.663889499999987,63.86948979999997]]],[[[9.759695,63.87408],[9.702559,63.862603],[9.702361,63.854674],[9.746673,63.864299],[9.759695,63.87408]]],[[[9.814683,63.889895],[9.777463,63.887286],[9.774969,63.881032],[9.814683,63.889895]]],[[[9.764277,63.935953],[9.751518,63.926301],[9.757292,63.914121],[9.768241,63.910867],[9.764277,63.935953]]],[[[9.959645,63.936582],[9.916802299999961,63.93469840000002],[9.927263900000028,63.930551600000015],[9.910167599999987,63.92637810000002],[9.9366241,63.9188022],[9.959645,63.936582]]],[[[9.120268799999986,63.98540449999997],[9.103376799999973,63.984779500000045],[9.1022048,63.982733500000045],[9.116722800000042,63.97313130000003],[9.120268799999986,63.98540449999997]]],[[[9.095503800000037,63.981715500000014],[9.0684438,63.98838060000001],[9.072291799999975,63.97746839999997],[9.0468768,63.9789264],[9.066651799999969,63.970094300000014],[9.095503800000037,63.981715500000014]]],[[[9.169046800000014,64.01003789999996],[9.150060800000025,64.00212980000005],[9.152946799999983,63.99701169999997],[9.180598799999974,63.993654700000036],[9.169046800000014,64.01003789999996]]],[[[9.874543,64.013599],[9.852647,64.01245],[9.845842,64.009164],[9.867524,64.00341],[9.874543,64.013599]]],[[[9.890862,64.05102970000004],[9.880127,64.033515],[9.852362,64.041354],[9.842279,64.026322],[9.8942185,64.01980720000003],[9.874117,64.009253],[9.88655,63.9969],[9.956046600000047,64.01403989999997],[9.909315,64.03580429999998],[9.921539100000022,64.0486576],[9.890862,64.05102970000004]]],[[[9.9861908,64.0818813],[9.9413568,64.0727533],[9.93254090000002,64.06003180000005],[9.949925,64.053027],[9.9268803,64.049368],[9.9916663,64.03415050000002],[10.052246499999985,64.0514114],[9.9861908,64.0818813]]],[[[10.047443,64.18562],[10.024877,64.194092],[10.008893,64.190239],[10.023378,64.185279],[10.002238,64.168416],[10.047443,64.18562]]],[[[10.105043,64.2031],[10.071794,64.193372],[10.112981,64.196133],[10.105043,64.2031]]],[[[10.280384500000018,64.21744890000002],[10.2363093,64.2226796],[10.283715500000024,64.2117883],[10.280384500000018,64.21744890000002]]],[[[10.258515,64.260561],[10.234817,64.256799],[10.234138,64.254758],[10.255688,64.256621],[10.244582,64.2516],[10.255973,64.243445],[10.274656,64.253387],[10.258515,64.260561]]],[[[10.3048597,64.26785439999996],[10.276877,64.265923],[10.290872100000016,64.25590880000004],[10.277449600000011,64.2455173],[10.3081373,64.2528436],[10.3048597,64.26785439999996]]],[[[10.312899,64.290906],[10.276345,64.30274],[10.261709,64.291868],[10.294242,64.294909],[10.268526,64.286437],[10.280066,64.281348],[10.312899,64.290906]]],[[[10.385061,64.326564],[10.348789,64.326391],[10.391338,64.322412],[10.385061,64.326564]]],[[[10.442848,64.332145],[10.390959,64.338275],[10.426601,64.32591],[10.442848,64.332145]]],[[[10.426128,64.362365],[10.409393,64.369945],[10.390248,64.359257],[10.426128,64.362365]]],[[[10.454652,64.371422],[10.442832,64.37691],[10.417179,64.372044],[10.432912,64.367926],[10.454652,64.371422]]],[[[11.340494,64.462056],[11.32386,64.454643],[11.299907,64.451693],[11.342527,64.440785],[11.340494,64.462056]]],[[[10.662,64.484206],[10.659799,64.467476],[10.684584,64.47052],[10.678569,64.478774],[10.662,64.484206]]],[[[10.753629,64.474829],[10.739439,64.480114],[10.709888,64.48174],[10.753629,64.474829]]],[[[11.234945,64.490691],[11.205041,64.484107],[11.221848,64.468246],[11.197956,64.466046],[11.190012,64.455675],[11.292213,64.473051],[11.234945,64.490691]]],[[[10.745549,64.50153],[10.73054,64.50205],[10.69798,64.504901],[10.722121,64.497073],[10.745549,64.50153]]],[[[10.892315,64.512509],[10.852913,64.518126],[10.873033,64.508406],[10.892315,64.512509]]],[[[10.725485,64.536302],[10.708758,64.520636],[10.681182,64.53579],[10.688017,64.521387],[10.677405,64.522659],[10.669525,64.520063],[10.758065,64.516219],[10.719634,64.523579],[10.725485,64.536302]]],[[[10.793955,64.542775],[10.773039,64.5319],[10.793034,64.524239],[10.773957,64.518586],[10.84795,64.51499],[10.793955,64.542775]]],[[[10.71038,64.551315],[10.681049,64.552931],[10.677732,64.547341],[10.674388,64.550961],[10.663319,64.544947],[10.71038,64.551315]]],[[[10.906546,64.554793],[10.888198,64.556052],[10.930147,64.543741],[10.906546,64.554793]]],[[[10.842921,64.581311],[10.802147,64.576827],[10.786412,64.568321],[10.842393,64.56469],[10.842921,64.581311]]],[[[10.832355,64.587967],[10.784859,64.585479],[10.776742,64.579693],[10.819105,64.581224],[10.832355,64.587967]]],[[[10.8311704,64.61071629999998],[10.811119700000017,64.6054469],[10.784121,64.592395],[10.830222199999962,64.59982159999996],[10.8311704,64.61071629999998]]],[[[10.900732,64.599382],[10.870505,64.610257],[10.862555,64.598589],[10.900732,64.599382]]],[[[11.37201,64.641049],[11.358964,64.638571],[11.367335,64.60108],[11.38403,64.594414],[11.356731,64.588711],[11.343101,64.561806],[11.438148,64.540177],[11.426031,64.550997],[11.469664,64.546817],[11.499835,64.56150450000003],[11.483307,64.559511],[11.470179,64.568943],[11.47955,64.583628],[11.393055,64.629323],[11.398451,64.619512],[11.382742,64.620534],[11.403656,64.609872],[11.393458,64.6068],[11.374823,64.618615],[11.37201,64.641049]]],[[[11.11208,64.651517],[11.036363,64.636717],[11.046224,64.625068],[11.027003,64.619193],[11.032736,64.600182],[11.226885,64.584843],[11.231343,64.570192],[11.190496,64.587691],[11.133339,64.56499],[11.136134,64.543713],[11.179626,64.51135],[11.280642,64.512123],[11.310077,64.48096],[11.390136,64.487484],[11.401848,64.472197],[11.454247,64.524173],[11.371347,64.551375],[11.271752,64.540918],[11.286203,64.582145],[11.237055,64.610787],[11.245426,64.618336],[11.164877,64.617492],[11.11208,64.651517]]],[[[11.33028,64.6902],[11.211669,64.67974],[11.16416,64.668417],[11.210732,64.66824],[11.154758,64.659088],[11.20049,64.656112],[11.161258,64.646968],[11.17638,64.634593],[11.260245,64.638835],[11.267264,64.619282],[11.314485,64.59616],[11.346541,64.619067],[11.361029,64.662335],[11.356321,64.680321],[11.297774,64.680474],[11.33028,64.6902]]],[[[11.171383,64.751207],[11.117936,64.749549],[11.110545,64.743131],[11.139903,64.747059],[11.122318,64.736694],[11.171383,64.751207]]],[[[11.797363199999978,64.7806043],[11.741326500000039,64.7859941],[11.758564,64.777561],[11.797363199999978,64.7806043]]],[[[11.330197,64.800481],[11.265842,64.795336],[11.293112,64.794918],[11.244101,64.786456],[11.330197,64.800481]]],[[[11.540322500000034,64.80151479999996],[11.506219399999985,64.80452250000005],[11.49007879999997,64.79906309999997],[11.540322500000034,64.80151479999996]]],[[[11.693613,64.803032],[11.646368,64.804905],[11.657026,64.797294],[11.693613,64.803032]]],[[[10.73221,64.815311],[10.69955,64.821061],[10.698992,64.816974],[10.73221,64.815311]]],[[[10.664033,64.829392],[10.641054,64.821974],[10.635943,64.816914],[10.659281,64.815632],[10.664033,64.829392]]],[[[11.246784,64.836691],[11.192789,64.830462],[11.153053,64.814413],[11.176124,64.81011],[11.246784,64.836691]]],[[[11.037563,64.839579],[11.023301,64.837727],[11.018512,64.82193],[11.03142,64.825848],[11.037563,64.839579]]],[[[10.796456,64.851385],[10.711894,64.84522],[10.699917,64.836404],[10.766547,64.835372],[10.796456,64.851385]]],[[[11.258798,64.854547],[11.225789,64.851719],[11.195647,64.836048],[11.260579,64.843518],[11.246829,64.849187],[11.258798,64.854547]]],[[[11.018932,64.875649],[10.987949,64.871717],[10.980846,64.856974],[11.018932,64.875649]]],[[[11.059799,64.882764],[11.024458,64.877109],[11.01851,64.870027],[11.041545,64.872271],[11.03573,64.859047],[11.059799,64.882764]]],[[[10.626002,64.85616],[10.683138,64.885197],[10.638384,64.871884],[10.626002,64.85616]]],[[[11.317115,64.899705],[11.301123,64.895859],[11.290858,64.881434],[11.31443,64.889512],[11.317115,64.899705]]],[[[11.229026,64.930728],[11.118280199999987,64.91324509999997],[11.09413,64.890728],[11.141112,64.894664],[11.059469,64.854883],[11.10356,64.857336],[11.077725,64.842093],[11.101461,64.845853],[11.086134,64.826496],[11.134977,64.843967],[11.11607,64.832853],[11.150971,64.825956],[11.264659,64.870577],[11.309462,64.908779],[11.253362,64.900939],[11.2600373,64.911237],[11.229026,64.930728]]],[[[11.465402,64.936728],[11.304751,64.881987],[11.279288,64.858584],[11.571864600000016,64.88672129999998],[11.5401021,64.887308],[11.465402,64.936728]]],[[[11.367787,64.94829],[11.310765,64.937927],[11.280086,64.917675],[11.322586,64.914204],[11.316223,64.924282],[11.367787,64.94829]]],[[[10.747624,64.955824],[10.743462200000021,64.94514379999997],[10.724949,64.936391],[10.763036,64.946945],[10.747624,64.955824]]],[[[11.451706,64.961775],[11.401529,64.954403],[11.394907,64.947857],[11.441344,64.940834],[11.462082,64.949833],[11.451706,64.961775]]],[[[11.157878,64.964651],[11.112187,64.959549],[11.080454,64.931853],[10.921117,64.896386],[10.901438,64.873615],[10.827399,64.846659],[10.86226,64.837912],[11.038372,64.901862],[11.061988,64.903456],[11.035666,64.890004],[11.063858,64.888592],[11.138968400000039,64.92618320000004],[11.233885,64.934749],[11.161646,64.944001],[11.167355,64.95492],[11.147889,64.960574],[11.157878,64.964651]]],[[[10.75913,64.97624],[10.751576,64.974707],[10.785379,64.965353],[10.797823,64.970831],[10.75913,64.97624]]],[[[11.113621,64.985368],[11.008659,64.971724],[11.057182,64.974388],[10.979073,64.95549],[10.988944,64.950243],[10.963619,64.958765],[10.876406,64.928805],[10.848047,64.92852],[10.863268,64.939331],[10.805823,64.928271],[10.752908,64.907415],[10.780326,64.898392],[10.739928,64.888382],[10.726896,64.901068],[10.710597,64.900488],[10.695147,64.89427],[10.68986,64.896376],[10.686314,64.887847],[10.712939,64.899438],[10.718876,64.898091],[10.656852,64.859145],[10.74837,64.87933],[10.713218,64.856588],[10.768627,64.867067],[10.735681,64.850572],[10.829312,64.857124],[10.90515,64.883545],[10.939968,64.915584],[10.952629,64.90736],[11.051625,64.933404],[11.0741003,64.95028950000003],[11.064479699999975,64.95627249999998],[11.136100399999972,64.9671113],[11.158986399999971,64.97381840000001],[11.166887,64.978976],[11.082842,64.978126],[11.113621,64.985368]]],[[[11.076493,64.989727],[11.019257,64.984116],[11.016888,64.976729],[11.076493,64.989727]]],[[[10.827044,64.991964],[10.768061,64.986535],[10.7975,64.987119],[10.76706,64.980535],[10.827044,64.991964]]],[[[10.911418,64.997048],[10.818268,64.987339],[10.845235,64.984066],[10.803925,64.980734],[10.81756,64.979969],[10.795361,64.96114],[10.823398,64.956196],[10.80584,64.946433],[10.827438,64.944635],[10.857665,64.962936],[10.959899,64.969814],[10.93637540000001,64.9790673],[10.970672,64.988986],[10.888682,64.983267],[10.911418,64.997048]]],[[[11.118184,65.023935],[11.088702,64.999022],[11.150333,64.998531],[11.147562,65.009189],[11.118184,65.023935]]],[[[11.682142,65.022552],[11.6423,65.020575],[11.618233800000045,65.0117617],[11.66136,65.011408],[11.682142,65.022552]]],[[[11.079234,65.024994],[11.03795,65.02326],[11.04781,65.020398],[11.037862,65.022109],[11.027734,65.016235],[11.04821,65.020217],[11.063469,65.01677],[11.034324,65.015378],[11.024441,65.012699],[11.016746,65.006919],[11.07022,65.014118],[11.079234,65.024994]]],[[[11.690908,65.0707519],[11.6623055,65.06526219999998],[11.648881,65.056413],[11.670002,65.063626],[11.647529300000038,65.03877630000002],[11.714096300000044,65.06197189999997],[11.6738553,65.06140719999996],[11.690908,65.0707519]]],[[[11.78452,65.124837],[11.729023400000017,65.10412590000001],[11.672377,65.121505],[11.57327,65.108143],[11.552744,65.096723],[11.568932,65.094655],[11.5286,65.085362],[11.543807,65.073078],[11.525268,65.066227],[11.544042,65.062839],[11.520634,65.058885],[11.511997,65.050842],[11.6014186,65.0406513],[11.643867,65.063922],[11.740798200000025,65.0877192],[11.783773700000012,65.10808519999996],[11.78452,65.124837]]],[[[11.729253,65.139929],[11.686946,65.127386],[11.708557,65.126828],[11.683751,65.122837],[11.71841,65.126051],[11.729253,65.139929]]]]}},{"type":"Feature","properties":{"adm0_a3":"NOR","shape_name":"Troms og Finnmark","ihme_name":"Troms og Finnmark"},"geometry":{"type":"MultiPolygon","coordinates":[[[[16.115053381531876,68.53891728293087],[16.0901783,68.55760130000003],[16.157245599999982,68.53038940000003],[16.2399145,68.5642081],[16.460429399999988,68.55717420000003],[16.5191097,68.56828110000002],[16.5288069,68.57663150000003],[16.501538299999986,68.58007080000003],[16.511229399999984,68.60054490000003],[16.49627509999998,68.60827990000001],[16.55719339999997,68.6216722],[16.590039800000046,68.64490859999995],[16.5957715,68.65565710000004],[16.57871670000002,68.6608574],[16.593319200000046,68.66888930000002],[16.63355640000004,68.67144730000003],[16.538346600000043,68.68437439999998],[16.58583859999998,68.69522819999999],[16.59937960000002,68.71290119999996],[16.591161200000016,68.72943220000003],[16.6037128,68.73433],[16.5393079,68.71749909999998],[16.5918855,68.73675390000001],[16.558864200000013,68.74610610000003],[16.57598869999999,68.7562516],[16.559191,68.7689573],[16.593802,68.77715890000003],[16.60449340000001,68.7970035],[16.545941300000045,68.78241],[16.5417499,68.80785420000002],[16.5949019,68.83699110000005],[16.5196595,68.81520249999998],[16.488561299999983,68.82183319999999],[16.50044380000002,68.841836],[16.4907931,68.85426409999997],[16.416046399999985,68.85600849999996],[16.3027019,68.89118009999996],[16.25961939999996,68.92065350000001],[16.250428100000015,68.8892203],[16.307983500000024,68.8761415],[16.34177170000004,68.83348309999995],[16.19878,68.8660088],[16.086643599999984,68.821586],[16.12881270000004,68.78222780000004],[16.2730059,68.741137],[16.18167890000002,68.7336599],[16.065426200000022,68.74458370000002],[16.050324,68.73365879999999],[16.04917850000003,68.702614],[16.022970599999976,68.68747070000002],[16.081640700000023,68.66818349999998],[16.084497799999987,68.6385726],[16.04850630000001,68.63719910000005],[16.0626864,68.64364969999997],[16.055761100000044,68.67060890000002],[15.9968871,68.674689],[15.8874795,68.64145579999999],[15.904661099999974,68.63477840000004],[15.805834699999966,68.61841860000001],[15.828178500000046,68.56641149999997],[15.743207900000012,68.5316019],[15.722751699999971,68.5371077],[15.7529954,68.56126769999999],[15.802892200000041,68.56532959999998],[15.7907606,68.60129490000001],[15.76449550000001,68.61589210000004],[15.774604699999962,68.62820360000005],[15.894829,68.65307579999998],[15.883676099999967,68.657891],[15.989362600000035,68.711106],[16.006744530220235,68.75564882569346],[15.890274820113696,68.7276013682293],[15.883518016856742,68.70978752257851],[15.784051758445436,68.70927717048959],[15.792650382486691,68.70125353703882],[15.777458932830983,68.68688384489165],[15.804105790192285,68.67659229707373],[15.777374755713458,68.65179624708611],[15.645453527652592,68.63257790560615],[15.67460421489524,68.59695692744366],[15.667906784779534,68.58674902740105],[15.592541618359434,68.56917869780317],[15.667565997456885,68.5113589041846],[15.675429744994213,68.48550914707842],[15.615068687378763,68.45917365809282],[15.648734612071031,68.44334165905562],[15.829123582587567,68.53448736832141],[15.89105445324458,68.53402523341731],[15.88839087121117,68.55788462784818],[15.962338153782765,68.61389755157944],[16.0272877666041,68.57500807610934],[15.996673869857782,68.55570992417664],[16.006551534741828,68.54197242731698],[16.052008741635074,68.53021280207652],[16.115053381531876,68.53891728293087]]],[[[18.125923576693584,68.5365147086173],[18.405689293827542,68.58187751395327],[18.621223955711596,68.50695764844052],[18.983802149553448,68.51696323837358],[19.921397092101614,68.35601380401195],[20.226419600000046,68.49080709999996],[19.93750390000002,68.55794179999995],[20.0521233,68.59105149999996],[20.2027029,68.66590759999997],[20.335864599999965,68.80234039999998],[20.30642820000004,68.92617350000005],[20.060047202313484,69.0457578101421],[20.55232595687344,69.060076756976],[20.717322288067553,69.11979130109354],[21.05754312796695,69.03628986993313],[21.108674199999978,69.10392909999999],[21.0556244,69.12208529999998],[20.9875741,69.19192739999998],[21.00331240000004,69.22233809999997],[21.278821102000492,69.31188412859753],[21.627086473446766,69.27658826508997],[22.175762500620934,68.95632435316608],[22.191867979699392,68.91877365367336],[22.340780700131535,68.82722565248407],[22.37452191518322,68.71666663736197],[22.535389409515794,68.74451263604857],[22.80082414849457,68.68754813019386],[23.0459522,68.6893436],[23.16758224645222,68.62851891102838],[23.440635599999982,68.6921635],[23.6735202,68.70552139999998],[23.731063427629575,68.75075137298434],[23.775391499999966,68.8188513],[23.871460800000023,68.83651919999998],[23.98333082905465,68.82714342826159],[24.07559159376388,68.77996685148106],[24.158551052823338,68.7897096141176],[24.152962436008504,68.75359103433104],[24.25096480000002,68.72713209999998],[24.608387948774112,68.68190160389699],[24.783424667275742,68.63623459302391],[24.85716605521769,68.56220985816087],[24.903165688007505,68.55459184353656],[24.916923299999972,68.60524660000003],[25.069129900000032,68.61986580000003],[25.116388099999988,68.63958830000001],[25.1070844,68.68062809999998],[25.131303699999986,68.71687739999997],[25.12101039999999,68.74560460000002],[25.1571257,68.799893],[25.398559342806237,68.89102355727753],[25.481195256317548,68.90507480517103],[25.54157107581272,68.88646219116839],[25.626834379762073,68.8926899784728],[25.65423008581452,68.90587408959352],[25.722843321620417,68.98963875693627],[25.774278720154825,69.01340372143949],[25.72429089098579,69.0796029054295],[25.731230603074806,69.10414934666098],[25.72012950311936,69.10973227106383],[25.742880459076613,69.14394747787502],[25.693021467628224,69.19674437064685],[25.71329698788587,69.21148874086478],[25.702041692917184,69.25366271537212],[25.74231677156277,69.2762965037785],[25.7377626,69.310581],[25.759379309208448,69.34037933798483],[25.817958012,69.3602621323097],[25.812556,69.37592],[25.84652873924201,69.39367701552095],[25.793014899999967,69.42093],[25.83372683703271,69.4673452764239],[25.8637762,69.47587430000003],[25.84635733928032,69.49254190312712],[25.876552541843527,69.52532160966801],[25.84146347511548,69.55101301278576],[25.935478299999982,69.57231589999998],[25.976040300000026,69.610225],[25.952014062401997,69.64839461452564],[25.891291160535797,69.66350604131925],[25.96605134859623,69.70530212829709],[26.007139500000044,69.72285549999995],[26.11040080982397,69.73045876238115],[26.184310799999967,69.7609699],[26.192442749568006,69.77706455080433],[26.246327,69.7955319],[26.24358994174873,69.81668201368517],[26.385936,69.855347],[26.418212799999964,69.889093],[26.4075357,69.901482],[26.486688100000034,69.94433159999998],[26.678687800000024,69.9647723],[26.71807409262341,69.94498653254928],[26.8512932751013,69.96013479426546],[26.878300920107915,69.9334149964815],[26.969727860995924,69.93848568360185],[27.039760099999977,69.91055930000005],[27.296193500000033,69.95345989999996],[27.302447699999966,69.96179960000005],[27.276458337224216,69.97930416231891],[27.428559938335155,70.01921345890716],[27.525990047546827,70.02346383772415],[27.554301213678578,70.05898382103439],[27.612460491490868,70.07456026648984],[27.744113,70.06428749999996],[27.955582018294393,70.09229321470383],[27.984285299999968,70.01397069999999],[28.160712941075865,69.9209937306894],[28.34526955354437,69.88083183545999],[28.330476302107478,69.84919255737192],[28.404225421500854,69.81842499643763],[29.133909500000033,69.69534040000002],[29.17053697578657,69.6390414557695],[29.336495625215274,69.47832270574438],[29.219339499999975,69.3976362],[28.831539081890007,69.22436171928811],[28.8303122,69.171902],[28.805430051143137,69.11115589427801],[28.854577131019987,69.0766388098858],[29.041460405876244,69.01083638280932],[29.242136874088203,69.11301856011957],[29.23100938661358,69.12168519769578],[29.257614034816825,69.15408122136432],[29.248720229183814,69.16152531820808],[29.28894,69.178824],[29.314093,69.233684],[29.27697088411247,69.25076102991143],[29.28975859897153,69.29696021608355],[29.396518124886757,69.32369383503492],[29.572970160792543,69.31851272046927],[29.695068298171083,69.36345393547259],[29.72264657734249,69.38909377386082],[29.85109217917107,69.4229111785005],[29.94488746352284,69.40515537998621],[30.008982269011316,69.41594971519427],[30.115103,69.46834129999998],[30.1194726,69.51365589999997],[30.17455071476138,69.53556726934895],[30.187696,69.57013],[30.137812567967327,69.64351950187913],[30.09128528111217,69.64283787769551],[30.08529137886464,69.6580971570037],[30.1306233653129,69.66638886013025],[30.110075299999984,69.6784157],[30.09545960000002,69.70791449999999],[30.07354,69.71825570000004],[30.096848099999974,69.72342650000004],[30.083456699999967,69.729765],[29.915830899999985,69.692991],[29.93572670000002,69.6653974],[29.952238500000018,69.59034429999996],[29.936836199999984,69.59207850000001],[29.930029299999973,69.62368489999999],[29.916438199999963,69.62655929999995],[29.92851139999997,69.66500060000004],[29.8963576,69.70442860000004],[29.9276863,69.70040019999998],[30.035780499999976,69.7375987],[30.04278960000002,69.74590850000001],[30.025768499999984,69.7528622],[30.076888199999964,69.7686668],[30.0553959,69.78162619999998],[29.95191890000004,69.7674408],[29.882480300000026,69.73001320000004],[29.775811,69.7480122],[29.677964,69.73891889999997],[29.51153720000004,69.65752539999997],[29.48893589999997,69.65865459999996],[29.575825499999976,69.69494259999996],[29.39469410000004,69.69948679999999],[29.57599719999997,69.69917160000001],[29.569474,69.70685320000001],[29.62749560000002,69.742842],[29.6159943,69.75050769999996],[29.6584268,69.7513645],[29.620117900000032,69.76574710000001],[29.698738800000047,69.77678719999999],[29.689297400000015,69.78645730000002],[29.7605369,69.815145],[29.729809500000016,69.82485680000002],[29.7789047,69.83024369999995],[29.7383926,69.85301929999997],[29.7625968,69.881144],[29.720368099999984,69.89259590000002],[29.746632299999987,69.8998533],[29.712815,69.91324060000002],[29.685177500000016,69.91058739999997],[29.686134,69.8985147],[29.6065393,69.91635490000004],[29.573752,69.89913530000001],[29.577528600000026,69.91694429999995],[29.53306830000002,69.918359],[29.420286699999988,69.85838879999999],[29.362436900000045,69.8635308],[29.416681899999976,69.87144809999995],[29.4068972,69.88632930000004],[29.4728151,69.9019669],[29.4810549,69.91759269999996],[29.660833,69.960833],[29.644648200000013,69.9766298],[29.315212500000044,70.02224110000003],[29.327898300000022,70.02787440000002],[29.27913480000004,70.01131809999997],[29.12363029999996,70.01036450000004],[29.181120299999975,70.03491090000001],[29.105965300000026,70.0445975],[29.1087301,70.05952679999997],[29.052873899999977,70.05367879999999],[28.727094700000034,70.0921955],[28.851181699999962,70.0908962],[28.828071300000047,70.10570520000002],[28.6705825,70.0948126],[28.578119099999967,70.1123528],[28.577482,70.12264550000003],[28.666794799999963,70.13107329999995],[28.76068940000003,70.160925],[28.557963,70.1702645],[28.71072330000002,70.17646950000004],[29.017808599999984,70.12261950000001],[29.115390699999978,70.13115849999998],[29.830465699999987,70.06090260000003],[30.081104699999962,70.07919259999998],[30.1684669,70.0688041],[30.093664,70.08363759999997],[30.360721899999966,70.1382958],[30.35700459999997,70.15657830000002],[30.3228487,70.16989440000002],[30.33497270000003,70.18367890000005],[30.480214100000037,70.20686669999996],[30.5140155,70.23923769999996],[30.708005800000016,70.24462119999998],[30.7292918,70.2586579],[31.05063680000002,70.2831701],[31.063239200000027,70.289254],[31.0389638,70.3047027],[31.058533200000028,70.317542],[31.044113700000043,70.33603510000005],[31.055806600000025,70.3494322],[31.0532913,70.36312240000004],[31.019981,70.36616240000004],[31.03619289999997,70.38003550000002],[31.0313763,70.3962455],[30.944869,70.44782320000003],[30.8473654,70.4424223],[30.780987900000035,70.4205572],[30.720166100000036,70.432759],[30.746771799999962,70.46746129999998],[30.5674765,70.50468949999996],[30.6176301,70.52248480000002],[30.608175800000016,70.539062],[30.636429400000043,70.5382076],[30.6197162,70.55123310000003],[30.562986299999984,70.54035839999997],[30.3816568,70.55222580000002],[30.136428900000013,70.50455070000002],[29.996659100000024,70.53652909999995],[30.1468005,70.53217490000002],[30.08060779999997,70.5501013],[30.21006,70.5533946],[30.2266448,70.57075580000001],[30.310966,70.58439070000001],[30.335041699999966,70.6090486],[30.245934499999972,70.64181830000001],[30.10828330000004,70.64875290000002],[30.212869800000043,70.67588269999997],[30.081251600000037,70.7078409],[29.943859699999976,70.70449369999999],[29.826732,70.63932749999998],[29.685919500000036,70.61375440000005],[29.791257,70.65761640000002],[29.771165300000014,70.6598511],[29.812270300000044,70.69408949999996],[29.7919535,70.7009536],[29.803565899999974,70.72702859999998],[29.7101801,70.73641730000001],[29.5536976,70.7050508],[29.413432,70.6898207],[29.384523499999982,70.69895349999999],[29.302829299999967,70.65610539999997],[29.246852700000026,70.65486840000003],[29.299845199999975,70.66458850000002],[29.248186399999977,70.67215039999998],[29.377520900000032,70.698223],[29.28573630000002,70.71085890000005],[29.42206839999997,70.73205439999998],[29.272471600000017,70.72665030000003],[29.274403100000047,70.73823930000003],[29.2530107,70.7395738],[29.36599950000003,70.76371459999996],[29.348721,70.76602350000005],[29.395400200000022,70.7853505],[29.249859400000023,70.79930680000002],[29.2747,70.80734710000004],[29.260448299999965,70.819311],[29.273970500000047,70.82657509999997],[29.2371075,70.85325950000002],[29.137138200000013,70.84956680000002],[29.08773109999998,70.85799309999999],[29.106227799999985,70.86415510000002],[29.0853879,70.87373150000003],[28.983171200000047,70.86942240000002],[28.9671505,70.88536790000005],[28.8323451,70.87792310000002],[28.753206799999976,70.8555081],[28.673512499999966,70.81232680000004],[28.656984200000025,70.79439729999997],[28.667621499999974,70.78132379999998],[28.602918600000017,70.76960420000002],[28.515534,70.72870649999999],[28.55907790000003,70.69431309999999],[28.631440799999975,70.678947],[28.50649030000001,70.6847176],[28.509687699999976,70.65692730000002],[28.47123559999998,70.5991902],[28.392958,70.54265989999998],[28.465805899999964,70.50955229999997],[28.546594900000045,70.50631719999998],[28.48668510000001,70.47145869999997],[28.5106692,70.4599989],[28.5033032,70.45224480000005],[28.446077,70.4633589],[28.459251,70.4856137],[28.433975899999965,70.5091888],[28.454646,70.51215830000002],[28.434416600000013,70.5106466],[28.421071099999985,70.49172979999997],[28.355621300000045,70.48067070000002],[28.338713,70.4856845],[28.371344399999977,70.51495839999998],[28.24878660000001,70.51192430000003],[28.122878500000038,70.47385410000001],[28.0358061,70.42631459999996],[28.0413955,70.4532029],[28.1988267,70.50567719999997],[28.167656300000022,70.51249860000003],[27.994208,70.47991769999999],[27.978071900000035,70.49396570000005],[27.911732300000015,70.4592818],[27.9979846,70.50473880000004],[27.951292699999964,70.49981140000003],[27.890524500000048,70.48008980000002],[27.868208599999967,70.45770789999997],[27.870611800000034,70.43656590000003],[27.8572222,70.43679579999996],[27.82391990000004,70.4456458],[27.857287299999967,70.48511470000001],[27.8151568,70.48763039999997],[28.202261599999968,70.5952808],[28.283954300000037,70.64872480000001],[28.3011763,70.69816950000003],[28.263595399999964,70.7202767],[28.1243724,70.67800890000004],[27.902339800000032,70.6373697],[27.6366589,70.62057830000005],[27.876856200000045,70.65546530000003],[27.850440300000013,70.66800340000005],[28.0179503,70.69452549999998],[28.142523800000042,70.73516920000003],[28.05726030000002,70.75904390000004],[28.001030199999978,70.7419798],[28.025133499999978,70.76324830000001],[27.90199659999997,70.77528830000003],[27.76141859999999,70.745302],[27.754097,70.75240110000001],[27.8337111,70.78335970000003],[27.733111,70.80132690000002],[27.934139199999986,70.79575710000005],[28.0188841,70.82520229999999],[28.0029488,70.81317160000003],[28.0221754,70.79701539999998],[28.07317479999998,70.79049519999997],[28.101954600000024,70.80671150000003],[28.1105753,70.80047570000002],[28.0907118,70.79876360000003],[28.238895299999967,70.79068859999998],[28.3117832,70.81300649999996],[28.217169799999976,70.84326089999998],[28.3506534,70.82633310000003],[28.369865,70.8412098],[28.3256991,70.85303420000002],[28.407285100000014,70.8524456],[28.457760300000047,70.87551560000004],[28.34086340000004,70.88994949999997],[28.47462329999997,70.89137560000002],[28.485203900000023,70.90212339999997],[28.4625224,70.907685],[28.510613,70.91391730000004],[28.497672300000044,70.92124450000003],[28.526746,70.92997429999997],[28.544810600000027,70.97816819999998],[28.390793800000026,71.00376820000001],[28.301371299999968,70.99572920000003],[28.303895199999985,71.00560950000005],[28.182378099999973,70.95792860000002],[28.224523700000038,71.00569029999998],[28.169523200000036,70.98200740000003],[28.2106398,71.02422840000003],[28.16742259999996,71.03409680000004],[28.2678123,71.0494199],[28.245289600000035,71.0627264],[28.26518060000003,71.0666422],[28.234721699999966,71.07192859999996],[28.252475,71.07545690000005],[28.2454674,71.0863776],[28.158933799999964,71.0932918],[28.0668933,71.04660140000004],[28.05514069999997,71.04942440000002],[28.066169,71.08690080000002],[27.97973819999997,71.05501080000003],[27.95990890000002,71.0628884],[27.9817158,71.08222590000003],[27.963545099999966,71.0840342],[27.888381099999982,71.0377717],[27.8692674,71.03466589999996],[27.87020170000003,71.05221970000002],[27.83710119999998,71.04531039999998],[27.850537,71.03832160000002],[27.828084,71.03834430000003],[27.838283600000025,71.0349122],[27.83557330000004,71.02830339999996],[27.808341900000034,71.04678749999998],[27.783546200000032,71.04100090000001],[27.817574099999987,71.0594008],[27.803291300000033,71.07253920000004],[27.7463143,71.04969190000004],[27.715498900000025,71.04900839999998],[27.7231287,71.065852],[27.683690600000045,71.060498],[27.75436450000004,71.11069390000003],[27.645633100000012,71.13331270000003],[27.629658499999966,71.1269037],[27.642377500000027,71.09942710000004],[27.561133599999966,71.10594219999999],[27.50072939999997,71.0865753],[27.4867803,71.06314],[27.496697699999984,71.04145449999997],[27.5739284,71.0130415],[27.557350500000034,70.99926710000001],[27.552828499999983,70.9716353],[27.5656511,70.96345439999999],[27.548031900000037,70.95577129999995],[27.50927419999998,70.96835940000003],[27.507651099999975,71.01172409999997],[27.374771,71.01527810000005],[27.281507,71.0454308],[27.200115599999975,71.01441820000004],[27.2629781,70.99977090000003],[27.303474500000014,70.980552],[27.317129299999966,70.95617270000004],[27.355623299999966,70.9461214],[27.14726710000004,70.98235750000005],[27.152188199999983,70.9688452],[27.122106899999988,70.95459790000004],[27.126493500000027,70.93911169999998],[27.101953400000035,70.93337159999996],[27.1797385,70.90031420000001],[27.3211744,70.89126679999998],[27.41925820000002,70.9250099],[27.40623339999997,70.9175633],[27.42667160000003,70.914025],[27.3709183,70.87995950000003],[27.475288400000043,70.8870429],[27.460525499999978,70.87276110000003],[27.53168659999996,70.86417790000004],[27.451454200000015,70.84603139999997],[27.482735900000034,70.82876460000004],[27.7180265,70.79982879999996],[27.505729699999982,70.80654610000002],[27.3806127,70.8329442],[27.290541099999977,70.83386579999996],[27.280719500000018,70.8135554],[27.297447200000025,70.80198820000003],[27.27719120000003,70.79295439999996],[27.283056,70.774167],[27.27032469999997,70.76515009999999],[27.355686599999963,70.7551565],[27.328761,70.75180960000002],[27.326128,70.73463660000002],[27.29911660000004,70.728578],[27.25561590000003,70.7512707],[27.109306400000023,70.75451539999999],[27.0996933,70.72495759999995],[27.0670777,70.70329950000004],[27.164238,70.68718250000002],[27.084587100000036,70.68377579999996],[27.1604615,70.66514250000003],[27.08252720000004,70.6644605],[27.07978059999998,70.6431922],[27.27719120000003,70.58815450000003],[27.050794800000034,70.6219827],[26.9496613,70.5745713],[27.007556300000047,70.56838030000002],[27.0104294,70.55549389999996],[26.950691299999963,70.54634870000001],[27.039806199999973,70.4886097],[27.101776,70.48069609999999],[27.09417820000002,70.46682840000001],[27.032815,70.4839036],[26.960556,70.454722],[26.913978399999984,70.46480219999997],[26.947280700000032,70.48258880000002],[26.936294399999984,70.48660289999997],[26.744892,70.48883909999998],[26.7538184,70.46956590000003],[26.775097299999985,70.46762610000002],[26.75913990000003,70.46198930000001],[26.7658347,70.43964489999998],[26.72549419999999,70.43217220000002],[26.733555300000035,70.4195887],[26.692699899999962,70.41187840000002],[26.627303900000033,70.4318272],[26.58284360000003,70.4022537],[26.625072300000042,70.39655280000002],[26.6302222,70.38197630000002],[26.571678600000027,70.38752],[26.524307100000023,70.369062],[26.514179100000025,70.35048340000002],[26.47984680000002,70.36081330000002],[26.501984099999977,70.38896040000003],[26.534263500000034,70.39499770000005],[26.507992199999975,70.421372],[26.52412839999998,70.43310349999999],[26.512627100000042,70.436955],[26.58575480000003,70.4807649],[26.549534300000023,70.49016909999997],[26.559646599999965,70.49780970000005],[26.546272699999985,70.51314519999997],[26.613735600000044,70.55313369999999],[26.6022187,70.57388620000003],[26.6271252,70.61727019999998],[26.611847400000045,70.62336519999998],[26.6399842,70.646492],[26.5868429,70.6658484],[26.62917810000003,70.6834553],[26.560827399999965,70.673568],[26.594208799999986,70.65924639999997],[26.515014699999973,70.67093890000001],[26.353996300000016,70.65798],[26.6564156,70.7350625],[26.683291399999987,70.748212],[26.671832900000037,70.7781659],[26.717231799999986,70.80368149999997],[26.713470900000026,70.82346639999997],[26.734223499999988,70.82444549999998],[26.7275315,70.84247670000002],[26.6561203,70.83210869999998],[26.6705399,70.84979870000002],[26.653030400000045,70.85452850000003],[26.7309647,70.90580730000003],[26.70109559999998,70.91815740000004],[26.71929169999998,70.94137710000003],[26.684262599999965,70.9603062],[26.705604500000014,70.96599709999997],[26.5630799,70.95269670000003],[26.2472229,70.81304890000001],[26.2286835,70.7900176],[26.129806499999987,70.76639419999998],[26.14279450000001,70.75909039999998],[26.1082,70.71938410000004],[26.07618380000003,70.73110759999997],[26.04122929999997,70.72121730000002],[26.027839700000023,70.70284569999997],[26.046035800000023,70.6960371],[25.973407,70.63070620000003],[25.98338370000002,70.60854240000002],[25.6717818,70.494752],[25.611357,70.44103279999997],[25.5341094,70.40594690000005],[25.55468289999998,70.39614319999997],[25.5288676,70.3877469],[25.502180399999986,70.40053489999998],[25.494953200000015,70.37980849999997],[25.433859099999957,70.36237960000004],[25.43557569999997,70.3425245],[25.3923171,70.33709570000005],[25.3923171,70.32080040000002],[25.51061920000002,70.31043469999999],[25.49222069999997,70.2895143],[25.503903299999987,70.28299360000004],[25.40159310000003,70.24954990000002],[25.4074195,70.2288515],[25.359011,70.20014650000003],[25.298929499999968,70.19502889999998],[25.279703500000018,70.17536070000004],[25.285883300000012,70.1638303],[25.2433112,70.1371345],[25.2539543,70.132468],[25.220995300000016,70.08936930000002],[25.1543907,70.065621],[25.0868403,70.0784264],[25.06526520000001,70.11771950000004],[25.1564506,70.124299],[25.116026900000033,70.13991779999998],[25.062036799999966,70.1204467],[25.07420429999996,70.14692460000002],[25.096712400000044,70.14075040000004],[25.087786,70.16196619999995],[25.114447,70.17047569999998],[25.105295500000025,70.18432419999996],[25.06718670000001,70.15159420000002],[24.991999,70.14343270000002],[24.979030099999978,70.10011280000005],[25.038195399999964,70.08044069999995],[25.03036440000004,70.06069],[25.000552400000032,70.05367610000003],[24.969151700000026,70.08785710000004],[24.91455810000003,70.08366109999996],[24.9287745,70.10646230000005],[24.917402199999984,70.10796190000005],[24.916317899999974,70.14981479999996],[24.9599293,70.173465],[24.927720600000015,70.18121009999997],[24.933500200000026,70.19416410000002],[24.918052699999983,70.20071540000002],[24.941517299999983,70.20694790000003],[24.9362948,70.23089159999996],[25.0747157,70.259972],[25.118661,70.28048639999999],[25.104893,70.28915830000003],[25.1145586,70.292176],[25.17443960000001,70.29423519999999],[25.164642699999963,70.29899349999997],[25.18526560000003,70.32191619999998],[25.174965900000036,70.32954490000004],[25.05043250000003,70.31802360000005],[25.126164500000026,70.36264929999997],[25.03914920000001,70.3529565],[25.0915804,70.36629010000003],[25.146813500000032,70.4032585],[25.182862399999962,70.40659759999997],[25.172219399999985,70.390012],[25.2405406,70.39197069999997],[25.24534709999997,70.4105116],[25.165009600000033,70.4219042],[25.21856789999999,70.44191209999998],[25.22846919999997,70.46182339999997],[25.278304399999985,70.46629749999997],[25.2266877,70.46696109999998],[25.22460679999996,70.48024770000002],[25.0833772,70.470513],[25.06604810000004,70.487385],[25.2186839,70.50015510000004],[25.242678499999972,70.52026549999998],[25.21852320000002,70.52921220000002],[25.077950600000044,70.51616540000002],[25.070737099999963,70.50257360000003],[25.0451647,70.50216489999997],[25.0858754,70.5250081],[25.10733139999999,70.52243440000002],[25.100550800000022,70.53267520000003],[25.233330799999965,70.5652606],[25.2487803,70.58969209999998],[25.32740130000002,70.60970610000003],[25.3622485,70.62844770000004],[25.33481050000004,70.6285265],[25.406172600000044,70.65758960000002],[25.394849800000042,70.67103450000002],[25.466615799999982,70.67465689999997],[25.639307100000043,70.74044649999996],[25.674326,70.7270792],[25.6949254,70.75980189999996],[25.668422100000022,70.74300860000004],[25.596048399999983,70.7512018],[25.61939440000003,70.77416489999997],[25.741274,70.785015],[25.77629579999996,70.82675080000004],[25.8345558,70.83648189999997],[25.911116800000023,70.87588810000004],[25.829685900000033,70.868413],[25.8953239,70.898371],[25.817733,70.9007302],[25.75044169999996,70.8881444],[25.7514179,70.8685141],[25.7304138,70.8624083],[25.7253791,70.88477190000003],[25.6901388,70.892934],[25.7126446,70.8954972],[25.70855630000002,70.90690779999996],[25.614829199999956,70.90803079999998],[25.507712500000036,70.86283639999998],[25.50153270000004,70.8806116],[25.440421299999972,70.84718559999999],[25.4459144,70.85912190000005],[25.4091789,70.86384940000005],[25.5468513,70.91409379999999],[25.501876,70.92060390000005],[25.510115800000023,70.93036509999997],[25.43321150000002,70.96197159999996],[25.327629199999958,70.98025430000003],[25.301897100000016,70.96957460000003],[25.309272,70.94079410000002],[25.3429156,70.93420120000003],[25.3951027,70.88555890000005],[25.361800300000038,70.87690040000004],[25.3645469,70.8602476],[25.318885,70.86463720000003],[25.365233599999982,70.84729819999998],[25.328498,70.82994410000002],[25.3385425,70.80978939999997],[25.2862201,70.82621949999995],[25.232024299999956,70.79688449999998],[25.248847200000025,70.82227650000003],[25.2289344,70.872176],[25.11523250000003,70.93013680000001],[25.020009800000032,70.8877127],[25.029438299999974,70.86660820000004],[24.8849037,70.8754434],[25.035643700000044,70.93395420000003],[25.048346700000025,70.952226],[25.01150409999997,70.9729213],[24.955469500000028,70.974158],[24.961316700000037,70.96164270000001],[24.910281799999968,70.93355189999996],[24.9520964,70.91997270000005],[24.899797599999985,70.93073109999997],[24.811338300000042,70.91427719999997],[24.79726210000004,70.9186549],[24.860170400000015,70.92412719999997],[24.75875830000003,70.96457279999998],[24.774695900000033,70.9900857],[24.6750565,70.9628621],[24.673301299999984,70.98525130000003],[24.6950336,70.99096789999997],[24.62519280000002,70.99272260000004],[24.538053400000038,70.97010419999997],[24.650663299999987,70.96058660000003],[24.544576600000024,70.95330540000003],[24.547666499999977,70.92505130000005],[24.619896,70.91906069999999],[24.551959900000032,70.9006724],[24.709457900000032,70.87149540000003],[24.56071270000002,70.86785940000001],[24.594701700000044,70.830241],[24.568265799999956,70.82437789999999],[24.62182420000001,70.81659529999999],[24.61867839999996,70.79291179999998],[24.5936717,70.78486949999999],[24.4518794,70.81862580000004],[24.429220100000016,70.82663309999998],[24.43677320000004,70.84860860000005],[24.395917799999967,70.84567990000002],[24.3931712,70.8690971],[24.355749,70.8774216],[24.314207,70.86425830000003],[24.321760100000024,70.85446459999999],[24.237989299999963,70.83677870000001],[24.274038199999982,70.81287210000004],[24.2431392,70.77718449999998],[24.36948189999997,70.7623712],[24.353002499999988,70.75184820000001],[24.37428850000003,70.74867889999997],[24.53530679999998,70.74766009999996],[24.51024220000002,70.72861709999997],[24.5703258,70.7157113],[24.5480098,70.706525],[24.582400299999986,70.71344550000002],[24.672611099999987,70.6944612],[24.59264170000004,70.6882535],[24.69151869999997,70.62753180000001],[24.617361,70.61260760000002],[24.5627617,70.6466551],[24.468753799999977,70.666228],[24.476460800000034,70.6755546],[24.461102700000016,70.68286840000003],[24.347076300000015,70.6841638],[24.367491699999967,70.69573819999995],[24.361535700000015,70.69716560000002],[24.297384200000028,70.68643679999997],[24.272797900000032,70.67612759999999],[24.280561399999968,70.65973479999997],[24.2431392,70.65825669999998],[24.235929399999968,70.60086549999997],[24.204000400000037,70.60337409999995],[24.090703900000033,70.53976520000002],[24.2500056,70.5085157],[24.3059672,70.4814626],[24.320730099999977,70.45402890000004],[24.279648899999962,70.45497570000005],[24.26270860000004,70.4798567],[24.09997359999998,70.49361809999998],[24.046071900000033,70.5124102],[23.855413800000026,70.49489290000002],[23.773055799999977,70.4650883],[23.793931700000016,70.44220060000005],[23.63410760000002,70.40959119999995],[23.429474699999965,70.31306390000002],[23.504791100000034,70.3256885],[23.468785100000012,70.30587009999996],[23.605144,70.2966795],[23.59589580000001,70.29178119999997],[23.3782178,70.28095160000002],[23.4096582,70.26200520000002],[23.358756,70.26814489999998],[23.246432,70.2480146],[23.445642600000017,70.24885020000004],[23.531087799999973,70.234034],[23.443820200000044,70.24211620000001],[23.398644800000024,70.2271606],[23.1790549,70.2162415],[23.24359960000002,70.18926380000002],[23.372860600000035,70.18065140000002],[23.26572809999996,70.17379990000005],[23.38167370000004,70.1168248],[23.346723499999978,70.09856079999997],[23.229478699999962,70.10247549999995],[23.13420669999997,70.08488269999997],[23.335565500000023,70.023337],[23.5290278,70.01559430000003],[23.477298800000025,70.00034280000004],[23.48693750000004,69.9920843],[23.474414400000022,69.98143759999998],[23.404998099999986,69.97005469999998],[23.36511259999996,69.97856750000001],[23.387367699999984,69.98261880000001],[23.30681080000001,69.97725839999997],[23.291010199999974,69.99323909999998],[23.119547699999977,69.93108059999996],[23.093718299999978,69.93418590000003],[23.109311099999964,69.93921209999996],[23.097347599999974,69.94716920000002],[23.01249029999999,69.9162867],[22.9978718,69.91939209999998],[23.053739799999985,69.94824370000002],[23.14175710000004,69.96027180000003],[23.142854599999986,69.9752783],[23.09865069999997,69.97780460000004],[23.10240149999998,70.0015231],[23.07422920000002,70.03296920000003],[23.025299200000028,70.0159105],[22.95341110000002,70.04205490000002],[22.99893930000001,70.05816769999996],[22.983860099999976,70.076054],[22.99987870000002,70.10733790000002],[22.98554329999998,70.12260990000001],[23.016880699999987,70.13584409999999],[23.005264599999965,70.14307640000003],[22.840348199999983,70.09750740000004],[22.39560030000003,70.0560921],[22.29093679999996,70.02335459999996],[22.2709023,70.0386946],[22.44473960000002,70.08061890000005],[22.5932644,70.0772628],[22.841132300000023,70.11218169999997],[22.7986137,70.1162645],[22.871184600000017,70.13091779999996],[22.9149298,70.151255],[22.904661,70.16331530000002],[22.939985799999963,70.1587151],[22.968452799999973,70.1919773],[22.68271489999998,70.22022780000005],[22.583153800000023,70.2032839],[22.614474499999982,70.223416],[22.522731200000013,70.2239725],[22.511226100000027,70.24416719999998],[22.35739979999998,70.26107540000001],[22.34346749999998,70.248208],[22.361276600000025,70.23107619999996],[22.332281800000043,70.22884229999995],[22.333669700000037,70.18714910000003],[22.29072270000001,70.161712],[22.43415069999999,70.15149789999995],[22.5392107,70.11340989999998],[22.40336030000003,70.1404945],[22.33975370000001,70.140364],[22.33581779999996,70.12450179999998],[22.2224092,70.12652939999995],[22.208129,70.1352022],[22.2543904,70.14920350000001],[22.22774169999997,70.15491860000002],[22.2655586,70.19364770000001],[22.27239050000003,70.22252070000005],[22.224524699999982,70.21818629999997],[22.270943799999966,70.23044],[22.26815309999999,70.24894910000005],[22.29648320000004,70.27877390000005],[22.148889299999986,70.28848789999998],[22.13426820000002,70.28261240000003],[22.139652199999983,70.270278],[22.1093232,70.27651080000003],[22.1119057,70.2396427],[22.077839,70.23058569999996],[22.094975600000023,70.30344060000003],[22.059141,70.31403960000002],[21.9524111,70.27650889999995],[22.0126813,70.31715319999996],[21.953872899999972,70.33038679999997],[21.788293400000015,70.26688940000003],[21.788753100000037,70.2482086],[21.762400299999985,70.24145559999998],[21.87067269999996,70.21577820000003],[21.812055700000045,70.20453529999997],[21.857735400000045,70.1721547],[21.8610358,70.13988549999998],[21.835523500000043,70.16736159999998],[21.7853531,70.18073760000004],[21.762261599999967,70.2181663],[21.71530359999998,70.21582239999996],[21.722451499999963,70.23504530000001],[21.564705699999976,70.28723570000002],[21.567408400000044,70.3240279],[21.513224500000018,70.3179125],[21.47137410000004,70.29818869999998],[21.49208539999996,70.26414819999997],[21.471843100000033,70.22017739999995],[21.491569199999972,70.2125714],[21.479715700000025,70.2061844],[21.490956800000017,70.19368029999995],[21.425757,70.22220549999999],[21.436533299999972,70.25569570000005],[21.414465100000047,70.27443820000005],[21.17252819081068,70.22311839240504],[21.189528,70.22204],[21.189313600000027,70.19918509999997],[21.21513479999997,70.20838779999997],[21.254625900000047,70.1878381],[21.252749699999974,70.173632],[21.29635080000003,70.1590685],[21.4763921,70.174699],[21.461542,70.15726430000004],[21.403323700000044,70.14577640000005],[21.455466500000032,70.09919270000003],[21.5570824,70.0912091],[21.58451060000004,70.110611],[21.6016498,70.10072330000003],[21.591131,70.0844795],[21.7267587,70.0523003],[21.816405699999986,70.0658327],[21.801268799999974,70.07874990000003],[21.811297,70.08939190000002],[21.8409696,70.07282560000004],[21.944740500000016,70.07685029999998],[21.9914814,70.10534379999996],[22.03441389999996,70.105372],[22.0495018,70.12184580000003],[22.071610900000028,70.12686429999995],[22.05979210000002,70.10204079999997],[21.9896148,70.07074339999998],[21.8634709,70.06168229999997],[21.77653009999998,70.03537050000003],[21.8642378,70.01029790000003],[22.034828199999957,70.0286956],[22.075723599999964,70.031364],[22.091137199999956,70.02881619999995],[22.006916,70.01268540000004],[22.0434109,69.98769550000004],[22.04099439999998,69.93535429999999],[21.978073799999965,69.94598510000002],[22.0056974,69.94948590000004],[22.01316550000001,69.97324320000001],[21.96843390000003,69.99305969999998],[21.8770398,69.98286560000001],[21.879381200000015,69.96743209999997],[21.923068800000035,69.95245390000004],[21.8628639,69.93582390000003],[21.9063589,69.8755985],[22.027233300000027,69.84848839999998],[21.9504651,69.83844189999998],[21.8951748,69.84983820000002],[21.88774260000004,69.83650219999998],[21.94745579999997,69.8137613],[21.968715200000034,69.82419479999996],[22.0906568,69.776676],[22.029862599999973,69.76693320000001],[22.130430199999985,69.7408362],[22.062373700000016,69.7344804],[22.05854939999996,69.72242509999997],[21.96176,69.7364823],[22.056190700000023,69.74873080000002],[22.00659749999996,69.76416649999997],[22.032060099999985,69.7710645],[21.92979639999997,69.77834869999995],[21.87027290000001,69.82511670000004],[21.88076219999997,69.84304789999996],[21.577430900000017,69.91369140000002],[21.5629841,69.927072],[21.575534300000033,69.94139749999995],[21.566966399999977,69.95082779999996],[21.529852600000044,69.95661780000003],[21.5066321,69.97619230000004],[21.524962900000034,69.98070590000002],[21.4384121,70.0144271],[21.238748,70.00944470000005],[21.183870699999986,69.9352836],[21.3248323,69.90876640000002],[21.196430899999964,69.9036383],[21.1877706,69.88335890000002],[21.2235123,69.84964170000002],[21.135557500000047,69.80340409999995],[21.128682099999963,69.8262092],[21.194819699999968,69.86203160000002],[21.1907518,69.88031150000003],[21.033200699999966,69.8739079],[21.0464882,69.86962620000003],[21.02923090000004,69.8596719],[21.04662080000004,69.85972910000004],[21.057247099999966,69.838419],[20.987293699999988,69.8171578],[21.04527770000002,69.79407140000004],[20.9727946,69.77833609999998],[20.90209750000003,69.82247510000005],[20.91023190000001,69.8359851],[20.953591,69.83922620000004],[20.9420982,69.8516972],[20.846951100000034,69.85413950000002],[21.0816847,69.95662210000003],[21.056378200000015,69.96073],[20.76657569999998,69.88309280000003],[20.749947500000033,69.8640804],[20.790616300000032,69.84594490000003],[20.782170799999978,69.82748260000004],[20.709065200000044,69.792754],[20.459439100000033,69.76238420000004],[20.5220155,69.73358030000004],[20.526922900000045,69.708962],[20.45765510000004,69.6434184],[20.48182150000002,69.61392150000005],[20.573603299999977,69.58587479999998],[20.6619604,69.53064310000005],[20.76794510000004,69.52259029999998],[20.817294600000015,69.49816120000001],[20.638406200000038,69.51665050000003],[20.581961299999985,69.54684880000002],[20.536878,69.544589],[20.514266,69.57261549999998],[20.418078399999985,69.59189720000002],[20.39610420000002,69.585434],[20.38708239999998,69.54930060000002],[20.321066700000024,69.45830510000003],[20.255347,69.41741969999995],[20.2640329,69.39177150000003],[20.235972100000033,69.3797207],[20.1862364,69.38732479999999],[20.065161399999965,69.35098780000003],[19.965465699999974,69.29483440000003],[19.95825040000001,69.2765671],[19.918583899999987,69.272603],[19.930103099999986,69.2686032],[19.926153599999964,69.26395640000001],[19.919537800000043,69.26250750000004],[19.9011222,69.27418030000004],[19.9839529,69.335736],[19.969015599999974,69.34355950000003],[20.1478755,69.40260319999999],[20.179950800000036,69.48217589999997],[20.207523799999972,69.4657792],[20.19869630000002,69.45343610000005],[20.2434514,69.474389],[20.255339799999984,69.4947539],[20.20790760000002,69.49609470000001],[20.240062800000015,69.51652969999998],[20.22169490000001,69.526512],[20.28006950000003,69.54928460000004],[20.2260184,69.54836059999997],[20.220555300000044,69.57522719999999],[20.308767300000042,69.58536960000002],[20.34930380000002,69.61598980000002],[20.3501012,69.63860230000004],[20.2800423,69.65468929999997],[20.2720482,69.678336],[20.251468,69.68156380000002],[20.285260500000014,69.69908380000004],[20.268054500000044,69.71349519999997],[20.287772,69.71769080000001],[20.31818980000002,69.7870463],[20.392568899999986,69.87839789999998],[20.392343199999964,69.89606579999997],[20.3708842,69.8973552],[20.330252599999966,69.96061259999998],[20.257839400000034,69.976111],[20.198923100000044,69.93951369999996],[20.17122450000002,69.902375],[20.20552130000002,69.8643779],[20.1968432,69.85593970000002],[20.15410080000002,69.89602340000002],[20.163712700000037,69.939221],[20.13650930000004,69.94012520000003],[19.9856018,69.7691154],[19.954580899999975,69.76886440000001],[19.994240699999978,69.84726579999999],[19.937272399999962,69.82077340000002],[19.90142039999998,69.78195239999997],[19.849513100000028,69.7724153],[19.834822399999986,69.7537015],[19.846215799999968,69.73100309999997],[19.794776,69.71500769999997],[19.769124,69.68354569999995],[19.8607476,69.61322470000003],[20.000461800000014,69.5896095],[20.109356499999965,69.58880289999996],[20.14521629999997,69.58226750000004],[19.985073900000017,69.58206269999997],[19.788196500000033,69.6125705],[19.730006800000034,69.60754280000002],[19.758389399999988,69.58729960000002],[19.716318399999967,69.555005],[19.73902849999998,69.52716690000001],[19.7014182,69.506876],[19.732792,69.48703949999995],[19.650656499999975,69.44774729999999],[19.64158420000002,69.43486620000002],[19.6631722,69.42100089999997],[19.645289700000014,69.40955850000002],[19.6067941,69.43421470000003],[19.508413,69.39466819999998],[19.437153900000027,69.39222330000003],[19.508413900000022,69.40281679999998],[19.6729568,69.48390079999996],[19.635897699999983,69.50118080000001],[19.638817,69.54021820000004],[19.698768599999973,69.57618459999998],[19.71802180000004,69.60709390000001],[19.70963670000001,69.61857649999999],[19.7386015,69.642251],[19.6446744,69.66660889999997],[19.635795499999965,69.65543649999998],[19.58993039999999,69.65853850000005],[19.6555765,69.67022810000002],[19.700981500000015,69.7358501],[19.66794310000004,69.75552819999996],[19.7148042,69.7722585],[19.73307350000002,69.80516350000005],[19.65949070000004,69.815669],[19.208276700000027,69.7659218],[19.16865990000003,69.74232210000001],[19.093163100000044,69.73384320000004],[19.0751282,69.6914489],[18.944479,69.62653059999998],[18.93348380000004,69.59990650000005],[18.94445770000004,69.55885670000005],[19.003577399999983,69.52898440000003],[19.0504702,69.55337230000004],[19.178830800000025,69.57196960000002],[19.181488900000044,69.5571816],[19.2489613,69.51850760000004],[19.164607899999965,69.553889],[19.0771746,69.54689129999998],[18.996749900000044,69.50950479999996],[18.968097300000043,69.4589402],[19.056686100000043,69.43231910000004],[19.073043599999973,69.39281319999998],[19.1182931,69.37449520000001],[19.371713,69.3755939],[19.35202370000002,69.3647126],[19.418904100000024,69.319541],[19.406705,69.2916352],[19.415747100000026,69.2561683],[19.538367400000013,69.21651249999996],[19.360967299999988,69.23842819999997],[19.282817100000017,69.22313860000003],[19.23865469999997,69.2342157],[19.2347745,69.2495901],[19.338536399999985,69.29371079999996],[19.349321399999987,69.31083029999996],[19.295021500000043,69.34540570000001],[19.110283699999965,69.34610450000001],[18.98994940000003,69.3890522],[18.9980836,69.42203159999998],[18.91127610000003,69.4502355],[18.892264499999968,69.49050660000003],[18.8539449,69.48246459999997],[18.8388241,69.49056149999996],[18.8695904,69.5059789],[18.871251500000042,69.52399539999998],[18.828038,69.56295019999999],[18.77488120000004,69.5429615],[18.44704030000004,69.51143890000003],[18.4426717,69.49871650000004],[18.482190400000032,69.47682569999996],[18.4506927,69.44191169999996],[18.5460826,69.42771419999997],[18.638701700000016,69.36809579999998],[18.8198326,69.33190740000005],[18.934403600000028,69.32739609999999],[19.00401509999996,69.28800759999997],[18.857087300000043,69.30546329999999],[18.899526499999975,69.32278690000001],[18.871687599999976,69.32668280000004],[18.640379700000032,69.31355679999996],[18.716858099999968,69.28055679999997],[18.709762200000025,69.2551334],[18.687113899999975,69.25413719999999],[18.697396599999983,69.2723925],[18.5702367,69.31875090000003],[18.5889834,69.34353470000002],[18.561993499999986,69.35777190000002],[18.533732100000023,69.34678940000002],[18.544039500000032,69.2957004],[18.5110741,69.25296359999996],[18.4896826,69.28671910000003],[18.50027,69.3673212],[18.39499539999998,69.39641860000005],[18.28882,69.35294389999996],[18.2701431,69.30237230000003],[18.197811300000023,69.27229720000003],[18.250322899999972,69.31163840000004],[18.2712127,69.3505066],[18.348636900000038,69.38329169999999],[18.37137360000003,69.45639269999998],[18.270982599999975,69.48401560000005],[18.1971659,69.4600578],[18.151812800000023,69.4665369],[18.1334555,69.45560889999996],[18.165937,69.42714439999999],[18.153427400000034,69.39895],[18.17825510000002,69.39046219999997],[18.097403700000015,69.38053379999997],[18.10398769999997,69.343734],[18.056187899999966,69.31886370000004],[17.984395300000045,69.307951],[18.000804900000023,69.25585970000004],[17.969439800000032,69.2285386],[18.085655,69.2314572],[18.051584600000027,69.18182690000005],[18.0904389,69.1734609],[18.069021099999972,69.16788050000004],[18.083804,69.15826960000001],[18.11559340000002,69.16896230000002],[18.16196680000004,69.14951839999998],[18.05698029999998,69.13312],[18.0529453,69.15017690000002],[17.986750799999985,69.15333420000003],[17.788782299999962,69.1157146],[17.645689600000015,69.10890390000003],[17.6219753,69.09284649999996],[17.6964271,69.08640550000004],[17.476617,68.99482739999996],[17.488599600000022,68.97990109999998],[17.547758099999978,68.98238089999998],[17.566585199999963,68.9638436],[17.470854300000017,68.95249640000002],[17.485971199999973,68.9338416],[17.44948940000002,68.91365150000003],[17.4603868,68.89271290000003],[17.716093,68.9334737],[17.713431599999986,68.909088],[17.776855199999964,68.90487150000001],[17.8547057,68.8662356],[17.688301799999962,68.87961289999998],[17.729723,68.88979190000003],[17.713901799999988,68.90298260000004],[17.611259,68.88787089999998],[17.473372800000032,68.83203060000004],[17.6510524,68.79620290000003],[17.763183500000036,68.790477],[17.79787549999996,68.7745413],[17.8050413,68.74903379999998],[17.738839,68.7756042],[17.6265207,68.78277840000003],[17.46497410000003,68.81979090000002],[17.251937299999987,68.76155339999997],[17.321943200000046,68.736286],[17.42502579999996,68.74407920000002],[17.4633023,68.7342645],[17.480316399999985,68.70000360000004],[17.629103,68.68893529999997],[17.6872568,68.6693631],[17.584341199999965,68.6864077],[17.4427598,68.6835802],[17.426846100000027,68.691639],[17.4250736,68.71967420000001],[17.4049967,68.72763679999998],[17.266012900000028,68.73579240000004],[17.1138336,68.71069449999999],[17.0975694,68.6850176],[17.119036399999988,68.67977840000002],[17.116252,68.67110260000001],[17.20931039999998,68.65948790000002],[17.1681351,68.64429980000003],[17.11644320000001,68.65342410000002],[17.115250800000027,68.67536059999998],[17.060473899999963,68.6791523],[17.042883299999968,68.71619669999997],[16.965338299999978,68.71416520000001],[16.899398199999972,68.682986],[16.799117,68.6863423],[16.7216112,68.6691584],[16.7152602,68.64857660000004],[16.6130735,68.64276040000003],[16.564930700000048,68.60933550000004],[16.57161189999996,68.58480289999996],[16.556745500000037,68.58320210000002],[16.651460799999974,68.56763140000001],[16.62746039999996,68.5557847],[16.629531700000012,68.5380374],[16.522123799999978,68.5605356],[16.461804,68.54187410000002],[16.4726719,68.52331229999996],[16.450656300000045,68.50744689999998],[16.531011799999963,68.482015],[16.50112030000004,68.44674],[16.557625235102602,68.44730285171852],[16.56693949397772,68.45481956091264],[16.55306590970704,68.45969469857862],[16.553044619233823,68.48700113186857],[16.567766744818755,68.50162699420613],[16.714294701922306,68.51077783283853],[16.866878883485185,68.57276561324059],[17.204511847065085,68.55732912905121],[17.337709151253208,68.56245600494539],[17.54758936996733,68.59700848594373],[17.959300100298233,68.607356144584],[18.023286542042204,68.60845472685713],[18.125923576693584,68.5365147086173]]],[[[30.112918200000017,69.67972019999998],[30.406885200000012,69.59377030000002],[30.51607030000001,69.540501],[30.862327448396982,69.53784913571256],[30.93890162197536,69.56100885227993],[30.954252561690737,69.63240957060093],[30.9229495,69.66900819999998],[30.944415185475844,69.68322789224416],[30.873443795185082,69.71523175340594],[30.890428,69.71991830000003],[30.890191300000037,69.7374474],[30.821999,69.787802],[30.69228,69.76236],[30.68535,69.78516],[30.73534990000002,69.80165989999996],[30.688899899999967,69.80669],[30.67188310000002,69.802185],[30.696694299999972,69.7965538],[30.66665359999996,69.79157340000003],[30.6494875,69.79957710000004],[30.68583,69.80766990000004],[30.579470099999973,69.81852],[30.60039990000003,69.80384],[30.502970100000027,69.80774009999998],[30.5317,69.81530010000004],[30.50769,69.82418],[30.416179899999985,69.80905],[30.438150099999973,69.78352990000002],[30.431830100000013,69.75965],[30.46494009999996,69.74223],[30.4326275,69.74171260000003],[30.43454,69.71903009999998],[30.45439010000004,69.70729],[30.4368599,69.7060201],[30.43944,69.69070990000004],[30.454749899999968,69.68581990000001],[30.378897500000047,69.66716479999995],[30.3118899,69.67073],[30.42265,69.68957009999997],[30.40567,69.72602],[30.4136199,69.76962010000001],[30.38118,69.78091],[30.39460989999998,69.8008],[30.36989760000004,69.84480409999996],[30.195420600000023,69.82827130000001],[30.3364301,69.86591989999997],[30.26611,69.8813501],[30.17258989999998,69.88053],[30.12884,69.85269990000002],[30.16741,69.81981],[30.154831100000013,69.80725169999998],[30.198813900000033,69.77926789999998],[30.0982901,69.75678],[30.10695950000002,69.73221169999995],[30.130305499999977,69.72543910000003],[30.107523400000048,69.7087649],[30.112918200000017,69.67972019999998]]],[[[16.3751095,68.55524759999997],[16.232794500000015,68.54520810000001],[16.22258520000004,68.5247894],[16.1775105,68.51506350000001],[16.1684516,68.4998086],[16.179859700000044,68.500109],[16.14646980000003,68.49552409999998],[16.163566600000024,68.4758963],[16.1288851,68.47266850000001],[16.118155599999962,68.44951779999995],[16.250671199999967,68.4486274],[16.14108369999998,68.44470960000002],[16.07353229999997,68.41115650000002],[16.1526178,68.3871785],[16.26523130000004,68.42263190000003],[16.4188076,68.42266280000001],[16.4666372,68.44241169999997],[16.428021400000038,68.46395829999999],[16.51601779999996,68.47027519999996],[16.434011100000024,68.5088212],[16.460569899999978,68.52661960000005],[16.3751095,68.55524759999997]]],[[[16.65733960000002,68.720281],[16.654100399999972,68.7396197],[16.6313134,68.72916179999996],[16.65733960000002,68.720281]]],[[[16.1972105,68.73953640000002],[16.0727275,68.79087850000002],[16.0605159,68.781234],[16.09288019999997,68.75858619999995],[16.1972105,68.73953640000002]]],[[[17.037902599999978,68.86571430000002],[16.950657599999964,68.8239321],[16.91956,68.77599220000005],[16.86122360000002,68.77063709999999],[16.824524799999963,68.72854589999999],[17.1172803,68.74882739999995],[17.18342140000002,68.77388910000003],[17.17691530000003,68.792712],[17.0823223,68.81772059999996],[17.037902599999978,68.86571430000002]]],[[[15.962448,68.82386580000002],[16.0366058,68.868097],[15.97068780000004,68.84716940000003],[15.962448,68.82386580000002]]],[[[16.7310211,68.87615109999999],[16.6832107,68.8744594],[16.676925099999963,68.86849040000004],[16.6784358,68.85783019999997],[16.7310211,68.87615109999999]]],[[[16.719479,68.89429840000004],[16.68090219999996,68.8958833],[16.6768557,68.8851263],[16.719479,68.89429840000004]]],[[[17.3744249,68.921508],[17.23463969999999,68.9300482],[17.189067199999975,68.9137038],[17.30568,68.85747650000002],[17.2152874,68.87903849999998],[17.170615499999965,68.91872170000005],[17.121712199999962,68.92771829999997],[17.0977,68.9084739],[17.13266330000003,68.86683080000003],[17.170624299999982,68.84994210000002],[17.18441780000004,68.80585750000002],[17.218562900000013,68.79543369999998],[17.326867800000013,68.8143462],[17.48730190000003,68.87585530000003],[17.3744249,68.921508]]],[[[16.71619229999999,68.9717099],[16.648564200000028,68.95889440000003],[16.6527234,68.94374570000002],[16.673173,68.94264689999997],[16.673654200000044,68.92866470000001],[16.763430499999977,68.9575757],[16.71619229999999,68.9717099]]],[[[16.328726100000047,68.98904870000003],[16.274792500000036,68.9839452],[16.2527293,68.95543870000002],[16.347948,68.93890970000001],[16.369001299999987,68.9146204],[16.4683721,68.88156830000004],[16.564891900000035,68.87466910000003],[16.6445031,68.89767870000004],[16.613461200000025,68.90452769999999],[16.614323799999987,68.91909950000004],[16.6505015,68.93504440000004],[16.627674800000026,68.9293193],[16.6085291,68.94525070000003],[16.6188259,68.95933640000001],[16.598723299999985,68.97046989999998],[16.5626222,68.96291669999995],[16.577223500000017,68.94725690000001],[16.567366100000026,68.94383920000003],[16.328726100000047,68.98904870000003]]],[[[16.5484277,69.01802420000001],[16.47359959999999,69.01595729999997],[16.440499,68.99268210000001],[16.5795212,68.98243740000004],[16.571013900000043,69.0015488],[16.531353199999966,69.00109949999997],[16.5484277,69.01802420000001]]],[[[16.533072500000024,69.03288559999997],[16.496308100000046,69.02461909999998],[16.561995099999983,69.03281919999998],[16.533072500000024,69.03288559999997]]],[[[16.516991499999968,69.04696519999999],[16.475669,69.04999449999998],[16.484935099999976,69.04237910000005],[16.4739764,69.04142609999998],[16.4901395,69.03829249999997],[16.516991499999968,69.04696519999999]]],[[[16.5308083,69.0604888],[16.512413199999965,69.055442],[16.5518812,69.06244570000001],[16.5308083,69.0604888]]],[[[17.588885399999988,69.09621269999995],[17.4026361,69.0751274],[17.35265709999998,69.03211670000003],[17.3631921,69.01293349999999],[17.342295700000033,68.99933890000004],[17.3786574,68.98561690000004],[17.41415270000004,68.994147],[17.462466700000046,69.0301187],[17.530042500000032,69.04493920000004],[17.554776199999967,69.064839],[17.5497706,69.08338920000004],[17.588885399999988,69.09621269999995]]],[[[17.450771300000035,69.1450951],[17.408654300000027,69.1451999],[17.406511700000028,69.1417672],[17.450771300000035,69.1450951]]],[[[18.742404099999966,69.54552259999998],[18.70658150000002,69.55110620000004],[18.699212300000024,69.5480046],[18.742404099999966,69.54552259999998]]],[[[17.4937047,69.60168210000005],[17.463944899999962,69.5737524],[17.49762110000004,69.5409949],[17.6811628,69.46791350000002],[17.584515700000015,69.4609561],[17.5225964,69.50029430000004],[17.488150199999964,69.4856777],[17.4794588,69.51682350000004],[17.315380900000022,69.54176360000001],[17.307945499999967,69.53281020000003],[17.403492200000038,69.4851947],[17.3331044,69.49013549999997],[17.3284585,69.474426],[17.349158799999987,69.4575308],[17.334599299999965,69.45602290000002],[17.2332765,69.5028929],[17.1964012,69.49734139999995],[17.2327936,69.47193389999995],[17.2247899,69.4652732],[17.277350700000028,69.44687559999998],[17.452186599999987,69.44140959999999],[17.49702019999997,69.42403029999998],[17.3398099,69.41384109999998],[17.311472500000026,69.4268183],[17.293782499999978,69.422504],[17.3399862,69.40464909999999],[17.282084,69.40823480000002],[17.41095450000001,69.3859209],[17.3969631,69.36167119999998],[17.26882860000003,69.41278880000004],[17.213391599999973,69.4173919],[17.142997600000044,69.41492939999996],[17.105032500000018,69.38320450000005],[17.064965399999977,69.40205769999997],[16.988926900000024,69.39397889999998],[16.95607,69.40688480000004],[16.92121790000003,69.39136030000003],[16.93415490000001,69.3843151],[16.921030900000012,69.37608530000004],[16.870498500000043,69.3788285],[16.886877599999984,69.3636392],[17.0356691,69.37152620000003],[17.187277899999987,69.35203670000004],[17.022136300000025,69.3561218],[17.0668636,69.33784630000001],[17.156248100000028,69.33991960000004],[17.09676549999999,69.32239889999997],[17.14991140000002,69.3110981],[17.135836500000035,69.306426],[17.038123100000014,69.33158840000003],[16.897839,69.31395829999997],[16.928810699999964,69.29728359999999],[17.017276199999976,69.30723490000003],[16.95021090000004,69.2849874],[17.070959300000045,69.2804628],[17.01199560000004,69.27429959999996],[17.05150150000001,69.26062719999997],[17.10288680000003,69.28005669999997],[17.192187100000012,69.28739840000001],[17.10322,69.26076149999999],[17.113270500000045,69.24264420000003],[17.15272830000003,69.2497253],[17.128650800000035,69.2287739],[17.00487119999996,69.24478230000001],[16.911349899999962,69.23669139999998],[16.879218900000016,69.22495820000005],[16.94278949999999,69.210742],[16.8867082,69.20082160000004],[17.077177099999986,69.1812209],[17.2113662,69.19640440000005],[17.060533099999976,69.16930410000005],[17.07277919999999,69.16701720000002],[17.058024900000014,69.15325890000003],[17.08535710000001,69.142267],[16.9920365,69.1506769],[16.9763233,69.13658659999999],[16.901389300000048,69.13154549999997],[16.91459839999998,69.106264],[16.810404500000043,69.12100170000002],[16.7826166,69.08199289999997],[16.785643200000045,69.06878],[16.8171233,69.06743320000002],[16.781307500000043,69.05756129999999],[16.891437,69.05469330000001],[16.98497990000003,69.0780891],[17.021129,69.0677076],[17.165852400000038,69.08410820000003],[17.037704899999962,69.0513397],[17.1100571,69.04274390000003],[17.029086199999966,69.0354586],[17.054498299999988,69.0301283],[17.036014,69.01319739999997],[17.047143899999973,69.00697919999999],[17.16312609999997,69.01349379999998],[17.23067639999998,69.028844],[17.2182939,69.05292750000001],[17.172632200000027,69.04664629999998],[17.207062,69.0761299],[17.1766723,69.0845963],[17.32464619999996,69.12456929999998],[17.321093399999988,69.1380499],[17.3915291,69.1516464],[17.449803399999976,69.19560360000004],[17.49404840000002,69.20765969999997],[17.54425009999998,69.19334270000003],[17.49109740000001,69.17984730000003],[17.53383270000002,69.17286289999998],[17.484209,69.146653],[17.600850400000013,69.1615704],[17.617944300000033,69.14717140000003],[17.730427900000013,69.16925340000003],[17.835560299999976,69.15853739999996],[18.008630699999962,69.1911739],[17.934172600000032,69.1943279],[17.924033,69.21574909999995],[17.846673,69.22758649999999],[17.872478100000034,69.23993580000001],[17.932250900000014,69.23352889999997],[17.965239,69.25169389999998],[17.93943619999998,69.25857909999998],[17.949181400000015,69.26822650000001],[17.93861680000004,69.27520869999995],[17.890577899999972,69.27200110000004],[17.923059100000028,69.2907792],[17.8746053,69.31792149999997],[17.9199543,69.31478370000005],[17.9085402,69.3236585],[17.931645500000016,69.33960380000002],[18.093684799999977,69.36153760000002],[18.056557299999977,69.36474139999999],[18.05030390000002,69.38464649999999],[18.06458070000001,69.39114589999996],[18.0373332,69.39715590000003],[18.066533799999963,69.39633609999997],[18.043299700000027,69.4050959],[18.08063569999996,69.42682270000002],[18.064457300000015,69.43851989999999],[18.01881310000002,69.44248919999997],[17.992919799999974,69.41711729999999],[17.9989999,69.4043623],[17.94590650000003,69.4203561],[17.992850500000014,69.4418065],[18.003949,69.46659760000003],[18.0191853,69.4622659],[18.007500200000038,69.47502310000003],[18.068046100000036,69.489376],[17.96057390000001,69.52121780000002],[17.8848375,69.48361810000002],[17.895752600000026,69.465184],[17.878736699999976,69.44656590000004],[17.84707179999996,69.44685770000002],[17.806783900000035,69.46277190000004],[17.843633699999973,69.4581468],[17.857381299999965,69.4686807],[17.852258,69.4916699],[17.919593199999962,69.5189247],[17.910241900000013,69.5351905],[17.92109160000004,69.54856679999997],[17.8798136,69.579974],[17.842348600000047,69.57976879999997],[17.8593977,69.56372179999998],[17.816697499999968,69.5734923],[17.785168,69.53200219999997],[17.688131299999977,69.59809860000003],[17.624493899999983,69.5995766],[17.662228899999977,69.570725],[17.670200299999973,69.54542960000002],[17.6513464,69.5476965],[17.7141575,69.51447030000003],[17.6573524,69.51605079999997],[17.677463100000047,69.482033],[17.631678100000038,69.50577730000002],[17.6318944,69.52547889999997],[17.585325,69.56558390000004],[17.4937047,69.60168210000005]]],[[[17.9147052,69.62501489999998],[17.886527600000047,69.61892790000003],[17.931887599999975,69.61326310000001],[17.9147052,69.62501489999998]]],[[[18.0080054,69.64364029999997],[17.95202170000001,69.6407477],[17.999973,69.6305101],[17.987924800000044,69.64020839999996],[18.0080054,69.64364029999997]]],[[[18.827891600000047,69.66831730000001],[18.802364600000022,69.66253319999998],[18.76467340000001,69.66258110000004],[18.7972609,69.64690789999997],[18.827891600000047,69.66831730000001]]],[[[18.10908339999997,69.68231689999999],[18.0725252,69.6769669],[18.1441384,69.66591510000003],[18.063269100000024,69.64894490000003],[18.112253,69.643355],[18.1737593,69.6590468],[18.10908339999997,69.68231689999999]]],[[[20.381048499999977,69.67316429999995],[20.345616,69.68339210000003],[20.354410200000018,69.6778527],[20.330941899999978,69.67254260000003],[20.3617728,69.6566757],[20.381048499999977,69.67316429999995]]],[[[18.144361299999968,69.7036305],[18.15817750000004,69.67925280000003],[18.181349900000022,69.6825833],[18.157636200000017,69.70276660000002],[18.144361299999968,69.7036305]]],[[[19.01136170000004,69.71463260000003],[18.9015535,69.68553479999996],[18.894282100000016,69.67784120000003],[18.915554099999966,69.67019580000002],[18.9019572,69.6338668],[18.9699355,69.650328],[18.9776247,69.673423],[19.02384570000002,69.6964535],[19.01136170000004,69.71463260000003]]],[[[18.1017027,69.73606940000002],[18.065186,69.7441777],[18.0501361,69.74001660000003],[18.0928446,69.7302639],[18.1017027,69.73606940000002]]],[[[18.2222611,69.76316379999997],[18.166497,69.75167770000004],[18.158077600000034,69.74312510000001],[18.24582509999997,69.72506670000004],[18.2222611,69.76316379999997]]],[[[18.13141669999998,69.7752748],[18.1267002,69.75910829999997],[18.156352600000037,69.76195],[18.158549900000033,69.7692722],[18.13141669999998,69.7752748]]],[[[30.14099010000002,69.80429009999999],[30.11416,69.79746],[30.11119010000003,69.7813001],[30.172929900000046,69.78420989999996],[30.14099010000002,69.80429009999999]]],[[[18.41592759999997,69.84734440000001],[18.400561,69.84044430000002],[18.418069199999977,69.833125],[18.407758300000033,69.8244164],[18.428725199999963,69.82716390000004],[18.41592759999997,69.84734440000001]]],[[[18.5031362,69.86243610000001],[18.43315,69.83449989999995],[18.474955599999966,69.8200861],[18.5932333,69.8303533],[18.574198200000037,69.84163480000002],[18.592558300000018,69.85084720000002],[18.5031362,69.86243610000001]]],[[[18.76046379999996,69.88480830000005],[18.734067300000024,69.8774986],[18.7545806,69.86365690000004],[18.742779300000013,69.85878059999997],[18.69483890000001,69.88337219999997],[18.64279170000003,69.8628472],[18.689872100000017,69.83350829999998],[18.66225020000003,69.82773060000004],[18.725439,69.80146550000005],[18.777997300000028,69.79993230000002],[18.7764545,69.7859137],[18.7301918,69.7860619],[18.76088650000003,69.77863239999998],[18.722751900000013,69.7735035],[18.704683099999976,69.71709740000004],[18.67902920000002,69.70218480000003],[18.74863649999996,69.68713840000004],[18.648272800000033,69.68849920000001],[18.64386960000004,69.7408986],[18.6132124,69.75834069999996],[18.6485956,69.763602],[18.6351849,69.76968130000002],[18.652478600000034,69.79856810000004],[18.640120199999966,69.80481819999999],[18.5326894,69.79297369999998],[18.54028990000003,69.77963069999998],[18.48833050000003,69.7389138],[18.4750334,69.74129439999997],[18.473108299999975,69.7796417],[18.40056959999996,69.77353720000002],[18.40412560000002,69.78727840000002],[18.3672083,69.793375],[18.301802599999984,69.7751084],[18.324906,69.736662],[18.3198056,69.714475],[18.620984799999963,69.69593009999996],[18.41238949999997,69.7008856],[18.343494900000024,69.68667250000003],[18.18772750000004,69.71008609999998],[18.1809137,69.70063319999998],[18.2153501,69.66209719999998],[18.2668668,69.62715490000004],[18.401090900000018,69.6333634],[18.30816929999999,69.60845559999996],[18.2806299,69.58331810000001],[18.2865427,69.60230530000001],[18.231438799999978,69.62790549999997],[18.050240700000032,69.62175980000004],[18.06245369999997,69.6042354],[18.0183341,69.60674440000004],[18.0168655,69.59658339999997],[18.049249299999982,69.59692620000001],[18.020045500000027,69.59357310000004],[18.013769,69.56376049999999],[18.003023600000013,69.56829640000002],[18.031784,69.55400369999997],[18.10083020000002,69.5577085],[18.154884399999972,69.52746660000003],[18.21103750000004,69.51915170000004],[18.566880799999975,69.54991890000002],[18.6286573,69.57529530000002],[18.73658020000002,69.55855189999997],[18.7959311,69.5811442],[18.806800499999966,69.60115990000001],[18.83842339999997,69.60306540000002],[18.819567900000035,69.6064401],[18.804889899999978,69.63484439999998],[18.72738190000003,69.6306986],[18.75881089999998,69.6647865],[18.74661160000002,69.67596160000004],[18.92636,69.70215],[18.954045099999984,69.713929],[18.94651239999996,69.73026579999998],[19.001549399999963,69.73526159999997],[19.054756,69.77331930000003],[18.963743,69.83148330000003],[18.920252599999966,69.8263411],[18.838304800000017,69.84985570000005],[18.795128700000042,69.84193909999998],[18.825247899999976,69.86391460000004],[18.76046379999996,69.88480830000005]]],[[[29.839329500000012,69.91217929999996],[29.7976157,69.90486719999998],[29.810490400000035,69.87996309999998],[29.794697500000012,69.81247939999999],[29.739937500000014,69.80193220000002],[29.6978805,69.75541410000002],[29.85357740000001,69.75897780000001],[29.815983499999966,69.79719009999997],[29.876751599999963,69.76729070000002],[30.095963200000032,69.82011989999995],[30.075878800000023,69.83710849999997],[30.0176856,69.81603349999997],[29.957775799999965,69.82331740000002],[30.00069120000004,69.82982939999997],[29.986099899999964,69.839771],[30.00807259999998,69.830954],[30.0199172,69.8477564],[29.9852416,69.85502940000002],[30.00309440000002,69.86058590000005],[29.994339699999962,69.87500230000005],[29.96241070000003,69.86879980000003],[29.98627159999996,69.87801440000004],[29.97736,69.88936089999996],[29.839329500000012,69.91217929999996]]],[[[20.700565699999963,69.88960330000003],[20.7386575,69.91054110000005],[20.5786607,69.9057005],[20.5500295,69.8911422],[20.559885300000037,69.88403779999997],[20.516962100000026,69.85013],[20.516085100000026,69.83152239999998],[20.56249680000002,69.7875367],[20.722404299999987,69.8222652],[20.733948099999978,69.8411697],[20.68885,69.8609986],[20.700565699999963,69.88960330000003]]],[[[21.843425399999973,69.898594],[21.78010840000002,69.92511190000002],[21.83270670000004,69.88349630000002],[21.8419938,69.88168970000002],[21.843425399999973,69.898594]]],[[[21.6830261,69.94468420000003],[21.6490149,69.931229],[21.624024499999962,69.92706719999998],[21.733093600000043,69.91486460000002],[21.730165499999977,69.93696060000002],[21.6830261,69.94468420000003]]],[[[18.54052510000004,69.9674111],[18.510750099999985,69.97593890000003],[18.5027777,69.97134159999997],[18.54052510000004,69.9674111]]],[[[20.660689700000013,69.938138],[20.684772,69.96532719999998],[20.6401255,69.99167590000005],[20.616997599999976,69.986894],[20.6301875,69.96576169999996],[20.610858,69.95392169999998],[20.660689700000013,69.938138]]],[[[19.879352900000026,69.9713871],[19.8395275,69.99859019999998],[19.7727512,70.0069848],[19.681084100000025,69.95656620000003],[19.520962500000017,69.91949340000002],[19.405910900000013,69.8396316],[19.72142450000003,69.8538259],[19.7545551,69.8738],[19.785797500000047,69.9244182],[19.879352900000026,69.9713871]]],[[[19.88475,70.023],[19.85425,70.01525],[19.91325,69.995],[19.97825,70.004],[19.88475,70.023]]],[[[20.842335,70.033082],[20.787253699999987,70.0391723],[20.71282510000001,70.01076810000004],[20.773861,69.9417502],[20.838895800000024,69.92229640000004],[20.965867299999964,69.96105020000005],[20.938323,69.9721739],[21.072439,69.99539329999996],[20.9836063,70.0024217],[20.93916439999999,69.97926709999999],[20.842335,70.033082]]],[[[21.734758300000024,70.012305],[21.6272421,70.0446041],[21.54782559999997,70.017798],[21.687306,69.990863],[21.734758300000024,70.012305]]],[[[18.581136,70.04074439999995],[18.525161,70.05236650000003],[18.51935,70.0264165],[18.581136,70.04074439999995]]],[[[21.251789,70.02829139999996],[21.280718200000038,70.0390768],[21.252625900000034,70.05385239999995],[21.193385499999962,70.0439944],[21.251789,70.02829139999996]]],[[[21.017184300000014,70.04255420000004],[20.972181100000032,70.05936780000005],[20.9176275,70.00963079999998],[20.985726800000016,70.01509969999996],[21.0068735,70.02774380000004],[20.96589839999996,70.02845049999998],[21.017184300000014,70.04255420000004]]],[[[19.3921855,70.06763950000003],[19.36048189999997,70.08477850000004],[19.354774499999984,70.0634417],[19.3378974,70.063371],[19.369271,70.051351],[19.3921855,70.06763950000003]]],[[[19.22501520000004,70.0814707],[19.0957656,70.08002419999995],[19.058767,70.058545],[19.0483105,70.0792399],[19.024566,70.06723739999997],[19.040573500000036,70.06221159999998],[19.027977799999963,70.05060920000003],[19.084091599999976,70.0325878],[19.08597759999997,70.02180339999995],[19.0591287,70.021307],[19.067229799999975,70.00670420000004],[18.996067399999973,70.04084960000004],[18.9438507,70.01659929999995],[18.93254259999997,70.029727],[18.84954090000004,70.02850619999997],[18.843296700000046,70.0136587],[18.809222,70.007814],[18.807656,69.9842052],[18.909081399999984,69.963983],[18.829508100000037,69.9492922],[18.847064300000028,69.937688],[18.736822099999962,69.96193880000003],[18.71573270000002,69.95220470000002],[18.705584200000015,69.92171890000004],[18.9313331,69.86682719999997],[18.918894600000048,69.8611153],[19.0139719,69.83287609999998],[19.0669232,69.79121150000002],[19.1317316,69.78762520000002],[19.355200399999962,69.8266084],[19.426023699999973,69.88557839999999],[19.487428900000015,69.91301669999997],[19.49398550000001,69.92950069999998],[19.473396700000013,69.94983069999996],[19.6741547,69.97542780000002],[19.671751400000016,69.99956540000002],[19.599482,70.02473219999999],[19.53521490000003,69.98424850000004],[19.537598100000043,70.0425356],[19.487558800000016,70.05394909999997],[19.40782209999996,70.0428608],[19.377266299999963,70.01058289999999],[19.394925300000022,69.9903839],[19.352770900000028,69.99101570000005],[19.26954879999998,70.0352983],[19.30434889999997,70.08355340000001],[19.201128899999965,70.06302680000002],[19.22501520000004,70.0814707]]],[[[21.37021239999999,70.09882039999997],[21.338575200000044,70.11973779999997],[21.291604399999976,70.11059429999999],[21.2990717,70.10156219999998],[21.37021239999999,70.09882039999997]]],[[[18.79794840000002,70.0905736],[18.720719499999984,70.12093039999996],[18.6978992,70.10986639999997],[18.719018,70.09296970000001],[18.701084899999977,70.0866693],[18.714964400000046,70.07481430000001],[18.6731303,70.07134969999996],[18.650502599999964,70.03833320000003],[18.716894200000024,70.02973060000002],[18.65846950000003,70.0067971],[18.71062760000004,69.98451939999998],[18.76534609999998,70.0272565],[18.917097500000036,70.04508029999997],[18.98610420000002,70.07501410000002],[18.936841600000044,70.09592219999998],[18.910450899999965,70.09139610000003],[18.90862619999998,70.115162],[18.8187677,70.07208260000003],[18.8132941,70.05475180000003],[18.798574,70.0546481],[18.79794840000002,70.0905736]]],[[[18.999373799999987,70.12771579999998],[18.9516751,70.12803469999999],[18.9854551,70.08530340000004],[19.043631900000047,70.1012781],[18.999373799999987,70.12771579999998]]],[[[18.848532600000013,70.13144670000003],[18.7933505,70.13321819999997],[18.820229300000047,70.07856659999997],[18.857011,70.10851120000002],[18.848532600000013,70.13144670000003]]],[[[28.81525549999997,70.1344778],[28.7617755,70.13229729999998],[28.729825700000045,70.13254179999996],[28.748820100000017,70.12900560000003],[28.81525549999997,70.1344778]]],[[[23.286193499999964,70.14013540000005],[23.166600099999958,70.14742839999995],[23.19497340000003,70.12911779999999],[23.286193499999964,70.14013540000005]]],[[[20.9274188,70.09606619999998],[20.844784299999986,70.1559768],[20.768357699999985,70.111785],[20.785981300000046,70.08787459999998],[20.854074899999976,70.06533089999996],[20.9274188,70.09606619999998]]],[[[19.43664940000003,70.1596094],[19.36977059999998,70.1589278],[19.3300209,70.12727669999997],[19.4263106,70.10087030000001],[19.573435100000026,70.10244640000003],[19.577018400000036,70.11692089999995],[19.43664940000003,70.1596094]]],[[[20.06207910000002,70.15959309999998],[19.9865653,70.1830943],[19.9408776,70.16463939999998],[20.042810099999976,70.14409979999996],[20.06207910000002,70.15959309999998]]],[[[18.995706300000027,70.18306089999999],[18.9494681,70.1877735],[18.963885299999973,70.1799535],[18.9510128,70.1726196],[18.99096920000003,70.16545780000001],[18.995706300000027,70.18306089999999]]],[[[18.85152,70.1932009],[18.7816226,70.16622239999995],[18.7816226,70.15329040000003],[18.891388799999987,70.14499240000002],[18.8809754,70.16045460000004],[18.899160100000035,70.193627],[18.85152,70.1932009]]],[[[25.01703750000004,70.2135364],[24.995064800000023,70.21609309999998],[24.9813319,70.20714330000003],[24.9960948,70.20144589999998],[25.01703750000004,70.2135364]]],[[[25.21204480000001,70.230962],[25.18114580000004,70.22701349999998],[25.16020309999998,70.2195789],[25.1698161,70.21562819999997],[25.21204480000001,70.230962]]],[[[25.036950199999964,70.23479369999997],[25.00879770000004,70.23374880000003],[24.98476510000003,70.2242259],[25.036950199999964,70.23479369999997]]],[[[25.08810530000003,70.22352889999998],[25.10733139999999,70.2357225],[25.06716259999997,70.2219025],[25.08810530000003,70.22352889999998]]],[[[20.7587022,70.23112450000005],[20.548305099999965,70.22640550000004],[20.51788469999998,70.2113948],[20.5142963,70.19242430000004],[20.408699300000045,70.17706439999996],[20.373276799999985,70.14347319999999],[20.38493849999996,70.13669959999999],[20.365141600000026,70.08467530000003],[20.4360739,70.047604],[20.49495950000002,70.0474829],[20.490702699999975,70.06829220000003],[20.521721800000027,70.06226429999998],[20.5481692,70.07879939999995],[20.540745600000033,70.11260860000003],[20.57152069999997,70.07398419999998],[20.53621430000001,70.0329409],[20.6137839,70.03645849999998],[20.6387675,70.060668],[20.655629600000026,70.04667549999998],[20.723361799999985,70.04244040000003],[20.799765599999965,70.05429579999996],[20.747218700000026,70.0971795],[20.808944899999982,70.20296479999998],[20.7587022,70.23112450000005]]],[[[19.76713950000002,70.26262780000002],[19.733848600000027,70.2621079],[19.71065289999998,70.238055],[19.76086659999996,70.22581790000001],[19.7802417,70.24275449999998],[19.76713950000002,70.26262780000002]]],[[[19.248399699999986,70.2321232],[19.19954420000003,70.26348619999999],[19.16126930000004,70.25738129999998],[19.149871200000025,70.23858619999997],[19.083908500000014,70.24060119999999],[19.1199737,70.22111660000004],[19.101028300000046,70.20538820000003],[19.162569200000036,70.20045810000005],[19.093430400000045,70.19286879999996],[19.10576129999997,70.14985869999995],[19.04458910000002,70.172789],[18.979952899999986,70.1511538],[19.049195600000047,70.1378001],[19.111812100000037,70.10552409999995],[19.1974797,70.11657620000004],[19.230404199999974,70.13294390000001],[19.220126500000024,70.14752609999995],[19.25831809999996,70.18472339999995],[19.223165700000045,70.21549680000003],[19.248399699999986,70.2321232]]],[[[19.164545300000025,70.26714309999996],[19.2137113,70.27714459999997],[19.165656300000023,70.27408820000004],[19.164545300000025,70.26714309999996]]],[[[19.642525099999975,70.28437080000003],[19.58294209999998,70.28485089999997],[19.54872630000002,70.24637140000002],[19.5203031,70.25474149999997],[19.49157629999998,70.24535190000005],[19.51344369999999,70.24619990000004],[19.50008840000004,70.24039589999997],[19.51733560000004,70.2151112],[19.593546300000032,70.204542],[19.67075960000002,70.16190219999999],[19.651452,70.150591],[19.702517,70.1288281],[19.718109500000015,70.10350680000002],[19.68373509999999,70.09743670000005],[19.72136750000002,70.0618706],[19.96508,70.05196339999998],[20.008002800000014,70.07055],[19.994869599999966,70.0832527],[20.1281154,70.10203420000003],[19.960945900000016,70.12794630000005],[20.010181100000036,70.13170990000005],[19.97603020000003,70.15276210000002],[19.9617938,70.14948009999998],[19.9743896,70.14355469999998],[19.98056140000004,70.131356],[19.955021600000023,70.1326174],[19.8913043,70.1626149],[19.926307,70.17868859999997],[19.91333430000004,70.1919096],[19.838619900000044,70.2107101],[19.816266200000033,70.17421420000004],[19.76223190000004,70.15949380000002],[19.732734300000022,70.22814440000003],[19.685419,70.23659020000002],[19.674287100000033,70.223196],[19.669458,70.26020649999997],[19.642525099999975,70.28437080000003]]],[[[25.34128630000001,70.2883406],[25.249619100000032,70.27559889999998],[25.230393,70.24324570000003],[25.339913,70.26783410000003],[25.34128630000001,70.2883406]]],[[[20.190895700000034,70.31111980000001],[20.1666878,70.30847569999999],[20.1645076,70.29553],[20.1958996,70.27634289999999],[20.208167700000047,70.2194554],[20.295280799999983,70.2623581],[20.242601,70.274593],[20.190895700000034,70.31111980000001]]],[[[21.389406499999964,70.31726179999998],[21.348921399999977,70.31600530000003],[21.34208080000002,70.31125879999996],[21.39001329999999,70.300236],[21.389406499999964,70.31726179999998]]],[[[21.441641300000015,70.34703750000001],[21.4361911,70.3903705],[21.41832180000003,70.38876229999998],[21.41224629999996,70.3760751],[21.425319600000027,70.37105439999996],[21.38275620000003,70.35517140000003],[21.425435500000024,70.34413989999997],[21.394796900000014,70.332537],[21.412148899999984,70.3231487],[21.4649607,70.3393537],[21.441641300000015,70.34703750000001]]],[[[22.692279900000024,70.3907495],[22.653426799999977,70.39052420000002],[22.65483880000001,70.35612540000001],[22.628668699999977,70.3874731],[22.596183500000034,70.38427470000002],[22.58786679999998,70.3498736],[22.583889,70.3825],[22.570833,70.384722],[22.538557599999965,70.38210159999998],[22.550987800000023,70.36307830000003],[22.529588700000037,70.35521259999999],[22.506485099999974,70.3745929],[22.435453599999967,70.36365370000003],[22.472438399999973,70.34799],[22.475691,70.3255739],[22.4502451,70.3502523],[22.408891700000023,70.35959910000001],[22.340250199999968,70.3376876],[22.4111596,70.30448390000002],[22.387100500000013,70.3020339],[22.398482300000012,70.29637649999997],[22.56841059999999,70.26181540000003],[23.0061697,70.2455479],[22.977988,70.29210519999997],[22.95070060000002,70.30318850000005],[22.909798900000023,70.29095320000003],[22.957098799999965,70.32980780000003],[22.86938230000002,70.31237629999997],[22.894453900000023,70.32744730000003],[22.867701899999982,70.34237380000005],[22.81559580000001,70.34025350000003],[22.829164400000025,70.3286062],[22.8094297,70.32366210000002],[22.7893284,70.34792679999995],[22.8025735,70.37864059999997],[22.767341499999972,70.3917071],[22.727315400000037,70.38339],[22.733333,70.346667],[22.70424680000003,70.32488930000004],[22.714497399999956,70.350243],[22.692279900000024,70.3907495]]],[[[21.69831619999998,70.25856639999998],[21.779480799999963,70.29604159999997],[21.81196,70.34337979999997],[21.70218279999998,70.393584],[21.704281100000046,70.37156370000001],[21.677980200000025,70.36899119999997],[21.691476199999983,70.34597270000002],[21.67535289999998,70.28255340000004],[21.69831619999998,70.25856639999998]]],[[[31.1478429,70.39739030000004],[31.121922,70.39560490000002],[31.117458799999987,70.38921070000005],[31.138916500000025,70.38667549999998],[31.1478429,70.39739030000004]]],[[[31.06566259999999,70.40672209999997],[31.094073,70.36356470000004],[31.13156760000002,70.3653451],[31.119411,70.38114980000002],[31.1055276,70.37074390000004],[31.06566259999999,70.40672209999997]]],[[[26.629356799999982,70.4439089],[26.574081900000014,70.44103570000003],[26.549019300000044,70.4232127],[26.58884469999998,70.4207393],[26.5847249,70.43523050000003],[26.629356799999982,70.4439089]]],[[[26.777843900000043,70.5014599],[26.729435400000035,70.50558489999997],[26.781963800000042,70.4983082],[26.777843900000043,70.5014599]]],[[[26.899380200000046,70.51606550000001],[26.886677199999976,70.52041650000004],[26.84273190000004,70.50827709999997],[26.8906254,70.50856349999995],[26.899380200000046,70.51606550000001]]],[[[23.323457100000034,70.56811980000005],[23.411614499999956,70.57727080000004],[23.41755360000002,70.580401],[23.376921,70.58623530000004],[23.323457100000034,70.56811980000005]]],[[[23.564902499999963,70.62145380000001],[23.354102399999977,70.61758020000005],[23.39049459999998,70.604359],[23.4615624,70.61074269999999],[23.42139360000004,70.59614830000001],[23.4286034,70.58028769999999],[23.495894599999968,70.57663459999998],[23.45606920000003,70.56544269999996],[23.522330499999967,70.53617770000001],[23.436156500000017,70.5630437],[23.363372100000014,70.552073],[23.405257400000036,70.52908379999997],[23.244925699999964,70.54807180000003],[23.2723915,70.51866709999997],[23.32251670000003,70.52416229999999],[23.276854699999983,70.50813060000002],[23.27342149999996,70.47316039999998],[23.260495,70.46693309999998],[23.224451400000024,70.46387020000003],[23.210511899999965,70.45587769999997],[23.220369100000028,70.46620070000003],[23.252478799999988,70.467307],[23.2322228,70.4704061],[23.252478799999988,70.5073286],[23.2099068,70.543841],[23.133689100000044,70.54692840000001],[23.121329499999966,70.53537690000002],[23.226043,70.51568990000003],[23.1608116,70.513514],[23.154631800000015,70.48314160000001],[23.170424700000037,70.47775009999995],[23.1570351,70.47614380000002],[23.1285393,70.48153580000002],[23.147765399999965,70.498047],[23.10553670000004,70.5139721],[23.05678480000004,70.5109943],[22.980567200000014,70.4881877],[22.994300100000032,70.47396370000001],[22.95756459999996,70.47706170000002],[22.940055100000013,70.45571009999996],[22.866927400000026,70.44571539999998],[22.8837502,70.41662239999997],[22.964431,70.40165720000003],[22.955504600000044,70.39658959999996],[22.816458900000015,70.410983],[22.89061659999996,70.38910110000003],[22.88993,70.36361940000003],[22.945891600000024,70.34353459999998],[22.9726708,70.36004250000002],[22.976447300000014,70.3423797],[23.00253990000003,70.33487120000002],[23.06639789999998,70.35831149999997],[23.1206429,70.40787489999997],[23.095923600000013,70.35554170000003],[23.038731,70.3279288],[23.0630517,70.3126376],[23.0560576,70.29443679999997],[23.1652748,70.27285030000002],[23.355819,70.31417989999998],[23.281317899999966,70.344343],[23.419677,70.3486154],[23.413840500000017,70.361658],[23.473578699999976,70.37826660000003],[23.42551350000004,70.39520729999998],[23.503791099999983,70.38783349999996],[23.637343599999983,70.4364056],[23.619834199999957,70.48371510000003],[23.64627,70.48864640000002],[23.53263019999996,70.52233069999997],[23.5497963,70.52725259999998],[23.533316800000016,70.53915189999998],[23.55769270000001,70.55058690000003],[23.539153300000027,70.5561877],[23.5882485,70.58165739999998],[23.5497963,70.59067270000003],[23.564902499999963,70.62145380000001]]],[[[23.46124,70.65423610000002],[23.440439900000044,70.66355629999997],[23.407404400000043,70.65423610000002],[23.433098699999967,70.6524121],[23.46124,70.65423610000002]]],[[[27.9371268,70.67516870000004],[27.894614300000043,70.6694423],[27.882704699999984,70.66637140000002],[27.92076379999997,70.66561859999999],[27.9371268,70.67516870000004]]],[[[25.786087799999958,70.66873870000005],[25.855095700000042,70.67237520000002],[25.88393480000002,70.69054770000001],[25.8623055,70.71233289999998],[25.7795647,70.69134230000003],[25.786087799999958,70.66873870000005]]],[[[23.7978496,70.74732050000001],[23.67082009999997,70.74720729999999],[23.642324399999982,70.72171970000002],[23.62515820000002,70.698356],[23.633861,70.68187560000004],[23.663731099999975,70.67155210000003],[23.6543264,70.66684869999999],[23.695552399999965,70.66808990000001],[23.61860790000001,70.6404099],[23.674927800000024,70.63568370000003],[23.593851499999975,70.60234479999997],[23.6712338,70.60110189999999],[23.695882700000027,70.56913930000003],[23.678716599999984,70.56159979999997],[23.720258600000022,70.55142850000003],[23.735708099999965,70.5224867],[23.891213400000023,70.50549880000004],[23.973378700000026,70.51820290000002],[24.007276399999956,70.53621919999998],[24.003165900000024,70.55056120000003],[24.1298427,70.6030321],[24.1123332,70.61671],[24.1216029,70.62764560000002],[24.097913599999977,70.62969539999997],[24.1123332,70.638803],[24.105123400000018,70.64847529999997],[24.044012,70.64779269999998],[24.08864390000003,70.65507259999995],[24.0446986,70.68473349999998],[23.932432099999957,70.71038149999998],[23.85518449999997,70.7132167],[23.7854899,70.69665370000003],[23.851407900000044,70.7239866],[23.80334270000002,70.71888580000002],[23.8181056,70.72228650000002],[23.7978496,70.74732050000001]]],[[[25.85907460000001,70.76206709999998],[25.84244729999996,70.76710679999997],[25.804869600000014,70.758451],[25.85907460000001,70.76206709999998]]],[[[22.9565098,70.7678393],[22.93411729999997,70.76444449999995],[22.925754,70.7485794],[22.9614629,70.750314],[22.9565098,70.7678393]]],[[[27.207272399999983,70.80238149999997],[27.191179199999983,70.80483750000005],[27.156849,70.7840098],[27.198120800000037,70.777324],[27.207272399999983,70.80238149999997]]],[[[23.06357459999997,70.845845],[22.980233,70.84631320000003],[23.076511400000022,70.8350492],[23.06357459999997,70.845845]]],[[[23.383044,70.8456507],[23.3092474,70.86837509999995],[23.319738400000013,70.86343490000003],[23.301357,70.8452427],[23.313932,70.83540959999998],[23.291775100000024,70.83062480000002],[23.318296,70.81753759999997],[23.29809650000001,70.8002177],[23.33032370000001,70.79284929999997],[23.28211,70.78965740000001],[23.292946599999965,70.76861570000003],[23.1769036,70.82866670000001],[23.198189600000042,70.78494979999998],[23.0736235,70.82002010000002],[23.052543500000034,70.815347],[23.10682279999996,70.79469869999996],[23.0535048,70.805295],[23.053582,70.79373020000003],[23.014022700000037,70.792036],[23.08504760000003,70.76559889999999],[23.12762820000003,70.7662775],[23.10754380000002,70.752704],[23.174122600000025,70.73816129999997],[23.11540590000003,70.743144],[23.093029800000032,70.727297],[23.1402195,70.71075130000003],[23.074773600000032,70.72747270000005],[23.034244400000038,70.71792620000002],[23.04374579999997,70.70996589999997],[23.0255411,70.69747490000003],[23.0563029,70.6916124],[22.9825228,70.68838529999998],[23.0045384,70.6800299],[23.0129069,70.65458190000004],[22.999295099999962,70.66833490000003],[22.947126200000035,70.66817090000005],[22.929376400000013,70.69106459999998],[22.882779,70.68838250000002],[22.9319857,70.70678719999995],[22.940508699999974,70.72903359999997],[22.83500559999998,70.71969190000002],[22.869256800000027,70.73886090000005],[22.82298890000003,70.75099769999999],[22.7986953,70.73431389999996],[22.781789600000014,70.74606929999997],[22.810532400000017,70.76311090000002],[22.798011,70.77032629999998],[22.679406599999986,70.7406294],[22.703192,70.72240819999996],[22.7467508,70.7291124],[22.730289700000018,70.71295879999998],[22.75354,70.7097817],[22.72892240000004,70.70205220000004],[22.782575400000017,70.70443449999998],[22.760426499999987,70.69611270000003],[22.776310700000014,70.69047529999997],[22.74147640000004,70.68551770000003],[22.835500299999968,70.65339260000005],[22.74640990000003,70.65365010000004],[22.6995877,70.634001],[22.72693330000004,70.62927850000004],[22.7106255,70.61096229999995],[22.6915358,70.62165859999999],[22.680406899999973,70.658213],[22.58684010000003,70.652066],[22.633572,70.64682969999997],[22.565990400000025,70.63293609999998],[22.56842979999998,70.6508545],[22.5528112,70.65724840000004],[22.6589554,70.68369309999997],[22.516800400000015,70.72128769999998],[22.516684,70.70582630000003],[22.464726500000044,70.69866860000003],[22.514315,70.679128],[22.476601900000027,70.66883659999998],[22.42701060000003,70.6868407],[22.444278399999963,70.69019280000005],[22.40688990000004,70.69146919999997],[22.3996899,70.71868820000002],[22.36952830000003,70.72121439999995],[22.3913951,70.71238180000002],[22.35036439999998,70.70148850000002],[22.33934830000004,70.68309869999999],[22.3862898,70.666692],[22.368204800000036,70.65945530000003],[22.393891899999986,70.644914],[22.403098400000033,70.62944519999998],[22.39018,70.62528579999999],[22.206566,70.6792268],[22.193298799999962,70.67695629999999],[22.228920399999975,70.66613149999998],[22.238428,70.6433973],[22.141270500000033,70.63248910000003],[22.119814100000013,70.64932229999997],[21.994624399999974,70.65052879999996],[21.9819344,70.6724779],[21.927981399999986,70.64270759999997],[22.046869099999956,70.62671060000002],[21.98367609999996,70.6065069],[21.99981219999996,70.60037839999998],[21.985251500000015,70.58950380000003],[22.0104,70.58224539999996],[22.055172599999985,70.59686980000002],[22.095390599999988,70.58007159999995],[22.10905940000003,70.5992193],[22.17220339999997,70.61179459999998],[22.3093062,70.6042344],[22.212145100000026,70.57734069999995],[22.20492129999998,70.56573159999998],[22.259838700000035,70.55652520000002],[22.134392199999976,70.52590089999995],[22.11284630000001,70.5069925],[22.14385630000002,70.5046513],[22.1173686,70.49665489999998],[22.140248700000043,70.49146750000003],[22.085821799999984,70.475557],[22.2408812,70.4814987],[22.2424716,70.51514690000003],[22.296604,70.53969250000004],[22.287746200000026,70.49547389999996],[22.322197099999986,70.485319],[22.413697099999986,70.52264820000003],[22.393586899999974,70.48858310000003],[22.45741590000001,70.4895563],[22.470208,70.4976456],[22.45272669999998,70.51195420000002],[22.4715573,70.5296939],[22.511669400000024,70.49665530000001],[22.558141400000032,70.49315869999998],[22.583971900000034,70.50771110000004],[22.5826683,70.52496279999997],[22.617613299999984,70.508243],[22.60592060000002,70.55275610000001],[22.644225600000013,70.5427825],[22.65334250000002,70.5573942],[22.669893100000028,70.5467595],[22.7169369,70.55760739999995],[22.677437599999962,70.539206],[22.69412310000003,70.5296672],[22.68016949999996,70.51948010000001],[22.692372200000023,70.50418350000001],[22.71132359999999,70.51265770000005],[22.71628389999998,70.55189110000003],[22.76792029999999,70.54448120000004],[22.74311459999996,70.5082248],[22.837597699999957,70.54115330000002],[22.798664899999977,70.513342],[22.848060400000026,70.5330399],[22.859776299999957,70.52089380000001],[22.934234499999985,70.52966149999999],[22.93451769999997,70.55143260000001],[22.8830364,70.5731119],[23.009679599999956,70.56012430000001],[23.018279900000028,70.58809669999995],[22.976652,70.59523270000003],[22.98596460000002,70.6004249],[23.02665759999998,70.59431219999998],[23.058757600000025,70.56823540000002],[23.120641499999973,70.62111749999998],[23.048166099999957,70.62790310000001],[23.147577799999986,70.62868920000004],[23.1931685,70.659756],[23.127267700000044,70.66048360000002],[23.168503100000027,70.67340990000001],[23.1369207,70.68257190000001],[23.155980400000043,70.6846081],[23.1579593,70.70070150000002],[23.2078223,70.6760806],[23.2662202,70.68011180000003],[23.274707599999967,70.68765859999998],[23.237890299999965,70.70037850000003],[23.3350037,70.71358950000003],[23.29500469999999,70.746052],[23.31903240000004,70.7525265],[23.36210670000003,70.727502],[23.4015136,70.74088620000002],[23.384820800000018,70.75048219999996],[23.398701700000025,70.75106810000004],[23.4059709,70.75539410000003],[23.3848195,70.75921789999995],[23.39670060000001,70.76637090000001],[23.456231,70.76413139999998],[23.3775876,70.78394890000003],[23.409992599999963,70.79483820000004],[23.5101997,70.78452989999995],[23.490380499999986,70.79054569999997],[23.4993033,70.79896689999997],[23.425682,70.81223909999997],[23.4709587,70.81247350000001],[23.423712499999972,70.82232739999998],[23.44869030000003,70.8340605],[23.3770346,70.8296434],[23.368115700000015,70.83746610000004],[23.383044,70.8456507]]],[[[24.17962220000003,70.86080040000002],[24.262397100000022,70.86804640000003],[24.308924399999988,70.88412020000003],[24.17962220000003,70.86080040000002]]],[[[23.71304459999999,70.9152079],[23.698652400000043,70.92379920000002],[23.673622500000025,70.9170492],[23.67988,70.9150033],[23.71304459999999,70.9152079]]],[[[25.31524650000001,70.91716770000004],[25.276451,70.9249111],[25.27061460000002,70.9193003],[25.31524650000001,70.91716770000004]]],[[[24.58624949999997,71.01990680000004],[24.54164280000002,71.01034550000004],[24.60951720000002,70.99572930000004],[24.712285300000026,70.999248],[24.58624949999997,71.01990680000004]]],[[[24.06766020000004,71.02475809999999],[23.888771899999984,71.02311139999998],[23.95796859999997,71.01099710000004],[23.83916180000003,70.99725729999999],[23.889029399999973,70.99056830000005],[23.88129609999996,70.983231],[24.030075,70.98972389999999],[23.9187783,70.9724577],[23.929418800000036,70.96943869999997],[23.889878,70.95167839999998],[24.01098620000004,70.9477027],[23.921937199999977,70.93340870000002],[24.0148576,70.9146458],[24.083029800000034,70.91791],[24.0502194,70.9226193],[24.093735599999967,70.93600460000003],[24.146120199999977,70.92914490000001],[24.164106,70.93521120000003],[24.135129800000033,70.9399307],[24.21857609999998,70.95013589999998],[24.143388700000013,70.95070320000002],[24.2282478,70.9589547],[24.1472627,70.97423379999998],[24.0467176,70.96247380000004],[24.07008930000003,70.97960319999997],[24.059772400000035,70.9898106],[24.212808499999984,70.99737739999998],[24.04730119999996,71.00558949999999],[24.0369586,71.00989949999999],[24.06766020000004,71.02475809999999]]],[[[24.9791076,71.04821379999996],[24.934132300000012,71.04470110000001],[24.9487235,71.042359],[24.925720900000027,71.02634730000003],[24.993790500000014,71.0086157],[24.95456,70.99965070000003],[24.973786099999963,70.9961294],[25.033352600000015,71.00708239999996],[25.018933,71.01735930000002],[25.05498190000004,71.03722780000003],[24.9957588,71.0327089],[24.9791076,71.04821379999996]]],[[[24.136033,71.0866597],[24.0103253,71.08435880000002],[24.0586909,71.05930660000003],[24.006248399999986,71.06220659999998],[24.02707089999996,71.05401259999996],[24.0161618,71.0521175],[23.991186400000043,71.07221839999997],[23.93842439999998,71.07030449999996],[23.96042860000003,71.04546069999998],[24.057290699999957,71.0415233],[24.110369600000038,71.0502473],[24.075324,71.06004420000004],[24.159286700000028,71.0747168],[24.12667740000003,71.08034339999996],[24.136033,71.0866597]]],[[[24.78704070000004,71.0943888],[24.69366679999998,71.11097180000002],[24.755179500000036,71.08627219999998],[24.7329667,71.06905350000002],[24.68953030000003,71.0725748],[24.711509,71.0847524],[24.6671108,71.0928891],[24.6043923,71.06582309999999],[24.7666123,71.0280216],[24.797168,71.0526733],[24.765014699999966,71.06668049999996],[24.8395684,71.07740549999998],[24.799942300000023,71.0853865],[24.852099599999967,71.1036786],[24.78704070000004,71.0943888]]],[[[25.352869399999967,71.13893229999995],[25.3200426,71.1432297],[25.302475800000025,71.14370350000002],[25.352869399999967,71.13893229999995]]],[[[25.676408500000015,71.1854959],[25.575878,71.15201950000002],[25.5546015,71.16855950000004],[25.527666900000035,71.15361050000003],[25.60765310000004,71.1367505],[25.579068299999964,71.1337073],[25.66787260000003,71.11047009999999],[25.738940400000022,71.07854449999998],[25.731902299999977,71.0705271],[25.6085876,71.10226730000004],[25.556807700000018,71.0926226],[25.57500380000002,71.10835820000004],[25.549769599999973,71.115749],[25.484538199999985,71.10396689999997],[25.451064300000038,71.117749],[25.45501250000004,71.08678109999998],[25.3619662,71.10560980000001],[25.35129110000003,71.10148089999998],[25.3742031,71.09390119999998],[25.270184799999985,71.1005291],[25.268732299999975,71.0854254],[25.344539499999975,71.076756],[25.24196679999997,71.05107359999997],[25.30169149999997,71.04625919999997],[25.247745099999964,71.03710279999999],[25.304864,71.01357110000002],[25.469088700000043,71.0388152],[25.544791400000012,71.0325672],[25.558009299999963,71.0206792],[25.390466099999976,70.99486889999999],[25.4738952,70.97501419999998],[25.4963829,70.94886440000002],[25.5590393,70.9319915],[25.61826239999998,70.93888809999996],[25.6141426,70.95099349999997],[25.7373954,70.9452219],[25.674910699999987,70.96085170000002],[25.73859710000004,70.99028490000005],[25.7756759,70.97283169999996],[25.913005,70.9663947],[25.9369502,70.98242590000002],[25.92591130000004,70.9894105],[25.9616449,70.99664739999997],[25.97656679999998,70.98018450000002],[25.95676340000004,70.97730519999999],[26.01694090000002,70.9742932],[26.029399,70.98999150000002],[26.0315976,70.97796250000002],[26.183503,71.01278269999999],[26.22601,71.04308409999999],[26.22267079999998,71.0627704],[26.157713400000016,71.05838660000002],[26.05343950000003,71.0107636],[26.01369309999997,71.021841],[25.89477130000002,71.00982749999999],[25.882704700000026,71.02049570000001],[25.966735,71.02882849999997],[25.9070771,71.05095720000001],[25.87825119999996,71.0368851],[25.8992721,71.05693459999996],[25.839187299999967,71.07195849999995],[25.9845878,71.08277450000003],[26.0457671,71.1110777],[25.975453200000032,71.14073479999998],[25.93942070000004,71.11233339999997],[25.91799340000003,71.1309044],[25.8499405,71.10667150000002],[25.82718780000002,71.10923160000002],[25.874751500000027,71.12985070000003],[25.75871169999997,71.1132977],[25.80768569999996,71.15274930000001],[25.7920449,71.15822730000002],[25.81865959999996,71.16283770000001],[25.780840600000033,71.172914],[25.681160199999976,71.14971079999995],[25.68969849999998,71.16737840000002],[25.67286649999996,71.170786],[25.676408500000015,71.1854959]]]]}},{"type":"Feature","properties":{"adm0_a3":"NOR","shape_name":"Innlandet","ihme_name":"Innlandet"},"geometry":{"type":"Polygon","coordinates":[[[11.839714685692053,59.84078459965995],[11.884332700000023,59.856179900000036],[11.884999,59.8718645],[11.985175742389506,59.90071885241555],[12.053458823323192,59.885940288471964],[12.174314385687639,59.88982594563626],[12.2310432,59.92759149999996],[12.341138463323272,59.9656717478484],[12.395662499999972,60.01559739999996],[12.448559032717437,60.03917691222068],[12.500641500000032,60.099076],[12.541906092816493,60.19337747849206],[12.498795718375177,60.32365328431142],[12.605983,60.4058966],[12.60679840000003,60.51277080000003],[12.581861313387474,60.5509052348609],[12.515779951809,60.600154581043036],[12.51101732204797,60.64245866055408],[12.395311599999982,60.733837800000046],[12.334485502813564,60.85236341085838],[12.33278359475759,60.8901797426209],[12.223873,61.0131217],[12.447881599999967,61.05118770000003],[12.610337911359572,61.04653920696154],[12.681402277471587,61.05953621882536],[12.707028982840233,61.14326890293563],[12.79034990000001,61.197050400000016],[12.83364291680038,61.25820641284678],[12.870847040423767,61.356492210022445],[12.568276500000032,61.5683325],[12.419737700000045,61.5625798],[12.137665882990468,61.723817607944575],[12.299370861219879,62.267495959863886],[12.25466526223152,62.331024925222934],[12.130958699508161,62.31004406260595],[12.050399400071313,62.34849250075871],[11.775646584085077,62.38264211070422],[11.724647310619194,62.359106640300084],[11.727132436677136,62.347581565892725],[11.688839930911985,62.3504510268017],[11.67171976402245,62.38178765612487],[11.556107244463961,62.37158578722083],[11.446539540252303,62.47032151435333],[11.254249228449009,62.532486442220986],[11.243881392972987,62.56687226000335],[11.196123072877262,62.57075941065601],[11.196428949120444,62.59403497546921],[11.164457032721417,62.6160174631811],[11.160792203172884,62.647418720946895],[10.928247934618726,62.69629568321705],[10.825307920140967,62.68830488602506],[10.74034512836949,62.64546668391588],[10.673069860072314,62.675053236363595],[10.594365080431395,62.66376050545551],[10.325076717193646,62.69529565761057],[10.17647492676671,62.69692794268321],[10.144138247911584,62.68751220872477],[10.074166528598179,62.601900688503854],[10.026678707442953,62.58562370021291],[10.038760462884976,62.567775709364945],[10.005731808715066,62.558132560565355],[10.097583077325622,62.427807724848556],[9.951809986801221,62.39719805992892],[9.93419511460963,62.35521995272779],[9.900262097681095,62.34436957765948],[9.839302390655897,62.36208821568639],[9.821443589138335,62.342836804817054],[9.854754320362128,62.33097623974003],[9.834692198916533,62.3298529804676],[9.834784778738424,62.30728262683113],[9.797492921379174,62.2876417806678],[9.60192097835385,62.25572673026219],[9.483888656131638,62.29226981285063],[9.0620617891768,62.37260842330611],[8.971132618801015,62.35389975862389],[8.919054903610133,62.35346358228463],[8.889618403236138,62.37549435327915],[8.792622946933939,62.37840240615475],[8.389324673479788,62.363869264906114],[8.205852119783678,62.33174420147655],[7.983609909510684,62.17745883242893],[7.863971867590065,62.17077792241983],[7.827342028175558,62.18968686184217],[7.734595488848091,62.18463318306328],[7.655260502838456,62.140892566883075],[7.579379022012613,62.12189753098867],[7.631831617510038,62.0850869260588],[7.583776842924956,62.06534032622643],[7.514252610362968,62.097432757865434],[7.414718923012634,62.09208741597498],[7.402002586526595,62.06009309230669],[7.342530396941902,62.03542735073023],[7.3491092163178,62.00768189560042],[7.393387279386503,61.992523471919675],[7.388799297708125,61.93307145492032],[7.414227000672967,61.89151482078439],[7.412503204685171,61.85750942511504],[7.514754689724175,61.76032823228515],[7.513823662732224,61.727364471075234],[7.752518560498146,61.7548100296025],[7.841840701708382,61.743132066256365],[7.908215486150398,61.721679200269946],[7.895650915991303,61.64364664005135],[7.932993896143988,61.60237276541651],[7.94731242983021,61.55668068223925],[8.117893392237713,61.52284677863234],[8.195565209443105,61.54779348860302],[8.26233262108032,61.53397957827743],[8.322052971369214,61.455885433608515],[8.274829711962226,61.43126787306935],[8.1922573743782,61.438798625365],[8.150360455842572,61.42674140890502],[8.15954245003521,61.36967592673193],[8.251141600075337,61.33913611900102],[8.243819454519548,61.3213808901995],[8.176731770037204,61.305047147250775],[8.135700421228558,61.26902535016035],[8.051171044684548,61.23277627331053],[8.006721868130386,61.23495929291735],[8.053218146369552,61.22025347134232],[8.06057298634196,61.19331604981865],[8.044005786905208,61.178987091163435],[8.075600945970544,61.17972204918627],[8.133876693484737,61.10967117782213],[8.251701165570166,61.07394382726714],[8.309203759064527,61.09172049882229],[8.366334633603588,61.04826346371493],[8.60794022056757,60.9822768110573],[8.632785599507205,60.96164476425698],[8.62108562894405,60.9519029094103],[8.654052216694106,60.93594651292347],[8.890585181863088,60.896621253227316],[8.918991014442591,60.86337604801254],[9.146906768369924,60.806831040937695],[9.216258959655176,60.77057337220212],[9.291303548987784,60.76186300998389],[9.33211010483533,60.72990421566358],[9.32131719280207,60.67948994548583],[9.352647039028192,60.66711740551402],[9.378823590232034,60.6213137099013],[9.435144329217131,60.599564342329806],[9.410588243131267,60.582754858839365],[9.41712863783098,60.547769039338405],[9.483907348120539,60.52867955629567],[9.607069571813371,60.53885508806613],[9.611785085509826,60.50034267304074],[9.830500167740487,60.45642151907528],[9.81047321431253,60.5560568030471],[9.832300638892189,60.579725991266805],[9.843243636500949,60.58663992890855],[9.853391000389554,60.56769476465661],[9.952266677339436,60.61089531099921],[9.906222232924797,60.63509793206065],[10.035329874370314,60.632055006715156],[10.09405491341472,60.559566532058135],[10.156375213196416,60.522193051671984],[10.202076624635092,60.392300516140814],[10.261204590898044,60.39362226409773],[10.33887438402851,60.36614090946618],[10.388487440715567,60.375225347361834],[10.365296403751666,60.327812223164806],[10.383537172883104,60.3170476904829],[10.547379952776716,60.32761656306469],[10.605062084488122,60.31210911499562],[10.715366497970141,60.339114968282786],[10.763072301386224,60.31407779616944],[10.882833612537082,60.31872450803291],[10.93390269668777,60.346691992064514],[10.902088522503904,60.37807290923509],[10.903109406137578,60.39629218306161],[10.819523497812094,60.42737177910014],[10.67197766739276,60.43385709831826],[10.710195109102182,60.453973207350884],[10.692413062244835,60.49202550650825],[10.71130273859208,60.49715701706892],[10.710801312018432,60.522143822512156],[10.77942541906429,60.48916898110832],[10.922567225498472,60.47058176303495],[10.980715896589494,60.50011028474907],[11.092591982398968,60.51676894132051],[11.107826975065722,60.56966954941556],[11.15398600286436,60.60514775174884],[11.21467304395205,60.56381282430757],[11.209564492432234,60.50491438750029],[11.34225900365362,60.458798482683456],[11.432605392563433,60.33961383532932],[11.601894849134117,60.267287337912094],[11.562371840786762,60.17596904634305],[11.652515668292327,60.12304231745317],[11.778080501681064,60.089737604752735],[11.791466387187757,60.047783686931666],[11.818061279783803,60.05850165729898],[11.819385589225293,60.02363367782874],[11.83815017705205,60.008484097919094],[11.793047957438631,59.95645926335671],[11.821408238254623,59.93029832307778],[11.802595000459705,59.91947483288257],[11.804802585474961,59.898669572488004],[11.823035132954516,59.8927889309582],[11.839714685692053,59.84078459965995]]]}}]}