{"type":"FeatureCollection","features":[{"type":"Feature","properties":{"adm0_a3":"USA","shape_name":"Mississippi","ihme_name":"Mississippi"},"geometry":{"type":"MultiPolygon","coordinates":[[[[-88.50297119399994,30.215240522000045],[-88.49352819099994,30.205950520000044],[-88.45365917999999,30.196589520000032],[-88.41309216899998,30.20634952300003],[-88.50297119399994,30.215240522000045]]],[[[-88.56988521799997,30.341327548000038],[-88.57951421999996,30.32987154500006],[-88.56777121699997,30.329561545000047],[-88.56988521799997,30.341327548000038]]],[[[-88.77008726899999,30.242904520000025],[-88.71494625399998,30.24372652200003],[-88.58683621799997,30.221548521000045],[-88.71810925499994,30.252936523000074],[-88.77008726899999,30.242904520000025]]],[[[-88.82991829099996,30.371647546000077],[-88.87438730399998,30.385126547000027],[-88.81876728799995,30.360595544000034],[-88.82991829099996,30.371647546000077]]],[[[-88.88898730199998,30.239311515000054],[-88.89350330299999,30.232227513000055],[-88.87936129899998,30.24249451600008],[-88.88898730199998,30.239311515000054]]],[[[-88.95177931799998,30.213452507000056],[-88.97467732399997,30.207396505000077],[-88.94912831699997,30.212627507000036],[-88.95177931799998,30.213452507000056]]],[[[-89.07751935299996,30.230402507000065],[-89.15674337499996,30.230704504000073],[-89.08838935499995,30.210096502000056],[-89.06571834999994,30.245695511000065],[-89.07751935299996,30.230402507000065]]],[[[-91.12909405199997,33.033560023000064],[-91.20184806799995,32.961218006000024],[-91.20826906699995,32.91535999600006],[-91.17541105699996,32.90000399400003],[-91.14508204899994,32.90549999700005],[-91.13131004699994,32.926925002000075],[-91.13552305099995,32.97966301200006],[-91.106587043,32.98894401500007],[-91.08680803699997,32.97627201300003],[-91.06369002699995,32.90637],[-91.10563703599996,32.85840198900007],[-91.14500804599999,32.842875984000045],[-91.16533404599994,32.751306965000026],[-91.05448701399996,32.72226496300004],[-91.15208703599995,32.641513943000064],[-91.15132403499996,32.615924937000045],[-91.11986002499998,32.584800932000064],[-91.04980200699998,32.60719394000006],[-91.03842100499998,32.63644894600003],[-91.01429199899997,32.64048794800004],[-91.01023399599995,32.60193294000004],[-91.08040401199997,32.55644792800007],[-90.98720798399995,32.495668919000025],[-90.999228986,32.48262091600003],[-91.03811199699999,32.490445916000056],[-91.09374701599995,32.549133926000025],[-91.11601401799999,32.483145912000055],[-91.05291299799995,32.43844790500003],[-90.99386898299997,32.45085591000003],[-90.96959597599994,32.439495908000026],[-90.96626097399997,32.42103290500006],[-90.99408598099996,32.40386790000008],[-91.00451198199994,32.368149892000076],[-90.99363097799994,32.35405289000005],[-90.91236895499998,32.33945989000006],[-90.87563694699998,32.37243989800004],[-90.92223695599995,32.29864488100003],[-90.94783996199999,32.283491877000074],[-90.97948097099999,32.29370787800008],[-90.96940896599995,32.252525870000056],[-90.99516496999996,32.192125856000075],[-91.00291197299998,32.223055862000024],[-91.03901298399995,32.24235486500004],[-91.06141398899996,32.21865585900002],[-91.08371399499998,32.226455860000044],[-91.16417701599994,32.19689385100003],[-91.17455801599993,32.154983842000036],[-91.16282801199998,32.132699838000065],[-91.05318098199996,32.12424284000008],[-91.05831298599998,32.180956852000065],[-91.00291196999996,32.16205785000005],[-91.00411196999994,32.14615784700004],[-91.03471297599998,32.10105883600005],[-91.08151398699994,32.07775982900006],[-91.08021398499994,32.04836082300005],[-91.13931500299998,32.08175982800003],[-91.16031600799994,32.070359825000025],[-91.15141600399994,32.049260821000075],[-91.08811398699999,32.03446082000005],[-91.07591398199997,32.01683381700008],[-91.10411398899998,31.99036281000008],[-91.16441600399997,31.98256280700008],[-91.18481600899997,31.96556280200008],[-91.19321600999996,31.93566379600003],[-91.180616005,31.917964793000067],[-91.26771802599995,31.862665778000064],[-91.24505301799996,31.831452772000034],[-91.25561701999999,31.81266776800004],[-91.28221802799999,31.814767767000035],[-91.29341903299996,31.86016577600003],[-91.34572004599994,31.842866771000047],[-91.36553504699998,31.76163375300007],[-91.28605102599994,31.77206775800005],[-91.26304901999998,31.76700075800005],[-91.26341201899999,31.75447375600004],[-91.37181004799999,31.742953749000037],[-91.39792105299995,31.709369741000046],[-91.40102104999994,31.620370723000065],[-91.43672205899998,31.61267072000004],[-91.49767107699995,31.645376724000073],[-91.51546808099994,31.63037772000007],[-91.51657307999994,31.61182371600006],[-91.48862407199994,31.587471712000024],[-91.42272205399996,31.597070717000065],[-91.40542104899998,31.576471713000046],[-91.44392205699995,31.542471705000025],[-91.52254207699997,31.522083698000074],[-91.51337207099994,31.444401682000034],[-91.47207105699994,31.395930673000066],[-91.47887605799997,31.36496066600006],[-91.52184207,31.375175667000065],[-91.54163207799996,31.431711678000056],[-91.57627108599996,31.41050367200006],[-91.56895908299998,31.377634666000063],[-91.54621307699995,31.382485668000072],[-91.54897307599998,31.347260660000074],[-91.50866606299996,31.31513665500006],[-91.51562006299997,31.278215647000025],[-91.65403309899995,31.255758637000042],[-91.58894507899998,31.18896462600003],[-91.62600008499999,31.116901609000024],[-91.55991306399994,31.054124598000044],[-91.57841906799996,31.024035592000075],[-91.63694808199995,30.99942158400006],[-89.72962156599993,31.00393265200006],[-89.72707756399996,30.967400645000055],[-89.75633857099996,30.943503639000028],[-89.74479456699999,30.91893863400003],[-89.77310457299996,30.898343628000077],[-89.77172757099999,30.854682619000073],[-89.79247557599996,30.85039161700007],[-89.78117357199994,30.82012861100003],[-89.79865957699997,30.820860611000057],[-89.80511257699999,30.790601604000074],[-89.83042358399996,30.77984760100003],[-89.82870258099996,30.739456592000067],[-89.81608057799997,30.739371593000044],[-89.83687558299994,30.734666591000064],[-89.83789958099999,30.67251957700006],[-89.85189458399998,30.661204575000056],[-89.81398257299998,30.638185571000065],[-89.83083057599998,30.617654566000056],[-89.81392557099997,30.607726564000075],[-89.80803256799999,30.568003556000065],[-89.786870562,30.569058557000062],[-89.80392456599998,30.549354552000068],[-89.77957055899998,30.544350552000026],[-89.76813855499995,30.51502554600006],[-89.68341552899994,30.451798535000023],[-89.68369152699995,30.40587852500005],[-89.65719651699999,30.356520515000057],[-89.62973250899995,30.339292512000043],[-89.62622650699996,30.31426050700003],[-89.64718351099998,30.28937250100006],[-89.61416150099996,30.244600492000075],[-89.61586149999994,30.223200488000032],[-89.57015948599997,30.180302480000023],[-89.53865747799995,30.19580248400007],[-89.52450947299997,30.180758481000055],[-89.46815345799996,30.193818486000055],[-89.46360045599994,30.17394848200007],[-89.44431245199996,30.187784485000066],[-89.41935344799998,30.25432550100004],[-89.32255042399999,30.314901517000067],[-89.33255142799999,30.33790052200004],[-89.36529043699994,30.353107524000052],[-89.33594742999998,30.37402153000005],[-89.29250441799996,30.365640529000075],[-89.26873940999997,30.34059352500003],[-89.291849416,30.328101521000065],[-89.28574941299996,30.303102516000024],[-89.09880836499997,30.36255953500006],[-89.09143036199998,30.348388532000058],[-89.08513636099997,30.367427536000037],[-88.99890733799998,30.387378544000057],[-88.85774629899998,30.388091548000034],[-88.87110130399998,30.41789555500003],[-88.85779130099996,30.43019355800004],[-88.78981528099996,30.386326550000035],[-88.81162028699998,30.384912549000035],[-88.72889826199997,30.34267654300004],[-88.61226823099997,30.373408553000047],[-88.61301123099997,30.353969549000055],[-88.58819922399994,30.368756553000026],[-88.57948822099996,30.344195548000073],[-88.52694120599995,30.342439549000062],[-88.48012219199995,30.318350546000033],[-88.44663018399996,30.337676551000072],[-88.44684318499998,30.357412555000053],[-88.41237917499996,30.35802755700007],[-88.40993217399995,30.34212055300003],[-88.39075116899994,30.352080556000033],[-88.47323226399999,31.89386188700007],[-88.09789332599996,34.89220852500006],[-88.15462234399996,34.92239852900008],[-88.20006936099998,34.99564054200005],[-90.30930294799998,34.99570045000007],[-90.24448192599993,34.937602441000024],[-90.25010092599996,34.90732643500007],[-90.31348194099996,34.871704425000075],[-90.30738993799997,34.846201421000046],[-90.34038594799995,34.860363422000034],[-90.42236096899995,34.83368141300008],[-90.43656697599994,34.88273742200005],[-90.47987798799994,34.88327042000003],[-90.48196098699998,34.85781141500007],[-90.45694097699999,34.82338941000006],[-90.47459597999995,34.793206403000056],[-90.45497397099996,34.735563392000074],[-90.52018698899997,34.73190838900007],[-90.52485799099998,34.750085392000074],[-90.50099998599995,34.77119339700005],[-90.52289799399995,34.80227140300008],[-90.547618,34.78459539800008],[-90.53541399399995,34.75006839200006],[-90.56817800199997,34.727390386000025],[-90.53897999199995,34.69878938100004],[-90.47519997499995,34.70083238500007],[-90.46604696999998,34.674318380000045],[-90.53219398599998,34.627493368000046],[-90.55413499199994,34.640877369000066],[-90.53806698999995,34.67323837600003],[-90.54986199499996,34.69548438000004],[-90.58842500399999,34.67096937400004],[-90.58723,34.61573836300005],[-90.54074198299998,34.54809135200003],[-90.58894799199999,34.49110333800007],[-90.57115098299994,34.42032532500008],[-90.65854800399995,34.37571131200008],[-90.65749400099998,34.322237302000076],[-90.66934900299998,34.31302629900006],[-90.69313500999993,34.32257630000004],[-90.67625100899994,34.371117311000035],[-90.76577003299997,34.36211530500003],[-90.74308802299998,34.302263294000056],[-90.76517102699995,34.28053028900007],[-90.82827304399996,34.27365628500007],[-90.84781404499995,34.20653627100006],[-90.92902106999998,34.24454727500006],[-90.93522606999994,34.21905626900008],[-90.916054063,34.19692226600006],[-90.88789005499996,34.181986264000045],[-90.81657803499996,34.18302926700005],[-90.81089003199997,34.15590926200008],[-90.84717404099996,34.13689025700006],[-90.91001605999998,34.165514260000066],[-90.95430606999997,34.138504253000065],[-90.94632906599998,34.10938024700005],[-90.91840105799997,34.09306024500006],[-90.88263404799994,34.09662124700003],[-90.87053404399995,34.080522245000054],[-90.89242604599997,34.02686623300008],[-90.98795407199998,34.01904422700005],[-90.96155406199995,33.97995122100008],[-90.96763806299998,33.96333021700008],[-91.00011407199997,33.96643421600004],[-91.01889607899994,34.00315722300007],[-91.08792709599999,33.975341214000025],[-91.08410109399995,33.95618521100005],[-91.01032407299994,33.92935820800005],[-91.07301708499995,33.85745519100004],[-91.04685507599999,33.81537118400007],[-90.98847205799996,33.78453618000003],[-91.02329106599996,33.762997175000066],[-91.13219109699997,33.783426174000056],[-91.14662409799996,33.73246216300004],[-91.11773908799995,33.70534815900004],[-91.05989707299995,33.714822164000054],[-91.03040806299998,33.687772159000076],[-91.03457106399998,33.673024156000054],[-91.09404607899995,33.658357151000075],[-91.16087209999995,33.707102158000055],[-91.22786311699997,33.683079150000026],[-91.21905411299997,33.66150914600007],[-91.17117409899998,33.64777214500003],[-91.13045108599994,33.60604013900007],[-91.15215408999995,33.58272713300005],[-91.23142410999998,33.56059912500007],[-91.18290709399997,33.50238511600003],[-91.23518710399998,33.43897810100003],[-91.17729908899997,33.44364410400004],[-91.16740908899999,33.49831011600003],[-91.12511507599999,33.472848112000065],[-91.11850107299995,33.44912210800004],[-91.13189107599999,33.43006910300005],[-91.20870809499996,33.40872509600007],[-91.15402307899996,33.378920092000044],[-91.10717606699995,33.39908409800006],[-91.08650406499999,33.45158211000006],[-91.05762705599994,33.44534711000006],[-91.07529905899997,33.40597210100003],[-91.14222507399995,33.34899508700005],[-91.14162107099997,33.29954507700006],[-91.10614805799997,33.24180506600004],[-91.07853605299994,33.28331207600007],[-91.04363004299995,33.27464207600008],[-91.07070304699994,33.227308065000045],[-91.09171705299997,33.22081906300008],[-91.08986804799997,33.13966104600007],[-91.13166505799995,33.12910704300003],[-91.18366807299998,33.14169704300008],[-91.20178607699995,33.12512703900006],[-91.20017307599994,33.10693603500005],[-91.12120105099996,33.059172029000024],[-91.12909405199997,33.033560023000064]]]]}},{"type":"Feature","properties":{"adm0_a3":"USA","shape_name":"North Carolina","ihme_name":"North Carolina"},"geometry":{"type":"MultiPolygon","coordinates":[[[[-75.72680872699993,35.935851211000056],[-75.66335770399996,35.86984219900006],[-75.66008770099995,35.83861719200007],[-75.67505570599997,35.83021119000006],[-75.62045568799994,35.80926018700006],[-75.61683468899997,35.85633819700007],[-75.64512169999995,35.90579520700004],[-75.69115171599998,35.93693921200003],[-75.72680872699993,35.935851211000056]]],[[[-75.75613569999996,35.18956196200003],[-75.60223965499995,35.23264306100003],[-75.52796363099998,35.22092806100005],[-75.48579962699995,35.40074410200003],[-75.46062262699996,35.57698214100003],[-75.48589364099996,35.69852616700007],[-75.52344765599997,35.77357518200006],[-75.46901862999994,35.58668914300006],[-75.52178363199994,35.27178407200006],[-75.59546465399995,35.269262069000035],[-75.64133666699996,35.22869405900008],[-75.67722567699997,35.21937505600005],[-75.68102867899995,35.23335405900008],[-75.75613569999996,35.18956196200003]]],[[[-76.01528177399996,35.07066201200007],[-75.92020974699994,35.12472302700007],[-75.77023370399996,35.18768404600007],[-75.95823775799994,35.115391024000076],[-75.98224376599995,35.120446024000046],[-76.01528177399996,35.07066201200007]]],[[[-76.27418586599998,35.330189061000056],[-76.27121486399994,35.31031205700003],[-76.26240086099995,35.31386705800003],[-76.27418586599998,35.330189061000056]]],[[[-76.15178481199996,34.98679099000003],[-76.32262885699998,34.84810595300007],[-76.03779377999996,35.06192101000005],[-76.07591779199998,35.06993601000005],[-76.15178481199996,34.98679099000003]]],[[[-76.54756891999995,34.71063191600007],[-76.54400391799999,34.701252914000065],[-76.51952291099997,34.70711491600008],[-76.52189991199998,34.709654916000034],[-76.54756891999995,34.71063191600007]]],[[[-76.53223891,34.61049689400005],[-76.55296491699994,34.61464389400004],[-76.53547190999996,34.591558890000044],[-76.48812589999994,34.67103790900006],[-76.33753186199993,34.83881995100006],[-76.40256087899996,34.791363938000075],[-76.41358888099995,34.765125932000046],[-76.43811788899995,34.761298931000056],[-76.44154088799996,34.733800924000036],[-76.50200590399999,34.67471290900005],[-76.53223891,34.61049689400005]]],[[[-76.58631093199995,34.71395391500005],[-76.58155792999997,34.699103912000055],[-76.52570291199999,34.685228911000024],[-76.56064192399998,34.71004591500008],[-76.58631093199995,34.71395391500005]]],[[[-76.66548795499995,34.68974990700008],[-76.57055292399997,34.65829190300008],[-76.52881690999999,34.63154289900007],[-76.58928193099996,34.671976906000054],[-76.66548795499995,34.68974990700008]]],[[[-77.09851607199994,34.64689518200004],[-76.84739600999995,34.69081790200005],[-76.67598795799995,34.69769690900006],[-76.69889996599994,34.71231191100003],[-76.70260796599996,34.69980690800003],[-76.74206297899997,34.71239091000007],[-76.76668598599997,34.69996390600005],[-76.82220800299996,34.704730906000066],[-77.01463405999993,34.67604189300005],[-77.09851607199994,34.64689518200004]]],[[[-77.12120909099997,34.64796888400008],[-77.16922110499996,34.62238987600006],[-77.11037108799997,34.64515288300004],[-77.12120909099997,34.64796888400008]]],[[[-77.20240111399994,34.61284387300003],[-77.22692912099996,34.59672386900007],[-77.17948910799998,34.62043387600005],[-77.20240111399994,34.61284387300003]]],[[[-81.67753856899998,36.588124135000044],[-81.70796657499994,36.53621612300003],[-81.69531456699997,36.467919110000025],[-81.74199857699995,36.410967096000036],[-81.70744156299997,36.33517808200003],[-81.76493057999994,36.33867908000008],[-81.79360058999998,36.36221608400007],[-81.90814061999998,36.30202006700006],[-82.03314464699997,36.12042902400003],[-82.12714967399995,36.10442401700004],[-82.14795168299997,36.149523026000054],[-82.17685269099997,36.14222102300005],[-82.21385570299998,36.15911902500005],[-82.24752471099998,36.13087201800005],[-82.28945872399999,36.13571701800004],[-82.35516074199995,36.11561601100004],[-82.40946175599998,36.083416002000035],[-82.46066176699998,36.00781598400005],[-82.55787779199994,35.953907969000056],[-82.61089280899995,35.96741597000005],[-82.61436581199996,36.00351297700007],[-82.59096680699997,36.03361298500005],[-82.63716882199998,36.06581198900005],[-82.77600485999994,36.00010997000004],[-82.78556186099996,35.977801965000026],[-82.77490885799995,35.97198496500005],[-82.80500086399996,35.927174954000066],[-82.82186486799998,35.92184595200007],[-82.87416288599997,35.95270495700004],[-82.92001389799998,35.92842895000007],[-82.89727688799996,35.87788894000005],[-82.92061289399999,35.86847893700008],[-82.91655489199997,35.84137593200006],[-82.99205690999997,35.77395491500005],[-83.07403393499999,35.790022915000065],[-83.15921195799996,35.76489890600004],[-83.18568896399995,35.72989689800005],[-83.25125098299998,35.719922893000046],[-83.25812098299997,35.69193088700007],[-83.29715799299998,35.65775687900003],[-83.35156400899996,35.659864877000075],[-83.39663001999998,35.62272686700004],[-83.44580603299994,35.611809863000076],[-83.49833904599996,35.56298785100006],[-83.58559407199994,35.56294784800008],[-83.60889307899998,35.57945785000004],[-83.77174012599994,35.562124840000024],[-83.82559413899997,35.52383583000005],[-83.88007815499998,35.518751827000074],[-83.91177716199996,35.47603481700003],[-83.96105717499995,35.46414981200007],[-84.02301118999998,35.41169079900004],[-84.00759018399998,35.37166779100005],[-84.03833119099994,35.34781978500007],[-84.021414183,35.301389776000065],[-84.05261619099997,35.269988768000076],[-84.09807220299996,35.24721576200005],[-84.18842122799998,35.239985757000056],[-84.22372223999997,35.269084761000045],[-84.29024425699998,35.22557875000007],[-84.32187325299998,34.98841469900003],[-83.10860989899999,35.00066574900006],[-82.78787080999996,35.08503077900008],[-82.77737980599994,35.06414977500003],[-82.75770779999993,35.06802577600007],[-82.72701379199998,35.09414878300004],[-82.69768078399994,35.09573278400006],[-82.68144678099998,35.127924792000044],[-82.66238477499996,35.11812979000007],[-82.54637774299994,35.16373780400005],[-82.52997673799996,35.155623803000026],[-82.46009571899998,35.178149811000026],[-82.45713171699998,35.16395680800008],[-82.43959871199996,35.16586980900007],[-82.39293370099995,35.21540882100004],[-82.37130169299996,35.18145581500005],[-82.27492366499996,35.200077822000026],[-81.04287329699997,35.149254857000074],[-81.05104029899996,35.13166085300003],[-81.03280929199997,35.10805584900004],[-81.05803229799994,35.073196841000026],[-81.04149229099994,35.04470983500005],[-80.93495326299995,35.10741585200003],[-80.78204520799994,34.935788821000074],[-80.79754620599994,34.81979279600006],[-79.67530186999994,34.804750832000025],[-78.54203248399995,33.85193066100004],[-78.38712443899993,33.90196567700008],[-78.23952439499999,33.91577368500003],[-78.07151034399999,33.901636687000064],[-77.99875532099998,33.88026268400006],[-78.00541032199999,33.86013368000005],[-77.96279630899994,33.84232267700003],[-77.94657130699994,33.91226769300005],[-77.82921228299995,34.162624753000046],[-77.74013926099997,34.27255278000007],[-77.58232621999997,34.400512814000024],[-77.30896914399995,34.54329685400006],[-77.12586609499994,34.68524889200006],[-77.08333408099998,34.673240890000045],[-76.90265902899995,34.726501908000046],[-76.84193200999994,34.72935891100008],[-76.61936694099995,34.704199912000036],[-76.61726894499998,34.787906931000066],[-76.60443394099997,34.78985893200007],[-76.57567493099998,34.768384928000046],[-76.58589493399995,34.75666892500004],[-76.57567492899994,34.72170791700006],[-76.51268890899996,34.720339919000025],[-76.49842890599996,34.73206092200007],[-76.51411591199997,34.754325927000025],[-76.48535590299997,34.75491192800007],[-76.44946689499994,34.81483994200005],[-76.41215088399997,34.83220494700004],[-76.40240588399996,34.886617959000034],[-76.38220287599995,34.85697795300007],[-76.31408885799993,34.906328967000036],[-76.33680586499997,34.90981596700004],[-76.34084686699998,34.933396972000025],[-76.29760585299994,34.92366497100005],[-76.27952584899998,34.94138497500006],[-76.27786184899998,34.96067198000003],[-76.30566985899998,34.99144298600004],[-76.25076584199996,34.981316985000035],[-76.24931584199999,35.00067498900006],[-76.36413987899994,35.036603994000075],[-76.31945586199998,34.96593098000005],[-76.38148988199998,34.97917498000004],[-76.38743188199999,34.95112697400003],[-76.39836588499998,34.94547697300004],[-76.40311888699995,34.963398976000065],[-76.42284689299998,34.95073697300006],[-76.42546389599994,35.001470984000036],[-76.44043490099995,35.01461098600004],[-76.42260889599999,35.02667899000005],[-76.46347091099994,35.07641799900006],[-76.47751291499998,35.058397995000064],[-76.46467790999998,35.04672299300006],[-76.48581491599998,35.04060699100006],[-76.49747791799996,35.00818698300003],[-76.48416791299996,34.98813197900006],[-76.51157192299996,35.005081982000036],[-76.56470393799998,34.99834597900008],[-76.57852694199994,34.97625297400003],[-76.65743596599998,34.982484972000066],[-76.67977797099996,34.953853965000064],[-76.70758697999997,34.95424296500005],[-76.72660098499995,34.92794095800008],[-76.76082699399996,34.915857954000046],[-76.93575904999994,34.97313696100008],[-76.97996806599997,35.00915996800006],[-77.05959109699995,35.146872995000024],[-77.03035608699997,35.13307299300004],[-76.98757407099998,35.06559598000007],[-76.80360900999995,34.96378796300007],[-76.71162698399996,35.004487975000075],[-76.56949494499997,35.098467001000074],[-76.53954693799994,35.154647014000034],[-76.56925694799997,35.17349401700005],[-76.58803395399997,35.16883101600007],[-76.58660795299994,35.154452012000036],[-76.63366796699995,35.160670012000026],[-76.63414396799999,35.174271015000045],[-76.58636995499995,35.20204902300003],[-76.52671293599997,35.18476202100004],[-76.52100793499994,35.20612702600005],[-76.56545394999995,35.22923403000004],[-76.49605192799999,35.21700202900007],[-76.50341793099994,35.24068803400007],[-76.47917692399994,35.24728803600004],[-76.49071992899997,35.26271403900006],[-76.46744092099993,35.26134304000004],[-76.46973492299998,35.28089304400004],[-76.49815893199997,35.27956104300006],[-76.49887093299998,35.30589504900007],[-76.48416792899997,35.31364505100004],[-76.65886298399994,35.341568051000024],[-76.92502506999995,35.448809066000024],[-76.96618208199999,35.43399606100007],[-76.98638508999994,35.47252406900003],[-77.04509210999998,35.50329507400005],[-77.02132410199994,35.49845807300005],[-77.05317311399995,35.53521508000006],[-76.97920908899994,35.483358071000055],[-76.90604906499993,35.45936106900007],[-76.81715703799995,35.452004070000044],[-76.75923701799996,35.41891306500003],[-76.66290298899997,35.425474069000074],[-76.64792898299999,35.40339206500005],[-76.57756096099996,35.38758306400007],[-76.60704797299996,35.45548907800003],[-76.59738397199999,35.48193908400003],[-76.63794698599997,35.51296908900008],[-76.59920497499996,35.53985709600005],[-76.49604094299997,35.533572098000036],[-76.46539093499996,35.558421105000036],[-76.45683493199994,35.548366103000035],[-76.48535593899999,35.50658509300007],[-76.58708296999998,35.50890609000004],[-76.54572695499996,35.460910081000065],[-76.56545395999996,35.44948707800006],[-76.53307694999995,35.43231707500007],[-76.53217894799997,35.40126106800005],[-76.47227592799999,35.371382064000045],[-76.48083993199998,35.40455507100006],[-76.43829591899998,35.388280069000075],[-76.41761791399995,35.42508707700006],[-76.39551290799994,35.431672079000066],[-76.38529290399998,35.41501507600003],[-76.39598890599996,35.401067073000036],[-76.36152489399996,35.37374606800006],[-76.36817989599996,35.361148065000066],[-76.41999391199994,35.37490906600004],[-76.41191290799998,35.34641506000003],[-76.38933390199998,35.360372064000046],[-76.37602389699998,35.33555805900005],[-76.34155988699996,35.34234406200005],[-76.35748489399998,35.38362907000004],[-76.34488788999994,35.392542072000026],[-76.27881286799999,35.34292506400004],[-76.25757186099997,35.34440406500005],[-76.24981585999996,35.36773807000003],[-76.22105584999997,35.34040506500003],[-76.17423383599998,35.346997068000064],[-76.15735782999997,35.32702606400005],[-76.13691782499995,35.358046072000036],[-76.07084280499998,35.37064507700006],[-76.06181080299996,35.38324208000006],[-76.08343980999996,35.390992081000036],[-76.05182780199993,35.42121308800006],[-76.05848380399993,35.43360909100005],[-76.02116779199997,35.411335087000055],[-75.99565478699998,35.47536210200008],[-75.96305577799995,35.49391010700003],[-75.97838478399996,35.512969111000075],[-75.88093675699997,35.575242127000024],[-75.89068176099994,35.60210813300006],[-75.86073375199999,35.599596133000034],[-75.83715674299998,35.570911128000034],[-75.79725073099996,35.574283130000026],[-75.77533072399996,35.57934213200008],[-75.78420072799997,35.595924135000075],[-75.73476371399994,35.62568214300006],[-75.77968473099997,35.68497115500003],[-75.76732572799995,35.70562516000007],[-75.74260671999997,35.699641159000066],[-75.74022971899996,35.68188215500004],[-75.71717471199997,35.69365815900005],[-75.74236872399996,35.77488217500007],[-75.72802372199999,35.824520187000076],[-75.78250074399995,35.93342720900006],[-75.83628576199999,35.97050821500005],[-75.89757378099995,35.97613921400006],[-75.94729579599993,35.959842209000044],[-75.92157978699998,35.93592820500004],[-75.98605480399993,35.889000192000026],[-75.97600879899994,35.83849218200004],[-75.994119803,35.81253917500004],[-75.98290079799995,35.77256816700003],[-76.01284880099996,35.66083614200005],[-76.03804280799994,35.64577213800004],[-76.03637880999997,35.688446147000036],[-76.06014681799996,35.70871315100004],[-76.05048781999994,35.806696172000045],[-76.06537582599998,35.833868178000046],[-76.01284881399994,35.921879199000045],[-76.01142281499995,35.95420820600003],[-76.05396782999998,35.987102211000035],[-76.17052586599993,35.99453020900006],[-76.36722892399996,35.93438919000005],[-76.39955393599996,35.982101199000056],[-76.55380798099998,35.94016218500008],[-76.66242801399994,35.93207917900003],[-76.72660103399994,35.94324118000003],[-76.68191702299998,35.989602191000074],[-76.72731404099994,36.06322320500004],[-76.75345905499995,36.17669122900003],[-76.74133705399998,36.229242241000065],[-76.72502404899996,36.231125242000076],[-76.69998104399997,36.28539825400003],[-76.67217303499996,36.271985252000036],[-76.71890804499998,36.200985235000076],[-76.72144804299995,36.14784522400004],[-76.70497203599996,36.109897216000036],[-76.68857203099998,36.10701721600003],[-76.69190002999994,36.06629720700005],[-76.65223601599996,36.03529220200005],[-76.60681100299996,36.054192208000075],[-76.58042799299994,36.01056119900005],[-76.51411597199996,36.00652320000006],[-76.46032295699996,36.024144206000074],[-76.40810994299994,36.06802621700007],[-76.41119994499996,36.08070522000003],[-76.30400691199998,36.094534226000064],[-76.34642092699994,36.12103023100008],[-76.38196593799995,36.122953230000064],[-76.45469596399994,36.192806242000074],[-76.39028394199994,36.162493238000025],[-76.37357393599996,36.13821523300004],[-76.32325891999994,36.13485623400004],[-76.23372389099995,36.09786222900004],[-76.19171787799996,36.10720423300006],[-76.22747388999994,36.12525723500005],[-76.27714890899995,36.190887248000024],[-76.24910289999997,36.18494124800003],[-76.18754387799999,36.125449237000055],[-76.06422684099994,36.14378224500007],[-76.08010884899994,36.19944725600004],[-76.11718986099999,36.213519258000076],[-76.14442587199994,36.259409267000024],[-76.17233187999994,36.26336226700005],[-76.18540388599996,36.30110627500005],[-76.11552686399995,36.27811727200003],[-76.01698682899996,36.18637425600008],[-75.92465679899993,36.16359825400008],[-75.91088079499997,36.164455254000075],[-75.95602980999996,36.19807226000006],[-75.94537480799994,36.22247526600006],[-75.96462281599997,36.25444027200007],[-75.92234680199994,36.24412927100008],[-75.86287277999998,36.159614255000065],[-75.86691377899996,36.12794524800006],[-75.84778777199995,36.10199724300003],[-75.79397675399997,36.071717238000076],[-75.79893675799997,36.117770248000056],[-75.83992677399993,36.177117259000056],[-75.84219477499994,36.19740926400004],[-75.83007277199994,36.196834264000074],[-75.86928978599997,36.24630427300008],[-75.85597978399994,36.282524282000054],[-75.88215679199999,36.284681281000076],[-75.92333380899998,36.36187029600006],[-75.92360381199995,36.42579531000007],[-75.93560281599997,36.42953131100006],[-75.94582281699996,36.39777930300005],[-75.95628082099995,36.40084030400004],[-75.97196782699996,36.43718031100008],[-76.01233983999998,36.44746931200007],[-76.03195184799995,36.482503319000045],[-76.04255885299995,36.510572324000066],[-76.02639684799993,36.516493326000045],[-76.03067485099996,36.53883933100008],[-76.00262884199998,36.53712133100004],[-75.98099983399999,36.51133632700004],[-75.98979383599993,36.493950323000035],[-75.89991080699997,36.48213132300003],[-75.88832780199994,36.44159031500004],[-75.84332378699997,36.41996831200004],[-75.84855278599997,36.38017630300004],[-75.82894377999997,36.36572830000006],[-75.82205177599997,36.32801529300008],[-75.84593778299995,36.33261029300007],[-75.85081078399998,36.31968529000005],[-75.80683976899996,36.28491928400007],[-75.81185376799993,36.24770627600003],[-75.76726575299995,36.20498526800003],[-75.74587474299994,36.14406925500003],[-75.73709073499998,36.04079123300005],[-75.70641972599998,36.03920323400007],[-75.72983173099993,36.00729222600006],[-75.68229571599994,35.99585222500008],[-75.64454070299996,35.96442422000007],[-75.61540069199998,35.926440213000035],[-75.62291169299993,35.89232820500007],[-75.57138267399995,35.831112193000024],[-75.56306366999996,35.79927218700004],[-75.53229265899995,35.778071183000066],[-75.77251275499998,36.22944727300006],[-75.86704580099996,36.550761339000076],[-80.29524615199995,36.54398018000006],[-81.67753856899998,36.588124135000044]]]]}},{"type":"Feature","properties":{"adm0_a3":"USA","shape_name":"Oklahoma","ihme_name":"Oklahoma"},"geometry":{"type":"Polygon","coordinates":[[[-103.00220835999994,37.00011014700004],[-103.00244331499994,36.50040306900007],[-100.00041459299996,36.49970823900003],[-100.00038944,34.56051491100004],[-99.92321942199999,34.57455791700005],[-99.69497835199996,34.378338894000024],[-99.600034328,34.37469389900008],[-99.56970432399999,34.41842390800008],[-99.49988330599996,34.409613910000076],[-99.43648228799998,34.37054490600008],[-99.42490528599996,34.385828909000054],[-99.40296827999998,34.373486908000075],[-99.38766127899999,34.41198991600004],[-99.39496428299998,34.44210492000008],[-99.36961827799996,34.45870492500006],[-99.31961426199996,34.40887491800004],[-99.261329247,34.403504920000046],[-99.27486624899996,34.38492791600004],[-99.24286323999996,34.37268191600003],[-99.22925323399994,34.336521910000044],[-99.20691322899995,34.33828291100008],[-99.21145722699998,34.29275590300006],[-99.19626822199996,34.28146890200003],[-99.18951921599995,34.214317890000075],[-99.13061720199994,34.21941389400007],[-99.1265752,34.20300989100008],[-99.079543189,34.21152389500003],[-99.04347917899997,34.19821389500004],[-98.98730216699994,34.221228901000075],[-98.97414016199997,34.20357189900005],[-98.95252115699998,34.21265590200005],[-98.87293013399994,34.16658989700005],[-98.868124132,34.14964089400007],[-98.81296211899996,34.15844989900006],[-98.75704510299994,34.12463889500003],[-98.69060308699994,34.13297790000007],[-98.64808107899995,34.16444690800006],[-98.59979706599995,34.16057690900004],[-98.55053005199994,34.13219990700003],[-98.56058205399995,34.12357290500006],[-98.48633603099995,34.06260389700003],[-98.416097015,34.084148904000074],[-98.36562900799998,34.156998920000035],[-98.16912795599995,34.11417692200007],[-98.10946994399995,34.15411693200008],[-98.08976293699999,34.12821692800003],[-98.12021594099997,34.072132916000044],[-98.08384692899995,34.04172491200006],[-98.10626893499995,34.03415991000003],[-98.08821092799997,34.005486906000044],[-98.02767991199994,33.99336290600007],[-97.97418089999996,34.00672191100006],[-97.94573789099996,33.989844910000045],[-97.97418089499996,33.94283790000003],[-97.95340288999995,33.93645090000007],[-97.95716288899996,33.91445989500005],[-97.984547895,33.90070889200007],[-97.96778488999996,33.88243588900008],[-97.87145486299994,33.849006888000076],[-97.83434085499994,33.85767689100004],[-97.79776884799998,33.89929190000004],[-97.78234884399996,33.89231190000004],[-97.78510884599996,33.916820904000076],[-97.76377784099998,33.91424690400004],[-97.76277584199994,33.93440190800004],[-97.72529683299996,33.94105091100005],[-97.67177982299995,33.99137592300008],[-97.59042979999998,33.954109920000064],[-97.59712279899998,33.91787391300005],[-97.58108579399999,33.899684910000076],[-97.500967775,33.919648918000064],[-97.46038376399997,33.903953917000024],[-97.45147675899995,33.87093591100006],[-97.46286475999995,33.84177790500007],[-97.42650074899996,33.81940390300008],[-97.36551473399999,33.823768906000055],[-97.33246472999997,33.88425891900005],[-97.32873672699998,33.855439914000044],[-97.31015072499997,33.88853792100008],[-97.27561471399997,33.858173917000045],[-97.25663270899997,33.86329191900006],[-97.24495370899996,33.90309792700003],[-97.21092870099994,33.91606993100004],[-97.18085269199997,33.89520992800004],[-97.16663668599995,33.847316920000026],[-97.20352169299997,33.82183091400003],[-97.19282468699998,33.76117490300004],[-97.16315667699996,33.729327898000065],[-97.12610966699998,33.71694689800006],[-97.086202658,33.74393890500005],[-97.09211966399994,33.804102915000044],[-97.04815365399998,33.81746192000003],[-97.08947166599995,33.84985292400006],[-97.059833659,33.858409927000025],[-97.04125265299996,33.83776692400005],[-97.01786464799994,33.85014792700008],[-96.98557464199996,33.88652793600005],[-96.99619064899997,33.94173394500007],[-96.98134464599997,33.95638394900004],[-96.97381464299997,33.93570294500006],[-96.91630762899996,33.95780395200006],[-96.87528861299995,33.860510936000026],[-96.85060060499995,33.84721693400007],[-96.83216460299997,33.87484094000007],[-96.79428359299999,33.86889194100007],[-96.76159558099994,33.82441193400007],[-96.69958156599995,33.83905494000004],[-96.66719456299995,33.91694595600006],[-96.62830155199998,33.89448295300008],[-96.58794154199995,33.89478995500008],[-96.62929754899994,33.845493944000054],[-96.57294453299994,33.81910394200003],[-96.526662521,33.820896944000026],[-96.50027551099998,33.77258893700008],[-96.42265049199995,33.77604694100006],[-96.34831346699997,33.68638492700006],[-96.31693245999998,33.69900293100005],[-96.29371545799995,33.76941494500005],[-96.22903043999997,33.74802694400006],[-96.17806642799997,33.76052394900006],[-96.15636242599999,33.81335496000003],[-96.17038042899998,33.79938795700008],[-96.17897143199997,33.81055895800006],[-96.15077242499996,33.81699296100004],[-96.14807742499994,33.83780496500003],[-96.09936741199994,33.83047596600005],[-96.100102414,33.84797696900006],[-96.04884139999996,33.83647396900005],[-96.02391439499996,33.85707297400006],[-96.01960639299995,33.84057197100003],[-95.99586438799997,33.85569897500005],[-96.00341339099998,33.872349978000045],[-95.98426038399998,33.852669975000026],[-95.94429137499998,33.859816978000026],[-95.92956837199995,33.88500598400003],[-95.83752334599995,33.83564597900005],[-95.80515633899995,33.86130998500005],[-95.77056332899997,33.845274983000024],[-95.75175332499998,33.85556298600005],[-95.75637432799994,33.89263099300007],[-95.69788931299996,33.88611599400008],[-95.66547330599997,33.908984],[-95.62906229599997,33.905876001000024],[-95.59383428999996,33.94303701000007],[-95.55448527899995,33.928078009000046],[-95.54520427299997,33.8803],[-95.51074626499997,33.89788300500004],[-95.50231126199998,33.87474800100006],[-95.46168025199995,33.88700400500005],[-95.46421825199997,33.87337800300003],[-95.440935245,33.86643500200006],[-95.36252422499996,33.86658700600003],[-95.32644321699996,33.88607601100006],[-95.28930920599998,33.873109010000064],[-95.28298820699996,33.90740801700008],[-95.25270119799995,33.894240016000026],[-95.25017819999994,33.938503025000045],[-95.21764019399996,33.96265203100006],[-95.12470716799999,33.934681029000046],[-95.12204516499997,33.90480102400005],[-95.08239415599996,33.92176402900003],[-95.10017515899995,33.89610702300007],[-95.08961415499994,33.88086302100004],[-95.06569715099994,33.915972029000045],[-95.07242015199995,33.902705026000035],[-95.04657514299998,33.86257101900003],[-94.98849412699997,33.85100602000006],[-94.96890212199997,33.86092202300006],[-94.96440811999997,33.83702701800007],[-94.94383811399996,33.82930601800007],[-94.94788111299994,33.80836201300008],[-94.91477110599999,33.824493018000055],[-94.92196210599997,33.79160501100006],[-94.87776509199995,33.758891007000045],[-94.86868309,33.76983001000008],[-94.86930708899996,33.74587700500007],[-94.82205807599996,33.733120005000046],[-94.82179007799994,33.768758012000035],[-94.81607207499997,33.73922100600004],[-94.80008606999996,33.73338800600004],[-94.76444706299998,33.760184012000025],[-94.75782005999997,33.75011501100005],[-94.78820906699997,33.736336007000034],[-94.749427057,33.73299600800004],[-94.75286605699995,33.71442500400008],[-94.73498205299995,33.726118007000025],[-94.75378305599997,33.70525300200006],[-94.73586305099997,33.691631001000076],[-94.71618104599997,33.697916003000046],[-94.72787404999997,33.71557100600006],[-94.70173604299998,33.70341900400007],[-94.71342904499994,33.687369001000036],[-94.65129302899999,33.68851500400007],[-94.64432902799996,33.70167200700007],[-94.64525802599996,33.67436900100006],[-94.67032403199994,33.66489899800007],[-94.63730702299995,33.664441],[-94.62238602099995,33.68243400400007],[-94.597977013,33.663387001000046],[-94.58833201199997,33.685764006000056],[-94.58145400899997,33.666046003000076],[-94.56036000299997,33.66535800300005],[-94.59083700999997,33.645568998000044],[-94.54385099899997,33.65710400200004],[-94.56953000299995,33.62783799600004],[-94.52229899199995,33.640595],[-94.52738299199996,33.61583899500005],[-94.51679599,33.632111999000074],[-94.50462198599996,33.62068799700006],[-94.48752098199998,33.628945],[-94.43066908599997,35.39248433500006],[-94.61792621899997,36.49942052700004],[-94.61797125899994,36.99891161700003],[-103.00220835999994,37.00011014700004]]]}},{"type":"Feature","properties":{"adm0_a3":"USA","shape_name":"Virginia","ihme_name":"Virginia"},"geometry":{"type":"MultiPolygon","coordinates":[[[[-75.73515082599994,37.80641360800007],[-75.74049882799994,37.801249607000045],[-75.73313082599998,37.80284560800004],[-75.73515082599994,37.80641360800007]]],[[[-75.85078285699996,37.705502583000055],[-75.85410985799996,37.70014358200007],[-75.84899985599998,37.70183558300005],[-75.85078285699996,37.705502583000055]]],[[[-75.86052785899994,37.693090581000035],[-75.85779385799998,37.68340457900007],[-75.85494185699997,37.68885958000004],[-75.86052785899994,37.693090581000035]]],[[[-75.89415887599995,37.80566260300003],[-75.89641687599999,37.80209460200007],[-75.89177987499994,37.79618360100005],[-75.89415887599995,37.80566260300003]]],[[[-75.90105188299998,37.89912262200005],[-75.90057688299999,37.89377662100003],[-75.89879388199995,37.89762162200003],[-75.90105188299998,37.89912262200005]]],[[[-75.99686090999995,37.850427609000064],[-75.99905490899994,37.81860360200005],[-75.98827990499996,37.80744660000005],[-75.97354390199996,37.833543606000035],[-75.99686090999995,37.850427609000064]]],[[[-76.00420491399996,37.87051561200008],[-76.00230291299994,37.86197761100004],[-75.99980791199994,37.860288610000055],[-76.00420491399996,37.87051561200008]]],[[[-75.64823080799994,37.96677864500003],[-75.64305080499997,37.936341639000034],[-75.71494882699994,37.93737263600008],[-75.74284983499996,37.91321063000004],[-75.73622083199996,37.902216628000076],[-75.75689883799998,37.90156062800003],[-75.68844681699994,37.89902862900004],[-75.69819181999998,37.89190162800003],[-75.67893981299994,37.888337627000055],[-75.69289981699995,37.86779962300005],[-75.67228480899996,37.85090562000005],[-75.67822680999996,37.83748561700003],[-75.70938182099997,37.84584361800006],[-75.71886982099994,37.79326760600003],[-75.73336882499996,37.78594160400007],[-75.78460084199997,37.806833607000044],[-75.81230784999997,37.79471660300004],[-75.80304284499994,37.76247159700006],[-75.78732183999995,37.75710259600004],[-75.83198585199995,37.728126589000055],[-75.79504684099999,37.72674859000006],[-75.83768685299998,37.71299258500005],[-75.84590985299997,37.66976557600003],[-75.89049686599998,37.64955457000008],[-75.87728385999998,37.611656563000054],[-75.89285186399997,37.60440756100007],[-75.90544886999999,37.62615256500004],[-75.94118387699996,37.56384655100004],[-75.93230687399995,37.55062854800008],[-75.98162488199995,37.427385521000076],[-75.96831487699995,37.395478515000036],[-76.01490088699995,37.32822549900004],[-76.02575488699995,37.25741448400004],[-76.01032487899994,37.20009247200005],[-75.97651486599995,37.15443146300004],[-75.96974086199998,37.111797455000044],[-75.98103086399993,37.09558945100008],[-75.96823485999994,37.08418844900007],[-75.94098185199994,37.09483145200005],[-75.96570086099996,37.118146456000034],[-75.92779084999995,37.130275460000064],[-75.91150984399997,37.12288445900003],[-75.92101684699998,37.11179745600003],[-75.89729983999996,37.11804445800004],[-75.81738881899997,37.19344447700007],[-75.79516581499996,37.24710248900004],[-75.79844981899998,37.29629249900006],[-75.74358880299997,37.328509508000025],[-75.65921278299999,37.446633536000036],[-75.66087678499997,37.463048539000056],[-75.69106179499994,37.47361254000003],[-75.60216977199997,37.567114563000075],[-75.61452877799996,37.609303571000055],[-75.58707677399997,37.68965858900003],[-75.52088275899996,37.796694614000046],[-75.40643972899994,37.899450639000065],[-75.35248671199997,37.889697639000076],[-75.36639071499997,37.86577763300005],[-75.39746072499997,37.87552163400005],[-75.38479571999994,37.851476630000036],[-75.36805471499997,37.86014863200006],[-75.24226768499994,38.027216671000076],[-75.62434280199994,37.99421865100004],[-75.64823080799994,37.96677864500003]]],[[[-76.04653193099995,37.95359362800008],[-76.02892392599995,37.95105562800006],[-76.02843192399996,37.92050862200006],[-76.01680192199996,37.94646362800006],[-75.99390691499997,37.953496630000075],[-76.04653193099995,37.95359362800008]]],[[[-76.41787802699997,37.598603541000045],[-76.41914702699995,37.59185154000005],[-76.41736402599997,37.59166354000007],[-76.41787802699997,37.598603541000045]]],[[[-75.86704580099996,36.550761339000076],[-75.99625385999997,36.92205441400006],[-76.03345587199993,36.93195341400008],[-76.09345388899999,36.908005407000076],[-76.22856293299998,36.94195441000005],[-76.29655095499999,36.96898641300004],[-76.30128695799993,36.98730241700008],[-76.30047295599996,36.956357411000056],[-76.32566696399994,36.963194411000075],[-76.33020896399995,36.94206840700008],[-76.318060958,36.88519639500004],[-76.34943496799997,36.89517539600007],[-76.35644597099997,36.92406240200006],[-76.38413597999994,36.92444240100008],[-76.39067197999998,36.89574639500006],[-76.44160699699995,36.906123395000066],[-76.454694,36.884084390000055],[-76.48336700799996,36.87816138800008],[-76.49311201199998,36.89184939000006],[-76.48015900899998,36.91427639500006],[-76.49976701599996,36.92938239800003],[-76.48553001199997,36.93858340000003],[-76.48919001399997,36.959681405000026],[-76.55692903699997,37.002021411000044],[-76.57939004399998,36.99879441000007],[-76.58649304799997,37.028747416000044],[-76.66626207399997,37.05021941800004],[-76.66377607999993,37.17388244400007],[-76.68658308799996,37.19727844800008],[-76.71529709399994,37.14804243700007],[-76.73728210099995,37.14617143600003],[-76.80102512399998,37.20605044600006],[-76.89835615399994,37.19917244100003],[-76.94708016999994,37.22803844500004],[-76.87221114899995,37.26275745500004],[-76.86952414699994,37.242164451000065],[-76.79888712499996,37.234756452000056],[-76.75047210699995,37.19010544400004],[-76.73499710299996,37.20316844800004],[-76.75824411099995,37.215546449000044],[-76.649871078,37.22092145400006],[-76.60651106199998,37.16615344400003],[-76.62775806599996,37.12586943500003],[-76.55711904199995,37.07623542700003],[-76.56025704399997,37.11127543400005],[-76.51864102899998,37.055734424000036],[-76.46126300899994,37.02451141900008],[-76.42525499499999,36.96642240800003],[-76.41099398999995,36.963004408000074],[-76.34066797099996,37.01525342200006],[-76.30427395899994,37.00138542000008],[-76.27135695399994,37.087579439000024],[-76.30177996499998,37.11411944400004],[-76.29928396499997,37.13013244700005],[-76.33252197599995,37.144486449000055],[-76.33945197899999,37.16915845400007],[-76.41230100099995,37.16148745000004],[-76.39250899599995,37.175633454000035],[-76.40208100099994,37.20655546000006],[-76.38663199699994,37.22784846500008],[-76.47180102299995,37.21602345900004],[-76.50903703599994,37.23948646300005],[-76.35455598999994,37.272338475000026],[-76.38294799899995,37.286304477000044],[-76.39471300399998,37.312868482000056],[-76.43856501799996,37.31381348100007],[-76.40367800799999,37.33867048800005],[-76.46958202999997,37.37059649200006],[-76.45484602699997,37.388161496000066],[-76.40985901199997,37.36868349400004],[-76.41289501599994,37.41808750400003],[-76.27621596699998,37.31083648600003],[-76.27290196899997,37.35397249500005],[-76.24775296199994,37.378823501000056],[-76.25241496699994,37.43659951300003],[-76.31028998799997,37.49112052300006],[-76.26429897299994,37.476880521000055],[-76.28816898199995,37.51412552800008],[-76.32169799099995,37.48574552100007],[-76.36047600499995,37.51924752700006],[-76.35877600499998,37.53665053100008],[-76.33500799799998,37.54249253300003],[-76.33094899599996,37.52498552900005],[-76.32859099599995,37.54597853400003],[-76.29803398799999,37.55987453800003],[-76.42508902799995,37.58441253800004],[-76.43328703299994,37.61402054400003],[-76.54266806699997,37.61686454100004],[-76.58968208399995,37.66582954900008],[-76.57935608099996,37.67329855100007],[-76.61665909699997,37.74189456400006],[-76.67700411599998,37.756107565000036],[-76.68050311899998,37.78014557000006],[-76.72386513199996,37.78851057000003],[-76.79456215999994,37.895198590000064],[-76.88963419299995,37.952850598000055],[-76.87739318999996,37.97046560200005],[-76.92718720699997,37.98498560300004],[-76.91292720299998,38.000719607000065],[-76.87121418899994,37.98592160600003],[-76.83544317499997,37.93213859600007],[-76.77923215699997,37.91151459400004],[-76.72614513599996,37.83623458000005],[-76.58429208799998,37.770866571000056],[-76.53723006999996,37.69889955800005],[-76.53418906699994,37.66094855000006],[-76.51018905799998,37.642331547000026],[-76.46870304799995,37.69573856000005],[-76.45432304299999,37.67721155700008],[-76.47239404799996,37.66577955300005],[-76.45548204199997,37.65108155100006],[-76.36188900999997,37.60902454600006],[-76.34368400499994,37.623767549000036],[-76.28007898499999,37.61515255000006],[-76.30589299499997,37.64108455400003],[-76.33180000199997,37.62979055100004],[-76.33989400599995,37.65597355600005],[-76.32502600199996,37.671943560000045],[-76.33441400599997,37.684547562000034],[-76.30244599599996,37.69094256500006],[-76.32205500499998,37.737007574000074],[-76.3072,37.731274573000064],[-76.31599400499994,37.76360057900007],[-76.28554799599993,37.78409458500005],[-76.31528100499997,37.78201158300004],[-76.31219100599998,37.81412659000006],[-76.26605899199996,37.81740759200005],[-76.23672698699994,37.88918160800006],[-76.34385002399995,37.947352616000046],[-76.47310006599997,37.98489162000004],[-76.46934506599996,38.01355162600004],[-76.55510009399995,38.024595625000075],[-76.55046509299996,38.04060162800005],[-76.52084908399996,38.046001631000024],[-76.53739709099995,38.075541636000025],[-76.60093911299998,38.110091641000054],[-76.61211511799996,38.14889764800006],[-76.64345012799998,38.14825764700004],[-76.63971412499995,38.12198464200003],[-76.70065114699997,38.16016364800004],[-76.73276515499998,38.13180064100004],[-76.76024316499996,38.166588647000026],[-76.83879718999998,38.16348364300006],[-76.96231323099994,38.214082649000034],[-76.96215223299998,38.25649365800007],[-77.05648526599998,38.31711966700004],[-77.01490925399997,38.33277067200004],[-77.01182925599994,38.374561680000056],[-77.04152626599995,38.400193684000044],[-77.08481227799996,38.36830467600004],[-77.13822629399994,38.36792467400005],[-77.16269430099999,38.34600166900003],[-77.24010032399997,38.33099566300007],[-77.27963533699995,38.339451663000034],[-77.31729035099994,38.38358367100005],[-77.32262435799998,38.467138688000034],[-77.25704634299996,38.56045770900005],[-77.26530634699998,38.580326713000034],[-77.24700534199997,38.590625715000044],[-77.24808934399994,38.63232072400007],[-77.22393033799995,38.64597572800005],[-77.23593334199995,38.66008173000006],[-77.19433932899994,38.65275073000004],[-77.21570333499994,38.63707772600003],[-77.20197132899995,38.61768272300003],[-77.13020230799998,38.635024729000065],[-77.12200330799999,38.68582373900006],[-77.04325628599997,38.71901874900004],[-77.04060129399994,38.87121978000005],[-77.14818133399996,38.96500979500007],[-77.24462336499994,38.98254279500003],[-77.24840536899995,39.02691680400005],[-77.34028939999996,39.06299880700004],[-77.45820443699995,39.073730805000025],[-77.48580244799996,39.10931081100006],[-77.51993145899996,39.120932812000035],[-77.51642846099998,39.17089882200003],[-77.47859844999994,39.18917582700004],[-77.45768244599998,39.22502783500005],[-77.54058347499995,39.26495484000003],[-77.56659848499999,39.306128847000025],[-77.61594149999996,39.302729845000044],[-77.67584851999999,39.324199847000045],[-77.73490153799997,39.31241684200006],[-77.82815955599995,39.132336802000054],[-78.34708973799997,39.46601984800003],[-78.35992073799997,39.40903583700003],[-78.34321673199997,39.388814833000026],[-78.36686973699994,39.359297827000034],[-78.33928672799993,39.34861282600008],[-78.41942474699994,39.25748380400006],[-78.39967173999997,39.24388180200003],[-78.43865374899997,39.198056792000045],[-78.40369973599996,39.167458787000044],[-78.57190377899997,39.03200275300003],[-78.55046977199999,39.01807275200008],[-78.60165778399994,38.96461073900008],[-78.62567479299997,38.982582742000034],[-78.680458806,38.92532072800003],[-78.71864981699997,38.90456872200008],[-78.71707881799995,38.936035729000025],[-78.78602783599996,38.88719471600007],[-78.86927885399996,38.76299868800004],[-78.99817389899994,38.847360700000024],[-79.02725590399996,38.79212068800007],[-79.05495691199997,38.78572068500006],[-79.09275791899995,38.70232266700003],[-79.09295791599999,38.659524659000056],[-79.12975992699995,38.65502465600008],[-79.21059394099996,38.49292062000006],[-79.28297395899995,38.41810260300008],[-79.31227896699994,38.41188360000007],[-79.47664102099998,38.45723560300007],[-79.53687304499994,38.55092461900006],[-79.64907808199996,38.59152262300006],[-79.67297708499996,38.52872460900005],[-79.66207708099995,38.51552460700003],[-79.69757508999999,38.48723060000003],[-79.68967808399998,38.431446589000075],[-79.72635309199995,38.38707757900005],[-79.725600091,38.36383557400006],[-79.76443510199994,38.35652157100003],[-79.81015711299995,38.306714559000056],[-79.78894810399999,38.26871055200007],[-79.91634713799994,38.18628553100007],[-79.91866513599996,38.15479752400006],[-79.94484614299995,38.13159251900004],[-79.92633313499994,38.10715851400005],[-79.99938715099995,37.99584948900008],[-80.16220519299998,37.87512945800006],[-80.22709520699993,37.79889344000003],[-80.21566120299997,37.777488436000056],[-80.25741421399994,37.756091430000026],[-80.25308021099994,37.72590642400007],[-80.29614122199996,37.69179041600006],[-80.26745820999997,37.64611540800007],[-80.22098719499996,37.62777440600007],[-80.32850722299997,37.56432238800005],[-80.31239621699996,37.546246385000074],[-80.33030922199998,37.536251383000035],[-80.28238820799999,37.53352438400003],[-80.29979221099995,37.50827837800006],[-80.47560425899997,37.422956354000064],[-80.49487026599996,37.43507735600008],[-80.51139427399994,37.48167936400006],[-80.55203928499998,37.47357036100004],[-80.77008534499998,37.37237033200006],[-80.78419135099995,37.39459433600007],[-80.85955937499995,37.42957534000004],[-80.88325138,37.38394033000003],[-80.84945436699996,37.34691632400006],[-80.947899394,37.29587930900004],[-81.11259944199998,37.278504299000076],[-81.22510747299998,37.234881286000075],[-81.36215952099997,37.337694301000056],[-81.39429052899999,37.31641829600005],[-81.41666653299995,37.27322128600008],[-81.48014755099996,37.251128279000056],[-81.49887755699996,37.258032279000076],[-81.50732855799998,37.23380727400007],[-81.55360356999995,37.208450267000046],[-81.67821360699998,37.20149026100006],[-81.74400662899995,37.24253526600006],[-81.75763463499999,37.274010272000055],[-81.84995266399994,37.285234271000036],[-81.86027066899999,37.31572227700008],[-81.92564669099994,37.35732328200004],[-81.93562469899996,37.43840429800008],[-81.98700971599999,37.45488529900007],[-81.99607871999996,37.47153330200007],[-81.92673970099997,37.51304731400006],[-81.96801571499998,37.53804231700008],[-82.35095181199995,37.26708424700007],[-82.49886185399998,37.227051232000065],[-82.72210091299996,37.12017520200004],[-82.72247590899997,37.04510818600005],[-82.86753894699996,36.97752516700007],[-82.85796894099997,36.92953615700003],[-82.87857294499997,36.88959214800008],[-83.00922598099999,36.847302134000074],[-83.072594,36.85459613300003],[-83.13323501399998,36.784592117000045],[-83.13639901199997,36.743095108000034],[-83.31140706199994,36.71029409400006],[-83.42371109199996,36.66739208100006],[-83.52961612299998,36.666191076000075],[-83.67539916199996,36.60079105700004],[-81.93414764599999,36.59422012600004],[-81.92264764399994,36.616220131000034],[-81.64690356099999,36.61192514100003],[-81.67753856899998,36.588124135000044],[-80.29524615199995,36.54398018000006],[-75.86704580099996,36.550761339000076]]]]}},{"type":"Feature","properties":{"adm0_a3":"USA","shape_name":"West Virginia","ihme_name":"West Virginia"},"geometry":{"type":"Polygon","coordinates":[[[-77.71952153399997,39.32132184400007],[-77.76111754799996,39.33976484600004],[-77.74387654399999,39.359954851000055],[-77.75339154799997,39.38210185500003],[-77.73590754299994,39.38967285700005],[-77.75309255099995,39.42326986300003],[-77.80325156699996,39.43714386400006],[-77.78558256199995,39.445374866000066],[-77.79847056699998,39.46067786900005],[-77.77781756099995,39.46193187000006],[-77.79669756799996,39.48050587300003],[-77.76599555999996,39.495731877000026],[-77.84566858499994,39.49863587500005],[-77.82535957999994,39.52918488100005],[-77.86368259099999,39.51503987700005],[-77.86535359299995,39.53838888200005],[-77.88894760199997,39.555957884000065],[-77.83633258599997,39.566377888000034],[-77.83357058799999,39.602943896000056],[-77.88512660399994,39.61578289600004],[-77.88847960399994,39.597350892000065],[-77.94194262199994,39.61879789500006],[-77.94618462099999,39.58482188800008],[-77.95764462699998,39.60862189200003],[-78.00998764299999,39.60290088900007],[-78.08226266999998,39.67117389900005],[-78.17662770099997,39.69597490000007],[-78.23156671599997,39.67438989400006],[-78.22359971299994,39.661104892000026],[-78.26509072299996,39.61928188200005],[-78.35522075199998,39.640583882000044],[-78.35577275199995,39.62626588000006],[-78.38248975999994,39.628223879000075],[-78.37473475599995,39.608642875000044],[-78.43025277399994,39.62329787600004],[-78.39531976099994,39.584222870000076],[-78.45718977999996,39.58738686800007],[-78.41758876499995,39.54716286200005],[-78.43739977199994,39.553479862000074],[-78.43835977099997,39.538760859000035],[-78.46022677899998,39.55119186100006],[-78.44864477499993,39.53996785900006],[-78.47116877999997,39.51611085300004],[-78.68945784999994,39.545777850000036],[-78.72501286199997,39.56398085300003],[-78.73398186599997,39.58662585700006],[-78.76749287699994,39.587494856000035],[-78.77686288099994,39.604034858000034],[-78.73355586799994,39.615540862000046],[-78.77751888199998,39.62171986200008],[-78.76504287999995,39.646094867000045],[-78.77524388299997,39.64569486700003],[-78.80174388999995,39.627495862000046],[-78.79585988699995,39.60694185800003],[-78.82601189499997,39.58883685300003],[-78.81676688999994,39.56169884800005],[-78.83855589699994,39.56730784900003],[-78.87474690499994,39.52261883800003],[-78.89331991099994,39.523763838000036],[-78.91649091599999,39.48655183000005],[-78.95921692799999,39.461900823000065],[-78.95675392499999,39.44027181900003],[-79.04705295599996,39.48335882400005],[-79.05809595899996,39.47081882100008],[-79.10319297299998,39.47601182000005],[-79.09455196999994,39.46519181800005],[-79.11060497199998,39.43270781100006],[-79.14375398099997,39.40520980400004],[-79.16015098699995,39.416387806000046],[-79.16205498499994,39.38832880000007],[-79.17864199099995,39.39663980100005],[-79.214283,39.36348979300004],[-79.25631101199997,39.357234790000064],[-79.25389400999995,39.33722978700007],[-79.28204001799998,39.32305578300003],[-79.29023901899996,39.29933077800007],[-79.34601403599999,39.293967774000066],[-79.42563005499994,39.22573275800005],[-79.48687607299996,39.20596875100006],[-79.47666510499994,39.721085853000034],[-80.51934542599997,39.721410809000076],[-80.51899449399997,40.638808984000036],[-80.57673950899994,40.61423197700003],[-80.62717452499999,40.61994397600006],[-80.66796053499996,40.58250396700004],[-80.59549750499997,40.47527395000003],[-80.61219850399993,40.40267493500005],[-80.63359950999995,40.390474932000075],[-80.60969850199996,40.37497593000006],[-80.59989849399994,40.31767692000005],[-80.61930049599994,40.265177909000045],[-80.65210150499996,40.24497790400005],[-80.70460551399998,40.154830884000035],[-80.70910551199995,40.10147987400006],[-80.73860751899997,40.075679867000076],[-80.74012951199995,39.97080084700008],[-80.76448251799997,39.95025784200004],[-80.75643551299999,39.91393783600006],[-80.80602152799997,39.91713783400007],[-80.79076451999998,39.86728782500006],[-80.82612752899996,39.84424581900004],[-80.82608252499995,39.79859181000006],[-80.86909553599997,39.76637180200004],[-80.82976751999996,39.71184679400005],[-80.86370152899997,39.69173178800003],[-80.88036352899996,39.62071377400008],[-80.92584454299998,39.617403771000056],[-80.97043955499998,39.59013476400003],[-81.07059757999997,39.51599874500005],[-81.13253759399998,39.446282729000075],[-81.18594960899998,39.43073872400004],[-81.21731861499995,39.38759771400004],[-81.27071963099996,39.38592171200003],[-81.37596465999997,39.34170469800006],[-81.41270967499997,39.394625707000046],[-81.45614668999997,39.40928170800004],[-81.55755071499993,39.338781690000076],[-81.57025071399994,39.26768267600005],[-81.68363074899997,39.27094667100005],[-81.69239874799996,39.22645066200005],[-81.72697675799998,39.215075659000036],[-81.75575776399995,39.180983651000076],[-81.74725675499997,39.095385634000024],[-81.81385877399998,39.07928562800004],[-81.80335876899994,39.04768562300006],[-81.76425675499996,39.01528661800006],[-81.78182375599994,38.96494260800006],[-81.75697874699995,38.937159603000055],[-81.76266274799997,38.924128600000074],[-81.82735776899995,38.94590560200004],[-81.85597477399995,38.89274159000007],[-81.89854478499996,38.87458958500008],[-81.92800379599998,38.893499587000065],[-81.89847378899998,38.92961059600003],[-81.93318980399994,38.98766660500007],[-81.97937481799994,38.99320060500003],[-82.00226482799997,39.027885610000055],[-82.03596683799998,39.025485608000054],[-82.14317086099999,38.89808657900005],[-82.14487085699994,38.84048756800007],[-82.22156987699998,38.78719455400005],[-82.18247085899998,38.708789540000055],[-82.17727084999996,38.60379152000007],[-82.20517485799996,38.59172651600005],[-82.26207387499994,38.598190515000056],[-82.29127488299997,38.57899051000004],[-82.30422688099998,38.496315493000054],[-82.33033888499995,38.44450748200006],[-82.54020294499998,38.403673465000054],[-82.59348396299998,38.42182846600008],[-82.59798295799999,38.344916451000074],[-82.57175994899995,38.31720244700006],[-82.58305995099994,38.29683644200003],[-82.57465994599994,38.26388043600008],[-82.61226395499995,38.23609442900005],[-82.59844094999994,38.21740042600004],[-82.61134694999998,38.17155541600005],[-82.64474295999997,38.16549441400008],[-82.62035494999998,38.121484406000036],[-82.55126292599994,38.07080639900005],[-82.51919691099994,38.00113838600004],[-82.46426089399995,37.98341938500005],[-82.50220190199997,37.93305937400004],[-82.48034189499998,37.92584337300008],[-82.47441089099993,37.89996236800005],[-82.46288488899995,37.914839372000074],[-82.41993287399998,37.88487736800005],[-82.40751686899995,37.86730436500005],[-82.42467787399994,37.861904363000065],[-82.40165586299997,37.81009835300006],[-82.38658985899997,37.81821935600004],[-82.32369983799998,37.77503535000005],[-82.33399783999994,37.765087347000076],[-82.31236683299994,37.76478134800004],[-82.33403883899996,37.74323434300004],[-82.29663782499995,37.70241033600007],[-82.30395682499994,37.67576733100003],[-82.24041380499995,37.661574330000064],[-82.21344679499998,37.625227324000036],[-82.18730178699997,37.62694232600006],[-82.19075978899997,37.64514432900006],[-82.17526778499996,37.64797833000006],[-82.18143378499997,37.62184932500003],[-82.16419477999995,37.620199325000044],[-82.15672177599998,37.592797320000045],[-82.12732476599996,37.58667432000004],[-82.14465176999994,37.568322316000035],[-82.13325076599995,37.55283931300005],[-82.07503374899994,37.555831316000024],[-82.04665673799997,37.528200312000024],[-82.04282873899996,37.54836831600005],[-82.01396972899994,37.53357131400003],[-81.97015071699997,37.54651131900005],[-81.96758671499998,37.53282231600008],[-81.94401370799994,37.53097131700008],[-81.94386870699998,37.512886313000024],[-81.92719770199994,37.51533931400007],[-81.99607871999996,37.47153330200007],[-81.98700971599999,37.45488529900007],[-81.93562469899996,37.43840429800008],[-81.92348469399997,37.41138629300008],[-81.93338569399998,37.36934828400007],[-81.86027066899999,37.31572227700008],[-81.84995266399994,37.285234271000036],[-81.75763463499999,37.274010272000055],[-81.74400662899995,37.24253526600006],[-81.67821360699998,37.20149026100006],[-81.55360356999995,37.208450267000046],[-81.50732855799998,37.23380727400007],[-81.49887755699996,37.258032279000076],[-81.48014755099996,37.251128279000056],[-81.41666653299995,37.27322128600008],[-81.39429052899999,37.31641829600005],[-81.36215952099997,37.337694301000056],[-81.22510747299998,37.234881286000075],[-81.11259944199998,37.278504299000076],[-80.947899394,37.29587930900004],[-80.84945436699996,37.34691632400006],[-80.88325138,37.38394033000003],[-80.85955937499995,37.42957534000004],[-80.78419135099995,37.39459433600007],[-80.77008534499998,37.37237033200006],[-80.55203928499998,37.47357036100004],[-80.51139427399994,37.48167936400006],[-80.49487026599996,37.43507735600008],[-80.47560425899997,37.422956354000064],[-80.29979221099995,37.50827837800006],[-80.28238820799999,37.53352438400003],[-80.33030922199998,37.536251383000035],[-80.31239621699996,37.546246385000074],[-80.32850722299997,37.56432238800005],[-80.22098719499996,37.62777440600007],[-80.26745820999997,37.64611540800007],[-80.29614122199996,37.69179041600006],[-80.25308021099994,37.72590642400007],[-80.25741421399994,37.756091430000026],[-80.21566120299997,37.777488436000056],[-80.22709520699993,37.79889344000003],[-80.16220519299998,37.87512945800006],[-79.99938715099995,37.99584948900008],[-79.92633313499994,38.10715851400005],[-79.94484614299995,38.13159251900004],[-79.91866513599996,38.15479752400006],[-79.91634713799994,38.18628553100007],[-79.78894810399999,38.26871055200007],[-79.81015711299995,38.306714559000056],[-79.76443510199994,38.35652157100003],[-79.725600091,38.36383557400006],[-79.72635309199995,38.38707757900005],[-79.68967808399998,38.431446589000075],[-79.69757508999999,38.48723060000003],[-79.66207708099995,38.51552460700003],[-79.67297708499996,38.52872460900005],[-79.64907808199996,38.59152262300006],[-79.53687304499994,38.55092461900006],[-79.47664102099998,38.45723560300007],[-79.31227896699994,38.41188360000007],[-79.28297395899995,38.41810260300008],[-79.21059394099996,38.49292062000006],[-79.12975992699995,38.65502465600008],[-79.09295791599999,38.659524659000056],[-79.09275791899995,38.70232266700003],[-79.05495691199997,38.78572068500006],[-79.02725590399996,38.79212068800007],[-78.99817389899994,38.847360700000024],[-78.86927885399996,38.76299868800004],[-78.78602783599996,38.88719471600007],[-78.71707881799995,38.936035729000025],[-78.71864981699997,38.90456872200008],[-78.680458806,38.92532072800003],[-78.62567479299997,38.982582742000034],[-78.60165778399994,38.96461073900008],[-78.55046977199999,39.01807275200008],[-78.57190377899997,39.03200275300003],[-78.40369973599996,39.167458787000044],[-78.43865374899997,39.198056792000045],[-78.39967173999997,39.24388180200003],[-78.41942474699994,39.25748380400006],[-78.33928672799993,39.34861282600008],[-78.36686973699994,39.359297827000034],[-78.34321673199997,39.388814833000026],[-78.35992073799997,39.40903583700003],[-78.34708973799997,39.46601984800003],[-77.82815955599995,39.132336802000054],[-77.77028354499998,39.255984829000056],[-77.71952153399997,39.32132184400007]]]}},{"type":"Feature","properties":{"adm0_a3":"USA","shape_name":"Louisiana","ihme_name":"Louisiana"},"geometry":{"type":"MultiPolygon","coordinates":[[[[-88.86271927799999,29.856789432000028],[-88.86514827799994,29.848474430000067],[-88.86233627799999,29.846200429000078],[-88.86271927799999,29.856789432000028]]],[[[-88.87933828299998,29.87402843500007],[-88.87607828299997,29.875026435000052],[-88.87531128299997,29.881954437000047],[-88.87933828299998,29.87402843500007]]],[[[-88.83373027599998,29.998826464000047],[-88.88145929199999,30.053207474000033],[-88.84087127799995,29.995618463000028],[-88.82825227099994,29.92072244700006],[-88.84301527099996,29.82596542500005],[-88.87509627699995,29.759823410000024],[-88.83271526899995,29.824067425000067],[-88.81702226899995,29.934255450000023],[-88.83373027599998,29.998826464000047]]],[[[-89.26222738599995,29.827529412000047],[-89.24890738299996,29.82316441200004],[-89.24550438199998,29.826610413000026],[-89.24951038299997,29.828654413000038],[-89.26222738599995,29.827529412000047]]],[[[-89.28777140099999,29.999587449000046],[-89.29335740199997,29.994750448000048],[-89.28991040099999,29.995161448000033],[-89.28777140099999,29.999587449000046]]],[[[-89.29832837799995,29.385433314000068],[-89.29868537799996,29.38151931300007],[-89.29697337799996,29.38251331300006],[-89.29832837799995,29.385433314000068]]],[[[-89.29918437799995,29.37922031200003],[-89.30082437899995,29.37567831100006],[-89.29697337699997,29.37511931100005],[-89.29918437799995,29.37922031200003]]],[[[-89.32223540799998,29.95418943800007],[-89.32663240899996,29.946981437000034],[-89.31938240699998,29.948938437000038],[-89.32223540799998,29.95418943800007]]],[[[-89.33566341199997,29.96283844000004],[-89.33400041199997,29.95913243900003],[-89.33221741099999,29.96242644000006],[-89.33566341199997,29.96283844000004]]],[[[-89.33958541499999,29.99402944600007],[-89.33673341399998,29.987956445000066],[-89.33673341399998,29.99423544700005],[-89.33958541499999,29.99402944600007]]],[[[-89.34216841799997,30.059177461000047],[-89.33322641499996,30.03477245600004],[-89.32395841299996,30.047793459000047],[-89.28759340199997,30.04059245800005],[-89.27583139799998,30.023086455000055],[-89.24433539099994,30.05828546400005],[-89.22950538499998,30.000438451000036],[-89.20158937699995,30.00143445300006],[-89.21305038099996,30.02735745800004],[-89.18396437399997,30.032773460000044],[-89.17573337299996,30.06278046700004],[-89.22080538499995,30.071450467000034],[-89.22906338899998,30.098911473000044],[-89.24308439299995,30.10066847300004],[-89.18572037999996,30.157006487000046],[-89.34216841799997,30.059177461000047]]],[[[-89.34742941599995,29.975192442000036],[-89.34041741399994,29.97622244300004],[-89.34350741499998,29.981266444000028],[-89.34742941599995,29.975192442000036]]],[[[-89.35776841699999,29.934006433000036],[-89.36026341699994,29.91989643000005],[-89.35242041499998,29.924428431000024],[-89.35776841699999,29.934006433000036]]],[[[-89.35705541999994,30.006071449000046],[-89.364185422,30.004218448000074],[-89.35479741899996,30.002469448000056],[-89.35705541999994,30.006071449000046]]],[[[-89.36038241999995,29.979207443000064],[-89.36168941899996,29.95171843600008],[-89.35372741699996,29.95964643800005],[-89.36038241999995,29.979207443000064]]],[[[-89.37975342699997,30.014612450000072],[-89.37844642599998,30.004218447000028],[-89.36477942199997,30.009055449000073],[-89.37975342699997,30.014612450000072]]],[[[-89.44209844899996,30.144374476000053],[-89.42903644499995,30.12856447300004],[-89.41769944199996,30.14368747700007],[-89.44209844899996,30.144374476000053]]],[[[-89.58050246299996,29.57949934800007],[-89.57602946199995,29.574079347000065],[-89.56913645999998,29.575216347000037],[-89.58050246299996,29.57949934800007]]],[[[-89.62677447399994,29.535210336000034],[-89.59967846499995,29.50759933100005],[-89.564620457,29.54379134000004],[-89.57519745999997,29.549891341000034],[-89.62677447399994,29.535210336000034]]],[[[-89.64103447899998,29.559092341000053],[-89.64329247899997,29.55371634000005],[-89.63960847799996,29.555680341000027],[-89.64103447899998,29.559092341000053]]],[[[-89.63711347799995,29.569222344000025],[-89.64364947999997,29.56405334200008],[-89.63033947599996,29.56870534400008],[-89.63711347799995,29.569222344000025]]],[[[-89.66337648499996,29.556094340000072],[-89.666110485,29.550408339000057],[-89.65791048299997,29.547100338000064],[-89.66337648499996,29.556094340000072]]],[[[-89.90093753999997,29.31653828000003],[-89.88346853499996,29.307108278000044],[-89.86124552899997,29.31166728000005],[-89.89024253699995,29.323894282000026],[-89.90093753999997,29.31653828000003]]],[[[-89.94302154999997,29.27653427000007],[-89.94422654999994,29.271722269000065],[-89.90659153999997,29.296642275000067],[-89.94302154999997,29.27653427000007]]],[[[-89.959765555,29.306781276000038],[-89.95793955499994,29.302475275000063],[-89.95698555399997,29.30366927500006],[-89.959765555,29.306781276000038]]],[[[-89.96689355599995,29.28264827000004],[-89.97949055899994,29.277569269000026],[-89.96713155599997,29.271453268000073],[-89.96689355599995,29.28264827000004]]],[[[-89.98404056199996,29.320819278000045],[-89.98159256099996,29.30880727600004],[-89.97316855899999,29.301027274000035],[-89.97034655899995,29.316912278000075],[-89.98404056199996,29.320819278000045]]],[[[-90.01454856799995,29.250925262000067],[-90.02464956999995,29.24107525900007],[-90.008012566,29.239519259000076],[-90.01454856799995,29.250925262000067]]],[[[-90.02262957099998,29.267203265000035],[-90.02690757199997,29.26004926300004],[-90.01989656999996,29.264922265000052],[-90.02262957099998,29.267203265000035]]],[[[-90.31259864199995,29.075234214000034],[-90.327453645,29.064431211000056],[-90.31093564099996,29.07274121300003],[-90.31259864199995,29.075234214000034]]],[[[-90.34480765499995,29.18789423800007],[-90.34765665499998,29.17769623500004],[-90.33803065299998,29.18942123800008],[-90.34480765499995,29.18789423800007]]],[[[-90.35181665399995,29.107530220000058],[-90.35603365499998,29.10193921800004],[-90.34314065099994,29.106181220000053],[-90.35181665399995,29.107530220000058]]],[[[-90.37261465899996,29.11115422000006],[-90.34670665299996,29.11708222200008],[-90.33958765099999,29.126723224000045],[-90.35145965399994,29.131097225000076],[-90.37261465899996,29.11115422000006]]],[[[-90.41076067399996,29.210687241000073],[-90.41087967299995,29.202700239000023],[-90.40778967299997,29.203945239000063],[-90.41076067399996,29.210687241000073]]],[[[-90.44439268499997,29.262537251000026],[-90.44142168399998,29.252066249000052],[-90.43512268199999,29.25341424900006],[-90.44439268499997,29.262537251000026]]],[[[-90.55032170699997,29.092147210000064],[-90.47332568499996,29.059495206000065],[-90.42366567099998,29.060868207000055],[-90.47006068399998,29.066884207000044],[-90.55032170699997,29.092147210000064]]],[[[-90.61433372799996,29.196268231000033],[-90.61873072899994,29.19533423100006],[-90.61338272799998,29.193156231000046],[-90.61433372799996,29.196268231000033]]],[[[-90.75932176099997,29.046893194000063],[-90.74090575599996,29.046799195000062],[-90.66167473599995,29.062617200000034],[-90.71178274899995,29.06233619900007],[-90.75932176099997,29.046893194000063]]],[[[-90.86814779099996,29.057204193000075],[-90.83434078099998,29.044928191000054],[-90.80616077399998,29.053799194000078],[-90.84391678399999,29.05005519200006],[-90.86814779099996,29.057204193000075]]],[[[-90.93574880899996,29.05564619100005],[-90.92649880599998,29.049124189000054],[-90.91553380299996,29.049874190000025],[-90.92637580599995,29.05153419000004],[-90.93574880899996,29.05564619100005]]],[[[-91.03633384099999,29.190251217000025],[-91.04013684199998,29.188694216000044],[-91.03633384099999,29.187657216000048],[-91.03633384099999,29.190251217000025]]],[[[-91.37657294099995,29.401781252000035],[-91.38382194299999,29.39505125100004],[-91.37609694099996,29.393395250000026],[-91.37657294099995,29.401781252000035]]],[[[-91.38171994099997,29.355776242000047],[-91.38239594099997,29.350726241000075],[-91.37966293999995,29.35404124200005],[-91.38171994099997,29.355776242000047]]],[[[-91.38417894299994,29.39018525000006],[-91.38596094299999,29.382004248000044],[-91.37942494199996,29.387493249000045],[-91.38417894299994,29.39018525000006]]],[[[-92.03185612399994,29.57763526900004],[-91.82158506299999,29.473930254000038],[-91.76826904999996,29.49036725900004],[-91.76541704999994,29.52480726600004],[-91.70813603699997,29.568849278000073],[-91.73677604399995,29.56233727500006],[-91.73333004399996,29.580839280000077],[-91.77587505499997,29.56781627500004],[-91.77528105599998,29.58786628000007],[-91.80273306299995,29.58869327900004],[-91.84301907499997,29.62774928600004],[-91.90315209199997,29.637356286000056],[-91.92846509799995,29.635083285000064],[-91.93990909999997,29.610296279000067],[-91.98904711399996,29.611453278000056],[-92.03185612399994,29.57763526900004]]],[[[-91.16607905999996,33.00411201600008],[-94.04297082799997,33.01922490000004],[-94.04183976999997,31.992407697000033],[-94.01727176299994,31.98934869800007],[-93.97394874799994,31.921673686000076],[-93.923262734,31.907798685000046],[-93.92666073399994,31.888260681000077],[-93.89741872699994,31.89444168400007],[-93.90246472699994,31.87528067900007],[-93.88078972099999,31.864758678000044],[-93.87325971599995,31.81489166800003],[-93.82344970099996,31.77510366200005],[-93.83610970299998,31.74852665700007],[-93.81347269599996,31.725889653000024],[-93.81629769599994,31.707502649000048],[-93.79455468999998,31.702081649000036],[-93.82646869599995,31.666924641000037],[-93.81684469099997,31.622514632000048],[-93.83806369599995,31.60680062800003],[-93.83493069399998,31.58621662400003],[-93.78769367899997,31.52734961400006],[-93.74774366799994,31.53069561600006],[-93.74220266599997,31.515474613000038],[-93.71158765799998,31.51279461400003],[-93.75185766699997,31.48312260600005],[-93.74948266599995,31.46869560300007],[-93.70394065299996,31.455498602000034],[-93.70894365399994,31.44171159900003],[-93.69253264899999,31.43820659900007],[-93.70488565099998,31.410886593000043],[-93.67412364199998,31.39768659200007],[-93.67029363999995,31.366149586000063],[-93.63922863199997,31.372025588000042],[-93.66844563799998,31.353017583000053],[-93.68688664099994,31.305171573000052],[-93.64147862699997,31.269941567000046],[-93.62034962199994,31.27103056800007],[-93.61799061899995,31.232506560000047],[-93.59656261299995,31.229662561000055],[-93.60729461499994,31.205408555000076],[-93.58850960799998,31.16558654800008],[-93.53331359399994,31.184468554000034],[-93.54870659699998,31.155844547000072],[-93.54138159299998,31.113507539000068],[-93.56347859799996,31.093994534000046],[-93.52775358799994,31.07457553100005],[-93.51891858499994,31.061868529000037],[-93.53122558699994,31.05168352700008],[-93.50829857999997,31.03235752300003],[-93.57821359699994,31.000000514000078],[-93.56429559299994,30.98960651300007],[-93.57282959399998,30.970728508000036],[-93.53176458299998,30.958222507000073],[-93.52601957999997,30.937540503000037],[-93.57408658999998,30.884534491000068],[-93.55465158199996,30.82325447900007],[-93.58378158899995,30.801784473000055],[-93.59210758899997,30.76368046500005],[-93.61445459499998,30.75987546400006],[-93.60955059199995,30.723144456000057],[-93.62991059499996,30.67994544700008],[-93.68310660699996,30.640768437000077],[-93.67866860399994,30.594102427000053],[-93.72194261399994,30.580329423000023],[-93.74025961699994,30.53957441400007],[-93.70651360699998,30.50991540900003],[-93.71742760899997,30.483827403000078],[-93.69780660199996,30.440588395000077],[-93.726830609,30.429680392000023],[-93.75766061499996,30.39042838200004],[-93.75175061199997,30.361051377000024],[-93.76582861399999,30.333323370000073],[-93.74394760699994,30.304037365000056],[-93.70459059599995,30.28995436300005],[-93.71784559499997,30.194004343000074],[-93.70550159199996,30.192926343000067],[-93.70653858999998,30.147429334000037],[-93.68855858499995,30.140379333000055],[-93.73409159499994,30.08613532000004],[-93.69940258399998,30.059255316000076],[-93.71733358899996,30.065715316000023],[-93.74207659399997,30.020776306000073],[-93.786941604,29.990585298000042],[-93.83838061299997,29.882860274000052],[-93.92275063199997,29.818813258000034],[-93.92651063199997,29.789565252000045],[-93.83797760399995,29.69062423400004],[-93.78003659099994,29.723235243000033],[-93.68204956599999,29.746450251000056],[-93.49285651699995,29.768734262000066],[-93.17693643499996,29.77049227300006],[-92.98184438099997,29.721477269000047],[-92.66073929099997,29.59610725300007],[-92.56678126499997,29.57724125200008],[-92.575768268,29.583809253000027],[-92.56150826499999,29.589597255000058],[-92.55746726299998,29.576058252000053],[-92.32347119899998,29.531502250000074],[-92.25549518099996,29.540188254000043],[-92.14699415499996,29.58567026700007],[-92.043960127,29.584636270000033],[-92.07069913499998,29.600034273000063],[-92.03813712699997,29.61821827800003],[-92.00890211899997,29.61294927800003],[-92.034572127,29.631545281000058],[-92.10575714499998,29.611813274000042],[-92.13665515499997,29.667486285000052],[-92.103873148,29.69915029300006],[-92.16909816499998,29.700215291000063],[-92.20008217499998,29.725715295000043],[-92.20331817699997,29.75340730100004],[-92.17111216799998,29.739787299000056],[-92.17334916899995,29.761291304000054],[-92.15733316399997,29.752950303000034],[-92.13190515799994,29.765842306000025],[-92.12358315499995,29.75346630400003],[-92.14443715899995,29.716423295000027],[-92.08365214499997,29.759140306000063],[-91.98287611999996,29.796171318000063],[-91.97099211799997,29.834321326000065],[-91.93751310899995,29.81677032400006],[-91.88912409699998,29.836028329000044],[-91.83081408099997,29.82927533000003],[-91.82602407699994,29.78240432000007],[-91.83908008099996,29.773583318000078],[-91.85167708499995,29.791839321000054],[-91.87924809099997,29.756561313000077],[-91.85441008299995,29.734687309000037],[-91.88075608899999,29.710844303000044],[-91.85833208299994,29.706098302000044],[-91.75292105699998,29.749855315000048],[-91.627902023,29.74108431700006],[-91.62302901899994,29.670997303000036],[-91.64751002399998,29.635470294000072],[-91.55457699899995,29.635780297000053],[-91.52552898699997,29.551909280000075],[-91.54138599099997,29.526332274000026],[-91.49614197899996,29.53893627800005],[-91.46096896699999,29.46996626400005],[-91.35761894099994,29.51299627700007],[-91.35950494099995,29.495899273000077],[-91.34833993799998,29.50261527500004],[-91.34045993499996,29.488468272000034],[-91.36048993999998,29.470746268000028],[-91.32042992899994,29.478321271000027],[-91.36426593899995,29.435435260000077],[-91.32962992999995,29.42662025900006],[-91.33405692999997,29.391530251000063],[-91.30762492299993,29.41355625700004],[-91.28168491599996,29.404403256000023],[-91.25787891099998,29.44530126500007],[-91.24655090799996,29.430002263000063],[-91.21781989999994,29.435292265000044],[-91.21958489899998,29.397122256000046],[-91.12629587099997,29.333426245000055],[-91.11892786799996,29.306175240000073],[-91.132950871,29.281404234000036],[-91.11845286599998,29.25548722900004],[-91.16777087899999,29.23443822200005],[-91.15446087599997,29.25496922700006],[-91.17656488199998,29.271142230000066],[-91.16277988099995,29.321304242000053],[-91.19926388999994,29.30513923700005],[-91.23824290199997,29.350623246000055],[-91.23699290299999,29.371347250000042],[-91.26545790999995,29.36098124700004],[-91.29182691499994,29.311362235000047],[-91.33977392799994,29.30982323300003],[-91.28832991199994,29.25574822300007],[-91.21518789099997,29.226971219000063],[-91.12986086799998,29.220748221000065],[-91.06473684899998,29.18412921500004],[-91.03835484299998,29.210376221000047],[-91.00827783299997,29.174341214000037],[-90.95243281899997,29.18329921800006],[-90.86912679399995,29.118328206000058],[-90.86983979299998,29.098808202000043],[-90.83611278299998,29.06606819600006],[-90.80593877399997,29.06446519600007],[-90.80221977499997,29.093824203000054],[-90.72996475699995,29.138052215000073],[-90.71142575099998,29.11635621100004],[-90.69431274699997,29.125076213000057],[-90.68504374599996,29.165556222000077],[-90.64677673599994,29.16866922400004],[-90.63572473499994,29.213902234000045],[-90.61183772799995,29.214836235000064],[-90.61599772999995,29.23640824000006],[-90.56180671499999,29.234956241000077],[-90.59270472399999,29.245948243000043],[-90.59757672799998,29.30327325500008],[-90.57701772299998,29.313222258000053],[-90.55431971499996,29.28524025300004],[-90.52318370799998,29.30420625800008],[-90.47909369499996,29.29218425600004],[-90.440232687,29.34938027000004],[-90.39293467199997,29.296641260000058],[-90.40327367299994,29.23381624600006],[-90.37261366599995,29.264818254000033],[-90.37665366799996,29.293324260000077],[-90.35407466199996,29.30545026300007],[-90.30534964699996,29.268447257000048],[-90.27283763599996,29.19903724200003],[-90.25923963199995,29.19958824300005],[-90.263518633,29.180602239000052],[-90.28526563799994,29.17800823700003],[-90.25876463099996,29.165556235000054],[-90.28146263699995,29.156527233000077],[-90.24533562599999,29.149677232000045],[-90.27777863499995,29.142827230000023],[-90.23441062299997,29.12882922800003],[-90.24806862499997,29.09662822100006],[-90.22287461799993,29.087074219000044],[-89.95076155099997,29.26080626600003],[-89.98816656099996,29.260153265000042],[-90.00622956499996,29.234334258000047],[-90.04093157299997,29.205501251000044],[-90.07336058199996,29.210616251000033],[-90.10605559299995,29.253725260000067],[-90.07533558599994,29.296019270000045],[-90.01864856999998,29.28679427000003],[-90.01627156999996,29.300475273000075],[-90.03766257699994,29.309180274000028],[-90.03182057599997,29.34425628200006],[-89.97889656199999,29.346997284000054],[-89.99755456799994,29.37050928900004],[-90.01585557199996,29.35404128400006],[-90.04200057999998,29.360670285000026],[-90.00890357199995,29.379208290000065],[-89.97039956299994,29.431801303000043],[-89.99179056999998,29.450637306000033],[-89.96398256299995,29.463054310000075],[-89.93427255399996,29.439667306000047],[-89.91929854999995,29.448360308000076],[-89.87954653899999,29.434544306000078],[-89.85197553299997,29.475739316000045],[-89.81596752199994,29.46032331400005],[-89.83533852699998,29.452251312000044],[-89.84355852799996,29.421682305000047],[-89.81465951999996,29.400083301000052],[-89.79089151399995,29.410850304000064],[-89.76801550699997,29.38936730000006],[-89.64489747299996,29.389988304000042],[-89.64741647399995,29.40986730800006],[-89.60876946299999,29.387503304000063],[-89.59545945799994,29.356020298000033],[-89.62326846499997,29.346283295000035],[-89.646798473,29.376319301000024],[-89.75969650299999,29.350219292000077],[-89.79059450999995,29.328256286000055],[-89.80152851399998,29.35332629100003],[-89.82214652,29.356589291000034],[-89.84264652399997,29.318828282000027],[-89.63966846799997,29.290536282000062],[-89.60597945699999,29.25365527500003],[-89.48284942199996,29.215058270000043],[-89.39965339599996,29.123682252000037],[-89.35059038199995,29.129603255000063],[-89.33187337799995,29.148650260000068],[-89.328545379,29.19057226900003],[-89.29503236999994,29.198872272000074],[-89.27649336399998,29.173556267000038],[-89.27863236299999,29.13764725900006],[-89.31238337099995,29.11750825400003],[-89.31000636899995,29.07098624300005],[-89.34304337699996,29.057690239000067],[-89.41987039299994,28.929714208000064],[-89.36437537999996,28.964726218000067],[-89.28322036099996,29.053330240000037],[-89.25935935499996,29.05836324200004],[-89.25173235399996,29.083177248000027],[-89.22149434499994,29.06457924500006],[-89.21867834199998,29.02252023500006],[-89.14287131999998,28.99162823100005],[-89.13774831999996,29.018883237000068],[-89.15859832599995,29.021766237000065],[-89.14695832399997,29.070986248000054],[-89.11653531599995,29.074102250000067],[-89.10370031399998,29.11667826000007],[-89.06662230299997,29.090719255000067],[-89.03952629699995,29.135468266000032],[-89.09704531299997,29.13878926500007],[-89.11178131799994,29.15996226900006],[-89.05117830199998,29.170488273000046],[-89.04713230099998,29.18445127700005],[-89.01053029099995,29.170755275000033],[-89.02597929699994,29.21515828400004],[-89.09633231499998,29.18797927600008],[-89.12200132299995,29.202088278000076],[-89.11665832199998,29.219537282000033],[-89.13055832599997,29.226566283000068],[-89.11510932299996,29.252906290000055],[-89.18213434499995,29.337684307000075],[-89.20039434999995,29.344423307000056],[-89.23537535799994,29.30432029700006],[-89.26670536799998,29.34991930700005],[-89.30220937899998,29.369838310000034],[-89.31209038199995,29.388043314000072],[-89.31054138099995,29.361354308000045],[-89.33858738799995,29.355450306000023],[-89.33587838799997,29.38099931100004],[-89.40351540699999,29.388225311000042],[-89.42165641199995,29.376267308000024],[-89.42214641199996,29.388367310000035],[-89.47014742599998,29.401476312000057],[-89.51233143699994,29.382274306000056],[-89.56129344999994,29.395217308000042],[-89.55285544899994,29.409504311000035],[-89.52001443899997,29.399636310000062],[-89.53883244599996,29.431656316000044],[-89.52278944199998,29.45618432200007],[-89.55226144999995,29.455459321000035],[-89.56961245699995,29.494049329000063],[-89.64020347599995,29.503565329000025],[-89.68346048999996,29.54927133800004],[-89.68449149099996,29.563268341000025],[-89.64180747999995,29.575578345000054],[-89.68268849199995,29.596867348000046],[-89.67104148899995,29.601620350000076],[-89.68449149299994,29.624809354000035],[-89.64927448399999,29.625190356000076],[-89.63776647899994,29.596660350000036],[-89.60127546899997,29.583617348000075],[-89.62040047499994,29.605346352000026],[-89.60211446999995,29.61030035400006],[-89.62897247799998,29.61381235400006],[-89.62992347899996,29.62889635700003],[-89.66165348799996,29.64645536000006],[-89.62053547599999,29.63612635900006],[-89.56539346199997,29.659261366000067],[-89.50049844399996,29.63415036200007],[-89.53154745299997,29.66644936800003],[-89.51453244899994,29.668839369000068],[-89.52489245199996,29.682804372000078],[-89.50772544799997,29.692021375000024],[-89.52489245399994,29.72657138200003],[-89.48515244299995,29.719966382000052],[-89.46760443699998,29.699024378000047],[-89.46556743499997,29.65174336700005],[-89.44565342899995,29.651884368000026],[-89.42421542499994,29.697643379000056],[-89.38779941499996,29.679996376000076],[-89.43025542799995,29.712611382000034],[-89.43077142899995,29.740770388000044],[-89.39470242099998,29.790157400000055],[-89.28574738999998,29.763396397000065],[-89.29252039399995,29.79917140500004],[-89.33646040499997,29.785172401000068],[-89.35699541099996,29.80002340300007],[-89.34934340999996,29.820834408000053],[-89.37943241799996,29.82213040700003],[-89.38570742099995,29.83549241000003],[-89.34083340899997,29.849676415000033],[-89.32752340399998,29.82328540900005],[-89.31239939999995,29.823630410000078],[-89.30603739999998,29.865671419000023],[-89.27092138999996,29.852098417000036],[-89.24119438299994,29.885118426000076],[-89.33512940799994,29.872762420000072],[-89.34197441099997,29.883148422000033],[-89.27981139499997,29.927251434000027],[-89.23244138299998,29.930433436000044],[-89.22788838299994,29.97048744500006],[-89.24997438899999,29.97560244500005],[-89.24785338999999,29.997333450000042],[-89.27332039699996,29.99382544900004],[-89.31763540599997,29.92122443100004],[-89.37006841899995,29.892133423000075],[-89.39835242899994,29.95784543700006],[-89.381239425,29.95949243800004],[-89.42354643599998,29.963404437000065],[-89.43341643999997,29.991210443000057],[-89.45777144699997,29.998197444000027],[-89.43210244099998,30.01054744700008],[-89.44897744599996,30.019191448000072],[-89.42996344099998,30.028863451000063],[-89.39906543099994,30.00087344600007],[-89.40783943499997,30.023873451000043],[-89.37458442599996,30.03256745400006],[-89.37268242599998,30.049850458000037],[-89.43043844099998,30.033801452000034],[-89.44256044499997,30.046352455000033],[-89.43108044199994,30.051768456000048],[-89.48442845799997,30.078838460000043],[-89.49152245799996,30.037505451000072],[-89.58009147999996,29.99046043800007],[-89.57042447599997,29.961470432000056],[-89.59643447999997,29.879559413000038],[-89.66544049799995,29.862801407000063],[-89.74494452199997,29.90791041500006],[-89.74718152299994,29.930766419000065],[-89.71984851699995,29.952137425000046],[-89.81926554299997,29.933137418000058],[-89.85231755399997,29.97765542600007],[-89.85756355599995,30.00444443200007],[-89.81833254799994,30.045735442000023],[-89.76794353399998,30.04573544400006],[-89.717683519,30.02527744100007],[-89.73086552399997,30.06075344800007],[-89.68492451199995,30.07523145300007],[-89.67816851199996,30.108291460000032],[-89.62414749899995,30.157390473000078],[-89.58706748899993,30.150653473000034],[-89.55755948199999,30.17981848000005],[-89.52450947299997,30.180758481000055],[-89.53865747799995,30.19580248400007],[-89.57445948699996,30.18170248000007],[-89.61586149999994,30.223200488000032],[-89.61416150099996,30.244600492000075],[-89.64718351099998,30.28937250100006],[-89.62622650699996,30.31426050700003],[-89.62973250899995,30.339292512000043],[-89.65719651699999,30.356520515000057],[-89.68369152699995,30.40587852500005],[-89.68341552899994,30.451798535000023],[-89.76813855499995,30.51502554600006],[-89.77957055899998,30.544350552000026],[-89.80392456599998,30.549354552000068],[-89.786870562,30.569058557000062],[-89.80803256799999,30.568003556000065],[-89.81392557099997,30.607726564000075],[-89.83083057599998,30.617654566000056],[-89.81398257299998,30.638185571000065],[-89.85189458399998,30.661204575000056],[-89.83789958099999,30.67251957700006],[-89.83687558299994,30.734666591000064],[-89.81608057799997,30.739371593000044],[-89.82870258099996,30.739456592000067],[-89.83042358399996,30.77984760100003],[-89.80511257699999,30.790601604000074],[-89.79865957699997,30.820860611000057],[-89.78117357199994,30.82012861100003],[-89.79247557599996,30.85039161700007],[-89.77172757099999,30.854682619000073],[-89.77310457299996,30.898343628000077],[-89.74479456699999,30.91893863400003],[-89.75633857099996,30.943503639000028],[-89.72707756399996,30.967400645000055],[-89.72962156599993,31.00393265200006],[-91.63694808199995,30.99942158400006],[-91.57841906799996,31.024035592000075],[-91.55991306399994,31.054124598000044],[-91.62600008499999,31.116901609000024],[-91.58894507899998,31.18896462600003],[-91.65403309899995,31.255758637000042],[-91.51562006299997,31.278215647000025],[-91.50866606299996,31.31513665500006],[-91.54897307599998,31.347260660000074],[-91.54621307699995,31.382485668000072],[-91.56895908299998,31.377634666000063],[-91.57627108599996,31.41050367200006],[-91.54163207799996,31.431711678000056],[-91.52184207,31.375175667000065],[-91.47887605799997,31.36496066600006],[-91.47207105699994,31.395930673000066],[-91.51337207099994,31.444401682000034],[-91.52254207699997,31.522083698000074],[-91.44392205699995,31.542471705000025],[-91.40542104899998,31.576471713000046],[-91.42272205399996,31.597070717000065],[-91.48862407199994,31.587471712000024],[-91.51657307999994,31.61182371600006],[-91.51546808099994,31.63037772000007],[-91.49767107699995,31.645376724000073],[-91.43672205899998,31.61267072000004],[-91.40102104999994,31.620370723000065],[-91.39792105299995,31.709369741000046],[-91.37181004799999,31.742953749000037],[-91.26341201899999,31.75447375600004],[-91.26304901999998,31.76700075800005],[-91.28605102599994,31.77206775800005],[-91.36553504699998,31.76163375300007],[-91.34572004599994,31.842866771000047],[-91.29341903299996,31.86016577600003],[-91.28221802799999,31.814767767000035],[-91.25561701999999,31.81266776800004],[-91.24505301799996,31.831452772000034],[-91.26771802599995,31.862665778000064],[-91.180616005,31.917964793000067],[-91.19321600999996,31.93566379600003],[-91.18481600899997,31.96556280200008],[-91.16441600399997,31.98256280700008],[-91.10411398899998,31.99036281000008],[-91.07591398199997,32.01683381700008],[-91.08811398699999,32.03446082000005],[-91.15141600399994,32.049260821000075],[-91.16031600799994,32.070359825000025],[-91.13931500299998,32.08175982800003],[-91.08021398499994,32.04836082300005],[-91.08151398699994,32.07775982900006],[-91.03471297599998,32.10105883600005],[-91.00411196999994,32.14615784700004],[-91.00291196999996,32.16205785000005],[-91.05831298599998,32.180956852000065],[-91.05318098199996,32.12424284000008],[-91.16282801199998,32.132699838000065],[-91.17455801599993,32.154983842000036],[-91.16417701599994,32.19689385100003],[-91.08371399499998,32.226455860000044],[-91.06141398899996,32.21865585900002],[-91.03901298399995,32.24235486500004],[-91.00291197299998,32.223055862000024],[-90.99516496999996,32.192125856000075],[-90.96940896599995,32.252525870000056],[-90.97948097099999,32.29370787800008],[-90.94783996199999,32.283491877000074],[-90.92223695599995,32.29864488100003],[-90.87563694699998,32.37243989800004],[-90.91236895499998,32.33945989000006],[-90.99363097799994,32.35405289000005],[-91.00451198199994,32.368149892000076],[-90.99408598099996,32.40386790000008],[-90.96626097399997,32.42103290500006],[-90.96959597599994,32.439495908000026],[-90.99386898299997,32.45085591000003],[-91.05291299799995,32.43844790500003],[-91.11601401799999,32.483145912000055],[-91.09374701599995,32.549133926000025],[-91.03811199699999,32.490445916000056],[-90.999228986,32.48262091600003],[-90.98720798399995,32.495668919000025],[-91.08040401199997,32.55644792800007],[-91.01023399599995,32.60193294000004],[-91.01429199899997,32.64048794800004],[-91.03842100499998,32.63644894600003],[-91.04980200699998,32.60719394000006],[-91.11986002499998,32.584800932000064],[-91.15132403499996,32.615924937000045],[-91.15208703599995,32.641513943000064],[-91.05448701399996,32.72226496300004],[-91.16533404599994,32.751306965000026],[-91.14500804599999,32.842875984000045],[-91.10563703599996,32.85840198900007],[-91.06369002699995,32.90637],[-91.08680803699997,32.97627201300003],[-91.106587043,32.98894401500007],[-91.13552305099995,32.97966301200006],[-91.13131004699994,32.926925002000075],[-91.14508204899994,32.90549999700005],[-91.17541105699996,32.90000399400003],[-91.20826906699995,32.91535999600006],[-91.20184806799995,32.961218006000024],[-91.16607905999996,33.00411201600008]]]]}},{"type":"Feature","properties":{"adm0_a3":"USA","shape_name":"Michigan","ihme_name":"Michigan"},"geometry":{"type":"MultiPolygon","coordinates":[[[[-83.18993142999994,42.03599511500005],[-83.19100142999997,42.03343611500003],[-83.18921842999998,42.033347115000026],[-83.18993142999994,42.03599511500005]]],[[[-83.20962773399998,45.053122630000075],[-83.20513473099999,45.03920962800004],[-83.18956672599995,45.03383462800008],[-83.20962773399998,45.053122630000075]]],[[[-83.21808873599997,45.04953762900004],[-83.22735873799996,45.03962862700007],[-83.21511773499998,45.04315562800008],[-83.21808873599997,45.04953762900004]]],[[[-83.22581373999998,45.05742863000006],[-83.23436974199996,45.05407062900008],[-83.22379273899998,45.056589630000076],[-83.22581373999998,45.05742863000006]]],[[[-83.32603975299998,44.89033859700004],[-83.32267675199995,44.88936059700006],[-83.32433975299995,44.89112959700003],[-83.32603975299998,44.89033859700004]]],[[[-83.33035475699995,44.91186860000005],[-83.32659775499997,44.910574600000075],[-83.32612275499997,44.91284660100007],[-83.33035475699995,44.91186860000005]]],[[[-83.32989078799994,45.19774364700004],[-83.32433878499995,45.18612464500006],[-83.31914078299997,45.18898064600006],[-83.32989078799994,45.19774364700004]]],[[[-83.41786679299997,44.99249060900007],[-83.41513379099996,44.98501060800004],[-83.41144978999995,44.98601960800005],[-83.41786679299997,44.99249060900007]]],[[[-83.41405167499994,43.877034423000055],[-83.42998867999995,43.87722142300004],[-83.41430967399998,43.86975042200004],[-83.41405167499994,43.877034423000055]]],[[[-83.43997180499997,45.03701661500003],[-83.43842680399996,45.03449761400003],[-83.43749980399997,45.035542615000054],[-83.43997180499997,45.03701661500003]]],[[[-83.44122569999996,44.03805844900006],[-83.43598169599994,44.02320044700008],[-83.42726969399996,44.02870944800003],[-83.42847269499998,44.03270944900004],[-83.44122569999996,44.03805844900006]]],[[[-83.466413704,44.003706442000066],[-83.47027570499995,44.001523442000064],[-83.46327070299998,44.00138044200003],[-83.466413704,44.003706442000066]]],[[[-83.47336568199995,43.76249340100003],[-83.47137067999995,43.75619840000007],[-83.46100567799994,43.76051940100007],[-83.47336568199995,43.76249340100003]]],[[[-83.48631868599995,43.76764340100004],[-83.49597868999996,43.770686401000034],[-83.48477368599998,43.76549740100006],[-83.48631868599995,43.76764340100004]]],[[[-83.693917,46.06194776500007],[-83.69153999899999,46.05559776400003],[-83.69082699899997,46.06128876500003],[-83.693917,46.06194776500007]]],[[[-83.70508800399995,46.06516376500008],[-83.70199800299997,46.06128876500003],[-83.70069100299997,46.06837976600008],[-83.70508800399995,46.06516376500008]]],[[[-83.70176000199996,46.05312376300003],[-83.70900900399994,46.04924776200005],[-83.70140400099996,46.04891776300008],[-83.70176000199996,46.05312376300003]]],[[[-83.72267600799995,46.05081476200007],[-83.72041800699998,46.04405076100005],[-83.71863500699999,46.046607761000075],[-83.72267600799995,46.05081476200007]]],[[[-83.72552800799997,46.04058676000005],[-83.72838000899998,46.03802975900004],[-83.72517200799996,46.03745175900008],[-83.72552800799997,46.04058676000005]]],[[[-83.73444100999995,46.03687475900006],[-83.73349000999997,46.035884759000055],[-83.73265900999996,46.03827675900004],[-83.73444100999995,46.03687475900006]]],[[[-83.76866700899996,45.93547374100007],[-83.76855700899995,45.93176174000007],[-83.76807300899998,45.93778774100008],[-83.76866700899996,45.93547374100007]]],[[[-83.76510202699995,46.09220276600007],[-83.76652802599995,46.08626876500006],[-83.76247002499997,46.08632676500008],[-83.76510202699995,46.09220276600007]]],[[[-83.77401502499998,46.05147475900003],[-83.74723101399996,46.03478675800005],[-83.73432201199995,46.05073276100006],[-83.75476301999998,46.066153762000056],[-83.77401502499998,46.05147475900003]]],[[[-83.77425302599994,46.06648276100003],[-83.77235102599997,46.06425676100008],[-83.77009302499994,46.068709762000026],[-83.77425302599994,46.06648276100003]]],[[[-83.78423503099998,46.08132276300006],[-83.78257103099997,46.080333763000056],[-83.78126403099998,46.085031764000064],[-83.78423503099998,46.08132276300006]]],[[[-83.79041502499996,46.009230751000075],[-83.79196002499998,46.007249751000074],[-83.78970202399995,46.007249751000074],[-83.79041502499996,46.009230751000075]]],[[[-83.79362302899995,46.03621475500006],[-83.79160302799994,46.03439975500004],[-83.79077102799994,46.038441756000054],[-83.79362302899995,46.03621475500006]]],[[[-83.797664033,46.061040759000036],[-83.79825803299997,46.056092758000034],[-83.79623803199996,46.05650575800007],[-83.797664033,46.061040759000036]]],[[[-83.81323203999995,46.07456276000005],[-83.81061803899996,46.074068760000046],[-83.80942903899995,46.07802576100005],[-83.81323203999995,46.07456276000005]]],[[[-83.82511603799998,46.02920175300005],[-83.82392803799996,46.02680875200008],[-83.82285803799994,46.030851753000036],[-83.82511603799998,46.02920175300005]]],[[[-83.82784904199997,46.056587757000045],[-83.82737404199997,46.05510375600005],[-83.82582904199995,46.05823675700003],[-83.82784904199997,46.056587757000045]]],[[[-83.82761204799993,46.10176176400006],[-83.82036204399998,46.092037763000064],[-83.77651102999994,46.09203776500004],[-83.79350503699999,46.107364767000035],[-83.82761204799993,46.10176176400006]]],[[[-83.82707778199995,43.67439236700005],[-83.81859677899996,43.665461366000045],[-83.81630177899996,43.671217367000054],[-83.82707778199995,43.67439236700005]]],[[[-83.83735704399999,46.04537075400003],[-83.83652504299994,46.042978754000046],[-83.83581204399997,46.04561875400003],[-83.83735704399999,46.04537075400003]]],[[[-83.84757705099997,46.07373875800005],[-83.84234804799996,46.064174757000046],[-83.84187204799997,46.06945175800007],[-83.84757705099997,46.07373875800005]]],[[[-83.85102305299995,46.08173475900003],[-83.85423205299998,46.08000375900008],[-83.85019105199996,46.078684759000055],[-83.85102305299995,46.08173475900003]]],[[[-83.85256804999995,46.05889675600008],[-83.85506405099994,46.05353675500004],[-83.84781404799998,46.052216755000074],[-83.85256804999995,46.05889675600008]]],[[[-83.86255105599997,46.08041575800007],[-83.85934205399997,46.06936875700006],[-83.85328105199994,46.07274975800004],[-83.86255105599997,46.08041575800007]]],[[[-83.88132705899994,46.05592775400004],[-83.87918805799995,46.054195753000045],[-83.87871305899995,46.05798975400006],[-83.88132705899994,46.05592775400004]]],[[[-83.88287204999995,45.97546174100006],[-83.83058303099995,45.94919174000006],[-83.83652903099994,45.93818673700008],[-83.81786702699998,45.95423174100006],[-83.78617301499997,45.93293274000007],[-83.76557701099995,45.95472774400008],[-83.71567299199995,45.93011674300004],[-83.69914598799994,45.94233374600003],[-83.63936896899997,45.939523749000045],[-83.63021896799995,45.95704075200007],[-83.63097196499996,45.929009748000055],[-83.60645095899997,45.94068075100006],[-83.60846795799995,45.92608474800005],[-83.56184094099996,45.91257174900005],[-83.56758994399996,45.92257875000007],[-83.51582892799996,45.92362575300007],[-83.47322592099994,45.98442976500007],[-83.53443394399994,46.00766276600007],[-83.58131896799995,46.08962377600005],[-83.70011600699996,46.10387577100005],[-83.73218301599996,46.08692776700008],[-83.67739799699996,46.07299676800005],[-83.68607299499996,46.037451762000046],[-83.76581501899994,46.02639575500007],[-83.80610202699995,45.98388474600006],[-83.84508104399998,46.026560751000034],[-83.88287204999995,45.97546174100006]]],[[[-83.87954506099999,46.072419756000045],[-83.88406106099995,46.06483375500005],[-83.87681105899998,46.06483375500005],[-83.87954506099999,46.072419756000045]]],[[[-83.89998506099994,46.01781374600006],[-83.89867805999995,46.01550274600004],[-83.89713305999999,46.01830874700005],[-83.89998506099994,46.01781374600006]]],[[[-83.98483709599998,46.09220275300004],[-83.98614409599998,46.089400753000064],[-83.98364809499998,46.08865875300006],[-83.98483709599998,46.09220275300004]]],[[[-83.98970909899998,46.10316275500003],[-83.99113509899996,46.100855754000065],[-83.98768909799998,46.098300754000036],[-83.98970909899998,46.10316275500003]]],[[[-84.01169510499994,46.091543752000064],[-84.00123709999997,46.079096750000076],[-83.97345508899997,46.06529375000008],[-83.99529509999996,46.09483975300003],[-84.01169510499994,46.091543752000064]]],[[[-84.02322210999995,46.10934275400007],[-84.02037010899994,46.10769475400008],[-84.02072610999994,46.10983675400007],[-84.02322210999995,46.10934275400007]]],[[[-84.16868216899996,46.218729763000056],[-84.16927616899994,46.21568776200007],[-84.16511716799994,46.21428976200008],[-84.16868216899996,46.218729763000056]]],[[[-84.20233815099994,45.97111772200003],[-84.20031414899995,45.96662172100008],[-84.19794014899998,45.968473722000056],[-84.20233815099994,45.97111772200003]]],[[[-84.43368521799994,45.92621070100006],[-84.42838021499995,45.91674070000005],[-84.42713421499997,45.920497701000045],[-84.43368521799994,45.92621070100006]]],[[[-84.44334122699996,45.97803570900004],[-84.43627022399994,45.97175870800004],[-84.43686722499996,45.974621709000075],[-84.44334122699996,45.97803570900004]]],[[[-84.51694230699997,46.442704777000074],[-84.51406830599996,46.44172277700005],[-84.51538930599997,46.44358877700006],[-84.51694230699997,46.442704777000074]]],[[[-84.57496026799998,45.97066270000005],[-84.56795526399998,45.95249269800007],[-84.56239526199994,45.95685269900008],[-84.57496026799998,45.97066270000005]]],[[[-84.59024525399997,45.81280967500004],[-84.48142620999994,45.73006066800008],[-84.40572218499995,45.722267671000054],[-84.35595017499998,45.77069968100005],[-84.40434019199995,45.78525868100007],[-84.42033119999996,45.81132568400005],[-84.43372920199994,45.786718679000046],[-84.50614322699994,45.81092367900004],[-84.59024525399997,45.81280967500004]]],[[[-84.61493126499994,45.83661767700005],[-84.61007226199996,45.82679467600008],[-84.59057925499997,45.82162967600004],[-84.58905525499995,45.82768367700004],[-84.61493126499994,45.83661767700005]]],[[[-84.63582728799997,45.98088369800007],[-84.63158028399994,45.95535869500003],[-84.60878827799996,45.967479698000034],[-84.63582728799997,45.98088369800007]]],[[[-84.65151727899996,45.86277867900003],[-84.61979426699997,45.84555667800004],[-84.60214726199996,45.852070680000054],[-84.64181127899997,45.88547568300004],[-84.65151727899996,45.86277867900003]]],[[[-84.68222736499996,46.493490775000055],[-84.68190736499997,46.49104577500003],[-84.67906236399995,46.49342977500004],[-84.68222736499996,46.493490775000055]]],[[[-84.74479230599997,45.83877467000008],[-84.74806230599995,45.83439566900006],[-84.74409630499997,45.83664166900007],[-84.74479230599997,45.83877467000008]]],[[[-84.87384934899995,45.86672066700004],[-84.86483234499997,45.854042665000065],[-84.86190834399997,45.85665166600006],[-84.87384934899995,45.86672066700004]]],[[[-85.07657135399995,45.765755256000034],[-85.02295338299996,45.75757064100003],[-85.01505438099997,45.76428964200005],[-85.04984039299995,45.76961464100003],[-85.07657135399995,45.765755256000034]]],[[[-85.20477947399996,46.044420675000026],[-85.20143247299995,46.04309467500008],[-85.199549473,46.04423067500005],[-85.20477947399996,46.044420675000026]]],[[[-85.30178647699995,45.81675663400006],[-85.29921447599997,45.81455263300006],[-85.29875047599995,45.81749763400006],[-85.30178647699995,45.81675663400006]]],[[[-85.425097511,45.78088462100004],[-85.37534549399999,45.76884562200007],[-85.33963848599996,45.79405362800003],[-85.36869249799997,45.81849663000003],[-85.38516949899997,45.78297762300008],[-85.425097511,45.78088462100004]]],[[[-85.53397554799994,45.800276617000065],[-85.49577653499995,45.79152161800005],[-85.51336453899995,45.78638361600008],[-85.49558053199996,45.77274761500007],[-85.45309051899994,45.77670861800004],[-85.46368952399996,45.78406361900005],[-85.45312152199995,45.79483262100007],[-85.51638554499993,45.827712623000025],[-85.53397554799994,45.800276617000065]]],[[[-85.56804447499997,45.09978950500005],[-85.56586547399996,45.09951050500007],[-85.56773847499994,45.101421505000076],[-85.56804447499997,45.09978950500005]]],[[[-85.58121245299998,44.869946467000034],[-85.57064844899998,44.86452846700007],[-85.57024844999995,44.87281346800006],[-85.58121245299998,44.869946467000034]]],[[[-85.58817756899998,45.84070862000004],[-85.58918456899994,45.83331861900007],[-85.58376256799994,45.839502620000076],[-85.58817756899998,45.84070862000004]]],[[[-85.61197257299995,45.81431061500007],[-85.61112957199998,45.80738461400006],[-85.60431457099997,45.81183261500007],[-85.61197257299995,45.81431061500007]]],[[[-85.628226553,45.601753581000025],[-85.61974054799998,45.58189057800007],[-85.56066352799996,45.57159258000007],[-85.49173251099995,45.607535590000055],[-85.49878252799994,45.72629960800003],[-85.52191653599994,45.739427609000074],[-85.50127253199997,45.75442361200004],[-85.56799655299994,45.758587609000074],[-85.56216854799999,45.73546160600006],[-85.60488655499995,45.68194059500007],[-85.60452654999995,45.63926458800006],[-85.628226553,45.601753581000025]]],[[[-85.68819759199994,45.775069604000066],[-85.69310759299998,45.77089560300004],[-85.68408059099994,45.77013360400008],[-85.68819759199994,45.775069604000066]]],[[[-85.700807592,45.73853359800006],[-85.68710858499998,45.71979859600003],[-85.69758658599994,45.69765759200004],[-85.68045958,45.69607059200007],[-85.64489857499996,45.742710602000045],[-85.700807592,45.73853359800006]]],[[[-85.77061658299993,45.48649755400004],[-85.79296658999993,45.48198455200003],[-85.77015157999995,45.46074555000007],[-85.77061658299993,45.48649755400004]]],[[[-85.84488363099996,45.69509858200007],[-85.83326562799994,45.69664058300003],[-85.83492162999994,45.70987058500003],[-85.84369463299998,45.711531585000046],[-85.84488363099996,45.69509858200007]]],[[[-85.88471261399997,45.444822541000065],[-85.83872159099997,45.377163533000044],[-85.83384958999994,45.37958353400006],[-85.83197259399998,45.420488540000065],[-85.88471261399997,45.444822541000065]]],[[[-86.06448863299994,45.139609482000026],[-86.05865862599995,45.10078447600006],[-86.00753260599998,45.05718047200003],[-85.96088459199996,45.06051647500004],[-85.98280460099994,45.08079547700004],[-85.97468460299996,45.12260048500008],[-85.98941761099996,45.151077488000055],[-86.04443562899996,45.15959048600007],[-86.06448863299994,45.139609482000026]]],[[[-86.11791363799995,45.048486464000064],[-86.15433164399997,45.00273945500004],[-86.11570463199996,44.99910145700005],[-86.093541626,45.00784645900006],[-86.09709962999995,45.030136463000076],[-86.07781562399998,45.032418464000045],[-86.11791363799995,45.048486464000064]]],[[[-86.65922688799998,45.73790754000004],[-86.66031688799995,45.736013540000044],[-86.65707988799994,45.74265154100004],[-86.65922688799998,45.73790754000004]]],[[[-86.66064486899995,45.57861251500003],[-86.64891486099998,45.544352511000056],[-86.62750085499994,45.54946451300003],[-86.62682585799996,45.57294251600007],[-86.66064486899995,45.57861251500003]]],[[[-86.66118486399995,45.53297050800006],[-86.66706186399995,45.52168850600003],[-86.65992086199998,45.52249950600003],[-86.66118486399995,45.53297050800006]]],[[[-86.70167688499998,45.60573451700003],[-86.69017487999997,45.59572951600006],[-86.66789387499995,45.60605551900005],[-86.69239588399995,45.61713451900005],[-86.70167688499998,45.60573451700003]]],[[[-86.70904600699998,46.545218660000046],[-86.68381699299994,46.497734654000055],[-86.68760098899998,46.45623664800007],[-86.67168798299997,46.45061764800005],[-86.65992298199996,46.470264652000026],[-86.63591697499999,46.47141065400007],[-86.64780097699997,46.46257065100008],[-86.63520397199994,46.453483651000056],[-86.61333796699995,46.46486265400006],[-86.60889896899994,46.49257265800003],[-86.62822897299998,46.47778965500004],[-86.64680397999996,46.487505655000064],[-86.62633497999997,46.53491166400005],[-86.65336099199999,46.560706666000044],[-86.70904600699998,46.545218660000046]]],[[[-86.70806188799997,45.61154251700003],[-86.70699188699996,45.60888151700004],[-86.70520988699997,45.61062751700007],[-86.70806188799997,45.61154251700003]]],[[[-86.71695287699998,45.50116150000008],[-86.71614287599994,45.497787499000026],[-86.71389987599997,45.499806500000034],[-86.71695287699998,45.50116150000008]]],[[[-86.72245700299999,46.48581365000007],[-86.71932900199994,46.47904164900007],[-86.71674800099998,46.47860765000007],[-86.72245700299999,46.48581365000007]]],[[[-86.72065887899998,45.51152950100004],[-86.72291687999996,45.50853150000006],[-86.71669887799999,45.50949150100007],[-86.72065887899998,45.51152950100004]]],[[[-86.72715788299996,45.522533502000044],[-86.72624488199995,45.52060650200008],[-86.72309788099994,45.520533502000035],[-86.72715788299996,45.522533502000044]]],[[[-86.74819101499997,46.51560865300007],[-86.74417301299997,46.505300652000074],[-86.73692200999994,46.50397865200006],[-86.73729301099996,46.51115665300006],[-86.74819101499997,46.51560865300007]]],[[[-86.755716926,45.80018054400006],[-86.75880692599998,45.79670054300004],[-86.75381492499997,45.79794354300003],[-86.755716926,45.80018054400006]]],[[[-86.76546192199999,45.748788535000074],[-86.76344092099998,45.74356453400003],[-86.75928191999998,45.74431053500007],[-86.76546192199999,45.748788535000074]]],[[[-86.78351889699996,45.50226949600005],[-86.78281189499995,45.48679049300006],[-86.75999488699995,45.477875493000056],[-86.75755388999994,45.50413149800005],[-86.78351889699996,45.50226949600005]]],[[[-86.82483349999995,41.76024787800003],[-84.80588789599994,41.76022398400005],[-84.80597689099994,41.69612597300005],[-83.45383648399996,41.73265504800003],[-83.428324477,41.74121505100004],[-83.43961648699997,41.81317006300003],[-83.41006247899998,41.82783306700003],[-83.38195947399998,41.870885076000036],[-83.34276446299998,41.87939208000006],[-83.32028446099997,41.93257109000007],[-83.29039345299998,41.944886094000026],[-83.26475544399995,41.930920093000054],[-83.25042144299994,41.97276610100005],[-83.17089442299994,42.01816311300007],[-83.20312343399996,42.035024115000056],[-83.18693242999996,42.04454211700005],[-83.19112043299998,42.064587120000056],[-83.13351541799994,42.08815112700006],[-83.12127441699994,42.11746213300006],[-83.13061042799995,42.21104714900008],[-83.09729442499997,42.29007616500007],[-83.06364141699999,42.316865172000064],[-82.92397437699998,42.352076185000044],[-82.91911837799995,42.37444518900003],[-82.88437536899994,42.40129819500004],[-82.86766836899994,42.45371920600007],[-82.88365937599997,42.47658720900006],[-82.87442037699998,42.52354321800004],[-82.83422036899998,42.56785722700005],[-82.78241835299997,42.56484222900008],[-82.78682735699994,42.592257234000044],[-82.76959435199996,42.59338823500008],[-82.81902136899998,42.61634123700003],[-82.80561336799997,42.64877324300005],[-82.69622633799997,42.690286256000036],[-82.63085531599995,42.67334925600005],[-82.63092631299997,42.642118251000056],[-82.65289432099996,42.65058525100005],[-82.66549132199998,42.62418224600003],[-82.68984032999998,42.62715624500004],[-82.67654332499995,42.612988243000075],[-82.71304633499994,42.59791223900004],[-82.70115632999995,42.58599923700007],[-82.65645931699999,42.59243224100004],[-82.69406632499994,42.55857023300007],[-82.64790331099994,42.55935323500006],[-82.67906331699999,42.52221822700005],[-82.64092030799998,42.55498123500007],[-82.58978329199994,42.550686237000036],[-82.52537827699996,42.605661249000036],[-82.46748727399995,42.76191828000003],[-82.48257828299995,42.80865228700003],[-82.46991628599994,42.88746730200006],[-82.45557828499994,42.926859309000065],[-82.41674127699997,42.96662131800008],[-82.41594127999997,43.005563325000026],[-82.48604631099994,43.10249433900003],[-82.52309033399996,43.22536935800008],[-82.53709535799999,43.43306039300006],[-82.59876639299995,43.59366841800005],[-82.61477741599998,43.779546449000065],[-82.64317043199998,43.85247646000005],[-82.67864644599996,43.88373846300004],[-82.73899647599995,43.989514478000046],[-82.81389550299997,44.03238248100007],[-82.92075953999995,44.06845548200005],[-82.96386555399994,44.06827448000007],[-83.02767957199995,44.046212472000036],[-83.06603057899997,44.00337446300006],[-83.26247563799996,43.97532344800004],[-83.31070464699997,43.919816436000076],[-83.40543967599996,43.915201430000025],[-83.34098065499995,43.90454943200007],[-83.33313464999998,43.88407342900007],[-83.39286366499994,43.84910442000006],[-83.39564366499997,43.83377441700003],[-83.39981066699994,43.84475241900003],[-83.43391067699997,43.840717416000075],[-83.42739367699994,43.85892842000004],[-83.44929268399994,43.85926641900005],[-83.46433368299995,43.80273340800005],[-83.48072968699995,43.791794406000065],[-83.46956268299994,43.78883740600003],[-83.45606568099998,43.81230341000003],[-83.41976866999994,43.80959441200008],[-83.45826267499996,43.742539398000076],[-83.47898768099998,43.74180239700007],[-83.46705067599999,43.72923839600003],[-83.49142868199993,43.70762439100008],[-83.51717269099998,43.71827939100007],[-83.53815269599994,43.70823938800004],[-83.68521172899995,43.584445360000075],[-83.73718974899998,43.619018363000066],[-83.89524680199997,43.66517236200008],[-83.95264682899995,43.74957537300003],[-83.91635082399995,43.81093538600004],[-83.90863383199996,43.915568404000055],[-83.87670782699996,43.95833141300005],[-83.83309381599997,43.98809442000004],[-83.75596679199998,43.98570042400007],[-83.72792078499998,44.00151642800006],[-83.68038476899994,43.98655542800003],[-83.67149277199997,44.04185043800004],[-83.62108275699995,44.05619444300004],[-83.57987074399995,44.049447444000066],[-83.59136575099996,44.07924544800005],[-83.56398274499998,44.10525145400004],[-83.56774875099995,44.15590746200007],[-83.53771475099995,44.248179479000044],[-83.47953573699994,44.28009848800008],[-83.44183272399994,44.270475488000045],[-83.45012672399997,44.25025048400005],[-83.37361170799994,44.32779250100003],[-83.33371269699995,44.33658750500007],[-83.30698970999998,44.54224354100006],[-83.31452171899997,44.60873355100006],[-83.27029271599997,44.70878857000008],[-83.29730472899996,44.74614257500008],[-83.29374373399997,44.80831558500006],[-83.32187474799997,44.85620059200005],[-83.31233574799995,44.88279259600006],[-83.364032765,44.89020259500006],[-83.43303679099995,44.932898598000065],[-83.45375680499995,44.99912960800003],[-83.43125879899998,45.00800661100004],[-83.45553980799997,45.02509061200004],[-83.43380280499997,45.057624618000034],[-83.37710478899999,45.07605362500004],[-83.34026177399994,45.04155362100005],[-83.26455874799996,45.020214622000026],[-83.26066174699997,45.025902623000036],[-83.30627676399996,45.04969562400004],[-83.28845076099998,45.07043062900004],[-83.32041877599994,45.11841763500007],[-83.31612277699998,45.14196663900003],[-83.36368279499999,45.16647764000004],[-83.41227781799995,45.23983664900004],[-83.41834282199994,45.25410665100003],[-83.39156581299994,45.25244565200006],[-83.38827881499998,45.27692465700005],[-83.463395844,45.33065366100004],[-83.48263484999995,45.32801366000007],[-83.48988385399997,45.33845566100007],[-83.47664984999994,45.34471666300004],[-83.49488285799998,45.360223664000046],[-83.49451885499997,45.33937466100008],[-83.53831087099996,45.358175661000075],[-83.59927788999994,45.35256965700006],[-83.715994933,45.414889661000075],[-83.74467694099997,45.40382565700003],[-83.81083596399998,45.42059065600006],[-83.93926601199996,45.49319766100007],[-84.08976305999994,45.49444165300008],[-84.12002307199998,45.51831065500005],[-84.13232408199997,45.567057662000025],[-84.21527311499995,45.63477566800003],[-84.32954215499996,45.664388666000036],[-84.37640816799995,45.65557366200005],[-84.42750018599997,45.669209661000025],[-84.42717418299998,45.64527865700006],[-84.46163819499998,45.65308765700007],[-84.55710823099997,45.70892466000004],[-84.72142228999996,45.76677666000006],[-84.72886529499993,45.78815366300006],[-84.79315831399998,45.78047165800007],[-84.77943430799996,45.76611465600007],[-84.80664731399997,45.74617965200008],[-85.01345038099998,45.76387664200007],[-84.95084535799998,45.73690164200008],[-84.94376135299996,45.71029863800004],[-85.00703136599998,45.656368626000074],[-85.06891938299998,45.63528461900006],[-85.11864239099998,45.57518360600005],[-85.11548438599993,45.53941460100003],[-85.09373037199998,45.48157259300007],[-85.06247535899996,45.45129759000008],[-84.98414833099997,45.419513590000065],[-84.99004633399994,45.427626590000045],[-84.92201131199994,45.42192259300003],[-84.91585530699996,45.39312358900003],[-85.04310634299998,45.36151457700004],[-85.13794737299997,45.37349657300007],[-85.20362139299993,45.36189556800008],[-85.26300140599994,45.319515557000045],[-85.30069841799997,45.32129155600006],[-85.36141643299999,45.28710354700007],[-85.38883543499998,45.23385453700007],[-85.38097042199996,45.14556752300007],[-85.36349541299995,45.11163251800008],[-85.38926140199999,44.94806549100008],[-85.46292141099997,44.82507546700003],[-85.50737242099996,44.79537145900008],[-85.50478041699995,44.76809045500005],[-85.52719742199997,44.747508451000044],[-85.57657143899996,44.76021645000003],[-85.55589943899997,44.81826446000008],[-85.49975042599993,44.85609647000007],[-85.48746443399995,44.958947487000046],[-85.46494942699996,44.961070488000075],[-85.47494243399996,44.99172949300004],[-85.52003944599994,44.97400448700006],[-85.53355844399994,44.92577047900005],[-85.56451445,44.89525447200003],[-85.52501743799996,44.89618047500005],[-85.59544144499995,44.76711945000005],[-85.63888945899998,44.77234344800007],[-85.63326846099994,44.800445453000066],[-85.65236047199994,44.849100460000045],[-85.62550247199994,44.92111547300004],[-85.60068446499997,44.924506475000044],[-85.59953247199996,44.98999248500007],[-85.63007147899998,44.96693648000007],[-85.64742248499994,44.97845348100003],[-85.59965747599995,45.02175749000003],[-85.58883447599999,45.05414549600005],[-85.56613546799997,45.04364149600008],[-85.61432449299997,45.12757050600004],[-85.57389848299994,45.15549651300006],[-85.55837847599997,45.133217511000055],[-85.56168547999994,45.15894851500008],[-85.52673947299996,45.18932452100006],[-85.54075347899999,45.21091452400003],[-85.58599148999997,45.18038951700004],[-85.61836650099997,45.187028516000055],[-85.68110150899997,45.092701497000064],[-85.74458252399995,45.05339848700004],[-85.78004753,45.00963347800007],[-85.78044452599994,44.97794047300005],[-85.80740853099996,44.94982246700005],[-85.86985754899996,44.93903946100005],[-85.93160557199997,44.96879646300005],[-85.98522358099996,44.902941449000025],[-86.06675060599997,44.905693445000054],[-86.06651959599998,44.819877431000066],[-86.08956959399995,44.74199241700006],[-86.25500163899994,44.69194339900008],[-86.25903463699996,44.663662395000074],[-86.22133161399995,44.56545938100004],[-86.24891961299994,44.483012366000025],[-86.26631460399994,44.35107334400004],[-86.42111362599996,44.12948829900006],[-86.51470764599998,44.058127282000044],[-86.46314162099998,43.97098427000003],[-86.43020759499996,43.82758324900004],[-86.46155959599997,43.74669323400008],[-86.52918460899997,43.677897218000055],[-86.53850260499996,43.61750920800006],[-86.47199057199998,43.50069319200003],[-86.42704954499999,43.37494917400005],[-86.25465146299996,43.08341713500005],[-86.22058743899998,42.95579911500005],[-86.20660140999996,42.709544074000064],[-86.24708339999995,42.49097703500007],[-86.29717340199994,42.35821500900005],[-86.35622340899994,42.25417398800005],[-86.48902843499997,42.116231957000025],[-86.59790444799995,41.91829891700007],[-86.68445546599997,41.84018689900006],[-86.82483349999995,41.76024787800003]]],[[[-86.89053305599998,46.48623464000008],[-86.89910405799998,46.484157639000045],[-86.89110105499998,46.47946863900006],[-86.89053305599998,46.48623464000008]]],[[[-87.40383722899998,46.59368062400006],[-87.39941722699996,46.595054624000056],[-87.40263922899999,46.59555362400005],[-87.40383722899998,46.59368062400006]]],[[[-87.41336823299997,46.60540462500006],[-87.41651423299999,46.59748462300007],[-87.41008523199997,46.60272662400007],[-87.41336823299997,46.60540462500006]]],[[[-87.46124325199997,46.63682762600007],[-87.45716825099998,46.63810962700006],[-87.45831825199997,46.63979662700007],[-87.46124325199997,46.63682762600007]]],[[[-87.65066741899994,47.41747772900004],[-87.60034840199995,47.40771973100004],[-87.58623039899999,47.418344733000026],[-87.62367941199994,47.42629173200004],[-87.65066741899994,47.41747772900004]]],[[[-87.95935444899999,46.94998164000003],[-87.95542944699997,46.94878164100004],[-87.95655544799996,46.95159264100005],[-87.95935444899999,46.94998164000003]]],[[[-87.96903945199995,46.95396664000003],[-87.97146545299995,46.950287640000056],[-87.96243244999994,46.94998164000003],[-87.96903945199995,46.95396664000003]]],[[[-87.99718546199995,46.96282364000007],[-88.00154546299996,46.95695063900007],[-87.99713146099998,46.95675463900005],[-87.99718546199995,46.96282364000007]]],[[[-88.27439856299998,47.07510463800003],[-88.26881656099994,47.06952763800007],[-88.26755856099999,47.07366363800003],[-88.27439856299998,47.07510463800003]]],[[[-88.35251075799994,48.23548479800007],[-88.36779476099997,48.22296079500006],[-88.33634875299998,48.23714679900007],[-88.35251075799994,48.23548479800007]]],[[[-88.73276685599996,48.101362753000046],[-88.72122485299997,48.10395275500008],[-88.70550084899998,48.11118375700005],[-88.73276685599996,48.101362753000046]]],[[[-88.85168386399994,47.91300871900006],[-88.84723786299998,47.91265371900005],[-88.84506586199996,47.91524972000008],[-88.85168386399994,47.91300871900006]]],[[[-89.26280698399995,47.869872685000075],[-89.23826597699997,47.87300468700005],[-89.20380296899998,47.88631569100005],[-89.23453997299998,47.85172668400003],[-89.20181896299994,47.850251686000036],[-89.16205494599996,47.823572685000045],[-88.91167187899998,47.89135271200007],[-88.89970487699998,47.902453714000046],[-88.95043589099998,47.890538709000054],[-89.00510190899996,47.89866670600003],[-88.89919088499994,47.95330872100004],[-88.67007982299998,48.01145474500004],[-88.579790802,48.058677758000044],[-88.56694480299996,48.09372776400005],[-88.41825076999999,48.18037878600006],[-88.42260777299998,48.19098378700005],[-88.50109479399998,48.168189779000045],[-88.54703980899995,48.174899776000075],[-88.63271883199997,48.148592767000025],[-88.78756286699996,48.063043744000026],[-89.17916096899995,47.935038700000064],[-89.24713398199998,47.88851168800005],[-89.21937097299997,47.88392469000007],[-89.26280698399995,47.869872685000075]]],[[[-90.41814314199996,46.56610242000005],[-90.39332712999999,46.53262341700008],[-90.33189411499995,46.55328642400008],[-90.31086610599993,46.539373424000075],[-90.31699010499995,46.51732742000007],[-90.27713809399995,46.524495424000065],[-90.27298308999997,46.50514742100006],[-90.21660107299994,46.501767425000025],[-90.11883402299998,46.359249411000064],[-90.12049601999996,46.336860407000074],[-89.091636683,46.13851344700004],[-88.81603258399997,46.020594447000065],[-88.79618857999998,46.03372045000003],[-88.77863457399997,46.031279451000046],[-88.78016257199994,46.015403449000075],[-88.74000056199998,46.027316453000026],[-88.67913854099999,46.01354645500004],[-88.67083353599998,45.98855545200007],[-88.61641151899994,45.987708455000075],[-88.60144651799999,46.01760746100007],[-88.58900651299996,46.00508545900004],[-88.51460749199998,46.01993446600005],[-88.49250148199997,45.99216546400004],[-88.45866447299994,45.999399467000046],[-88.41692045699995,45.97533146600006],[-88.38018944799995,45.99166247100004],[-88.32695942699996,45.955079469000054],[-88.24635240299995,45.96339747500008],[-88.23994739899996,45.949370473000045],[-88.19199738499998,45.95274847700006],[-88.10291435399995,45.921877478000056],[-88.10182034899998,45.883512472000064],[-88.069891338,45.87272547300006],[-88.13507335099996,45.82170246100003],[-88.12946734799993,45.80929645900005],[-88.07209732599995,45.78026945900007],[-87.99145330399995,45.795401466000044],[-87.98966229999996,45.77203346300007],[-87.96345828999995,45.758228462000034],[-87.87581926299998,45.75389646700006],[-87.78223222599996,45.68306146200007],[-87.82468223499995,45.653219455000055],[-87.78085121599997,45.61460745200003],[-87.77720521199996,45.58850744800003],[-87.79237821299995,45.56306344300003],[-87.83359722599994,45.56253744000003],[-87.80339621399997,45.53828043800007],[-87.79277520599999,45.49997543300003],[-87.81298220699995,45.464167426000074],[-87.86170321799995,45.434481419000065],[-87.84932821099994,45.40388041500006],[-87.888058216,45.35470540500006],[-87.87024421199999,45.36644440800006],[-87.85013920299997,45.34044340500003],[-87.83261819899997,45.35225740800007],[-87.75411017499994,45.34945041200007],[-87.693962162,45.38990142200004],[-87.65735514799997,45.36876042100005],[-87.64813214099996,45.339404417000026],[-87.71045614999997,45.25933240100005],[-87.74173815199998,45.198209390000045],[-87.73651514799997,45.17339738600003],[-87.68390812799998,45.14414338500006],[-87.65995811599998,45.10752038100003],[-87.59204709399995,45.09426038300006],[-87.61202510399994,45.12338538600005],[-87.59982010299996,45.150482391000025],[-87.43655007099994,45.294054423000034],[-87.39214906699993,45.369402438000066],[-87.32775505499995,45.425315451000074],[-87.33315305899998,45.447216454000056],[-87.19602804099998,45.63962649200005],[-87.16824303299995,45.64156349400008],[-87.17224703699998,45.66179649700007],[-87.05953900799994,45.708505511000055],[-87.06172701199995,45.73282951400006],[-87.03733500499999,45.743594518000066],[-87.06430801599998,45.75883651800007],[-87.05744501999999,45.81249152700008],[-86.99898900699998,45.84775253600003],[-87.02204401499995,45.86008553600004],[-86.97794700799994,45.90563154600005],[-86.94990099799998,45.89893354700007],[-86.94823699499995,45.876764544000025],[-87.00552800599996,45.828806533000034],[-86.98162999399995,45.79222952900005],[-86.98459398399996,45.70582051500003],[-86.96786097499995,45.66826951000007],[-86.94146397099996,45.70216451700003],[-86.91826796299995,45.69610951800007],[-86.84268294299994,45.719692526000074],[-86.82152894199999,45.770364535000056],[-86.78946693299997,45.77183753700007],[-86.80646093999997,45.787751539000055],[-86.76938292999995,45.79744554200005],[-86.78811493999996,45.83561654700003],[-86.78208594199998,45.86020355100004],[-86.74964393299996,45.86780455400003],[-86.71923291999997,45.83943755200005],[-86.64757289699998,45.83355855500008],[-86.62440889399994,45.86979056200005],[-86.58232888399993,45.89612156900006],[-86.53521186899997,45.88581357000004],[-86.52801986199995,45.85326256600007],[-86.58176487199995,45.79480555300006],[-86.55963086199995,45.772252551000065],[-86.63110188499996,45.78212454800007],[-86.62356687899995,45.75102754400007],[-86.67155888999997,45.720855537000034],[-86.67618988799995,45.69187053200005],[-86.71751789899997,45.680299527000045],[-86.70808789199998,45.648057523000034],[-86.69760388999998,45.65566752500007],[-86.67749687999998,45.627583522000066],[-86.61427185699995,45.60012952100004],[-86.60526585599996,45.60776452300007],[-86.62744586899998,45.659884530000056],[-86.58753385699998,45.66646453300007],[-86.58094186099999,45.71192854100008],[-86.53726384699996,45.70836954300006],[-86.52185484499995,45.733315548000064],[-86.53241684999995,45.746632549000026],[-86.43663782299996,45.76170555700003],[-86.41597681999997,45.793801563000045],[-86.34690879899995,45.79730656800007],[-86.32423780599999,45.90608858600007],[-86.27577379599995,45.94355959500007],[-86.20826077699996,45.96298660200006],[-86.15058175799999,45.953744604000065],[-86.07207273499995,45.965321611000036],[-85.91377467999996,45.919447613000045],[-85.92274268699998,45.94829561700004],[-85.89320167999995,45.96726162200008],[-85.84039466299998,45.96382462400004],[-85.81044765599995,45.98009562900006],[-85.69134261599999,45.95777663200005],[-85.65438260499997,45.96603763600007],[-85.59238659499994,46.03788365100007],[-85.50621557499994,46.09640166500003],[-85.448526556,46.08507866700006],[-85.41206954599994,46.10144567100008],[-85.37804553199999,46.07492966900003],[-85.33591652099994,46.09260367500008],[-85.19752847199999,46.04488667500004],[-85.17712146799994,46.05996067900003],[-85.01399541099994,46.01078268100008],[-84.91358936899996,45.92587667400005],[-84.83937934199997,45.89759867300006],[-84.83140133699999,45.87204667000003],[-84.75199230799996,45.83961366900007],[-84.70172729399997,45.85162567400005],[-84.72980830499995,45.87129267600005],[-84.73586931099999,45.909755681000036],[-84.71361930499995,45.92037468400008],[-84.73885431599996,45.94580068700003],[-84.72304431399994,45.96728769100008],[-84.68525930299995,45.973462694000034],[-84.69047231099995,46.02795570300003],[-84.65657230299996,46.05266270800007],[-84.60906828499998,46.02642670700004],[-84.54441026499995,46.02286871000007],[-84.53239725399999,45.96945670300005],[-84.51407624899997,45.97130070400004],[-84.50579524899996,45.997995709000065],[-84.46313323299995,45.96893370600003],[-84.46503323699994,46.00550771200005],[-84.42272622399997,46.00204071400003],[-84.39277821199994,45.984785713000065],[-84.43033222499997,45.99337271200005],[-84.41357521799995,45.979334711000035],[-84.44007722699996,45.98263771000006],[-84.41678421799998,45.96636770900005],[-84.43500022299997,45.96109570700003],[-84.37643420099994,45.93197070600007],[-84.39123320699997,45.94786170700007],[-84.35511719499993,45.93976170800005],[-84.34522419299998,45.94535471000006],[-84.35581919699996,45.958602711000026],[-84.25495716499995,45.95607671600004],[-84.26722417299999,45.990771721000044],[-84.17032813999998,45.965565723000054],[-84.17952014399998,45.98044972500003],[-84.11701012499998,45.983356729000036],[-84.10075311799994,45.967631727000025],[-83.99529708199998,45.94581873000004],[-83.99647608399994,45.96146973200007],[-83.97865707999995,45.96868873400007],[-83.91377105899994,45.96645873800003],[-83.91382205799994,45.955702736000035],[-83.89546905499998,45.98644474200006],[-83.93682507399996,46.03019174600007],[-83.97770608499997,46.019381742000064],[-84.07174612399996,46.092449748000035],[-84.02963911499995,46.134547757000064],[-84.09582313799996,46.14774175600007],[-84.12283014999997,46.17888975900007],[-84.13279215199998,46.16920775700004],[-84.17914016899994,46.18566475700004],[-84.22100617899997,46.16307075100008],[-84.27302319999995,46.20145975400004],[-84.20801818499996,46.24602176500008],[-84.18722117699997,46.23196676400005],[-84.16678117099997,46.238953766000066],[-84.14871716299996,46.21519376300006],[-84.09777115099996,46.256520773000034],[-84.11556815899996,46.26823377300008],[-84.11963416499998,46.31502178000005],[-84.10625216199998,46.32197178200005],[-84.13891117799994,46.37222978800003],[-84.14617718599999,46.41852879500004],[-84.11123018599994,46.50412781000006],[-84.12893019399996,46.530127813000036],[-84.22613622599994,46.53392880800004],[-84.27581923599996,46.49282979900005],[-84.34143225899999,46.50769779700005],[-84.42027928299996,46.501085792000026],[-84.46332729299996,46.46744378400007],[-84.45553228899996,46.45390578200005],[-84.47185329099995,46.43429777800003],[-84.50028630199995,46.44673077900006],[-84.58331432399996,46.413513769000076],[-84.60244833299998,46.43792477100004],[-84.57352732299995,46.427903772000036],[-84.63102534799998,46.48487677700007],[-84.67842836299997,46.48770277500006],[-84.81731240199997,46.44432776000008],[-84.86145341899999,46.46993876100004],[-84.92193643799999,46.469970757000056],[-84.93546144499999,46.48907576000005],[-85.01521646899994,46.47972075300004],[-85.04985248299994,46.503971755000066],[-85.05613848699994,46.52652875800004],[-85.02549647999996,46.54640576300005],[-85.03008349899994,46.68477778400006],[-85.00762149699995,46.72834779200008],[-84.95625348699997,46.77190280200006],[-85.25686557899996,46.75338878100007],[-85.50951564899998,46.67579475400004],[-85.87791376699994,46.690922734000026],[-86.087944828,46.65532871500005],[-86.16168685299994,46.669483713000034],[-86.34989589899999,46.57804368700005],[-86.44387192499994,46.54731167700004],[-86.467750933,46.552464676000056],[-86.64471196899996,46.41080964400004],[-86.66218097599995,46.418675644000075],[-86.65531197699994,46.44251064800005],[-86.70323599099999,46.43938664400008],[-86.75016301099998,46.479117648000056],[-86.78923002299996,46.478450645000066],[-86.81603202599996,46.43790063700004],[-86.875157044,46.43728863300004],[-86.90374805699997,46.466146636000076],[-86.94708307099995,46.47207263400003],[-86.96454008199998,46.51655764000003],[-87.00531409699994,46.53396164000003],[-87.11664012699998,46.494816627000034],[-87.16607414299995,46.506171626000025],[-87.25873816999996,46.48826361700003],[-87.35941620299997,46.50346061300007],[-87.39399121799994,46.53319161500008],[-87.37492921299997,46.54661561800003],[-87.39298022199995,46.57253162100005],[-87.37701621999997,46.590345625000054],[-87.43442623799996,46.59175562100006],[-87.46411424999997,46.61481962300007],[-87.46255125199997,46.63571662600003],[-87.50303126699998,46.647505625000065],[-87.52067327799995,46.69107763100004],[-87.58275130199996,46.730535632000056],[-87.59039531199994,46.78245664000008],[-87.66787933999996,46.81710364000003],[-87.68067434799997,46.84250464300004],[-87.69459634999998,46.827190640000026],[-87.72736435999997,46.827664637000055],[-87.74102036999994,46.86525564200008],[-87.77161837899996,46.863179640000055],[-87.81680039699995,46.89116264100005],[-87.84620140499999,46.88391363800008],[-87.90145442499994,46.90982763800008],[-87.99872145499995,46.90535963100007],[-88.08187648199998,46.92046662800004],[-88.21533351899996,46.89133961500005],[-88.28342953099997,46.82299560100006],[-88.23411052599994,46.89475061400003],[-88.12914950299995,46.962685631000056],[-88.14296050799999,46.96691163100007],[-88.24444353399997,46.92962061900005],[-88.35194655699996,46.85703660100006],[-88.38973356999998,46.86710860000005],[-88.40405057099997,46.847806596000055],[-88.38141656299996,46.838474596000026],[-88.45061357399999,46.763178581000034],[-88.49733658699995,46.755115577000026],[-88.48210558599999,46.78263058200008],[-88.46235558099994,46.786719584000025],[-88.48430559399998,46.832511589000035],[-88.44533960099994,46.96997161100006],[-88.41115159199995,46.97799261500006],[-88.36763058399998,47.01922162400007],[-88.34995858699995,47.07638563300003],[-88.29763157399998,47.09851364000008],[-88.28170757499998,47.138220647000026],[-88.23217055999999,47.14598365100005],[-88.24201256799995,47.174775655000076],[-88.22899356699997,47.19905065900008],[-88.16636154999998,47.21554266600003],[-88.06009652899996,47.295804684000075],[-87.94336649799999,47.33590769800003],[-87.96560450999993,47.36865370100003],[-87.95706450999995,47.387268704000064],[-87.81537746499998,47.384798713000066],[-87.71242743599998,47.40140872200004],[-87.71594844199996,47.439824728000076],[-87.80119047399995,47.47330972700007],[-87.97585352899995,47.480195716000026],[-88.21938959999994,47.44901969600005],[-88.23916760299994,47.42997769200008],[-88.42006565099996,47.37161167100004],[-88.57400367999998,47.24599764300007],[-88.67240170599996,47.21914563200005],[-88.76131972499996,47.156758618000026],[-88.88914675599995,47.10058360100004],[-88.93362375899994,47.03080158800003],[-88.97280876699995,47.002104581000026],[-89.12870481399995,46.99260756900003],[-89.22792083199994,46.91296255100008],[-89.42533788199995,46.84146052700004],[-89.51394490899997,46.841843521000044],[-89.61933593799995,46.81889851100004],[-89.67338195599996,46.83323750900007],[-89.79066998999997,46.81847749900004],[-89.84865900399996,46.795719492000046],[-90.02839904099994,46.674398462000056],[-90.30661611399995,46.60274943300004],[-90.33297712299998,46.608737432000055],[-90.41814314199996,46.56610242000005]]]]}},{"type":"Feature","properties":{"adm0_a3":"USA","shape_name":"Massachusetts","ihme_name":"Massachusetts"},"geometry":{"type":"MultiPolygon","coordinates":[[[[-70.20173024999997,41.276552491000075],[-70.23714426199996,41.28512549100003],[-70.17035623899994,41.25743648800005],[-70.10049521499997,41.240561487000036],[-70.00160318299999,41.23992448900003],[-69.96018117099999,41.26455449600007],[-70.02038019599996,41.36901451400007],[-70.04905320599994,41.391710518000025],[-70.02442119699998,41.36063051200006],[-70.06256520699998,41.30873450100006],[-70.19911524999998,41.296198495000056],[-70.20173024999997,41.276552491000075]]],[[[-70.27665327699998,41.311291495000035],[-70.26861627299996,41.301778494000075],[-70.24273926399997,41.289198492000025],[-70.24655226599998,41.30619449500006],[-70.27665327699998,41.311291495000035]]],[[[-70.29202728299998,41.337796500000024],[-70.30700128799998,41.332399499000076],[-70.28932528199994,41.33503050000007],[-70.29202728299998,41.337796500000024]]],[[[-70.57508844799997,42.639788742000064],[-70.57564844799998,42.634460741000055],[-70.57337744699998,42.63951574200007],[-70.57508844799997,42.639788742000064]]],[[[-70.58824545099998,42.63061374000006],[-70.58803745099993,42.62642173900008],[-70.58681945099994,42.62816573900005],[-70.58824545099998,42.63061374000006]]],[[[-70.58799245299997,42.66301174600005],[-70.58994245399998,42.658458745000075],[-70.58634445299998,42.66225774600008],[-70.58799245299997,42.66301174600005]]],[[[-70.72314849199995,42.56816572300005],[-70.72165649199997,42.566096723000044],[-70.72064049199997,42.569667724000055],[-70.72314849199995,42.56816572300005]]],[[[-70.78305551099999,42.55346971900008],[-70.78208051099995,42.55168771900003],[-70.78044150999995,42.55387671900007],[-70.78305551099999,42.55346971900008]]],[[[-70.78703151199994,42.537303716000054],[-70.78770851099995,42.530587714000035],[-70.78225250999998,42.53372471500006],[-70.78703151199994,42.537303716000054]]],[[[-70.79622451499995,42.55130971800003],[-70.80215551699996,42.54714371700004],[-70.79327251399997,42.547452717000056],[-70.79622451499995,42.55130971800003]]],[[[-70.80710045799998,41.45858450800006],[-70.79039545099994,41.44654350600007],[-70.75813844199996,41.46303751000005],[-70.75671244199998,41.47906551300008],[-70.67471241699997,41.512355522000064],[-70.71022242899994,41.51892352300007],[-70.80710045799998,41.45858450800006]]],[[[-70.81688051999998,42.514588710000055],[-70.81251251799995,42.510026710000034],[-70.81194951799995,42.512101710000024],[-70.81688051999998,42.514588710000055]]],[[[-70.83203945499997,41.25950346800005],[-70.80924544699997,41.249076467000066],[-70.80156144499995,41.25841846900005],[-70.81196544899996,41.26484747000006],[-70.83203945499997,41.25950346800005]]],[[[-70.83371052399997,42.48642070500006],[-70.83563552399994,42.48192370400005],[-70.83322852399994,42.48145070400005],[-70.83371052399997,42.48642070500006]]],[[[-70.83204447399999,41.606512536000025],[-70.83008747199995,41.58539353200007],[-70.82191046899999,41.58284953200007],[-70.83204447399999,41.606512536000025]]],[[[-70.83877746199994,41.347217485000044],[-70.77566543899997,41.300990478000074],[-70.70982641899997,41.34173148800005],[-70.45224433599998,41.34983649800006],[-70.44623333599998,41.39648850700007],[-70.45249733999998,41.421438511000076],[-70.50130635399995,41.38539950300003],[-70.54756737099996,41.41583950800003],[-70.56328037899993,41.46913551700004],[-70.59651638899999,41.45413051300005],[-70.60355539199998,41.48239251900003],[-70.70096442199997,41.43401850600003],[-70.77497444099998,41.34918448800005],[-70.83877746199994,41.347217485000044]]],[[[-70.84037546799993,41.452883506000035],[-70.83686846599994,41.441976504000024],[-70.80805145699998,41.44504550500005],[-70.82059546199997,41.45851550700007],[-70.84037546799993,41.452883506000035]]],[[[-70.88335253199995,42.340499675000046],[-70.87605052999999,42.34123767600005],[-70.87395352899995,42.34364267600006],[-70.88335253199995,42.340499675000046]]],[[[-70.89175553499996,42.338864675000025],[-70.88752953299996,42.33821067500003],[-70.88477753199999,42.33933667500003],[-70.89175553499996,42.338864675000025]]],[[[-70.89229653399997,42.32840267300003],[-70.89195253399998,42.327239672000076],[-70.88877553299994,42.32846967300003],[-70.89229653399997,42.32840267300003]]],[[[-70.89840753699997,42.340274675000046],[-70.89515653599994,42.33888767500008],[-70.89560053599996,42.34390067500004],[-70.89840753699997,42.340274675000046]]],[[[-70.89706353599996,42.333960674000025],[-70.89608053599994,42.33036367300008],[-70.89406553499998,42.334988674000044],[-70.89706353599996,42.333960674000025]]],[[[-70.90478648799996,41.42776149900004],[-70.87121647599997,41.42209349900003],[-70.84856346999999,41.43285250200006],[-70.85710347299994,41.45026150500007],[-70.90478648799996,41.42776149900004]]],[[[-70.92066649399999,41.454561504000026],[-70.92118649399998,41.44540150200004],[-70.91516549199997,41.45104250300005],[-70.92066649399999,41.454561504000026]]],[[[-70.92596954499999,42.32191767000006],[-70.93076054599999,42.31903567000006],[-70.92530854399996,42.31723166900008],[-70.92596954499999,42.32191767000006]]],[[[-70.92971754699994,42.33398167300004],[-70.93141454699997,42.32827567100003],[-70.92259854399998,42.326152671000045],[-70.92971754699994,42.33398167300004]]],[[[-70.94074954999996,42.32814767100007],[-70.93985454999995,42.324253670000076],[-70.93494754799997,42.32681567100008],[-70.94074954999996,42.32814767100007]]],[[[-70.95108055099996,42.28973466300005],[-70.93733254599994,42.28492466300003],[-70.92638054399998,42.30141466600003],[-70.93527254699995,42.302109666000035],[-70.95108055099996,42.28973466300005]]],[[[-70.92747549499995,41.43181949900003],[-70.94875750099999,41.40904649400005],[-70.90749648799994,41.42152049800006],[-70.92747549499995,41.43181949900003]]],[[[-70.95149255299998,42.31357266800006],[-70.95434055299995,42.30859566700008],[-70.94851555199995,42.31194566800008],[-70.95149255299998,42.31357266800006]]],[[[-70.97740256099996,42.31230266700004],[-70.96573255699997,42.31347766700003],[-70.95280555399995,42.33063567100004],[-70.95726855599997,42.33166967100004],[-70.97740256099996,42.31230266700004]]],[[[-70.98307856399998,42.32716467000006],[-70.99162156699998,42.32630266900003],[-70.98566756399998,42.31874166800003],[-70.98307856399998,42.32716467000006]]],[[[-73.26495833699994,42.745948671000065],[-73.50814337399999,42.08626553900007],[-73.49688036799995,42.049683532000074],[-72.81354214499999,42.03650255400004],[-72.81674214299994,41.99760354600005],[-72.76674012799998,42.00300354900003],[-72.75583912599996,42.03620355600003],[-71.80065081399994,42.023577585000055],[-71.79924281299998,42.008073582000065],[-71.38140167699999,42.018806598000026],[-71.38170066899994,41.89320757400003],[-71.33869865599996,41.89840757600007],[-71.34069765099997,41.79830855700004],[-71.26139262199996,41.75230955100005],[-71.19564059599998,41.67509853800004],[-71.13288857499998,41.66011053700004],[-71.14091057499996,41.60741352600007],[-71.12057056199995,41.49745650600005],[-71.07068754599999,41.50888550900004],[-71.04101353599998,41.49754250800004],[-71.03836253399999,41.48111350500005],[-71.01935452999999,41.50886551100007],[-70.98395651799996,41.50890851200006],[-70.96658351399998,41.53166351700003],[-70.95329950799999,41.515018514000076],[-70.94630250699998,41.53757251900004],[-70.92852050199997,41.53978452000007],[-70.94879750999996,41.57904652700006],[-70.93133850499999,41.58420852800003],[-70.93045650599998,41.61327953400007],[-70.90205149599996,41.59159153100006],[-70.91320250099994,41.619274536000034],[-70.87266548799994,41.62782453900007],[-70.85344747899995,41.58220353000007],[-70.84203947599997,41.59355153300004],[-70.85965448399998,41.624132538000026],[-70.80106346499997,41.62952154100003],[-70.82159847299994,41.65484754600004],[-70.76546345399998,41.64158354500006],[-70.76384245499997,41.67686455200004],[-70.74340244899997,41.674734552000075],[-70.74886845199995,41.697454556000025],[-70.71559343999996,41.67526655300003],[-70.72747744499998,41.70242255800008],[-70.71202843999998,41.70703655900007],[-70.72852644599993,41.72288356200005],[-70.71873944399994,41.73574856400006],[-70.65659642199995,41.71540956200005],[-70.67406442699996,41.69137955700006],[-70.64880541999997,41.71803756300005],[-70.62365241099997,41.707406562000074],[-70.66203642199997,41.68094855600003],[-70.63359441299997,41.67633155600004],[-70.65375441899994,41.66709855300007],[-70.62480040899999,41.65573555200007],[-70.65327041699999,41.63899054800004],[-70.64000341199994,41.624624545000074],[-70.65244941499998,41.605218541000056],[-70.64274840999997,41.57239353500006],[-70.66805741599995,41.532908527000075],[-70.68698142199997,41.529498525000065],[-70.65662541199998,41.51478752300005],[-70.63360740499996,41.538262529000065],[-70.48557135799996,41.554252536000035],[-70.43724634499995,41.60533754800008],[-70.37915132599994,41.61136955100005],[-70.35163431799998,41.634695556000054],[-70.28132029499994,41.635133558000064],[-70.26542428899995,41.609341554000025],[-70.19519326799997,41.64792156300007],[-70.01421120999998,41.671979573000044],[-69.97048919399998,41.64546657000005],[-70.01360620299994,41.55105455000006],[-70.00386119999996,41.54055954800003],[-69.98821519499995,41.55471255100008],[-69.98318319599997,41.60830356200006],[-69.95777518899996,41.620372565000025],[-69.93374618399997,41.67863957700007],[-69.93802419199994,41.80951560200003],[-69.96859820799995,41.91170862100006],[-70.03350123499996,42.017744640000046],[-70.08262425299995,42.05466564500006],[-70.18930528899995,42.08234564700007],[-70.24538530699994,42.063741642000025],[-70.19083428699997,42.020036635000054],[-70.17960128299995,42.02186663600003],[-70.17100827999997,42.028053638000074],[-70.16688427899999,42.03458363900006],[-70.19234128699998,42.023165636000044],[-70.20588929199994,42.032699637000064],[-70.15541527699997,42.06241764500004],[-70.09559525599997,42.032840641000064],[-70.06901023899997,41.884932613000046],[-70.06161723899999,41.92350462100006],[-70.04499523399994,41.93005762200005],[-70.02739222799994,41.92933962300003],[-70.01336922199994,41.90599461900007],[-70.02424022499997,41.89635161700005],[-70.00018821699996,41.886946616000046],[-70.00846221499995,41.80079459900003],[-70.06431423199996,41.77285359200005],[-70.21607327999993,41.742989581000074],[-70.25920529199993,41.71396257400005],[-70.29095730399996,41.73432057700006],[-70.41247634399997,41.74440557500003],[-70.49404837299994,41.773891579000065],[-70.54103038999995,41.81576258500007],[-70.52556738699997,41.858738594000044],[-70.54741039799995,41.911942604000046],[-70.53918939599998,41.926781607000066],[-70.58357241199997,41.95001561000004],[-70.62351342399995,41.943281607000074],[-70.65082643499994,41.98218861400005],[-70.63276242799998,41.94861060800008],[-70.64678543199994,41.94931760800006],[-70.71003445599996,41.999552616000074],[-70.69580945199993,42.01335461900004],[-70.67093444299996,42.00779461800005],[-70.66936044499994,42.03712462400006],[-70.65087443899995,42.04625562600006],[-70.61422342499998,42.01115762100005],[-70.62985742999996,42.00146461800006],[-70.63638743199994,42.01383862100005],[-70.63913743199998,41.99390361700006],[-70.59789241899995,42.00455862000007],[-70.64320843699994,42.05082962700004],[-70.64016943799999,42.088641635000045],[-70.71430146699998,42.16879164800008],[-70.71299346799998,42.204439655000044],[-70.74723047999998,42.22182465700007],[-70.76633848899996,42.25475066300004],[-70.85109351699998,42.268278663000046],[-70.88945653199994,42.31049266900004],[-70.92344454299996,42.30240666700007],[-70.88731753099995,42.29766066700006],[-70.87828552699995,42.27831966400004],[-70.90443053499996,42.28078166300003],[-70.87781052499997,42.24929665800005],[-70.91705653899999,42.272550661000025],[-70.95267954899998,42.24876865600004],[-70.95383355199994,42.28079966200005],[-70.97335755699999,42.26301765800008],[-71.02065557399999,42.286583661000066],[-70.98785556399997,42.30398866500008],[-71.00758357099994,42.30293466400008],[-70.99783856799996,42.32121366800004],[-71.01899157399998,42.29818766300008],[-71.04133358199994,42.30293466300003],[-71.03325257999995,42.316995666000025],[-71.04418558399993,42.322619667000026],[-70.98531756599994,42.35832467500006],[-70.99849757099997,42.368229677000045],[-70.97418356299994,42.36957367800005],[-70.97525856299995,42.35898567600003],[-70.95302255499996,42.34398167400008],[-70.96907956099994,42.360390676000065],[-70.96666756199994,42.38895068200003],[-70.99059557099997,42.40710668400004],[-70.96076356299994,42.44601969300004],[-70.93956155699993,42.45675769600007],[-70.93639355399995,42.418105688000026],[-70.90569254399998,42.41620568900004],[-70.93340255399994,42.433443691000036],[-70.93499355599994,42.45790469600007],[-70.83599152499994,42.490504705000035],[-70.83381052499993,42.50587670800007],[-70.85332953099999,42.49302370500004],[-70.84209152899996,42.51950371100003],[-70.88636654299995,42.50861970700004],[-70.86420753699997,42.53343771200008],[-70.88256354299995,42.534895712000036],[-70.87519554099998,42.54435271400007],[-70.71034948799996,42.57257672500003],[-70.67673347899995,42.60753573200003],[-70.65890747299994,42.60351273200007],[-70.66603747399995,42.584090728000035],[-70.65472747099994,42.58224272800004],[-70.63221746499994,42.616803736000065],[-70.59146945299995,42.63982974100003],[-70.59547445599998,42.66034474500003],[-70.62279146499998,42.66088174400005],[-70.63007746899996,42.69270775000007],[-70.69123148699998,42.65579874100007],[-70.77608351699996,42.69127274500005],[-70.81729654099996,42.87229877800007],[-70.84862555099994,42.86094777500006],[-70.91489957399995,42.88659777700008],[-71.03120161099997,42.85909776800003],[-71.06420161899996,42.80629775800003],[-71.13250364199996,42.821397758000046],[-71.16560365199996,42.808697755000026],[-71.18610465799998,42.79069775100004],[-71.18180365299997,42.737598741000056],[-71.24550467499995,42.742597740000065],[-71.29420568799998,42.696998730000075],[-73.26495833699994,42.745948671000065]]]]}},{"type":"Feature","properties":{"adm0_a3":"USA","shape_name":"Idaho","ihme_name":"Idaho"},"geometry":{"type":"Polygon","coordinates":[[[-116.91600259499995,45.99541908100008],[-116.87599357899995,45.95441608200008],[-116.85980856599997,45.907270080000046],[-116.79606454499998,45.85847908200003],[-116.78268953499997,45.82538208100004],[-116.71183552199994,45.82627308800005],[-116.66535750499997,45.782004089000054],[-116.59301748999997,45.77854709600007],[-116.54665647599995,45.750978098000076],[-116.53540946199996,45.69174009500006],[-116.48790744499996,45.64977509600004],[-116.46364843099997,45.60279109500004],[-116.52857143299997,45.55108408500007],[-116.557600429,45.503223078000076],[-116.55484241999994,45.46293607500007],[-116.58820842199998,45.442926070000055],[-116.67380641499994,45.32151705200005],[-116.67450640599998,45.276355049000074],[-116.703620404,45.23976304300004],[-116.72962038999998,45.14209703300003],[-116.84795738899999,45.022608012000035],[-116.85697738199997,44.975179007000065],[-116.82628437699998,44.982499010000026],[-116.85075037699994,44.95811900600006],[-116.832189369,44.93137900600004],[-116.85244036399996,44.887583],[-116.89816636599994,44.854324993000034],[-116.93471335999999,44.78388698400005],[-117.06228637199996,44.72714896700006],[-117.12476735699994,44.583839950000026],[-117.14826835799994,44.56437694600004],[-117.14925535199995,44.53615694400003],[-117.22508935599996,44.48235193200003],[-117.21508534399999,44.42716792900006],[-117.24268834399999,44.396553924000045],[-117.18978232299997,44.33659092400006],[-117.22266032199997,44.29758391800004],[-117.19816031299996,44.27383391800004],[-117.14340729999998,44.25826792200007],[-117.10422129699998,44.27994592700003],[-117.05304327799996,44.22908192800003],[-117.03187527799997,44.24864093200006],[-116.97591826699994,44.24284993600003],[-116.97168825799997,44.19726193300005],[-116.92540524799995,44.19154993700005],[-116.89409623699999,44.16019693700008],[-116.93371723299998,44.100044929000035],[-116.97736423899994,44.08536992300003],[-116.97319823099997,44.04943092100007],[-116.93735522099996,44.02938192200003],[-116.935597213,43.986879919000046],[-116.97619321899998,43.974724914000035],[-116.95921921399997,43.96636591500004],[-116.97234421499996,43.95836291300003],[-116.95876520599995,43.92325191200007],[-116.98193220799999,43.91248390800007],[-116.98295320099999,43.86771590500007],[-117.02108820599994,43.858969900000034],[-117.00901520099995,43.84232890000004],[-117.03289420299996,43.83003089700003],[-117.02156319899996,43.819407897000076],[-117.02620989899998,41.999895740000056],[-114.831089492,42.00221292700007],[-113.84334929999994,41.98844800900008],[-111.04672573699997,42.00170824200006],[-111.04898613399996,44.474078502000054],[-111.12739515499999,44.497626497000056],[-111.131394162,44.532435501000066],[-111.17376717399998,44.54933949800005],[-111.18104217899997,44.56923750000004],[-111.22751618999996,44.577178496000045],[-111.240344199,44.61369349900008],[-111.220157197,44.62300250200008],[-111.25319520899995,44.65117950100006],[-111.278489214,44.651271499000075],[-111.26681621499995,44.667518502000064],[-111.32306423699998,44.72856150300004],[-111.35516524399998,44.727201500000035],[-111.38511825499995,44.754904500000066],[-111.41428525299995,44.71074549300005],[-111.44274526099997,44.72023849100003],[-111.48879626799999,44.70564948600003],[-111.47226725799999,44.66690248300006],[-111.49194625799998,44.64314047900007],[-111.51617926299997,44.64406547700003],[-111.50250125699995,44.626826477000066],[-111.52159725899998,44.615027474000044],[-111.52265825499995,44.59025647100003],[-111.50135224699994,44.57249647100008],[-111.50742024699997,44.562085470000056],[-111.46933023799994,44.55755847300003],[-111.46828123399996,44.538982471000054],[-111.515282244,44.53702246600005],[-111.58651926299996,44.562663463000035],[-111.61268126699997,44.54877445900007],[-111.70175728699996,44.559958452000046],[-111.82154230299994,44.50894743600003],[-111.86876832299998,44.56584043700008],[-111.94705933799997,44.55698442900007],[-111.97746733999998,44.53584342500005],[-112.032719354,44.54664842100004],[-112.03239835099998,44.52873141900005],[-112.06959536,44.536907416000076],[-112.10676736499994,44.520835411000064],[-112.13708737399998,44.539773410000066],[-112.22171039299997,44.54352540300005],[-112.24279740099996,44.56809740400007],[-112.28605340999997,44.568611400000066],[-112.31921041199996,44.539116394000075],[-112.35422241899994,44.53564439000007],[-112.35849541099998,44.48574238500004],[-112.38735140999995,44.44760337900004],[-112.47205343299999,44.479106374000025],[-112.50020143599994,44.46296937000005],[-112.54172444799997,44.48377736800006],[-112.66358247299996,44.48625535700006],[-112.71912248799998,44.50435035400005],[-112.77985649699997,44.484619347000034],[-112.839439498,44.425125336000065],[-112.81111848799998,44.39888433600004],[-112.81316548499996,44.37670333300008],[-112.85509848999999,44.35997632800007],[-112.889166505,44.40521132900005],[-112.939592517,44.41250832500003],[-113.005071537,44.45372632300007],[-113.02651254899996,44.49459932500008],[-113.00796455099999,44.52718633000006],[-113.04423256099994,44.54337632800008],[-113.03780456399994,44.56508933100008],[-113.08755457999996,44.59951632900004],[-113.04982057799998,44.629072336000036],[-113.06777358999994,44.67879233900004],[-113.13429261699997,44.752273339000055],[-113.13184362099997,44.77304434100006],[-113.24761565299997,44.82286733500007],[-113.34183466499996,44.78495032300003],[-113.37712768199998,44.83483532400004],[-113.42159169099995,44.83756032000008],[-113.45508370299996,44.86543032000003],[-113.49838572599998,44.94169132300004],[-113.44440071799994,44.95875132900005],[-113.43789472599997,45.007349334000025],[-113.45205673799995,45.05918033800003],[-113.52251475799994,45.09174233400006],[-113.51027475999996,45.11548233700006],[-113.56983377399996,45.12430533300005],[-113.56541977799998,45.14874933500005],[-113.59071978399999,45.15589233400004],[-113.59192378999995,45.18419333600008],[-113.69249782499998,45.26344633400004],[-113.680846826,45.27931033600004],[-113.73806884699997,45.328378335000025],[-113.73441485799998,45.39235934100003],[-113.77605587,45.40848333900004],[-113.76015886999994,45.42744234200006],[-113.78355387899995,45.45198434200006],[-113.75999887999996,45.48074134600006],[-113.76656788899999,45.52091234900007],[-113.83447190299995,45.52109834300006],[-113.82088590899997,45.56606634800005],[-113.79714590699996,45.58212135200006],[-113.80741791299994,45.60278935300005],[-113.86124492799996,45.62359534900003],[-113.90369693599996,45.621597345000055],[-113.89524993899994,45.643397348000065],[-113.91949294699998,45.65786634700004],[-113.93527295699994,45.694347348000065],[-113.961892961,45.68972434500006],[-113.98808796999998,45.70572734400008],[-114.01549497299999,45.695907341000066],[-114.02741197199998,45.675759338000034],[-114.01879596499998,45.648502336000035],[-114.06697497,45.62797333000003],[-114.086596967,45.59118632500008],[-114.19223897799998,45.53708731000006],[-114.24836699099995,45.545414305000065],[-114.27046198299996,45.484429298000066],[-114.32959098999999,45.459979290000035],[-114.36615100299997,45.49098828900003],[-114.42469601899995,45.50991728500003],[-114.43058702399998,45.529516287000035],[-114.463955033,45.545371285000044],[-114.45783703499995,45.56171728700008],[-114.498273042,45.55549428200004],[-114.527573051,45.57083028100004],[-114.56498705599995,45.55781327600005],[-114.53848405999997,45.60577028300003],[-114.56400007099995,45.63762728300003],[-114.509078064,45.65681229000006],[-114.49906206599996,45.678746293000074],[-114.51500607099996,45.68503829200006],[-114.49539806999996,45.703061295000055],[-114.56647809799995,45.77331629400004],[-114.50931610099997,45.84553730600004],[-114.438361091,45.86256131400006],[-114.41071908299995,45.851830316000076],[-114.38731308599995,45.88775632100004],[-114.43140910399995,45.93604632100005],[-114.40253710299999,45.95795032600006],[-114.41176810899998,45.97787632700005],[-114.480005125,45.99290832100007],[-114.48051813299998,46.030430324000065],[-114.50743213799996,46.03186732200004],[-114.46945113699996,46.06183632800003],[-114.46048814199997,46.09779633200003],[-114.52052615999997,46.12491632800004],[-114.52710916499996,46.14622432900006],[-114.51499016699995,46.16742133200006],[-114.44410415399994,46.16927933900007],[-114.44857716799999,46.23297034400008],[-114.47073317899998,46.26604734500006],[-114.42545417399998,46.28786235100006],[-114.43280917899995,46.30610635200003],[-114.41050618699995,46.36514935900004],[-114.42222519399996,46.38733736000006],[-114.36855419399996,46.43796536900004],[-114.40256321299995,46.50021337100003],[-114.34280720499999,46.51826337800003],[-114.34723421299998,46.55242738100003],[-114.32980121499997,46.577226385000074],[-114.34374621999996,46.590462384000034],[-114.32255022099997,46.61129038800004],[-114.32113122799996,46.64752039100006],[-114.35854123999997,46.67070338900004],[-114.42443725099997,46.660654382000075],[-114.46710825399998,46.63177037500003],[-114.54131727199996,46.649662369000055],[-114.60528228199996,46.63582836200004],[-114.64225929799994,46.673624361000066],[-114.62153930099998,46.70788536600003],[-114.66458531599994,46.73909036400005],[-114.69860732299998,46.74045736100004],[-114.71393632099995,46.715067357000066],[-114.76728532799996,46.69720135100005],[-114.78856833499998,46.71366735000004],[-114.76559133699999,46.74562935500006],[-114.78485134899995,46.78002535600007],[-114.82962635799998,46.78297335100007],[-114.86579237199999,46.81453535000003],[-114.89520237499994,46.801636346000066],[-114.89824937999998,46.82200734800006],[-114.94805239799996,46.859646346000034],[-114.92530840599994,46.91875535200006],[-114.960977416,46.930414350000035],[-115.00128743299996,46.97190734900005],[-115.04839644199996,46.96982534400007],[-115.07174145799996,47.025861346000056],[-115.131147479,47.06896234300007],[-115.14435448899997,47.101983345000065],[-115.24527851999994,47.15175733800004],[-115.26243552999995,47.18169333900005],[-115.30051753899994,47.18814533500006],[-115.29159254199999,47.210007338000025],[-115.32016055799994,47.25670633900006],[-115.48365059599996,47.28214032400007],[-115.52852460799994,47.29932032100004],[-115.549087623,47.34721132200008],[-115.57765263299996,47.36741032100008],[-115.642934648,47.37737331500006],[-115.65731765599998,47.40021431500003],[-115.72144867399999,47.42572031000003],[-115.75931768099997,47.42386830600003],[-115.71705267999994,47.45258131300005],[-115.64014666599996,47.45972032100008],[-115.62998766899995,47.47963932400006],[-115.68627768099998,47.48494631800003],[-115.71141169299995,47.51677731800004],[-115.69873769399999,47.531659320000074],[-115.75567670899994,47.54830631600004],[-115.68856370599997,47.59433932600007],[-115.69445771399995,47.62376732800004],[-115.73651072899997,47.65474432600007],[-115.72280273599995,47.69473133000008],[-115.77397075099998,47.71791032600004],[-115.79734576499999,47.757134327000074],[-115.83195777099996,47.75598932300005],[-115.85232579199999,47.827863326000056],[-115.91878581099996,47.85366232100006],[-116.01977185599998,47.96324631900006],[-116.04912186499996,47.97684831600003],[-116.04910011299995,49.000852388000055],[-117.03236530399994,48.99919428100003],[-117.03470970499995,46.41832410100005],[-117.06276169699998,46.35363009300005],[-116.986701671,46.296668096000076],[-116.99114766699995,46.27634809400007],[-116.95527765099996,46.23088609500007],[-116.96585464699996,46.20342309100005],[-116.92188363199995,46.16781409300006],[-116.95527662399996,46.102243085000055],[-116.98249262699994,46.08939508100008],[-116.94266961299996,46.06100608300005],[-116.91600259499995,45.99541908100008]]]}},{"type":"Feature","properties":{"adm0_a3":"USA","shape_name":"Florida","ihme_name":"Florida"},"geometry":{"type":"MultiPolygon","coordinates":[[[[-80.17395266899996,25.52537962400004],[-80.17706266899995,25.521708623000052],[-80.17268266799994,25.52209162300005],[-80.17395266899996,25.52537962400004]]],[[[-80.25860368899998,25.359615580000025],[-80.23934368299996,25.350590578000038],[-80.23138968199999,25.387425587000052],[-80.20383167399996,25.414501595000047],[-80.17667066799999,25.48590061300007],[-80.17723966899996,25.518429622000042],[-80.20922267599997,25.414374595000027],[-80.24958668699998,25.39494258900004],[-80.25860368899998,25.359615580000025]]],[[[-80.29445069899998,25.327767571000038],[-80.29677969899996,25.325359570000046],[-80.29355169799999,25.32446157000004],[-80.29445069899998,25.327767571000038]]],[[[-80.30352470299994,25.380124584000043],[-80.29500469999994,25.37671858300007],[-80.29368069999998,25.385456585000043],[-80.30352470299994,25.380124584000043]]],[[[-80.30024170199994,25.406656591000058],[-80.30196570299995,25.403005590000078],[-80.29974370199994,25.405389590000027],[-80.30024170199994,25.406656591000058]]],[[[-80.44864073699995,25.05367049700004],[-80.45578373899997,25.04835749600005],[-80.44631373599998,25.052817497000035],[-80.44864073699995,25.05367049700004]]],[[[-80.48261674799994,25.086435505000054],[-80.46883174399994,25.09203150700006],[-80.47774474699997,25.103547510000055],[-80.47394174499993,25.093646507000074],[-80.48261674799994,25.086435505000054]]],[[[-80.48136274799998,25.114012512000045],[-80.47501074599995,25.109788511000033],[-80.47920774799996,25.123575515000027],[-80.48136274799998,25.114012512000045]]],[[[-80.49079675099995,25.103544509000074],[-80.49450075199996,25.09784350800004],[-80.48618174899997,25.108604511000067],[-80.49079675099995,25.103544509000074]]],[[[-80.49625875199996,25.081813504000024],[-80.50030975299995,25.075320502000068],[-80.49238275,25.07863250300005],[-80.49625875199996,25.081813504000024]]],[[[-80.50535875599996,25.13782851800005],[-80.50916575699995,25.131394516000057],[-80.50773975599998,25.130964516000063],[-80.50535875599996,25.13782851800005]]],[[[-80.50829575699998,25.156800523000072],[-80.51001275699997,25.14491552000004],[-80.50506375599997,25.14877252100007],[-80.50829575699998,25.156800523000072]]],[[[-80.51983575899999,25.086882505000062],[-80.51805375799995,25.082803504000026],[-80.51048675599998,25.081798503000073],[-80.51983575899999,25.086882505000062]]],[[[-80.53563876599998,25.195101532000024],[-80.54059076699997,25.181972528000074],[-80.53033476399997,25.187607530000037],[-80.53563876599998,25.195101532000024]]],[[[-80.55322376999999,25.16141752300007],[-80.55586977099995,25.158181522000064],[-80.55006076899997,25.161858523000035],[-80.55322376999999,25.16141752300007]]],[[[-80.55979176999995,25.064562498000043],[-80.55266076799995,25.062948498000026],[-80.55584676899997,25.07221050000004],[-80.55979176999995,25.064562498000043]]],[[[-80.56495777299995,25.12787551400004],[-80.56773377399998,25.125712513000053],[-80.56797477399994,25.122480513000028],[-80.56495777299995,25.12787551400004]]],[[[-80.56502077299996,25.149683520000053],[-80.56194677199994,25.139574517000028],[-80.55723577099997,25.140388517000076],[-80.56502077299996,25.149683520000053]]],[[[-80.56715977299996,25.108260509000047],[-80.56074177099998,25.10739950900006],[-80.56763477299995,25.11912851200003],[-80.56715977299996,25.108260509000047]]],[[[-80.57905277799995,25.159953522000023],[-80.57512177599995,25.148392519000026],[-80.57293077599996,25.15674952100005],[-80.57905277799995,25.159953522000023]]],[[[-80.58269577599998,25.061173497000027],[-80.58824877799998,25.056487495000056],[-80.58328077599998,25.05695049600007],[-80.58269577599998,25.061173497000027]]],[[[-80.60769878599996,25.17492152500006],[-80.59985578399994,25.16373652300007],[-80.58680177999997,25.16264452300004],[-80.58663377999994,25.17144652500008],[-80.60769878599996,25.17492152500006]]],[[[-80.60553278299994,25.070362499000055],[-80.61337778499995,25.068719498000064],[-80.60946678399995,25.055950495000047],[-80.60553278299994,25.070362499000055]]],[[[-80.61553378499997,25.00778148200004],[-80.61414878399995,25.003223481000077],[-80.61275378399995,25.006664482000076],[-80.61553378499997,25.00778148200004]]],[[[-80.62146979099998,25.183672527000056],[-80.61445078799994,25.175783525000043],[-80.60984978699997,25.182411527000056],[-80.62146979099998,25.183672527000056]]],[[[-80.62600478799999,25.002629481000042],[-80.62388978699994,24.998785480000038],[-80.62278778699994,25.000001480000037],[-80.62600478799999,25.002629481000042]]],[[[-80.62735978699999,24.959818470000073],[-80.62320578599997,24.958624470000075],[-80.62388478599996,24.96367747100004],[-80.62735978699999,24.959818470000073]]],[[[-80.63415479099996,25.028122487000076],[-80.63422978999995,25.02430148600007],[-80.63163078999997,25.02546748700007],[-80.63415479099996,25.028122487000076]]],[[[-80.64477979399999,25.052812493000033],[-80.64423879399999,25.046942492000028],[-80.64114379299997,25.049798493000026],[-80.64477979399999,25.052812493000033]]],[[[-80.64586279399998,25.036279489000037],[-80.64853479499999,25.03236048800005],[-80.64634079399997,25.03316348800007],[-80.64586279399998,25.036279489000037]]],[[[-80.65022879399999,24.989508477000072],[-80.65268779499996,24.980818475000035],[-80.64657879299995,24.987373476000073],[-80.65022879399999,24.989508477000072]]],[[[-80.65867479999997,25.10711550700006],[-80.64913679599994,25.078274500000077],[-80.64064579399997,25.07337749900006],[-80.63748479399999,25.137280515000043],[-80.65867479999997,25.10711550700006]]],[[[-80.66182879799999,24.995277478000048],[-80.65759679599995,24.987785476000056],[-80.65427379599998,24.99492047800004],[-80.66182879799999,24.995277478000048]]],[[[-80.66464279999997,25.037158489000035],[-80.66840880099994,25.03353148800005],[-80.66403179899999,25.033647488000042],[-80.66464279999997,25.037158489000035]]],[[[-80.66515679699995,24.928162461000056],[-80.66639179699996,24.91852245800004],[-80.66083079599997,24.924032460000035],[-80.66515679699995,24.928162461000056]]],[[[-80.67008779999998,24.99016947700005],[-80.66732479899997,24.98639947600003],[-80.66674779899995,24.987246476000053],[-80.67008779999998,24.99016947700005]]],[[[-80.67450280399999,25.10411050600004],[-80.68042280599997,25.099286504000077],[-80.66693480199996,25.095966504000046],[-80.67450280399999,25.10411050600004]]],[[[-80.67806380399998,25.035266488000048],[-80.67623980299999,25.030994487000044],[-80.67373180199996,25.03292048800006],[-80.67806380399998,25.035266488000048]]],[[[-80.68407680699994,25.122950510000067],[-80.67590680499995,25.114513508000073],[-80.67948180599996,25.12318151100004],[-80.68407680699994,25.122950510000067]]],[[[-80.68205580499995,25.030724487000043],[-80.68706780599996,25.027201486000024],[-80.68211380399998,25.02531848500007],[-80.68205580499995,25.030724487000043]]],[[[-80.69563780899995,25.06208849500007],[-80.69448280899996,25.050075492000076],[-80.69264580799995,25.060090494000065],[-80.69563780899995,25.06208849500007]]],[[[-80.70015981199998,25.101451505000057],[-80.69722481099996,25.098330504000046],[-80.70089481199994,25.10807350600004],[-80.70015981199998,25.101451505000057]]],[[[-80.69454380999997,25.122256510000057],[-80.70090581199997,25.11582450800006],[-80.69441580999995,25.119945509000047],[-80.69454380999997,25.122256510000057]]],[[[-80.69806080599994,24.908873455000048],[-80.70259280699997,24.897041452000053],[-80.69340680499994,24.899536453000053],[-80.69806080599994,24.908873455000048]]],[[[-80.71113781599996,25.143058515000064],[-80.70601981399994,25.128908511000077],[-80.69964981199996,25.125723511000047],[-80.71113781599996,25.143058515000064]]],[[[-80.71095581599997,25.14581051600004],[-80.71463981699998,25.14656351600007],[-80.71131181599998,25.144412515000056],[-80.71095581599997,25.14581051600004]]],[[[-80.72486581899994,25.099329504000025],[-80.72606681899998,25.08941050100003],[-80.72001081699995,25.09653150300005],[-80.72486581899994,25.099329504000025]]],[[[-80.73009581799994,25.002451479000058],[-80.72625381699999,24.996233477000033],[-80.723689816,25.005055479000077],[-80.73009581799994,25.002451479000058]]],[[[-80.73432382099998,25.072161496000035],[-80.72799181899995,25.06262249400004],[-80.72820581899998,25.070897496000043],[-80.73432382099998,25.072161496000035]]],[[[-80.74009182099996,25.008396480000044],[-80.73590381999998,25.00181447800003],[-80.73851282099997,25.011221481000064],[-80.74009182099996,25.008396480000044]]],[[[-80.69065380399996,24.88422544900004],[-80.73517781599998,24.84882643900005],[-80.70333480699998,24.868355445000077],[-80.69065380399996,24.88422544900004]]],[[[-80.75453282599995,25.039609488000053],[-80.75830882699995,25.028931485000044],[-80.74942482399996,25.027651485000035],[-80.75453282599995,25.039609488000053]]],[[[-80.76051182999998,25.146348515000057],[-80.76088882999994,25.14353251400007],[-80.75884782999998,25.145272515000045],[-80.76051182999998,25.146348515000057]]],[[[-80.783893832,24.940845462000027],[-80.78689583299996,24.937548461000063],[-80.78267483199994,24.93933146100005],[-80.783893832,24.940845462000027]]],[[[-80.78630383499996,25.026560484000072],[-80.78923483599993,25.023186483000075],[-80.78523483399994,25.024760483000023],[-80.78630383499996,25.026560484000072]]],[[[-80.78927083799994,25.13204051100007],[-80.78670583699994,25.124427509000043],[-80.78118483599997,25.122031508000077],[-80.78927083799994,25.13204051100007]]],[[[-80.78567283599995,25.092480501000068],[-80.79112583799997,25.09147450000006],[-80.78767483699994,25.08912250000003],[-80.78567283599995,25.092480501000068]]],[[[-80.78867583699997,25.07103849500004],[-80.79230283799996,25.067928494000057],[-80.78752183599994,25.06868149400003],[-80.78867583699997,25.07103849500004]]],[[[-80.82988984699995,24.994457475000047],[-80.82976784699997,24.987686473000053],[-80.82791184599995,24.987930473000063],[-80.82988984699995,24.994457475000047]]],[[[-80.83230085099996,25.121703507000063],[-80.83086084999997,25.11524050500003],[-80.82865984899996,25.114965505000043],[-80.83230085099996,25.121703507000063]]],[[[-80.84849284799998,24.804717426000025],[-80.79453383199996,24.812054429000057],[-80.78669482999999,24.824041432000058],[-80.80538583599997,24.830009433000043],[-80.78783283099995,24.84141343600004],[-80.84849284799998,24.804717426000025]]],[[[-80.85037785599997,25.110723504000077],[-80.85147385599998,25.10774050300006],[-80.84975985499995,25.108477503000074],[-80.85037785599997,25.110723504000077]]],[[[-80.86260285699996,25.033964484000023],[-80.86534485799996,25.029955483000037],[-80.86089785699994,25.031063483000025],[-80.86260285699996,25.033964484000023]]],[[[-80.88135086499994,25.11840350500006],[-80.87607886299998,25.110880503000033],[-80.87929086399998,25.118920505000062],[-80.88135086499994,25.11840350500006]]],[[[-80.88481686399996,25.06120349100007],[-80.88536186399995,25.058099490000075],[-80.88358486399994,25.059882490000064],[-80.88481686399996,25.06120349100007]]],[[[-80.90495786999998,25.05165248800006],[-80.90227586899994,25.049317487000053],[-80.90177886899994,25.05221848800005],[-80.90495786999998,25.05165248800006]]],[[[-80.90423387199996,25.13743351000005],[-80.90540887199995,25.132566508000025],[-80.90021187099995,25.13741551000004],[-80.90423387199996,25.13743351000005]]],[[[-80.91202287299996,25.11032950300006],[-80.91106987299997,25.10195550000003],[-80.90781687199996,25.102901501000076],[-80.91202287299996,25.11032950300006]]],[[[-80.92315586799998,24.76668241400006],[-80.90761886399997,24.768624415000033],[-80.90876286499997,24.777608418000057],[-80.91531286599997,24.77790441700006],[-80.92315586799998,24.76668241400006]]],[[[-80.92600886899999,24.768948415000068],[-80.93153387099994,24.76340241300005],[-80.92636486899994,24.765927414000032],[-80.92600886899999,24.768948415000068]]],[[[-80.93157687799999,25.08064749500005],[-80.92987987799995,25.07847249400004],[-80.92517087699997,25.080558495000048],[-80.93157687799999,25.08064749500005]]],[[[-80.93531987999995,25.111096502000066],[-80.94164488199993,25.106174501000055],[-80.93248387899996,25.109235502000047],[-80.93531987999995,25.111096502000066]]],[[[-81.12476392599996,24.707133395000028],[-81.10804391999994,24.688596391000033],[-81.07730291099995,24.689978392000057],[-81.06713790899994,24.714935398000023],[-81.01593589399994,24.719885401000056],[-80.93141887099995,24.774348416000066],[-81.12476392599996,24.707133395000028]]],[[[-81.22798095699994,24.781789412000023],[-81.23005795799997,24.77686341100008],[-81.22613795699993,24.775725411000053],[-81.22798095699994,24.781789412000023]]],[[[-81.28081096999995,24.65562937900006],[-81.24476395999994,24.669206383000073],[-81.24323495899995,24.67400238400006],[-81.26000896399995,24.674852384000076],[-81.28081096999995,24.65562937900006]]],[[[-81.28776097499997,24.776356410000062],[-81.29394897599997,24.77257440900007],[-81.28573697399997,24.76824640800004],[-81.28776097499997,24.776356410000062]]],[[[-81.30609997999994,24.75708340400007],[-81.31425798199996,24.750819403000037],[-81.29896197699998,24.743649401000027],[-81.30609997999994,24.75708340400007]]],[[[-81.32422398499995,24.767064407000078],[-81.32400298499994,24.75956040500006],[-81.31734798299993,24.75675440400005],[-81.32422398499995,24.767064407000078]]],[[[-81.33064798599997,24.729535397000063],[-81.30325597799998,24.71403339400007],[-81.29740397599994,24.716736394000066],[-81.32839998599997,24.750279402000047],[-81.33064798599997,24.729535397000063]]],[[[-81.33362898699994,24.744235401000026],[-81.33766998799996,24.737220399000023],[-81.33291598699998,24.73160739700006],[-81.33362898699994,24.744235401000026]]],[[[-81.34124101299994,25.712581646000046],[-81.35562701699996,25.692520641000044],[-81.33824501199996,25.692899641000054],[-81.34124101299994,25.712581646000046]]],[[[-81.44171901599998,24.636035371000048],[-81.44431501699995,24.632925370000066],[-81.44087601599995,24.632975370000054],[-81.44171901599998,24.636035371000048]]],[[[-81.48281802799994,24.61809736500004],[-81.47147402399997,24.609855364000055],[-81.46766802299999,24.60997736400003],[-81.46904202299999,24.61315936400007],[-81.48281802799994,24.61809736500004]]],[[[-81.81579612299998,24.562743345000058],[-81.80355911899994,24.544510340000045],[-81.68524608499996,24.558680346000074],[-81.51902803799999,24.618816365000043],[-81.50594703499996,24.65451437400003],[-81.41254000799995,24.646736374000056],[-81.39479800199996,24.62113936800006],[-81.296897974,24.65538637900005],[-81.31960598199998,24.70267639000008],[-81.35941799399995,24.72858439600003],[-81.37182499899995,24.77909340900004],[-81.44351302099994,24.81336841600006],[-81.74565410499997,24.659886371000027],[-81.76533910999996,24.63263036400008],[-81.72199809699998,24.60665835800006],[-81.75283710499997,24.580238351000048],[-81.79401511699996,24.575753349000024],[-81.79949811899996,24.594172353000033],[-81.80233411899997,24.565161346000025],[-81.81579612299998,24.562743345000058]]],[[[-81.88588114299995,24.56297234400006],[-81.88823114299998,24.557776342000068],[-81.88374614199995,24.560334343000022],[-81.88588114299995,24.56297234400006]]],[[[-81.92308315499997,24.606629354000063],[-81.92108515399997,24.60129435300007],[-81.91947515399994,24.605484354000055],[-81.92308315499997,24.606629354000063]]],[[[-81.92133115299998,24.548484339000026],[-81.92489515399996,24.53996833700006],[-81.91698015199995,24.546761339000057],[-81.92133115299998,24.548484339000026]]],[[[-81.92558715399997,24.53286733500005],[-81.92599815399996,24.52651833300007],[-81.91772815099995,24.53052533500005],[-81.92558715399997,24.53286733500005]]],[[[-81.97121016699998,24.52765533300004],[-81.97836616899997,24.52310033200007],[-81.96670116499996,24.523758332000057],[-81.97121016699998,24.52765533300004]]],[[[-82.00748717699997,24.53790633500006],[-82.00645617699996,24.527441332000024],[-81.99831117499997,24.53086733300006],[-82.00748717699997,24.53790633500006]]],[[[-82.14541021899998,24.589904345000036],[-82.11036720799996,24.56862034100004],[-82.13354021399994,24.550028335000036],[-82.10133920499999,24.565501340000026],[-82.10812020799995,24.59062334600003],[-82.14541021899998,24.589904345000036]]],[[[-82.145187218,24.552515336000056],[-82.14601921799994,24.548947335000037],[-82.14450621699996,24.549868335000042],[-82.145187218,24.552515336000056]]],[[[-82.15671422099996,24.56613433900003],[-82.16264122299998,24.549712335000038],[-82.15642922099994,24.549111335000077],[-82.15671422099996,24.56613433900003]]],[[[-82.22407629299994,26.602900849000036],[-82.17292027499997,26.467662817000075],[-82.08291824699995,26.422063808000075],[-82.01391622799997,26.45206281700007],[-82.06255424299997,26.470135820000053],[-82.08842624999994,26.455186816000037],[-82.14937126799998,26.477609820000055],[-82.17754427699998,26.502332825000053],[-82.22407629299994,26.602900849000036]]],[[[-82.24608830299996,26.706061874000056],[-82.26248830599997,26.677606867000065],[-82.22113229299998,26.613450852000028],[-82.24608830299996,26.706061874000056]]],[[[-82.42160338799994,27.846092148000025],[-82.41983238699999,27.842481148000047],[-82.40489138299995,27.84990115000005],[-82.42160338799994,27.846092148000025]]],[[[-82.43746339299997,27.867028153000035],[-82.42428138899999,27.868222154000023],[-82.42462538999996,27.884204158000045],[-82.43545139299994,27.884204157000056],[-82.43746339299997,27.867028153000035]]],[[[-82.43122438999995,27.838613146000057],[-82.44169239299998,27.823539142000072],[-82.43222339,27.822294142000032],[-82.43122438999995,27.838613146000057]]],[[[-82.44312439299995,27.806958138000027],[-82.44692739399994,27.80632713800003],[-82.44431339299996,27.80443513800003],[-82.44312439299995,27.806958138000027]]],[[[-82.57270142499993,27.636948094000047],[-82.57361142499997,27.631271093000066],[-82.56918142399996,27.630536092000057],[-82.57270142499993,27.636948094000047]]],[[[-82.69391046099997,27.66874309900004],[-82.69506546099996,27.661589097000046],[-82.68555845799995,27.664747098000078],[-82.69391046099997,27.66874309900004]]],[[[-82.75733751699994,28.800733368000067],[-82.73671050999997,28.773715363000065],[-82.72381850699998,28.790457367000045],[-82.74212651199997,28.803233369000054],[-82.75733751699994,28.800733368000067]]],[[[-82.76149747799997,27.603082081000025],[-82.76332247799996,27.58215107600006],[-82.75610447599996,27.576090075000025],[-82.76149747799997,27.603082081000025]]],[[[-82.83224051499997,28.12906220600007],[-82.84274651799996,28.11123020200006],[-82.83240851499994,28.106721201000028],[-82.83224051499997,28.12906220600007]]],[[[-82.85243552399999,28.21017822500005],[-82.85036852199994,28.172542216000068],[-82.84057251899998,28.163089214000024],[-82.83885551999998,28.211553226000035],[-82.85243552399999,28.21017822500005]]],[[[-82.86330242599996,24.628883341000062],[-82.87365942899999,24.626473341000064],[-82.86288942599998,24.625703341000076],[-82.86330242599996,24.628883341000062]]],[[[-82.92429344399994,24.630831341000032],[-82.92611744399994,24.62805534000006],[-82.91672344199998,24.63625034200004],[-82.92429344399994,24.630831341000032]]],[[[-83.02781760599999,29.127009438000073],[-83.03447260799999,29.12181843700006],[-83.02401460499993,29.119327437000038],[-83.02781760599999,29.127009438000073]]],[[[-83.03447260699994,29.099599432000048],[-83.03405360699998,29.095552431000044],[-83.02591560499997,29.096276431000035],[-83.03447260699994,29.099599432000048]]],[[[-83.07596261899994,29.10163743100003],[-83.06537061599994,29.095653430000027],[-83.05993161499998,29.099665431000062],[-83.06180561499997,29.10250743200004],[-83.07596261899994,29.10163743100003]]],[[[-83.09341662499997,29.131784438000068],[-83.09025662399995,29.118720435000057],[-83.08565462299998,29.120195435000028],[-83.08260762199995,29.12892243700003],[-83.09341662499997,29.131784438000068]]],[[[-83.82784786799994,29.972816613000077],[-83.82903586799995,29.969830612000067],[-83.82701586799999,29.971066612000072],[-83.82784786799994,29.972816613000077]]],[[[-84.67468710299994,29.78623954400007],[-84.66791110099996,29.77790254300004],[-84.62374508799996,29.788503546000072],[-84.57941007699998,29.807858552000027],[-84.57248407499998,29.828464557000075],[-84.62453608899995,29.790105547000053],[-84.67468710299994,29.78623954400007]]],[[[-85.09717221699998,29.62624749500003],[-85.04507819999998,29.586996488000068],[-84.95645617599996,29.61400249600007],[-84.776958128,29.69219652000004],[-84.69262310699997,29.763044539000077],[-84.69341210699997,29.768869540000026],[-84.78221612999994,29.69261152000007],[-84.79859113499998,29.70207952100003],[-84.79050413199997,29.689526519000026],[-84.86764915299995,29.670959512000024],[-84.98150218299998,29.608647494000024],[-85.02705119599995,29.596731490000025],[-85.09717221699998,29.62624749500003]]],[[[-85.22230025399995,29.679586504000042],[-85.12045822299996,29.630020495000053],[-85.09676821699998,29.633062497000026],[-85.07431221199994,29.673986507000052],[-85.114272224,29.688663509000037],[-85.22230025399995,29.679586504000042]]],[[[-85.00250324599995,31.000687810000045],[-87.59893297799994,30.99746272400006],[-87.59205997399994,30.951497714000027],[-87.63494298199998,30.865891694000027],[-87.54504895299993,30.778671678000023],[-87.53261194799995,30.743494670000075],[-87.40696290999995,30.67517065900006],[-87.39618190599998,30.65045965400003],[-87.39503090399995,30.61528664700006],[-87.44770691399998,30.51046362200003],[-87.42508290599994,30.465601612000057],[-87.36659588799995,30.43665360800003],[-87.42958290499996,30.406503599000075],[-87.45998290999995,30.33630558300007],[-87.50470592199997,30.32404457800004],[-87.50278492099994,30.30730657500004],[-87.45008290599998,30.311105577000035],[-87.45238290699996,30.30020657500006],[-87.51832892399995,30.280440568000074],[-87.30120486599998,30.330295586000034],[-87.27090085699996,30.316755584000077],[-87.20601483899998,30.32147458700007],[-86.71306670399997,30.39479362000003],[-86.38783261199995,30.377575626000066],[-86.18874555399998,30.334193623000033],[-85.87814246099998,30.215624606000063],[-85.69967940599997,30.09872858500006],[-85.59561537499997,30.050588577000042],[-85.50232534499997,29.967850561000034],[-85.40505631599996,29.938492557000075],[-85.30279328199998,29.808869531000028],[-85.31241927999997,29.692280504000053],[-85.35924229299997,29.679684500000064],[-85.40970031199998,29.802358526000035],[-85.38467430799994,29.877623544000073],[-85.41176931499996,29.85979553900006],[-85.41797531599997,29.82886053200008],[-85.39841130699995,29.742969513000048],[-85.35151828999994,29.66667449700003],[-85.30659627799997,29.68329850200007],[-85.22997925599998,29.677821503000075],[-85.10168622199996,29.71875351600005],[-84.99326819099997,29.71496651900003],[-84.91511417099997,29.78330853700004],[-84.87065315899997,29.79711854100003],[-84.90214616599997,29.735325526000054],[-84.88803516099995,29.722411523000062],[-84.52181806399994,29.91408357800003],[-84.49202905599998,29.909877578000078],[-84.45170904499997,29.92909058400005],[-84.42334003599996,29.903284579000058],[-84.34907001399995,29.89681758000006],[-84.33862901299995,29.94649559100003],[-84.43890804199998,29.960237591000066],[-84.43760104299997,29.988135598000042],[-84.34175801499998,29.97026359700004],[-84.361966022,29.987744600000042],[-84.36160302299999,30.015665607000074],[-84.27305899899994,30.06376062000004],[-84.26226699799997,30.103729630000032],[-84.20341697999999,30.084615627000062],[-84.20559298199998,30.11432863400006],[-84.17500297199996,30.095768631000055],[-84.18449697399996,30.077259626000057],[-84.16788496899994,30.07142762500007],[-84.06299394099995,30.101383635000047],[-84.00676092399993,30.097560636000026],[-83.925367898,30.034573624000075],[-83.74632284399996,29.95783661200005],[-83.63798380999998,29.88607859800004],[-83.61857180299995,29.842341589000057],[-83.58683979299997,29.81894658400006],[-83.58422578999995,29.75850857000006],[-83.56602178499998,29.76143957100004],[-83.54793077799997,29.728086564000023],[-83.49295676199995,29.712691562000032],[-83.48369475799996,29.688214557000038],[-83.40858073599998,29.667266554000037],[-83.400255728,29.51724751900008],[-83.30783169899996,29.468866511000044],[-83.29558069499996,29.436981504000073],[-83.218078672,29.420497502000046],[-83.20251166599996,29.37129849100006],[-83.17090065499997,29.342503485000066],[-83.16957965299997,29.290360473000078],[-83.07726862499999,29.255336467000063],[-83.08784262699999,29.21642545800006],[-83.05654561499995,29.12991443800007],[-83.01640860299995,29.138635441000076],[-82.99477959899997,29.17516745100005],[-82.81390554599994,29.162507453000046],[-82.80178354099996,29.116627442000038],[-82.82366254599998,29.098907437000037],[-82.81556954299998,29.07301343100005],[-82.78348253399997,29.069274431000053],[-82.80487353899997,29.054315427000063],[-82.76375452799994,29.05452342800004],[-82.75716852299996,28.98595741200006],[-82.69601650399994,28.930826401000047],[-82.68977849999999,28.88550039000006],[-82.72789151099994,28.871256386000027],[-82.73869851199998,28.82480137500005],[-82.69150049699994,28.792193368000028],[-82.70254849999998,28.77743636400004],[-82.69007449499998,28.73656435500004],[-82.72084150299997,28.71370334900007],[-82.65513548299998,28.68048734300004],[-82.67771448899998,28.654836336000074],[-82.64943047799994,28.582646319000048],[-82.66313148099994,28.550774311000055],[-82.65275847699996,28.53776330900007],[-82.67819048299998,28.499337299000047],[-82.66447347899998,28.48879329700003],[-82.68421748399999,28.465145290000066],[-82.67105947999994,28.448985287000028],[-82.70632548799995,28.401330275000078],[-82.75733749699998,28.228284232000078],[-82.80454950899997,28.17609821800005],[-82.80748750899994,28.152240212000038],[-82.79072750399996,28.152495213000066],[-82.78132750099996,28.127596207000067],[-82.78348249899994,28.05265218900007],[-82.82120950999996,28.060192190000066],[-82.83624751499997,28.09186919700005],[-82.83410851399998,28.063769190000073],[-82.78606749999994,28.047950188000073],[-82.80487350199996,27.965988168000024],[-82.81850050899999,28.048701187000063],[-82.849129512,27.863205142000027],[-82.74032647599995,27.718211109000038],[-82.73499547099993,27.610844084000064],[-82.69809446099998,27.638863091000076],[-82.72162546899995,27.663913097000034],[-82.71336646699996,27.703684107000072],[-82.63982344599998,27.703912108000054],[-82.62246244399995,27.787563129000034],[-82.58695143499995,27.819622138000057],[-82.59639743899999,27.86408614800007],[-82.63826045199994,27.89290915400005],[-82.62930544999995,27.908100158000025],[-82.72585847899995,27.936225162000028],[-82.72180447799997,27.954618167000035],[-82.68769746899994,27.972705172000076],[-82.67557546599994,28.005447180000033],[-82.68674646999995,28.030206186000044],[-82.66535546399996,28.028108186000054],[-82.66345446299994,27.99936117900006],[-82.64111245699996,28.01677818400003],[-82.60088044399998,27.979960176000077],[-82.54595942699996,27.957646172000068],[-82.53132142099997,27.90390516000008],[-82.54282142399995,27.890606156000047],[-82.52992141999994,27.87750615300007],[-82.55483442599996,27.851518146000046],[-82.53389241999997,27.832930142000066],[-82.47244340199995,27.822564141000043],[-82.49112040999995,27.914505163000058],[-82.46641740399997,27.936174169000026],[-82.46191740199998,27.908436162000044],[-82.44502639699994,27.916854165000075],[-82.40261838399994,27.88260715800004],[-82.39215637899997,27.845517149000045],[-82.41252638399999,27.79414613600005],[-82.43463838899999,27.764360128000078],[-82.48230840199994,27.742654122000033],[-82.47763239999995,27.723051117000068],[-82.51426840999994,27.70559311200003],[-82.57745342499999,27.59956108500006],[-82.61172043399995,27.585288080000055],[-82.64134944099999,27.52551306500004],[-82.70682445899996,27.498420057000033],[-82.70812445999996,27.523519063000037],[-82.74575147199994,27.538839066000037],[-82.69007445199998,27.434420042000056],[-82.56006341099999,27.295105011000032],[-82.56889541299995,27.275582006000036],[-82.52203539799996,27.228379996000058],[-82.445721371,27.060638957000037],[-82.28253631599995,26.815996900000073],[-82.26427130799993,26.720166877000054],[-82.24989130499995,26.762950888000034],[-82.14626227599996,26.782897895000076],[-82.18310329099995,26.935777932000065],[-82.14792627999998,26.919460929000024],[-82.11655327299997,26.963320940000074],[-82.06093525599994,26.949973938000028],[-82.05523125399998,26.935777935000033],[-82.09848926599994,26.913102929000047],[-82.09516126399996,26.89148292300007],[-82.05680425199995,26.85880191600006],[-82.05507924999995,26.802456902000074],[-82.09135825699997,26.66677586800006],[-82.08208925399998,26.65360586500003],[-82.09896425799997,26.645958863000033],[-82.12579826799998,26.699540875000025],[-82.17383328199998,26.705637876000026],[-82.18381628399999,26.687800871000036],[-82.14255727099999,26.64391586100004],[-82.10205425599997,26.519488831000047],[-82.10567525599998,26.483934822000037],[-82.05689524199994,26.493752826000048],[-82.07163124699997,26.52565583300003],[-82.05808324399999,26.548408839000047],[-82.04120823799997,26.524804834000065],[-82.01530123099997,26.528845836000073],[-82.01363722899998,26.48758382500006],[-81.96951221599994,26.47650982400006],[-81.86898618399994,26.378652802000033],[-81.83314517199994,26.29452278100007],[-81.80175115699996,26.091409731000056],[-81.73816613499997,25.971841703000052],[-81.75314013899998,25.951112697000042],[-81.68954311799996,25.852714674000026],[-81.67829011499998,25.84530567300004],[-81.67209111399995,25.881849682000052],[-81.64608110699999,25.89728668600003],[-81.60496809499995,25.89208168600004],[-81.56439608199997,25.856213678000074],[-81.53423707299999,25.856613679000077],[-81.53000907099994,25.838617674000034],[-81.46812105299995,25.815155670000024],[-81.47023205299996,25.803331666000076],[-81.38901502899995,25.78130166300008],[-81.38188402599997,25.749194655000053],[-81.29033099799994,25.687510641000074],[-81.27149199099995,25.61434462300008],[-81.24171098199997,25.60652862200004],[-81.23357997799997,25.568910612000025],[-81.20439196899997,25.538912605000064],[-81.20970996999995,25.506495597000026],[-81.16797295699996,25.469493589000024],[-81.15051094999995,25.387259568000047],[-81.12305094199996,25.37912056700003],[-81.11821093899994,25.34522455800004],[-81.15191894899993,25.324770552000075],[-81.17204695199996,25.222280526000077],[-81.14901994499996,25.197714520000034],[-81.14098794099993,25.15719351000007],[-81.08792992499997,25.116175500000054],[-80.94554588399996,25.12844050700005],[-80.90057987099993,25.139673510000023],[-80.90006887099997,25.162038516000052],[-80.87546286399999,25.174325520000025],[-80.83888885399995,25.175930521000055],[-80.82636184999996,25.160649517000024],[-80.80854584499997,25.18443052400005],[-80.79354684099997,25.17642352200005],[-80.80198384199997,25.15260651600005],[-80.80052884199995,25.142989513000032],[-80.78315283699999,25.165878519000046],[-80.77805883499997,25.138214512000047],[-80.76888483299996,25.162273519000053],[-80.74231282499994,25.142529514000046],[-80.72274381899996,25.145411515000035],[-80.74741982699999,25.157979518000047],[-80.73230682299999,25.16762052100006],[-80.70416281399997,25.14081251500005],[-80.69806981199997,25.163398520000044],[-80.67232880499995,25.174713524000026],[-80.65326579899994,25.164553522000062],[-80.67371180499998,25.138301515000023],[-80.63411279399998,25.176466525000023],[-80.66396680299994,25.17670352500005],[-80.65223379999998,25.192797529000075],[-80.60504078599996,25.203520533000074],[-80.60918178699995,25.18369352700006],[-80.57956377899995,25.212098535000052],[-80.56329377399999,25.207387534000077],[-80.57756977799994,25.201221533000023],[-80.56551777499999,25.192943531000026],[-80.54979177099995,25.21478153700008],[-80.53585676599994,25.199393533000034],[-80.54142676799995,25.212059536000027],[-80.51934676199994,25.222617539000055],[-80.49798575499995,25.199936534000074],[-80.50078175599998,25.211570537000057],[-80.46550374599997,25.211759538000024],[-80.44268673899995,25.191651533000027],[-80.46134474299998,25.132491517000062],[-80.43329873399995,25.107851512000025],[-80.46574174299997,25.091708507000078],[-80.46105374099994,25.079114504000074],[-80.51589175599997,25.01473248600007],[-80.54382876399995,25.013977485000055],[-80.55840776699995,24.971298474000037],[-80.59884177899994,24.96615347200003],[-80.59575277799996,24.953979469000046],[-80.62367978599997,24.947083467000027],[-80.66043379499996,24.89846445300003],[-80.56578176899995,24.957100470000057],[-80.47213974399995,25.061539499000048],[-80.37144771699997,25.136993520000033],[-80.349849711,25.168940529000054],[-80.36734171599994,25.168744529000037],[-80.25301768699995,25.33835057400006],[-80.26697569099997,25.35206757700007],[-80.30709570199997,25.300511563000043],[-80.36591571899999,25.285387558000025],[-80.33216570799993,25.263035553000066],[-80.35284371299997,25.20756553900003],[-80.41666073099998,25.19874853500005],[-80.39812172799998,25.276790556000037],[-80.37245172099995,25.28710655900005],[-80.37064272099997,25.32322356800006],[-80.34227771299999,25.323263569000062],[-80.30542670299997,25.387748586000043],[-80.32792670999999,25.396839588000034],[-80.32044470899996,25.437157598000056],[-80.33694471399997,25.456191603000036],[-80.33977571599996,25.50025361400003],[-80.30267670699999,25.569501632000026],[-80.30539770899998,25.615912644000048],[-80.27200469999997,25.639195650000033],[-80.24912469499998,25.71338767000003],[-80.20263468299999,25.748211680000054],[-80.17511867399998,25.744454679000057],[-80.15464966799993,25.72287567400008],[-80.17613067399998,25.70981467000007],[-80.17830267399995,25.686670665000065],[-80.15293266599997,25.671588661000044],[-80.14735666599995,25.72337767500005],[-80.15937266999998,25.73301467700003],[-80.13069966199998,25.764273685000035],[-80.12101065999997,25.813203698000052],[-80.10877766399994,26.090092768000034],[-80.03886565699997,26.569351891000053],[-80.03136466099994,26.79634394800007],[-80.09391168599996,27.018592002000048],[-80.27839475199994,27.435869101000037],[-80.38345779199994,27.74002917300004],[-80.57199785899996,28.111599260000048],[-80.60334187299998,28.252560293000045],[-80.60427887599997,28.354851318000044],[-80.57810787099999,28.423080335000066],[-80.52509685699994,28.459459345000027],[-80.57424287499998,28.585344375000034],[-80.70972791999998,28.75669741300004],[-80.96617900899997,29.147965500000055],[-81.16358408099995,29.55529559100006],[-81.25388011599995,29.77685764100005],[-81.27511612599994,29.898843670000076],[-81.30898113899997,29.96944568500004],[-81.38092717099994,30.256814751000036],[-81.41438218999997,30.486709803000053],[-81.44236819799994,30.498740805000068],[-81.42584920099995,30.700457853000046],[-81.48733521999998,30.72608685700004],[-81.53115923299998,30.724224855000045],[-81.53839423499994,30.708661851000045],[-81.60088025399995,30.729449854000052],[-81.61065925599996,30.716222851000055],[-81.62436926099997,30.736345855000025],[-81.64919126799998,30.728691853000043],[-81.66334827299994,30.754407858000036],[-81.68332927799997,30.74756285600006],[-81.67282727499997,30.738940854000077],[-81.719930289,30.74463985400007],[-81.76326430299997,30.77581286000003],[-81.78321330799997,30.761890856000036],[-81.79320331199995,30.786092862000032],[-81.86861133399998,30.792759861000036],[-81.90144634499995,30.829927868000027],[-81.91092934799997,30.815894865000075],[-81.94979035899996,30.82749886600004],[-81.97385936399996,30.778492854000035],[-82.02286937899999,30.787996855000074],[-82.01160037499994,30.763127850000046],[-82.03897038199995,30.749267846000066],[-82.04379838299997,30.729646841000033],[-82.04951038099995,30.655553824000037],[-82.00548036499998,30.563500804000057],[-82.03682836699994,30.377889760000073],[-82.06003737299994,30.360333755000056],[-82.16519540299998,30.358040751000033],[-82.20415441599994,30.401335760000052],[-82.201419419,30.485169780000035],[-82.24040643199999,30.53777579100006],[-82.21484242599996,30.568596799000034],[-84.86469719499996,30.71154775000008],[-84.91432621099995,30.753596757000025],[-84.93604621999998,30.82067677200007],[-84.93541722199996,30.882486786000072],[-84.98313123799994,30.93479179600007],[-84.98013123799996,30.961291802000062],[-85.00510924599996,30.974709804000042],[-85.00250324599995,31.000687810000045]]]]}},{"type":"Feature","properties":{"adm0_a3":"USA","shape_name":"Nebraska","ihme_name":"Nebraska"},"geometry":{"type":"Polygon","coordinates":[[[-104.05303831299994,43.000593921000075],[-104.05325904199998,41.00141265800005],[-102.05162355999994,41.002383801000065],[-102.05175344199995,40.003084657000045],[-95.30829771899994,40.00000509000006],[-95.34878473299995,40.029304092000075],[-95.41359575099995,40.038431090000074],[-95.42164775499998,40.058959092000066],[-95.39335475399997,40.11921910400008],[-95.47920078399994,40.185659110000074],[-95.47750878899996,40.24272711900005],[-95.55248081099995,40.26191111700007],[-95.56216481799999,40.297366123000074],[-95.65733584399999,40.31086311900003],[-95.62373583899995,40.34657412700005],[-95.65914185499997,40.40869713400008],[-95.65819785799994,40.44188714000006],[-95.69465887099994,40.47145914200007],[-95.69997687599994,40.50528214700006],[-95.66169486699994,40.517316152000035],[-95.65585586899994,40.546616157000074],[-95.67872587699998,40.562567158000036],[-95.70859887999995,40.52155814900004],[-95.76286489599994,40.52837814700007],[-95.77471190399996,40.57358115400007],[-95.75127890099998,40.60906416100005],[-95.78657591599995,40.65726016600007],[-95.84280893299996,40.677503166000065],[-95.85262293799997,40.70226916900003],[-95.88318594799995,40.71758617000006],[-95.87903495099994,40.75308817600006],[-95.83523994199999,40.77915818300005],[-95.84694595499997,40.865752196000074],[-95.80948194799998,40.891235202000075],[-95.83975095999995,40.93278720700005],[-95.82908196199998,40.97569521400004],[-95.86729397499994,41.00160621600003],[-95.85966197699997,41.035702222000054],[-95.88242298599994,41.060418224000045],[-95.86259498399994,41.08840623000003],[-95.88349699699995,41.15490523900007],[-95.84129598799996,41.17500524500008],[-95.91459800799998,41.18510524200008],[-95.92749901399998,41.20220524300004],[-95.91089901299995,41.23180524900005],[-95.92749902499997,41.29840425800006],[-95.90429801899995,41.29960426000008],[-95.902498015,41.273405256000046],[-95.87289700899998,41.28950426100005],[-95.87469701199996,41.30710426300004],[-95.95669903799995,41.34550326400006],[-95.92879803299996,41.37010327000007],[-95.93749803799994,41.39310227300007],[-95.92028903999994,41.45157328300007],[-96.01176506799999,41.476219281000056],[-96.01923207099998,41.48930328200004],[-95.99260706699994,41.51418128800003],[-95.99997407199999,41.53948729100006],[-96.02666507899994,41.54037329000005],[-96.04070907899995,41.50708328400003],[-96.09201609599995,41.53391728400004],[-96.08185109799996,41.58041429200006],[-96.11811311199995,41.613502295000046],[-96.09542310999996,41.65274330200003],[-96.12140912199999,41.68852930600008],[-96.073071111,41.70501131200007],[-96.10643312299999,41.737897315000055],[-96.064887119,41.79623732700003],[-96.10760013299995,41.820692328000064],[-96.11025413799996,41.84885733200008],[-96.16176415799998,41.90182733600005],[-96.13675115299998,41.92083334100005],[-96.14459115799997,41.94155134400006],[-96.12951315699996,41.97168034900005],[-96.18627317299996,41.97742434600008],[-96.19456417899994,42.00866935000005],[-96.24072118999999,41.999358346000065],[-96.22190918899997,42.02956535200008],[-96.27555620599998,42.051983352000036],[-96.26890821199999,42.113597361000075],[-96.34776023899997,42.16681336400006],[-96.35987824799997,42.21055237000007],[-96.32373124099996,42.22989437500007],[-96.32891324499997,42.25474137900005],[-96.41817628099994,42.354685388000064],[-96.41361728699997,42.40790139600006],[-96.38071528199998,42.44640140400003],[-96.38601528699996,42.474502408000035],[-96.44551630499996,42.490637406000076],[-96.50132931899998,42.482756401000074],[-96.548799337,42.52055440400005],[-96.61149735199996,42.50609539700008],[-96.64359736699998,42.55761140300007],[-96.70930839,42.60376040500006],[-96.69127739199996,42.65620741400005],[-96.793246421,42.66603140900003],[-96.80623142899998,42.704161413000065],[-96.90680545899994,42.73380741100004],[-96.96158447199997,42.71984840500005],[-96.97912848199996,42.76009741000007],[-97.13133952399994,42.77193640100006],[-97.15077153299995,42.79557340300005],[-97.21013454999996,42.80930340100008],[-97.21883355699998,42.845855406000055],[-97.23787656299999,42.853146405000075],[-97.40832360999997,42.86834139600006],[-97.44228761699998,42.84623139000007],[-97.61181966299995,42.85837438000004],[-97.68651468099995,42.84244237200005],[-97.84527872599995,42.86774136500003],[-97.87535373299994,42.858731361000025],[-97.88857073099996,42.817258354000046],[-97.93672473799995,42.775761345000035],[-98.03504276299998,42.76421233600007],[-98.14694180199996,42.83983033900006],[-98.18977381399998,42.84163533700007],[-98.42074888599996,42.93193133300008],[-98.44415389199997,42.92924933100005],[-98.498558915,42.998567337000054],[-104.05303831299994,43.000593921000075]]]}},{"type":"Feature","properties":{"adm0_a3":"USA","shape_name":"Washington","ihme_name":"Washington"},"geometry":{"type":"MultiPolygon","coordinates":[[[[-122.568643163,48.53796963700006],[-122.57036316199998,48.53587563700006],[-122.56656016099998,48.53508863800005],[-122.568643163,48.53796963700006]]],[[[-122.57535412899995,48.400978630000054],[-122.56230512599996,48.397930631000065],[-122.56014312699995,48.40271463200003],[-122.57535412899995,48.400978630000054]]],[[[-122.58383919599999,48.659993642000074],[-122.58383919299996,48.64524264100004],[-122.57765219199996,48.647622642000044],[-122.58383919599999,48.659993642000074]]],[[[-122.61449218899998,48.61315263600005],[-122.60613018599997,48.60589063600003],[-122.598495185,48.60767963700005],[-122.60173718699997,48.61403263700004],[-122.61449218899998,48.61315263600005]]],[[[-122.61290818099997,48.58275263500008],[-122.61338317999997,48.57913563400007],[-122.60934317999994,48.580865635000066],[-122.61290818099997,48.58275263500008]]],[[[-122.64065283499997,47.149418559000026],[-122.630402834,47.15354856000005],[-122.63114483799995,47.167680561000054],[-122.63589883699996,47.16396456000007],[-122.64065283499997,47.149418559000026]]],[[[-122.65046122099994,48.712304637000045],[-122.62241521099997,48.69395163900003],[-122.60592120999996,48.69973764100007],[-122.61414021599995,48.71511064100008],[-122.65046122099994,48.712304637000045]]],[[[-122.65362717899995,48.54898062800004],[-122.640429171,48.525865629000066],[-122.57298216099997,48.529033637000055],[-122.57887116699999,48.54813563700003],[-122.64561018799998,48.58889963100006],[-122.65362717899995,48.54898062800004]]],[[[-122.670063428,47.27479574400007],[-122.614250847,47.22087756600007],[-122.59050184499995,47.22775756800007],[-122.62813485999999,47.267480566000074],[-122.670063428,47.27479574400007]]],[[[-122.69928120499998,48.62112062700004],[-122.67681119799994,48.61006062900003],[-122.65703119499995,48.609896631000026],[-122.67418820299997,48.629949630000056],[-122.69928120499998,48.62112062700004]]],[[[-122.71282016799995,48.46730061800008],[-122.705705164,48.45918161800006],[-122.69585816299997,48.45980361900007],[-122.69966116599994,48.46973261900007],[-122.71282016799995,48.46730061800008]]],[[[-122.70916817099999,48.48407061900008],[-122.69095616499999,48.472781620000035],[-122.68611316799996,48.48690662200005],[-122.70916817099999,48.48407061900008]]],[[[-122.71572424099998,48.74867763100008],[-122.71884823299996,48.71682362900003],[-122.69181022699996,48.711503632000074],[-122.67355321599996,48.68081463200008],[-122.60858719499998,48.640453638000054],[-122.61824020499995,48.670726638000076],[-122.665197219,48.69740363400007],[-122.68753923199995,48.73472663300004],[-122.71572424099998,48.74867763100008]]],[[[-122.72688286199997,47.20739955300007],[-122.67773084999999,47.19110555700007],[-122.64181484799997,47.20501856200008],[-122.68524086099995,47.23238155800004],[-122.72688286199997,47.20739955300007]]],[[[-122.74049720199997,48.58499162000004],[-122.718913193,48.561836622000044],[-122.72242218799994,48.54061162000005],[-122.68587518299995,48.54311362400006],[-122.69181718699997,48.55554362400005],[-122.66852518699994,48.569228628000076],[-122.71106920399995,48.60931862500007],[-122.74049720199997,48.58499162000004]]],[[[-122.741751852,47.15505054800008],[-122.69476283799997,47.12590155200007],[-122.69484384199995,47.14376055300005],[-122.67551283899996,47.14196955500006],[-122.673941846,47.174680557000045],[-122.70672785399995,47.18739055400005],[-122.741751852,47.15505054800008]]],[[[-122.76658223799996,48.70780662300007],[-122.76430123499995,48.69610062300006],[-122.759362233,48.692775623000045],[-122.75776623299998,48.69521162400008],[-122.76658223799996,48.70780662300007]]],[[[-122.76995411599995,48.22755360000008],[-122.69309909199995,48.181514606000064],[-122.67957108299998,48.15511860600003],[-122.61272807299997,48.155908614000055],[-122.59831605899996,48.110621613000035],[-122.61404305299999,48.07279360900003],[-122.59363604299995,48.04720561000005],[-122.60735704099994,48.030997608000064],[-122.54293902199998,47.996409613000026],[-122.54683901599998,47.96722061200006],[-122.47267500899994,47.98845462100007],[-122.44669699899998,47.96316062200003],[-122.43104998399997,47.914737622000075],[-122.39538597999996,47.922082626000076],[-122.37731497299995,47.90594662700005],[-122.34961198199994,47.958801633000064],[-122.37627400499997,48.03446263400008],[-122.44513501999995,48.05170562700005],[-122.49177503899995,48.09709362400008],[-122.52543704399994,48.09654262000004],[-122.50966702799997,48.039761619000046],[-122.54154002699994,48.01775061500007],[-122.54628704199996,48.07595761700003],[-122.57186805299995,48.10214861600008],[-122.557679055,48.11788961800005],[-122.56795106399994,48.14862961800003],[-122.60642108499997,48.20826761700005],[-122.64826709599998,48.22689361300007],[-122.72120210499997,48.213797604000035],[-122.73237310999997,48.22614960400006],[-122.65869310299996,48.244514613000035],[-122.66273311099997,48.277584614000034],[-122.64300611099998,48.28881461700007],[-122.63112210399999,48.267143617000045],[-122.61848110899996,48.29416462000006],[-122.574887102,48.29490862500006],[-122.55845109299997,48.272171626000045],[-122.50584309099997,48.29768263300008],[-122.51599409899995,48.32042463300007],[-122.59713412099995,48.355666625000026],[-122.58018812299997,48.37482962800004],[-122.59674713299995,48.40563162800004],[-122.66467414299996,48.40151362000006],[-122.67374613299995,48.35468861700008],[-122.76995411599995,48.22755360000008]]],[[[-122.777085237,48.698813622000046],[-122.77367923699995,48.69817462200007],[-122.77512623899997,48.70413362200003],[-122.777085237,48.698813622000046]]],[[[-122.81455221799996,48.601224613000056],[-122.81255921499996,48.590456612000025],[-122.80458821599996,48.597787614000026],[-122.81455221799996,48.601224613000056]]],[[[-122.83109821299996,48.572531609000066],[-122.80770119899995,48.53132761000006],[-122.76903519999996,48.55928561600007],[-122.81089521399997,48.58888461200007],[-122.83109821299996,48.572531609000066]]],[[[-122.84006589399996,47.26809354300008],[-122.83412388999994,47.25680254400004],[-122.82532989199996,47.27051254500003],[-122.84006589399996,47.26809354300008]]],[[[-122.84281415099997,48.321460596000065],[-122.84238414999999,48.31682159600007],[-122.83760314999995,48.31967659600008],[-122.84281415099997,48.321460596000065]]],[[[-122.84119926099999,48.75016461700005],[-122.83770025899997,48.74378961700006],[-122.81845125599995,48.74463461900007],[-122.84119926099999,48.75016461700005]]],[[[-122.92499527599995,48.75597560700004],[-122.88340726699994,48.74807161200005],[-122.908700276,48.767086610000035],[-122.87542527,48.763640613000064],[-122.91262027799996,48.770410609000066],[-122.92499527599995,48.75597560700004]]],[[[-122.93199321499998,48.51745859500005],[-122.94435220199995,48.45791259100008],[-122.91749419699994,48.45602059400005],[-122.92626219399995,48.437051592000046],[-122.90442219299996,48.44624659500005],[-122.86211518399995,48.43962460000006],[-122.88878618799998,48.43705159600006],[-122.87708918399994,48.42874359700005],[-122.895324185,48.42098759500004],[-122.83906017899994,48.43174060200005],[-122.812637172,48.42098760400006],[-122.800148176,48.44716460700005],[-122.81862018199996,48.45743960500005],[-122.81621218899994,48.48779060700008],[-122.76942018799997,48.512105613000074],[-122.792977195,48.52537761100007],[-122.83702819999996,48.51676360600004],[-122.82670118399994,48.460749605000046],[-122.84928018399995,48.44719260100004],[-122.85071519299998,48.48166460300007],[-122.87328620299996,48.50596460100007],[-122.84178920699998,48.53996060700007],[-122.87376121299997,48.54468760300006],[-122.86499021599997,48.56137660500008],[-122.88303121699994,48.55522960300004],[-122.88469422199995,48.573160603000076],[-122.92031122199995,48.55066859800007],[-122.91606821399995,48.522968597000045],[-122.93199321499998,48.51745859500005]]],[[[-122.92950311799996,48.133413577000056],[-122.94856711699998,48.11757857400005],[-122.90865311199997,48.125600579000036],[-122.92950311799996,48.133413577000056]]],[[[-122.97130962199998,48.78920382800004],[-122.95416528699997,48.78154060500003],[-122.94016528599997,48.78498560700007],[-122.94378928699996,48.78821160700005],[-122.97130962199998,48.78920382800004]]],[[[-123.01744724799994,48.59014658900003],[-122.97251723199997,48.558689593000054],[-122.98705323399997,48.557084591000034],[-122.94827422499998,48.546890595000036],[-122.90281722599997,48.57850760200006],[-123.01744724799994,48.59014658900003]]],[[[-123.01719725199996,48.606292590000066],[-123.01613224999994,48.602401590000056],[-123.01506825099995,48.60683059000007],[-123.01719725199996,48.606292590000066]]],[[[-123.01920024999998,48.59743358900005],[-123.02502124999995,48.594079588000056],[-123.01838624899995,48.59482558900004],[-123.01920024999998,48.59743358900005]]],[[[-123.03035725999996,48.62989559000005],[-123.027978255,48.61085458900004],[-123.00317825299999,48.620945592000055],[-122.99319524899994,48.60947559300007],[-123.00389124599997,48.59297159100004],[-122.971243244,48.603821595000056],[-122.99295825499996,48.63461359400003],[-122.98392625599996,48.64215259500003],[-122.95302724599998,48.62534459800003],[-122.947561238,48.59721559700006],[-122.88417022599998,48.588726604000044],[-122.86189222899998,48.61228760800003],[-122.90977024699998,48.65392960400004],[-122.91808825799995,48.68955860500006],[-122.88505125199998,48.69002960900008],[-122.88172324199996,48.65345860800005],[-122.82715621999995,48.599916611000026],[-122.81572721999999,48.60562661300003],[-122.79907221599996,48.60134261400003],[-122.80881922199995,48.61992161400008],[-122.74149322199997,48.66035262400004],[-122.87759425699994,48.71270161100006],[-122.95183526899996,48.71222460200005],[-122.94881826299996,48.693715602000054],[-123.03035725999996,48.62989559000005]]],[[[-123.03366025099996,48.59250658700006],[-123.03334724999996,48.590808587000026],[-123.02865225,48.59296158800004],[-123.03366025099996,48.59250658700006]]],[[[-123.03211928699994,48.733103594000056],[-123.03843128799997,48.73157959300005],[-123.03181928699996,48.73212959400007],[-123.03211928699994,48.733103594000056]]],[[[-123.04248625899999,48.61869858800003],[-123.05045425799995,48.61193258600008],[-123.03863825599996,48.61049458800005],[-123.04248625899999,48.61869858800003]]],[[[-123.06794628399996,48.70030558900004],[-123.03637527599994,48.69008559200006],[-123.042352274,48.67566859000004],[-123.00472327299997,48.69779559600005],[-123.00980228099996,48.722296596000035],[-123.06794628399996,48.70030558900004]]],[[[-123.078403273,48.64961158500006],[-123.08689327299999,48.64524258400007],[-123.07697727199997,48.64772758500004],[-123.078403273,48.64961158500006]]],[[[-123.09056136699996,49.00198160000008],[-123.08402135799997,48.97146059900007],[-123.02200634899998,48.97647860700005],[-123.03540835799998,49.00215960600008],[-123.09056136699996,49.00198160000008]]],[[[-123.128058281,48.65075057900003],[-123.13140628099995,48.648512579000055],[-123.12356327899994,48.64772758000004],[-123.128058281,48.65075057900003]]],[[[-123.14994528199998,48.64144557600008],[-123.15184628099996,48.63877557600006],[-123.147331281,48.638461577000044],[-123.14994528199998,48.64144557600008]]],[[[-123.16359728599997,48.64919457500008],[-123.13816027899998,48.63854057800006],[-123.10516327299996,48.633382581000035],[-123.12784627899998,48.64369357900006],[-123.16359728599997,48.64919457500008]]],[[[-123.20332427799997,48.59555456800007],[-123.17109926799998,48.57575557100006],[-123.163223255,48.530060570000046],[-123.132995242,48.49831457200003],[-123.03690321699997,48.45787258100006],[-122.960990203,48.45121258900008],[-122.96384220699997,48.46713258900007],[-123.00591121499997,48.47091458500006],[-123.02064722499995,48.501003585000035],[-123.01636922899996,48.51863958600006],[-122.98238122299995,48.51454559000007],[-122.96978422599994,48.536111592000054],[-122.99783023099997,48.53674058900003],[-123.01132223899998,48.559591588000046],[-123.100508263,48.59902358000005],[-123.10531626999995,48.62264858100008],[-123.17967228099997,48.62205257200003],[-123.20332427799997,48.59555456800007]]],[[[-123.23607630699996,48.68499356900003],[-123.18283829099994,48.65744157300003],[-123.12750228199997,48.65675558000004],[-123.18322029799998,48.68430257500006],[-123.23607630699996,48.68499356900003]]],[[[-123.88454998399999,46.96579841500005],[-123.86054397799995,46.95606541700005],[-123.853412978,46.95866141800008],[-123.86482198099998,46.96514941700008],[-123.88454998399999,46.96579841500005]]],[[[-124.49116824299995,47.67408438100006],[-124.48380024199997,47.67208438200004],[-124.48066824299997,47.67980738300008],[-124.49116824299995,47.67408438100006]]],[[[-124.50931827699998,47.79885538500008],[-124.50438027599995,47.79694638500007],[-124.50716827699995,47.79917838500006],[-124.50931827699998,47.79885538500008]]],[[[-124.60222343899994,48.38693540000003],[-124.59937143599996,48.37683240000007],[-124.59295443499997,48.37793840000006],[-124.60222343899994,48.38693540000003]]],[[[-124.64571932399997,47.90738037400007],[-124.65165532399999,47.90528737300008],[-124.64595732299995,47.90419437400004],[-124.64571932399997,47.90738037400007]]],[[[-117.03236530399994,48.99919428100003],[-122.75803531399998,49.00236263800008],[-122.82164630799997,48.94137462800006],[-122.749217295,48.93482363600003],[-122.75130428899996,48.91124463500006],[-122.79319029099997,48.89293262900003],[-122.71708826699995,48.84719563500005],[-122.71028824999996,48.78702363300005],[-122.70033625299999,48.80478463500003],[-122.64679223899998,48.78501664000004],[-122.67348722999998,48.73308763500006],[-122.65188722199997,48.71591163700003],[-122.60815422699994,48.762778644000036],[-122.53581821899996,48.776133653000045],[-122.49041620499997,48.751133657000025],[-122.51926220099995,48.71716565200006],[-122.49121618799995,48.68359665300005],[-122.50995018599997,48.66437465000007],[-122.42528615499998,48.59952765700007],[-122.46887415099997,48.55727465000007],[-122.49591916099996,48.57593264800005],[-122.560856173,48.581651640000075],[-122.50444315899995,48.56478064600003],[-122.46964913,48.472192645000064],[-122.53737013899996,48.466754637000065],[-122.56744515199995,48.49927563600005],[-122.58058314599998,48.463743632000046],[-122.60625316099998,48.506908632000034],[-122.59996616299998,48.52095163300004],[-122.68453617399996,48.50912862300004],[-122.70293417199997,48.49201662000007],[-122.66828716499998,48.48627662400003],[-122.65445915599997,48.457563624000045],[-122.67708715599997,48.44406462100005],[-122.674173151,48.424731620000045],[-122.65616514299995,48.40776362100007],[-122.618612139,48.41265462600006],[-122.55039813699995,48.44845363500008],[-122.58034613199999,48.410918630000026],[-122.55713413099994,48.41988463300004],[-122.53494911599995,48.375092633000065],[-122.49739510899997,48.372408637000035],[-122.508804108,48.36135563500005],[-122.42411708799995,48.33435164400004],[-122.38806307299996,48.30083564600005],[-122.39704306299996,48.25318364300006],[-122.46397707799997,48.27054663600006],[-122.48094007599997,48.25171163300007],[-122.53101108299995,48.24982662700006],[-122.53723506799997,48.18375062300004],[-122.51057705099998,48.13221262400003],[-122.49000104499999,48.120622626000056],[-122.467515043,48.13035862900006],[-122.35897800699996,48.05485663700006],[-122.47902305699995,48.17570863000003],[-122.44206605899996,48.209355635000065],[-122.44962006599997,48.23260363600008],[-122.38392605399997,48.227491643000064],[-122.35748503899998,48.182290643000044],[-122.37026803599997,48.16481464100008],[-122.361664024,48.120181640000055],[-122.272163993,48.05370964600007],[-122.28987199499994,48.05243164400008],[-122.21899697599997,48.02028165100006],[-122.23006096599994,47.970922647000066],[-122.30706297299997,47.94912263700007],[-122.33596495399996,47.85231162900004],[-122.39565195199998,47.80681362000007],[-122.37645492699994,47.71652461700006],[-122.40345592699998,47.69772461400004],[-122.40919992199997,47.671748612000044],[-122.43695592399996,47.66172460800004],[-122.33952789299997,47.599118615000066],[-122.42115390099997,47.57602560500004],[-122.39835289099994,47.55012560600005],[-122.39398888,47.509688605000065],[-122.36166386899998,47.48528060700005],[-122.38315086499995,47.45052660300007],[-122.35514985799995,47.44192660500005],[-122.32733884299995,47.39563760600004],[-122.32484783099994,47.34852660400003],[-122.42998684099996,47.31966359100005],[-122.44464983899996,47.30042658800005],[-122.40921383099999,47.288561591000075],[-122.43677082899995,47.26186758700004],[-122.547422859,47.317739578000044],[-122.52970384899999,47.28331657800004],[-122.59084383399994,47.17811256600004],[-122.67849082999999,47.10274755200004],[-122.70179083299996,47.09873955000006],[-122.786397852,47.12668654200007],[-122.81520186899996,47.179107542000054],[-122.83678585899997,47.11908553600006],[-122.84177687,47.163220538000076],[-122.86316787499999,47.17049253600004],[-122.83925788,47.20970354000008],[-122.87029889399997,47.24863953900007],[-122.87148690099997,47.27686654000007],[-122.84748190199997,47.29701954400008],[-122.85437390599998,47.30959154400006],[-122.81872190499996,47.32747654900004],[-122.82667492399997,47.40581255200004],[-122.80671390999998,47.35785155200006],[-122.78622190699997,47.35797255400007],[-122.79682490599998,47.34827355200008],[-122.789487894,47.30024355100005],[-122.83281388699999,47.24341754300008],[-122.77163385999995,47.16711454600005],[-122.744090858,47.17857054900003],[-122.73850786199995,47.19923555100007],[-122.75526186699994,47.20974155000005],[-122.74860686799997,47.21975155100006],[-122.74100086399994,47.20618955100008],[-122.71889686499998,47.22653055400008],[-122.71842087099998,47.25154355600006],[-122.74955687799996,47.259609553000075],[-122.75740088299995,47.276705553000056],[-122.73054289299995,47.33698055900004],[-122.68395789199997,47.36516056500005],[-122.626201886,47.37562357200005],[-122.67127088499996,47.34377956600008],[-122.65852588099995,47.33311456700005],[-122.67801588299994,47.33150356400006],[-122.69584187399994,47.28138156000006],[-122.59245085599997,47.27202857100008],[-122.60011685499995,47.26242356900008],[-122.58584085099994,47.25385757000004],[-122.54753585199995,47.285349576000044],[-122.57599986599996,47.32642557500003],[-122.538497872,47.37594558200004],[-122.55228287799997,47.39461258100005],[-122.53190388299998,47.428832585000066],[-122.53231789299997,47.469215587000065],[-122.494896897,47.510270594000076],[-122.54230090799996,47.52461758900006],[-122.54313291499994,47.55633159100006],[-122.47910391199997,47.58365959900004],[-122.50641091899996,47.59454759700003],[-122.48858492199997,47.618424600000026],[-122.51829493399998,47.65205859900004],[-122.49785493299999,47.661824601000035],[-122.50461894399996,47.699141602000054],[-122.54317595299995,47.71094659900007],[-122.55446896299998,47.745709599000065],[-122.48850595199997,47.74361060700005],[-122.47034795199994,47.75711460900004],[-122.50189496499996,47.79068860700005],[-122.48254396799996,47.81551661100008],[-122.506136976,47.83175060900004],[-122.52534399899997,47.912341611000045],[-122.61703701999994,47.93899260200004],[-122.61788301699994,47.92528560200003],[-122.58825000899998,47.91292860400006],[-122.57368699299997,47.85758760300007],[-122.60811999799995,47.85673359900005],[-122.714815994,47.76818158300006],[-122.74936898699997,47.71708457600005],[-122.75145897599998,47.67030757400005],[-122.83084398099999,47.63924856300008],[-122.82820998399995,47.65506156500004],[-122.85532498699996,47.64757556100005],[-122.96513298899998,47.585250546000054],[-123.11969596499995,47.38553751900008],[-123.02956794499994,47.35884452700003],[-122.97750994599994,47.39616553500008],[-122.86770793499994,47.42208154800005],[-122.87792793399996,47.410984547000055],[-123.03028094299998,47.350954527000056],[-123.15796296399998,47.35624151300004],[-123.11042698099999,47.458706524000036],[-123.05742398299998,47.500793532000046],[-122.98160399799997,47.61307354600007],[-122.92741299899996,47.65103355300005],[-122.90412099399998,47.64558955600006],[-122.90626,47.671043557000075],[-122.87821400099995,47.690086561000044],[-122.88272901099998,47.73118856200006],[-122.85115200799999,47.73855056600007],[-122.86466602599995,47.80467456800005],[-122.84731502299996,47.80100257000004],[-122.85515901899998,47.78231956800005],[-122.84182301599998,47.779040569000074],[-122.81504201899997,47.80749857400008],[-122.82069502799999,47.83802857500007],[-122.79764002099995,47.82590257700008],[-122.78979701099996,47.790943576000075],[-122.83329199399998,47.69248656600007],[-122.78456798499997,47.68656657100007],[-122.77069898399998,47.69223957300005],[-122.78290399199994,47.71871757300005],[-122.75557099599996,47.750368577000074],[-122.74582600699995,47.80435558100004],[-122.68735700499997,47.83100858900008],[-122.69377501499997,47.86800759000005],[-122.63815700499998,47.865461596000046],[-122.61035600599996,47.88734860000005],[-122.64778701399996,47.895979597000064],[-122.65773702499996,47.93116159700003],[-122.67737402399996,47.91630259400006],[-122.69923502799998,47.91870859200003],[-122.68204702599996,47.92140459400008],[-122.678815037,47.967935597000064],[-122.71809704799995,47.98774459400005],[-122.72912705799996,48.019746594000026],[-122.66988304799997,48.017222600000025],[-122.68725507099998,48.10166760300007],[-122.733272076,48.09123759700003],[-122.74836007399995,48.07210259400006],[-122.73988406199999,48.03118659300003],[-122.76507806899997,48.04056359100008],[-122.76531607299995,48.05756459200006],[-122.80141408599997,48.08756658900006],[-122.748926085,48.11703159600006],[-122.76246909099996,48.13117759600004],[-122.75414509299998,48.14470559700004],[-122.83796110399999,48.13648458800003],[-122.88486910399996,48.106946581000045],[-122.89032809699995,48.076871579000056],[-122.82749707999994,48.04677358400005],[-122.83947207099999,48.001773581000066],[-122.87200707399995,47.993498577000025],[-122.85634707699995,48.017038580000076],[-122.87198508699998,48.047584579000045],[-122.92686609999998,48.06459857400006],[-122.91410310599997,48.09440657700003],[-123.03874212199997,48.08114356200008],[-123.06622513599996,48.12047456100004],[-123.14215715699999,48.15707355400008],[-123.10190715799996,48.18495756000004],[-123.14479816199997,48.17594855500005],[-123.239144163,48.11822254200007],[-123.33271417599997,48.112975531000075],[-123.42468319099999,48.11807052100005],[-123.46207420099995,48.13471351700008],[-123.40336719399994,48.14137452400007],[-123.50725020799996,48.13181251200007],[-123.55114621899997,48.15138750800003],[-123.59085422099997,48.134954503000074],[-123.709474248,48.167586491000066],[-123.80717225999996,48.15476748000003],[-123.98104728899995,48.16476646000007],[-124.05074930199999,48.17775245300004],[-124.10723031699996,48.20008744800003],[-124.10178831999997,48.216888449000066],[-124.23859735199994,48.26247643600004],[-124.278907356,48.254964431000076],[-124.38693238099995,48.285698420000074],[-124.56485642799998,48.36792640300007],[-124.62171343699998,48.36783339700003],[-124.63573644399997,48.388198396000064],[-124.67627745099998,48.39137639100005],[-124.73184345599998,48.38116238500004],[-124.696009442,48.344332387000065],[-124.65895543299996,48.331062391000046],[-124.66592342599995,48.299329389000036],[-124.68636242599996,48.287397386000066],[-124.68469241699995,48.255233385000054],[-124.70593541599999,48.23989938200003],[-124.69040440899994,48.219750383000076],[-124.69612640399998,48.19860438100005],[-124.73318940099995,48.16339837500004],[-124.68711637799998,48.09866237800003],[-124.69655737199997,48.069279375000065],[-124.67619334299997,47.96703737300004],[-124.64545733099999,47.93534337500006],[-124.64144132299998,47.907858375000046],[-124.61054230999997,47.87167937700008],[-124.57990130599995,47.87456838000003],[-124.54103028999998,47.83412638300007],[-124.48975227799997,47.81699338800007],[-124.48005626499997,47.76730538700008],[-124.45394225999996,47.765339389000076],[-124.42521024899997,47.73843939100004],[-124.36623620299997,47.58244439100008],[-124.31939414099998,47.355564386000026],[-124.29995813599999,47.34836538700006],[-124.27945212299994,47.30428838800003],[-124.236364112,47.28729239200004],[-124.20903209199997,47.218156391000036],[-124.17351605099998,47.06637538800004],[-124.173892019,46.92724038100005],[-124.13555601699994,46.94355238600008],[-124.10511600999996,46.93286138900004],[-124.10967001399996,46.947241389000055],[-124.127458016,46.94551938700005],[-124.151303037,47.02111738800005],[-124.12207203799994,47.04165539200005],[-124.02636001999997,47.03019240200007],[-124.00526301099995,47.00392040300005],[-124.01223300799995,46.98518140200008],[-123.85911798099994,46.967582417000074],[-123.83891497499997,46.953956419000065],[-123.98509698899994,46.921921402000066],[-124.04635899199997,46.893977394000046],[-124.07312798799995,46.861498389000076],[-124.08930099199995,46.867721388000064],[-124.09297600099995,46.90166038900003],[-124.13824000799997,46.905539384000065],[-124.10809298799995,46.836393384000075],[-124.09219096399994,46.74162938100005],[-123.973677937,46.70335839200004],[-123.97500894399997,46.73339639300008],[-123.91352493399995,46.726685400000065],[-123.91638593699997,46.741327400000046],[-123.88877493499996,46.750388404000034],[-123.87669492899994,46.73066240400004],[-123.829370918,46.713361408000026],[-123.92328392299999,46.67271339600006],[-123.93612591399994,46.62703039200005],[-123.96065691999996,46.63636939000003],[-123.95371391199996,46.605153389000066],[-123.89330688799998,46.53961539200003],[-123.895553883,46.51407739100006],[-123.92429688699997,46.511172388000034],[-123.94259288399996,46.487837385000034],[-123.94254287899997,46.46519538300004],[-123.97084488499996,46.47537538100005],[-123.97906789199999,46.49738338100008],[-123.99269489199997,46.48862237900005],[-123.99174288299997,46.448822377000056],[-123.96536087499999,46.43326237900004],[-123.96536086999998,46.40868537800003],[-123.94991086799996,46.41032438000008],[-123.95371386099998,46.37885037800004],[-124.01527287099998,46.37868637100007],[-124.03175189899997,46.49638037500006],[-124.02358091699995,46.582564381000054],[-124.04997493099995,46.62327538000005],[-124.03761493099995,46.63535338200006],[-124.05639193899998,46.654771381000046],[-124.06906493899999,46.64726337900004],[-124.05743988399996,46.40932036800007],[-124.07778285599994,46.272329359000025],[-124.04204485199995,46.276057363000064],[-124.04934885699998,46.29580336400005],[-124.00127885399996,46.31326537000007],[-123.92310682899995,46.25178637500005],[-123.87553981899998,46.23979237900005],[-123.80615381799998,46.28359338900003],[-123.76669680999998,46.27350439200006],[-123.70074380699998,46.30460840100005],[-123.68058880199999,46.29603040300003],[-123.66951579399995,46.26683740200008],[-123.46875776299999,46.26453642300004],[-123.42764374899997,46.229353426000046],[-123.43100173899995,46.18157642300008],[-123.37144772199997,46.14637742700006],[-123.28018070799999,46.144848437000064],[-123.16642869999998,46.188978451000025],[-123.11591869199998,46.18527345600006],[-123.00424766299994,46.13382846500008],[-122.90413363699997,46.08373947300004],[-122.87810662099997,46.03128647300008],[-122.81401259599994,45.960989476000066],[-122.81152458599996,45.91273047300007],[-122.78504057199996,45.86770447400005],[-122.79561956099997,45.81000546900003],[-122.76146554499996,45.75916847000008],[-122.774525531,45.680442464000066],[-122.76382452399997,45.65714346400006],[-122.675022502,45.618044471000076],[-122.43868845399999,45.56359049200006],[-122.38031644699998,45.575946499000054],[-122.33151643399998,45.54824650200004],[-122.266715423,45.54384650800006],[-122.18370941699999,45.57770151900007],[-122.10168940499995,45.58352152800006],[-121.98305239399997,45.622817542000064],[-121.90828138899997,45.654404552000074],[-121.86718138999998,45.69328255800008],[-121.81131838399995,45.706766565000066],[-121.70737236499997,45.694814575000066],[-121.53312034399994,45.72654659500006],[-121.42360631899999,45.693995604000065],[-121.337784307,45.70495461300004],[-121.21579327999996,45.671243624000056],[-121.19657026599998,45.61669462200007],[-121.14554825599998,45.60789162700007],[-121.06438425199997,45.652554638000026],[-120.94399123299996,45.65645065000007],[-120.89558922199996,45.64295065400006],[-120.85568822099998,45.67155066000004],[-120.68938420299997,45.71585268000007],[-120.63498219999997,45.74585268800007],[-120.55947918599998,45.73835369500006],[-120.48237616399996,45.69445470000005],[-120.21076812499996,45.725956729000075],[-120.17046712499996,45.76195673600006],[-119.96575810399997,45.82437076100007],[-119.66989105999994,45.856872793000036],[-119.60056306099995,45.91958680400006],[-119.48784303899998,45.906312815000035],[-119.25716400599998,45.93993184100003],[-119.12613398099995,45.93286485400006],[-119.027069972,45.969139866000035],[-118.98714297099997,45.999860872000056],[-116.91600259499995,45.99541908100008],[-116.94266961299996,46.06100608300005],[-116.98249262699994,46.08939508100008],[-116.95527662399996,46.102243085000055],[-116.92188363199995,46.16781409300006],[-116.96585464699996,46.20342309100005],[-116.95527765099996,46.23088609500007],[-116.99114766699995,46.27634809400007],[-116.986701671,46.296668096000076],[-117.06276169699998,46.35363009300005],[-117.03470970499995,46.41832410100005],[-117.03236530399994,48.99919428100003]]],[[[-124.73722646099998,48.39561638500004],[-124.746495461,48.391355383000075],[-124.73223445899998,48.39088138500006],[-124.73722646099998,48.39561638500004]]],[[[-124.75142740299998,48.16056837300005],[-124.74863640099994,48.154887373000065],[-124.74548340099994,48.155544374000044],[-124.75142740299998,48.16056837300005]]],[[[-124.75568940699998,48.17556937300003],[-124.762365408,48.17560337300006],[-124.75522740699995,48.17419937300008],[-124.75568940699998,48.17556937300003]]],[[[-122.32237699299998,48.02104263900003],[-122.32612999099996,48.01030063800005],[-122.30346998599998,48.00560864000005],[-122.32237699299998,48.02104263900003]]],[[[-122.50493790699994,47.54653659500008],[-122.4891639,47.52948259500005],[-122.47953790199995,47.54186759700008],[-122.491439905,47.545438596000054],[-122.50493790699994,47.54653659500008]]],[[[-122.50897788699996,47.46111759000007],[-122.51886685899996,47.33332658200004],[-122.49314085399999,47.33025958400003],[-122.48425886399997,47.380065588000036],[-122.44504185999995,47.389399593000064],[-122.464531863,47.390686591000076],[-122.46001586499995,47.40162759200007],[-122.43957586299996,47.40420159400003],[-122.43315785799996,47.38811259400006],[-122.47451485799996,47.35913958800006],[-122.457511851,47.34257258900004],[-122.43782785299999,47.365609592000055],[-122.37379328199995,47.38879823900004],[-122.43766786299994,47.40743059500005],[-122.43340287599995,47.46643659800003],[-122.460044886,47.486863596000035],[-122.45241488799996,47.50347659800008],[-122.47663889399996,47.511084596000046],[-122.48275688799998,47.48313659400003],[-122.50897788699996,47.46111759000007]]],[[[-122.53209711299996,48.36530363300005],[-122.52790311099994,48.35973663300007],[-122.52401511099998,48.362461634000056],[-122.53209711299996,48.36530363300005]]],[[[-122.54915715699997,48.52843463900007],[-122.55115115599995,48.52185263900003],[-122.54421815399996,48.52060663900005],[-122.54915715699997,48.52843463900007]]],[[[-122.55943016099997,48.53587563800005],[-122.55305315899994,48.53307863900005],[-122.55463715999997,48.53707663900008],[-122.55943016099997,48.53587563800005]]]]}},{"type":"Feature","properties":{"adm0_a3":"USA","shape_name":"New Mexico","ihme_name":"New Mexico"},"geometry":{"type":"Polygon","coordinates":[[[-103.00220835999994,37.00011014700004],[-109.04523371,36.99908977500007],[-109.05005426899999,31.332506953000063],[-108.20858309399995,31.333399990000032],[-108.20840412099994,31.783604061000062],[-106.52825176099998,31.783153135000077],[-106.54715376599995,31.807310138000048],[-106.60273677899994,31.825029139000037],[-106.60205477999995,31.844410142000072],[-106.63593578899997,31.866240144000074],[-106.62920678899997,31.88372214700007],[-106.64548879299997,31.89867514900004],[-106.61185578699997,31.920008154000072],[-106.62975679199997,31.926575154000034],[-106.61957879199997,31.97158316200006],[-106.63953879699994,31.98035316200003],[-106.61849579399995,32.00050016600005],[-103.06443199699999,32.00052332400003],[-103.06463405999995,32.99990449500007],[-103.043959122,33.97463465900006],[-103.04193332399996,36.500445067000044],[-103.00244331499994,36.50040306900007],[-103.00220835999994,37.00011014700004]]]}},{"type":"Feature","properties":{"adm0_a3":"USA","shape_name":"South Dakota","ihme_name":"South Dakota"},"geometry":{"type":"Polygon","coordinates":[[[-96.44551630499996,42.490637406000076],[-96.47542131299997,42.48962840400003],[-96.49297832099995,42.51728940700008],[-96.47696032199997,42.55608641400005],[-96.49855232799996,42.55812341300003],[-96.48580432699998,42.57500841600006],[-96.50947633799996,42.61273742000003],[-96.52990234299995,42.610439419000045],[-96.51634634199996,42.630442422000044],[-96.54237435299996,42.66074342500008],[-96.57858936399998,42.67208642400004],[-96.57530736399997,42.68267242600007],[-96.63062538199995,42.70588742600006],[-96.62471238299997,42.72550442900007],[-96.63971238799996,42.737078430000054],[-96.61950238499998,42.75479943400006],[-96.63215039099998,42.77087043500006],[-96.59529138399995,42.79298944100003],[-96.58161238599996,42.83752844900005],[-96.55129337699998,42.83661345100006],[-96.54966738099995,42.870288456000026],[-96.52636537799998,42.89185946100008],[-96.54169738599995,42.92258346400007],[-96.50031637899997,42.95939847200003],[-96.52078138799999,42.98039247400004],[-96.49167838299996,43.00971448000007],[-96.51843939499997,43.042075483000076],[-96.46085838199997,43.064040490000025],[-96.46286338599998,43.091426494000075],[-96.436597383,43.12084950000008],[-96.46654539499997,43.15028850300007],[-96.47557940699994,43.22106151200006],[-96.56851343299996,43.23156150700004],[-96.55322543199998,43.25914851300007],[-96.58522844199996,43.268885512000054],[-96.58850044699994,43.29634651600003],[-96.53040043199996,43.300041520000036],[-96.52158044099997,43.38564753300005],[-96.60286847099997,43.450914537000074],[-96.581005469,43.48139154300003],[-96.59893647699994,43.50046454400007],[-96.45326843699996,43.50039755500006],[-96.45307569199997,45.29812280900006],[-96.48907370999996,45.35707881400003],[-96.52179572199998,45.375652814000034],[-96.69254977499997,45.41734580700006],[-96.76528881099995,45.52142181600004],[-96.85775984999998,45.60596982000004],[-96.83577784999994,45.64965582800005],[-96.662603817,45.73868985300004],[-96.58309380699995,45.82003187000004],[-96.56368081999995,45.93524688700006],[-104.04545378399996,45.94531727900005],[-104.05303831299994,43.000593921000075],[-98.498558915,42.998567337000054],[-98.44415389199997,42.92924933100005],[-98.42074888599996,42.93193133300008],[-98.18977381399998,42.84163533700007],[-98.14694180199996,42.83983033900006],[-98.03504276299998,42.76421233600007],[-97.93672473799995,42.775761345000035],[-97.88857073099996,42.817258354000046],[-97.87535373299994,42.858731361000025],[-97.84527872599995,42.86774136500003],[-97.68651468099995,42.84244237200005],[-97.61181966299995,42.85837438000004],[-97.44228761699998,42.84623139000007],[-97.40832360999997,42.86834139600006],[-97.23787656299999,42.853146405000075],[-97.21883355699998,42.845855406000055],[-97.21013454999996,42.80930340100008],[-97.15077153299995,42.79557340300005],[-97.13133952399994,42.77193640100006],[-96.97912848199996,42.76009741000007],[-96.96158447199997,42.71984840500005],[-96.90680545899994,42.73380741100004],[-96.80623142899998,42.704161413000065],[-96.793246421,42.66603140900003],[-96.69127739199996,42.65620741400005],[-96.70930839,42.60376040500006],[-96.64359736699998,42.55761140300007],[-96.61149735199996,42.50609539700008],[-96.548799337,42.52055440400005],[-96.50132931899998,42.482756401000074],[-96.44551630499996,42.490637406000076]]]}},{"type":"Feature","properties":{"adm0_a3":"USA","shape_name":"Texas","ihme_name":"Texas"},"geometry":{"type":"MultiPolygon","coordinates":[[[[-94.71652083399994,29.733520214000066],[-94.71619183399997,29.727780212000027],[-94.71444983399994,29.73299721400008],[-94.71652083399994,29.733520214000066]]],[[[-94.82327084399998,29.32392312500008],[-94.79843383699995,29.312421124000025],[-94.77680083299998,29.337270129000046],[-94.81052884199994,29.35213413100007],[-94.82327084399998,29.32392312500008]]],[[[-94.82505384599995,29.354691132000028],[-94.82184484499999,29.348269130000062],[-94.81970584399994,29.351791131000027],[-94.82505384599995,29.354691132000028]]],[[[-94.90919286399998,29.27396911200003],[-94.91382686499998,29.269927111000072],[-94.90919286399998,29.26982311100005],[-94.90919286399998,29.27396911200003]]],[[[-94.91956688,29.588318177000076],[-94.91683387799998,29.567648173000066],[-94.90744587599994,29.57136917400004],[-94.91956688,29.588318177000076]]],[[[-94.97839289899997,29.683659195000075],[-94.95335088999997,29.618714182000076],[-94.94476088799996,29.61301418100004],[-94.94773189099999,29.67023619300005],[-94.97839289899997,29.683659195000075]]],[[[-94.99205990399997,29.698421197000073],[-94.97958089999997,29.688304195000057],[-94.97375789799997,29.689130196000065],[-94.97518389899994,29.693982197000025],[-94.99205990399997,29.698421197000073]]],[[[-95.12225925599995,29.08875651200003],[-95.11062590799997,29.08668706700007],[-94.72617881899998,29.33252213000003],[-94.76657482999997,29.337349130000064],[-94.78904483499997,29.311903124000025],[-94.87437285599998,29.289932116000045],[-95.12225925599995,29.08875651200003]]],[[[-97.10292836599996,27.903364760000045],[-97.10898936699994,27.892021758000055],[-97.09722436499999,27.903469761000053],[-97.10292836599996,27.903364760000045]]],[[[-97.12503237199996,27.912921762000053],[-97.12574537199998,27.90746076100004],[-97.12301237199995,27.912605762000055],[-97.12503237199996,27.912921762000053]]],[[[-97.12705336999994,27.841067747000068],[-97.06097835399999,27.846321750000072],[-97.05361035399994,27.90231476200006],[-97.06513735699997,27.913131763000024],[-97.08058636099997,27.916806764000057],[-97.06605635699998,27.906222762000027],[-97.08997536199996,27.87552975500006],[-97.10138336499995,27.883197756000072],[-97.12705336999994,27.841067747000068]]],[[[-97.13172337299994,27.896022758000072],[-97.11829436999994,27.885624756000027],[-97.11021336799996,27.88919575700004],[-97.11342236899998,27.89213675800005],[-97.13172337299994,27.896022758000072]]],[[[-97.12887137299998,27.90505576000004],[-97.12970337299998,27.897493758000053],[-97.12708837199995,27.904004760000078],[-97.12887137299998,27.90505576000004]]],[[[-97.13873537399996,27.855788749000055],[-97.14336937499996,27.849484748000066],[-97.13742737299998,27.849379748000047],[-97.13873537399996,27.855788749000055]]],[[[-97.14467737599995,27.880897754000046],[-97.14539037599997,27.876590754000063],[-97.14206237499997,27.881107755000073],[-97.14467737599995,27.880897754000046]]],[[[-97.16428537899998,27.82111074200003],[-97.14776637399996,27.815855741000064],[-97.14265637299997,27.82111074200003],[-97.15347137599997,27.82205674200003],[-97.16428537899998,27.82111074200003]]],[[[-97.17270637899998,27.76084472900004],[-97.16842837699994,27.754429728000048],[-97.16486237699996,27.763998730000026],[-97.17270637899998,27.76084472900004]]],[[[-97.17854638199998,27.818377741000063],[-97.18781538399998,27.812806739000052],[-97.17747638199995,27.814593740000078],[-97.17854638199998,27.818377741000063]]],[[[-97.222398393,27.809653738000065],[-97.20564138899994,27.807446738000067],[-97.19625338599997,27.81480373900007],[-97.222398393,27.809653738000065]]],[[[-97.24647539399996,27.682488711000076],[-97.22808838899994,27.673895709000078],[-97.23152938899995,27.640898702000072],[-97.21554538699996,27.682831711000063],[-97.24647539399996,27.682488711000076]]],[[[-97.24955335199996,26.37360443600005],[-97.25276135299998,26.37083543600005],[-97.25026635199998,26.369025435000026],[-97.24955335199996,26.37360443600005]]],[[[-97.25240535399996,26.426507448000052],[-97.25490035399997,26.41522644500003],[-97.25169235399994,26.41522644500003],[-97.25240535399996,26.426507448000052]]],[[[-97.26732740599994,27.87399674900007],[-97.24117439799994,27.832145742000023],[-97.23131139599997,27.828782741000055],[-97.25222040199998,27.87122774900007],[-97.26732740599994,27.87399674900007]]],[[[-97.31388840499994,27.50542467200006],[-97.31400640499999,27.497518670000034],[-97.31127340399996,27.507005672000048],[-97.31388840499994,27.50542467200006]]],[[[-97.31353140399995,27.490455669000028],[-97.31674040499996,27.477909666000073],[-97.30449940199998,27.49551567000003],[-97.31353140399995,27.490455669000028]]],[[[-97.37735338899995,26.558118472000046],[-97.30605637199994,26.55749747400006],[-97.27563336299994,26.524858468000048],[-97.21954134399994,26.369617436000055],[-97.16932432299996,26.077718376000064],[-97.15371931899995,26.06758637400003],[-97.19287433499994,26.29000442000006],[-97.26993436299995,26.562147476000064],[-97.37735338899995,26.558118472000046]]],[[[-97.38987441299997,27.20496460700008],[-97.390908401,26.816365526000027],[-97.29463136899994,26.57570947800008],[-97.34483838099999,26.562200474000065],[-97.27618036399997,26.565467476000038],[-97.37086239899998,26.910861546000035],[-97.37906340499995,27.047214575000055],[-97.36539340699994,27.19989160700004],[-97.27507439399994,27.475421667000035],[-97.15413737199998,27.69687271600003],[-97.04485334899994,27.834470748000058],[-97.056837353,27.841998749000027],[-97.13539037199996,27.824553743000024],[-97.12124836799995,27.815724742000043],[-97.12148636699999,27.785133735000045],[-97.15119637399994,27.768625731000043],[-97.19683038199997,27.684364712000047],[-97.20122738199996,27.646052704000056],[-97.21548838499996,27.644368703000055],[-97.21073538299999,27.624153699000033],[-97.24008839099997,27.633313701000077],[-97.36182841199997,27.359064640000042],[-97.356004408,27.30870763000007],[-97.37181041199995,27.294028626000056],[-97.36123340899996,27.27258762200006],[-97.38987441299997,27.20496460700008]]],[[[-97.40208441999994,27.310485629000027],[-97.40434241999998,27.290209625000045],[-97.40053941999997,27.31090762900004],[-97.40208441999994,27.310485629000027]]],[[[-97.40660042099995,27.315659630000027],[-97.40386642099998,27.314920630000074],[-97.40065841999996,27.325478632000056],[-97.40660042099995,27.315659630000027]]],[[[-97.41265540399996,26.75186251200006],[-97.42311340599997,26.74071950900003],[-97.41538940399994,26.740719510000076],[-97.41265540399996,26.75186251200006]]],[[[-100.00041459299996,36.49970823900003],[-103.04193332399996,36.500445067000044],[-103.043959122,33.97463465900006],[-103.06463405999995,32.99990449500007],[-103.06443199699999,32.00052332400003],[-106.61849579399995,32.00050016600005],[-106.63953879699994,31.98035316200003],[-106.61957879199997,31.97158316200006],[-106.62975679199997,31.926575154000034],[-106.61185578699997,31.920008154000072],[-106.64548879299997,31.89867514900004],[-106.62920678899997,31.88372214700007],[-106.63593578899997,31.866240144000074],[-106.60205477999995,31.844410142000072],[-106.60273677899994,31.825029139000037],[-106.54715376599995,31.807310138000048],[-106.48955174999998,31.748413131000063],[-106.45107374299994,31.76433013600007],[-106.38104872599996,31.732115133000036],[-106.20655367199998,31.46620409700006],[-106.08026763999999,31.398707092000052],[-106.00493562299994,31.39246309400005],[-105.95379560999999,31.364754091000066],[-105.93846160399994,31.31874008500006],[-105.86917258699998,31.28882008200003],[-105.78290456299999,31.197568071000035],[-105.77326655899998,31.166902066000034],[-105.74157355199998,31.164382067000076],[-105.60447651699997,31.08374905900007],[-105.55743950199997,30.99023404500008],[-105.50197748799997,30.967742044000033],[-105.46654347799995,30.924202038000033],[-105.39987546099997,30.889079035000066],[-105.40047145999995,30.85262202900003],[-105.33930244499999,30.840480029000048],[-105.31702943899995,30.810992025000076],[-105.29223443399997,30.826316029000054],[-105.257950425,30.79471302500008],[-105.21502641599994,30.80589802800006],[-105.21857641599996,30.78524902500004],[-105.19515341099998,30.792143027000066],[-105.17684240499995,30.768152023000027],[-105.15612940099999,30.76958802400003],[-105.16113640099996,30.752064021000024],[-105.11830439099998,30.749731023000038],[-105.061586375,30.68574801400007],[-105.00623136299998,30.68560401600007],[-104.97208035099999,30.61026500400004],[-104.92294433999996,30.603853005000076],[-104.86676732199999,30.495040989000074],[-104.86794231899995,30.441070979000074],[-104.84727731299995,30.413905976000024],[-104.85953031499997,30.390417971000034],[-104.81761130499996,30.37575097000007],[-104.81186330099996,30.33360396300003],[-104.76129728799998,30.300615959000027],[-104.749673283,30.26126495300008],[-104.70597627199999,30.235005950000073],[-104.68672426499995,30.178621941000074],[-104.69641126499994,30.133751933000042],[-104.68501225999995,30.085647925000046],[-104.70688326299995,30.050689918000046],[-104.68965025799997,30.014954912000064],[-104.69195325599998,29.973869905000072],[-104.68016125399998,29.97700790600004],[-104.68526525399994,29.956995902000074],[-104.67365225099996,29.956778903000043],[-104.68325425199998,29.92945589800007],[-104.56569721799997,29.77046687400008],[-104.57006221799998,29.752862871000048],[-104.54980521299996,29.740645869000048],[-104.560500215,29.735355868000056],[-104.53068820599998,29.69139886100004],[-104.54419920899994,29.681001859000048],[-104.50903419899998,29.633286852000026],[-104.47600019099997,29.627983852000057],[-104.33812215499995,29.51997183800006],[-104.31548514999997,29.53275884100003],[-104.26175313699997,29.513467839000043],[-104.23110912899995,29.479070834000026],[-104.213006125,29.484134836000067],[-104.21813512499995,29.457736831000034],[-104.16745211099999,29.394748822000054],[-104.10647609599994,29.373131820000026],[-104.03829107799999,29.32016081300003],[-103.975244063,29.29602181100006],[-103.78405601799994,29.265471812000044],[-103.77670701399995,29.220058804000075],[-103.758558011,29.232943807000026],[-103.71776599899994,29.180567799000073],[-103.66021198599998,29.170938799000055],[-103.64990898299999,29.156414797000025],[-103.55258095999994,29.157339800000045],[-103.47022193799995,29.085530790000064],[-103.470115938,29.06619878600003],[-103.44993893299994,29.07271878800003],[-103.43223992799994,29.043686784000045],[-103.38844291799995,29.033866783000065],[-103.38651391699995,29.021652781000057],[-103.36032890999996,29.018504781000047],[-103.34368690799994,29.04637378700005],[-103.33087990499996,29.042963787000076],[-103.33830690499997,29.019770782000023],[-103.30828589899994,29.02500578400003],[-103.31594689999997,29.01039478100006],[-103.28786089299996,29.002246781000053],[-103.283465891,28.976949776000026],[-103.26634188799994,28.99598578000007],[-103.24959788299998,28.98051977800003],[-103.22780987899995,28.991536781000036],[-103.163873863,28.972103780000054],[-103.11533685299997,28.98527478400007],[-103.10014285299997,29.060679798000024],[-103.08590884899996,29.053740797000046],[-103.076108848,29.09132780400006],[-103.03603883999995,29.09874080700007],[-102.99632783399994,29.17826982300005],[-102.95060082299995,29.17373582400006],[-102.94377382199997,29.191169827000067],[-102.91781381599998,29.190701828000044],[-102.91233281599995,29.219422834000056],[-102.89393281199995,29.208668832000058],[-102.86847680699998,29.22288383600005],[-102.87135580799998,29.24162983900004],[-102.90630481699998,29.26001584100004],[-102.88437281599994,29.347733858000026],[-102.83938380599994,29.358926862000033],[-102.84437380799994,29.37538386400007],[-102.81267480199995,29.40017787000005],[-102.83326980699997,29.41098087100005],[-102.82311380699997,29.46330388100006],[-102.80068180299997,29.486239886000078],[-102.808700806,29.522323893000078],[-102.77143779899995,29.548550899000077],[-102.76834979999995,29.594738907000078],[-102.73999979399997,29.59904590900004],[-102.74219379599998,29.63251491500006],[-102.69347478699996,29.676511925000057],[-102.691381789,29.721376933000045],[-102.67400578599995,29.744578938000075],[-102.63015977499998,29.734319938000056],[-102.57414776299998,29.754777944000068],[-102.56767176199997,29.771467947000076],[-102.54826975599997,29.744600943000023],[-102.51338974899994,29.765764948000026],[-102.51753975099996,29.783959951000043],[-102.48726074399997,29.786589952000043],[-102.38833171999994,29.76127095100003],[-102.36455071899996,29.845391968000058],[-102.31539770899997,29.87992497600004],[-102.26496269699999,29.867810975000054],[-102.26139769499997,29.85328797300008],[-102.24692369199994,29.86431497500007],[-102.22353668599999,29.840534972000057],[-102.18525867699998,29.847739975000025],[-102.18008467499999,29.826577971000063],[-102.14233466499996,29.802858968000066],[-102.07365464799994,29.786930967000046],[-102.05005264199997,29.78507496800006],[-102.03476763999998,29.804032972000073],[-101.98861562899998,29.796670972000072],[-101.97664062699994,29.815996976000065],[-101.92933161399998,29.782580972000062],[-101.85096659699997,29.807885979000048],[-101.82410958999998,29.787156977000052],[-101.81828358899998,29.811625981000077],[-101.80362158599996,29.803450980000036],[-101.80754458499996,29.781377976000044],[-101.77383357799994,29.78867997900005],[-101.70888156099994,29.761646976000065],[-101.66246155099998,29.77128497900003],[-101.64642654599999,29.75430897700005],[-101.62596654199996,29.771067981000044],[-101.57495352999996,29.769858982000073],[-101.56775752999994,29.798731988000043],[-101.54440052499996,29.81186099100006],[-101.53585552099997,29.758938982000075],[-101.46164750499997,29.789838990000078],[-101.44548549899997,29.74940198300004],[-101.40089248899994,29.770073989000025],[-101.41559249199997,29.74653898400004],[-101.37278147899997,29.699432976000026],[-101.36132047399997,29.65006796700004],[-101.34550147099998,29.66220097000007],[-101.30237945999994,29.64999897000007],[-101.30554145799994,29.577929956000048],[-101.29097045399999,29.571541955000043],[-101.26922545199994,29.630031967000036],[-101.25039144699997,29.624175967000042],[-101.24115944199997,29.56543395600005],[-101.26118344499997,29.536781950000034],[-101.25490344299999,29.520346947000064],[-101.17382942399996,29.514570949000074],[-101.14434541499998,29.47325094200005],[-101.06015939399998,29.45866594200004],[-101.01062237799994,29.36867392700003],[-100.88685034599996,29.307852919000027],[-100.87605734299996,29.27958991400004],[-100.81478832699997,29.26372891400007],[-100.76706731299998,29.195291902000065],[-100.77265731299997,29.168496897000068],[-100.67466428699998,29.099781887000063],[-100.64590227499997,28.986425866000047],[-100.65152027399995,28.94343685800004],[-100.62971426799999,28.921150854000075],[-100.64057627099999,28.914216853000028],[-100.60077626099996,28.900768851000066],[-100.57470725099995,28.82879183800003],[-100.54733224499995,28.82582183900007],[-100.53583824099996,28.805892835000066],[-100.53341623899996,28.75921182600007],[-100.50762123199996,28.74060382300007],[-100.50036222699998,28.66196480800005],[-100.44709921299994,28.64220180600006],[-100.44732821199995,28.60932980000007],[-100.39839319899994,28.584888797000076],[-100.41142220099994,28.55190379000004],[-100.38886819399994,28.51575278400003],[-100.33382217999997,28.49925678200003],[-100.36829618799999,28.477200777000064],[-100.33780517899999,28.44296477100005],[-100.34440817799998,28.389666761000058],[-100.28647916099999,28.31230074700005],[-100.29140516099994,28.275401740000063],[-100.25164214999995,28.236181733000024],[-100.22029214199995,28.232214734000024],[-100.208067138,28.19038772600004],[-100.08340110599994,28.144039720000023],[-100.05313109699995,28.084734710000077],[-100.01792208699999,28.06479170700004],[-99.99145507799994,27.994564694000076],[-99.93182006299998,27.980971693000072],[-99.937150063,27.940541685000028],[-99.89688305199996,27.907689679000043],[-99.90439305299998,27.875288673000057],[-99.87721004499997,27.84218366700003],[-99.87656104299998,27.79736365800005],[-99.85088503699995,27.79397865800007],[-99.83879903299999,27.764185653000027],[-99.81309402699998,27.773956655000063],[-99.79635002199996,27.735590648000027],[-99.77074801499998,27.732138648000046],[-99.71151899799997,27.658369635000042],[-99.66894998799995,27.65997863700005],[-99.66595598699996,27.635972632000062],[-99.63893697999998,27.626762631000076],[-99.62431897699997,27.644005635000042],[-99.59623896999994,27.639862635000043],[-99.57696596399995,27.617238631000077],[-99.58485096599998,27.60390762800006],[-99.55495795899998,27.614458631000048],[-99.51222694699999,27.568098623000026],[-99.52832794799997,27.49890060900003],[-99.49683394099998,27.500110610000036],[-99.47925893599995,27.47863960600006],[-99.49511193899997,27.451522600000033],[-99.487528936,27.41240059200004],[-99.50484493699997,27.33829357700006],[-99.53777894399997,27.31607757200004],[-99.49461193299999,27.303546570000037],[-99.48791792999998,27.26072556200006],[-99.46331692499996,27.268441564000057],[-99.44155691899994,27.249924561000057],[-99.42635591299995,27.17626654600008],[-99.44213091399996,27.106843532000028],[-99.42921690999998,27.090986529000077],[-99.45232391499997,27.062673523000058],[-99.44609391199998,27.023342515000024],[-99.41548390499997,27.017244514000026],[-99.37660089399998,26.97772150700007],[-99.39375589699995,26.960734504000072],[-99.37915689299996,26.93449449900004],[-99.32469187899994,26.91597749600004],[-99.31676087599999,26.865835486000037],[-99.26862086299997,26.843217483000046],[-99.24003085299995,26.745855464000044],[-99.20891484499998,26.72476546000007],[-99.17071182999996,26.540320424000072],[-99.10503881299996,26.500339417000077],[-99.09198380899994,26.472380412000064],[-99.11355381299995,26.432534403000034],[-99.08513380499994,26.398786397000038],[-99.03172779199997,26.412968401000057],[-99.011657787,26.39250039700005],[-98.95639977299999,26.395714399000042],[-98.94215976899994,26.36969139400003],[-98.92687076599998,26.394475400000033],[-98.89674175699997,26.35333439200008],[-98.80735573599998,26.369425397000043],[-98.78982973099994,26.33157939000006],[-98.75102872099995,26.33183739100008],[-98.73623171699995,26.307653386000027],[-98.75422372099996,26.30793238600006],[-98.75020971999999,26.295698384000048],[-98.701807708,26.286167383000077],[-98.71989271199999,26.272709379000048],[-98.68117470199996,26.262714378000055],[-98.66940469799994,26.23632437300006],[-98.63418768999998,26.24261637500007],[-98.62476668799997,26.259225379000043],[-98.61727368599998,26.246813377000024],[-98.58755267899994,26.257820380000055],[-98.56342167199995,26.22534437300004],[-98.54601266799995,26.23689337600007],[-98.55882367199996,26.245936378000067],[-98.54533566799995,26.244540378000067],[-98.48274765199994,26.201648370000044],[-98.48158965199997,26.219383374000074],[-98.44341364299999,26.223657376000062],[-98.44254364199998,26.199155371000074],[-98.38721362699994,26.158324364000066],[-98.35984362099998,26.172289367000076],[-98.35234861799995,26.151124363000065],[-98.33473261399996,26.16556336600007],[-98.33521161399995,26.137621361000072],[-98.30652260599999,26.104294354000046],[-98.29620260299998,26.12032535800006],[-98.26626559599998,26.12072635900006],[-98.28648360099999,26.102296354000032],[-98.19399257599997,26.053328346000058],[-98.17754157299998,26.075027351000074],[-98.14740556499999,26.049487347000024],[-98.13150156199998,26.074204352000038],[-98.12833855999997,26.06193335000006],[-98.09443955199998,26.058629350000047],[-98.08050254899996,26.070936353000036],[-98.07324954599994,26.036485346000063],[-98.03924653799999,26.041279347000057],[-98.02876653599998,26.066474353000046],[-98.01184053199995,26.056024351000076],[-97.98134252399996,26.067186354000057],[-97.96736551999999,26.051722351000024],[-97.93542751299998,26.052692352000065],[-97.93393151299995,26.064838355000063],[-97.86861349599997,26.057160355000065],[-97.86128049499996,26.069931358000076],[-97.86051149399998,26.05292235400003],[-97.81723048299995,26.056117356000073],[-97.81288548199996,26.04432635300003],[-97.80132447999995,26.060165357000074],[-97.79233347699994,26.03417235200004],[-97.77620147299996,26.030068351000068],[-97.76898247099996,26.047505355000055],[-97.76381446899995,26.027334351000036],[-97.73822446299994,26.021986350000077],[-97.70655945599998,26.037503354000023],[-97.69137645099994,26.01899435100006],[-97.69389545199994,26.031308353000043],[-97.66273544499995,26.038082356000075],[-97.66827544599994,26.01976035200005],[-97.63904943799997,26.022974353000052],[-97.64956944099998,26.011328350000042],[-97.61767543199994,26.00108134900006],[-97.63444343599997,25.99027234600004],[-97.60215642699995,25.95738534000003],[-97.58238042299996,25.962473341000077],[-97.57741442099996,25.943050337000045],[-97.56765341899995,25.951834339000072],[-97.58257242199994,25.937861336000026],[-97.53018940799996,25.919858334000025],[-97.52176940499999,25.88646232700006],[-97.49889339999999,25.898726330000045],[-97.49669439899998,25.879684326000074],[-97.45572538899995,25.884001328000068],[-97.44474638599996,25.867066324000064],[-97.45407138799999,25.854819321000036],[-97.42489537999995,25.840636319000055],[-97.41002537699995,25.86208132400003],[-97.40525737499996,25.837732319000054],[-97.37287136699996,25.840121320000037],[-97.36410736499994,25.850038323000035],[-97.37618736799999,25.855737323000028],[-97.35766736399995,25.869186327000023],[-97.37404336799995,25.879768329000058],[-97.35663636399994,25.887685331000057],[-97.37486236899997,25.908547335000037],[-97.34828136399994,25.931147340000052],[-97.32601035799996,25.91769333800005],[-97.30303635199994,25.937003342000025],[-97.277170346,25.935442343000034],[-97.28445334799994,25.95916034800007],[-97.24701733899997,25.94823834600004],[-97.17527032099997,25.965507351000042],[-97.147284314,25.95332835000005],[-97.14966931799995,26.064140373000043],[-97.19568232899996,26.04656336800008],[-97.18970032799996,26.07158637400005],[-97.26942934799996,26.086086375000036],[-97.29427935499996,26.105847379000068],[-97.28210135199998,26.120305382000026],[-97.30364235899998,26.166223391000074],[-97.29482435799997,26.19231639700007],[-97.31674036399994,26.22402940300003],[-97.29380435899998,26.258991411000068],[-97.32434636799996,26.27732041400003],[-97.30984736399995,26.28829541700003],[-97.29059535899995,26.271140414000058],[-97.26480735099994,26.201959400000078],[-97.28120735699997,26.280517416000066],[-97.38055738799994,26.480563456000027],[-97.41311939599996,26.481201455000075],[-97.41537739899996,26.55276747000005],[-97.44571540799996,26.609366481000052],[-97.46814241699997,26.71020350200007],[-97.47861242199997,26.806679522000024],[-97.46481341899994,26.823968526000044],[-97.412681406,26.81740652600007],[-97.46029141899999,26.847291531000053],[-97.45760741899994,26.87290153600003],[-97.41023040699997,26.874358538000024],[-97.45690741899995,26.882581538000068],[-97.45317341899994,26.910471544000075],[-97.43730341499997,26.91307354500003],[-97.45329041999997,26.91733954600005],[-97.43917042099997,27.07070957800005],[-97.41793241599999,27.070917579000024],[-97.43940342099995,27.07652857900007],[-97.43100142199995,27.160865597000054],[-97.44157242499995,27.163837597000054],[-97.42260042299995,27.26204961800005],[-97.54291745199998,27.229217608000056],[-97.63113047499996,27.242234609000036],[-97.64735047999994,27.276363615000037],[-97.74012150199997,27.267546611000057],[-97.66368748399998,27.286423617000025],[-97.65488448299999,27.305107621000047],[-97.68444748999997,27.31988262300007],[-97.70880949899998,27.385642636000057],[-97.66127348599997,27.36010363200006],[-97.65842548399996,27.329700626000033],[-97.63322747799998,27.324634626000034],[-97.63691147799994,27.300981621000062],[-97.61302447199995,27.285245618000033],[-97.53374145399994,27.34004363200006],[-97.49359044599998,27.390601643000025],[-97.48146944099994,27.340469633000055],[-97.50119644499995,27.328223630000025],[-97.50060244399998,27.306578626000032],[-97.54444445399997,27.28417962000003],[-97.50831144499995,27.275018619000036],[-97.41444342299997,27.321572631000038],[-97.36940341499997,27.410437651000052],[-97.32219840899995,27.569062685000063],[-97.29465240299999,27.592692691000025],[-97.2692214,27.677444709000042],[-97.24355139399995,27.689231712000037],[-97.36836242699997,27.741687719000026],[-97.39329843399997,27.78290972700006],[-97.37887143299997,27.835923738000076],[-97.47208045599996,27.824158733000047],[-97.51510246699996,27.851174738000054],[-97.51662946799996,27.871429742000032],[-97.493246463,27.884080745000063],[-97.48123145899996,27.860096740000074],[-97.45686945299997,27.867555743000025],[-97.45984045499995,27.878481745000045],[-97.44661945099995,27.86891074300007],[-97.33779142399999,27.883628749000025],[-97.33137442199995,27.87333374700006],[-97.36001442899999,27.852531742000053],[-97.35506742699994,27.850151742000037],[-97.26301740599996,27.880110751000075],[-97.24944440199994,27.876190750000035],[-97.22097239299995,27.838450743000067],[-97.224893394,27.826680741000075],[-97.20148238799999,27.82079574000005],[-97.079647363,27.975543776000052],[-97.07489436199995,27.97487277600004],[-97.08202436299996,27.963116773000024],[-97.07384836099999,27.96076577300005],[-97.08059836199999,27.931958767000026],[-97.07508435999995,27.919358764000037],[-97.06443635999995,27.992838780000056],[-97.04374635599999,28.02806078800006],[-97.02520735199994,28.032151789000068],[-97.03685335599994,28.07588479800006],[-97.02496935499994,28.11331180600007],[-97.05337236199995,28.118342806000044],[-97.05420436099996,28.09276580100004],[-97.13525337999994,28.04788478900008],[-97.10589937199995,28.038025788000027],[-97.12194237499995,28.02092678400004],[-97.22283740299997,28.077352793000045],[-97.15391038799999,28.136683807000054],[-97.01570035599997,28.202998825000066],[-97.01546535399996,28.153626815000052],[-97.02770235699995,28.15041181400005],[-97.00963935199997,28.134692811000036],[-96.97969134399995,28.125365810000062],[-96.97006534299999,28.170108819000063],[-96.94594133799995,28.19650582500003],[-96.96852034499994,28.219964830000038],[-96.91801333399997,28.26937784100005],[-96.94249433799996,28.217660830000057],[-96.92538133299996,28.193153825000024],[-96.96739134099994,28.12325381000005],[-96.93156133199994,28.123897811000063],[-96.90718732599998,28.14692181600003],[-96.92608232999999,28.11432880900003],[-96.91305832699999,28.12044981100007],[-96.78523329899997,28.22954483700005],[-96.77679629699998,28.244830840000077],[-96.80958030699998,28.290291849000027],[-96.79176830399996,28.312174854000034],[-96.79188830599998,28.360345864000067],[-96.85962732499996,28.413352873000065],[-96.83811731999998,28.432792877000054],[-96.78677830599997,28.40216887300005],[-96.76479330099994,28.412830875000054],[-96.79355230999994,28.45839388400003],[-96.828729319,28.459960883000065],[-96.81506231599997,28.475213887000052],[-96.793077311,28.480436888000042],[-96.74791829699996,28.40948587500003],[-96.70656128599995,28.40457287600003],[-96.70525428299999,28.348815864000073],[-96.66520527199998,28.309614857000042],[-96.63240526399994,28.318716860000052],[-96.62040325999999,28.30396485700004],[-96.62515626199996,28.316205860000025],[-96.57310425099996,28.35877787000004],[-96.45295722299994,28.418683886000053],[-96.41635521299997,28.413875886000028],[-96.47125922499998,28.367561875000035],[-96.43869621699997,28.36881687600004],[-96.44059821699994,28.342984871000056],[-96.603646256,28.292558856000028],[-96.65938226699996,28.227450840000074],[-96.702640278,28.21551383700006],[-96.70180827699994,28.199699833000068],[-96.81696430499994,28.175084825000056],[-96.81934130399998,28.143337818000077],[-96.80199029999994,28.14082281800006],[-96.82837230499996,28.113049812000042],[-96.88006831899997,28.13107681400004],[-96.89694332299996,28.114726810000036],[-96.88054331799998,28.10602680900007],[-96.91987932799998,28.09355180500006],[-96.94709333299994,28.05349579600005],[-96.99058933999999,27.949197773000037],[-97.03063834999995,27.943738771000028],[-97.04561235299997,27.931979768000076],[-97.00247334299996,27.93995877100008],[-97.04573035199996,27.889973759000043],[-97.05607035299994,27.849736751000023],[-97.04608734999994,27.83954374900003],[-96.96188133299995,27.955888775000062],[-96.81289630099997,28.094385808000027],[-96.63201725999994,28.22282584000004],[-96.44285621599994,28.31767086600007],[-96.34249019499998,28.41872089000003],[-96.14501214899997,28.526715918000036],[-95.83398707499998,28.655627954000067],[-95.48677599399997,28.83629200300004],[-95.38368996899999,28.870005013000025],[-95.12384391099994,29.07064506300003],[-95.16707492299997,29.11306207000007],[-95.15697392399994,29.19505108800007],[-95.11276491299998,29.19567408900008],[-95.10967491099996,29.17149908400006],[-95.04193689499994,29.205010093000055],[-94.97241487999997,29.279982111000038],[-94.92159986699994,29.281561113000066],[-94.892673861,29.313457121000056],[-94.89160386299994,29.355934130000037],[-94.86437285599999,29.37051613400007],[-94.88982186299995,29.37820113400005],[-94.89203386599996,29.43368614600007],[-94.95185588299995,29.467532151000057],[-94.93557488,29.48118815400005],[-94.92543387699999,29.470873152000024],[-94.90947187399996,29.496843158000047],[-94.98965389499995,29.516861160000076],[-95.02099690499995,29.551532166000072],[-94.98271289699994,29.60134917700003],[-95.01519590699996,29.632456183000045],[-94.98216089999994,29.67687019300007],[-94.99907090599999,29.709054199000036],[-94.942687891,29.69778319900007],[-94.92386188399996,29.65837919100005],[-94.90104387799994,29.657594192000033],[-94.87255787199996,29.67125519600006],[-94.81522586099999,29.75848321500007],[-94.75481484599999,29.781128222000063],[-94.73296683899997,29.758694218000073],[-94.69602982999999,29.75755521900004],[-94.71017083299995,29.737332215000038],[-94.69543482899996,29.745896217000052],[-94.68901782499995,29.696563207000054],[-94.713439828,29.610146188000044],[-94.76162883699999,29.54180417200007],[-94.78599084399997,29.550591173000043],[-94.77899884099998,29.53016216900005],[-94.74065883099996,29.52693517000006],[-94.56097178699997,29.574439186000063],[-94.52153877499995,29.540821180000023],[-94.47070876299995,29.55658718500007],[-94.49328876699997,29.51357417500003],[-94.56897978699999,29.530185176000032],[-94.603351794,29.48591216600005],[-94.67364181199997,29.475511162000032],[-94.70351581799997,29.43649815200007],[-94.77434483499997,29.399231142000076],[-94.77869783399996,29.36148813400007],[-94.73358282299995,29.36692313700007],[-94.69416481499997,29.41563714800003],[-94.59619279099996,29.46791716300004],[-94.09576866999998,29.66052921900007],[-94.00141264599995,29.681491227000038],[-93.83773160399994,29.67902923200006],[-93.87002661499997,29.735487242000033],[-93.89164362099996,29.744623244000024],[-93.89386862199996,29.76729424800004],[-93.92651063199997,29.789565252000045],[-93.92799863299996,29.809645256000067],[-93.83838061299997,29.882860274000052],[-93.786941604,29.990585298000042],[-93.74207659399997,30.020776306000073],[-93.71733358899996,30.065715316000023],[-93.69940258399998,30.059255316000076],[-93.73409159499994,30.08613532000004],[-93.68855858499995,30.140379333000055],[-93.70653858999998,30.147429334000037],[-93.70550159199996,30.192926343000067],[-93.71784559499997,30.194004343000074],[-93.70459059599995,30.28995436300005],[-93.74394760699994,30.304037365000056],[-93.76582861399999,30.333323370000073],[-93.75175061199997,30.361051377000024],[-93.75766061499996,30.39042838200004],[-93.726830609,30.429680392000023],[-93.69780660199996,30.440588395000077],[-93.71742760899997,30.483827403000078],[-93.70651360699998,30.50991540900003],[-93.74025961699994,30.53957441400007],[-93.72194261399994,30.580329423000023],[-93.67866860399994,30.594102427000053],[-93.68310660699996,30.640768437000077],[-93.62991059499996,30.67994544700008],[-93.60955059199995,30.723144456000057],[-93.61445459499998,30.75987546400006],[-93.59210758899997,30.76368046500005],[-93.58378158899995,30.801784473000055],[-93.55465158199996,30.82325447900007],[-93.57408658999998,30.884534491000068],[-93.52601957999997,30.937540503000037],[-93.53176458299998,30.958222507000073],[-93.57282959399998,30.970728508000036],[-93.56429559299994,30.98960651300007],[-93.57821359699994,31.000000514000078],[-93.50829857999997,31.03235752300003],[-93.53122558699994,31.05168352700008],[-93.51891858499994,31.061868529000037],[-93.52775358799994,31.07457553100005],[-93.56347859799996,31.093994534000046],[-93.54138159299998,31.113507539000068],[-93.54870659699998,31.155844547000072],[-93.53331359399994,31.184468554000034],[-93.58850960799998,31.16558654800008],[-93.60729461499994,31.205408555000076],[-93.59656261299995,31.229662561000055],[-93.61799061899995,31.232506560000047],[-93.62034962199994,31.27103056800007],[-93.64147862699997,31.269941567000046],[-93.68688664099994,31.305171573000052],[-93.66844563799998,31.353017583000053],[-93.63922863199997,31.372025588000042],[-93.67029363999995,31.366149586000063],[-93.67412364199998,31.39768659200007],[-93.70488565099998,31.410886593000043],[-93.69253264899999,31.43820659900007],[-93.70894365399994,31.44171159900003],[-93.70394065299996,31.455498602000034],[-93.74948266599995,31.46869560300007],[-93.75185766699997,31.48312260600005],[-93.71158765799998,31.51279461400003],[-93.74220266599997,31.515474613000038],[-93.74774366799994,31.53069561600006],[-93.78769367899997,31.52734961400006],[-93.83493069399998,31.58621662400003],[-93.83806369599995,31.60680062800003],[-93.81684469099997,31.622514632000048],[-93.82646869599995,31.666924641000037],[-93.79455468999998,31.702081649000036],[-93.81629769599994,31.707502649000048],[-93.81347269599996,31.725889653000024],[-93.83610970299998,31.74852665700007],[-93.82344970099996,31.77510366200005],[-93.87325971599995,31.81489166800003],[-93.88078972099999,31.864758678000044],[-93.90246472699994,31.87528067900007],[-93.89741872699994,31.89444168400007],[-93.92666073399994,31.888260681000077],[-93.923262734,31.907798685000046],[-93.97394874799994,31.921673686000076],[-94.01727176299994,31.98934869800007],[-94.04183976999997,31.992407697000033],[-94.04345686099998,33.552259004000064],[-94.07216286799996,33.55387000300004],[-94.05610286499996,33.56725800700008],[-94.08264787299998,33.57549800700008],[-94.11990888199995,33.567005004000066],[-94.12866488299994,33.550958],[-94.13514888599997,33.571039004000056],[-94.15146288999995,33.56839300300004],[-94.14216688899995,33.581396006000034],[-94.18391989999998,33.59468800600007],[-94.21720490799999,33.58074300200008],[-94.19440590199997,33.57368400200005],[-94.19640190099994,33.55512899800004],[-94.20564090399995,33.567235],[-94.25020391499999,33.55677099600007],[-94.24278391499996,33.58971500300004],[-94.27560792199995,33.557969995000065],[-94.29090792599999,33.558877995000046],[-94.28913592699996,33.58214999900002],[-94.30958893099995,33.55167899200006],[-94.34402994099997,33.56782999400008],[-94.355951942,33.54318598900005],[-94.38167394899995,33.54404098800006],[-94.40162295499994,33.55938399000007],[-94.38009794999994,33.56894899300005],[-94.38289395199996,33.58327399500007],[-94.41218195899995,33.568696991000024],[-94.43004596499998,33.591129995000074],[-94.47198097599994,33.60267099500004],[-94.44864397299995,33.64277200400005],[-94.50462198599996,33.62068799700006],[-94.51679599,33.632111999000074],[-94.52738299199996,33.61583899500005],[-94.52229899199995,33.640595],[-94.56953000299995,33.62783799600004],[-94.54544299799994,33.646234],[-94.548437,33.66054300300004],[-94.59083700999997,33.645568998000044],[-94.56036000299997,33.66535800300005],[-94.58145400899997,33.666046003000076],[-94.58833201199997,33.685764006000056],[-94.597977013,33.663387001000046],[-94.62238602099995,33.68243400400007],[-94.65257802699995,33.660360998000044],[-94.67124103299994,33.66925599900003],[-94.64525802599996,33.67436900100006],[-94.64432902799996,33.70167200700007],[-94.65129302899999,33.68851500400007],[-94.71342904499994,33.687369001000036],[-94.70173604299998,33.70341900400007],[-94.72787404999997,33.71557100600006],[-94.71618104599997,33.697916003000046],[-94.73586305099997,33.691631001000076],[-94.75378305599997,33.70525300200006],[-94.73498205299995,33.726118007000025],[-94.75286605699995,33.71442500400008],[-94.749427057,33.73299600800004],[-94.78820906699997,33.736336007000034],[-94.75782005999997,33.75011501100005],[-94.76444706299998,33.760184012000025],[-94.80008606999996,33.73338800600004],[-94.81607207499997,33.73922100600004],[-94.82179007799994,33.768758012000035],[-94.82205807599996,33.733120005000046],[-94.86930708899996,33.74587700500007],[-94.86868309,33.76983001000008],[-94.87776509199995,33.758891007000045],[-94.92196210599997,33.79160501100006],[-94.91477110599999,33.824493018000055],[-94.94788111299994,33.80836201300008],[-94.94383811399996,33.82930601800007],[-94.96440811999997,33.83702701800007],[-94.96890212199997,33.86092202300006],[-94.98849412699997,33.85100602000006],[-95.04657514299998,33.86257101900003],[-95.07242015199995,33.902705026000035],[-95.06569715099994,33.915972029000045],[-95.08961415499994,33.88086302100004],[-95.10017515899995,33.89610702300007],[-95.08239415599996,33.92176402900003],[-95.12204516499997,33.90480102400005],[-95.12470716799999,33.934681029000046],[-95.21764019399996,33.96265203100006],[-95.25017819999994,33.938503025000045],[-95.25270119799995,33.894240016000026],[-95.28298820699996,33.90740801700008],[-95.28930920599998,33.873109010000064],[-95.32644321699996,33.88607601100006],[-95.36252422499996,33.86658700600003],[-95.440935245,33.86643500200006],[-95.46421825199997,33.87337800300003],[-95.46168025199995,33.88700400500005],[-95.50231126199998,33.87474800100006],[-95.51074626499997,33.89788300500004],[-95.54520427299997,33.8803],[-95.55448527899995,33.928078009000046],[-95.59383428999996,33.94303701000007],[-95.62906229599997,33.905876001000024],[-95.66547330599997,33.908984],[-95.69788931299996,33.88611599400008],[-95.75637432799994,33.89263099300007],[-95.75175332499998,33.85556298600005],[-95.77056332899997,33.845274983000024],[-95.80515633899995,33.86130998500005],[-95.83752334599995,33.83564597900005],[-95.92956837199995,33.88500598400003],[-95.94429137499998,33.859816978000026],[-95.98426038399998,33.852669975000026],[-96.00341339099998,33.872349978000045],[-95.99586438799997,33.85569897500005],[-96.01960639299995,33.84057197100003],[-96.02391439499996,33.85707297400006],[-96.04884139999996,33.83647396900005],[-96.100102414,33.84797696900006],[-96.09936741199994,33.83047596600005],[-96.14807742499994,33.83780496500003],[-96.15077242499996,33.81699296100004],[-96.17897143199997,33.81055895800006],[-96.17038042899998,33.79938795700008],[-96.15636242599999,33.81335496000003],[-96.17806642799997,33.76052394900006],[-96.22903043999997,33.74802694400006],[-96.29371545799995,33.76941494500005],[-96.31693245999998,33.69900293100005],[-96.34831346699997,33.68638492700006],[-96.42265049199995,33.77604694100006],[-96.50027551099998,33.77258893700008],[-96.526662521,33.820896944000026],[-96.57294453299994,33.81910394200003],[-96.62929754899994,33.845493944000054],[-96.58794154199995,33.89478995500008],[-96.62830155199998,33.89448295300008],[-96.66719456299995,33.91694595600006],[-96.69958156599995,33.83905494000004],[-96.76159558099994,33.82441193400007],[-96.79428359299999,33.86889194100007],[-96.83216460299997,33.87484094000007],[-96.85060060499995,33.84721693400007],[-96.87528861299995,33.860510936000026],[-96.91630762899996,33.95780395200006],[-96.97381464299997,33.93570294500006],[-96.98134464599997,33.95638394900004],[-96.99619064899997,33.94173394500007],[-96.98557464199996,33.88652793600005],[-97.01786464799994,33.85014792700008],[-97.04125265299996,33.83776692400005],[-97.059833659,33.858409927000025],[-97.08947166599995,33.84985292400006],[-97.04815365399998,33.81746192000003],[-97.09211966399994,33.804102915000044],[-97.086202658,33.74393890500005],[-97.12610966699998,33.71694689800006],[-97.16315667699996,33.729327898000065],[-97.19282468699998,33.76117490300004],[-97.20352169299997,33.82183091400003],[-97.16663668599995,33.847316920000026],[-97.18085269199997,33.89520992800004],[-97.21092870099994,33.91606993100004],[-97.24495370899996,33.90309792700003],[-97.25663270899997,33.86329191900006],[-97.27561471399997,33.858173917000045],[-97.31015072499997,33.88853792100008],[-97.32873672699998,33.855439914000044],[-97.33246472999997,33.88425891900005],[-97.36551473399999,33.823768906000055],[-97.42650074899996,33.81940390300008],[-97.46286475999995,33.84177790500007],[-97.45147675899995,33.87093591100006],[-97.46038376399997,33.903953917000024],[-97.500967775,33.919648918000064],[-97.58108579399999,33.899684910000076],[-97.59712279899998,33.91787391300005],[-97.59042979999998,33.954109920000064],[-97.67177982299995,33.99137592300008],[-97.72529683299996,33.94105091100005],[-97.76277584199994,33.93440190800004],[-97.76377784099998,33.91424690400004],[-97.78510884599996,33.916820904000076],[-97.78234884399996,33.89231190000004],[-97.79776884799998,33.89929190000004],[-97.83434085499994,33.85767689100004],[-97.87145486299994,33.849006888000076],[-97.96778488999996,33.88243588900008],[-97.984547895,33.90070889200007],[-97.95716288899996,33.91445989500005],[-97.95340288999995,33.93645090000007],[-97.97418089499996,33.94283790000003],[-97.94573789099996,33.989844910000045],[-97.97418089999996,34.00672191100006],[-98.02767991199994,33.99336290600007],[-98.08821092799997,34.005486906000044],[-98.10626893499995,34.03415991000003],[-98.08384692899995,34.04172491200006],[-98.12021594099997,34.072132916000044],[-98.08976293699999,34.12821692800003],[-98.10946994399995,34.15411693200008],[-98.16912795599995,34.11417692200007],[-98.36562900799998,34.156998920000035],[-98.416097015,34.084148904000074],[-98.48633603099995,34.06260389700003],[-98.56058205399995,34.12357290500006],[-98.55053005199994,34.13219990700003],[-98.59979706599995,34.16057690900004],[-98.64808107899995,34.16444690800006],[-98.69060308699994,34.13297790000007],[-98.75704510299994,34.12463889500003],[-98.81296211899996,34.15844989900006],[-98.868124132,34.14964089400007],[-98.87293013399994,34.16658989700005],[-98.95252115699998,34.21265590200005],[-98.97414016199997,34.20357189900005],[-98.98730216699994,34.221228901000075],[-99.04347917899997,34.19821389500004],[-99.079543189,34.21152389500003],[-99.1265752,34.20300989100008],[-99.13061720199994,34.21941389400007],[-99.18951921599995,34.214317890000075],[-99.19626822199996,34.28146890200003],[-99.21145722699998,34.29275590300006],[-99.20691322899995,34.33828291100008],[-99.22925323399994,34.336521910000044],[-99.24286323999996,34.37268191600003],[-99.27486624899996,34.38492791600004],[-99.261329247,34.403504920000046],[-99.31961426199996,34.40887491800004],[-99.36961827799996,34.45870492500006],[-99.39496428299998,34.44210492000008],[-99.38766127899999,34.41198991600004],[-99.40296827999998,34.373486908000075],[-99.42490528599996,34.385828909000054],[-99.43648228799998,34.37054490600008],[-99.49988330599996,34.409613910000076],[-99.56970432399999,34.41842390800008],[-99.600034328,34.37469389900008],[-99.69497835199996,34.378338894000024],[-99.92321942199999,34.57455791700005],[-100.00038944,34.56051491100004],[-100.00041459299996,36.49970823900003]]]]}},{"type":"Feature","properties":{"adm0_a3":"USA","shape_name":"California","ihme_name":"California"},"geometry":{"type":"MultiPolygon","coordinates":[[[[-118.60442720199995,33.47855677300004],[-118.57540619399998,33.44018377000003],[-118.48876217799994,33.41983077200007],[-118.47534317299994,33.38324276900005],[-118.48746517299998,33.35088776500004],[-118.46538016699998,33.326060763000044],[-118.37478015099998,33.320069767000064],[-118.32525614199994,33.29907976800007],[-118.30509613899994,33.31032777000007],[-118.37033515699994,33.40928977800007],[-118.47765817799996,33.44839677600004],[-118.49744718099998,33.44196877400003],[-118.53863619099997,33.47701977600008],[-118.60442720199995,33.47855677300004]]],[[[-118.61051216899995,33.03294572300007],[-118.50621813899994,32.85298970800005],[-118.43182112199997,32.80146670600004],[-118.39184611799999,32.82627071100006],[-118.35419711099996,32.820923712000024],[-118.49951514299994,32.93365871700007],[-118.57390916299994,33.03055472400007],[-118.61051216899995,33.03294572300007]]],[[[-119.05278627499996,33.46586474700007],[-119.03234627199998,33.46883874800005],[-119.03115727299996,33.48965375100005],[-119.04969627599996,33.48390574900003],[-119.05278627499996,33.46586474700007]]],[[[-119.441238382,34.014079784000046],[-119.39156337299994,34.002509786000076],[-119.35747436799994,34.015923789000055],[-119.39626337399994,34.00592278600004],[-119.441238382,34.014079784000046]]],[[[-119.57728334499996,33.278586698000026],[-119.54622433699996,33.23256569500006],[-119.47031232299997,33.21473569700004],[-119.434414318,33.22702570000007],[-119.46060432499996,33.25666270200003],[-119.52879033799996,33.285421701000075],[-119.57728334499996,33.278586698000026]]],[[[-119.92990146399995,34.05973876100006],[-119.87634145299995,34.03209176100006],[-119.88701245299995,34.00858875800003],[-119.87337044799995,33.98037975600005],[-119.81826143799998,33.95986275700005],[-119.721218422,33.95958776200007],[-119.66283741499996,33.98589376800004],[-119.56047639899998,33.99553477500007],[-119.52065239599995,34.03426678200003],[-119.58431340799996,34.05364778000006],[-119.63775441299998,34.01318277300004],[-119.68651942199995,34.01980977100004],[-119.75944043699997,34.058839771000066],[-119.81875444599996,34.05300176700007],[-119.912869463,34.07751276400006],[-119.92990146399995,34.05973876100006]]],[[[-120.24954850999995,34.00248173700004],[-120.22211850499997,33.98756373700007],[-120.18042949299996,33.92510773300006],[-120.11589747999994,33.89436573300003],[-119.96864846099999,33.942882747000056],[-119.98016846599995,33.98365775000008],[-120.01291847099998,33.98095674800004],[-120.046587478,34.00000674800003],[-120.04327147999999,34.03581075200003],[-120.24954850999995,34.00248173700004]]],[[[-120.45007654399996,34.034198729000025],[-120.35794252799997,34.01503373200006],[-120.30723152099995,34.02237973600006],[-120.33117352699998,34.04910173700006],[-120.35862053099999,34.05023973600004],[-120.36829053499997,34.07646973800007],[-120.39091853699995,34.05199873400005],[-120.45007654399996,34.034198729000025]]],[[[-122.37769221499997,37.83046495200006],[-122.37284921199995,37.81107295100003],[-122.36230720999998,37.80702095100003],[-122.36292421199994,37.82270095200005],[-122.37769221499997,37.83046495200006]]],[[[-122.424664227,37.87074095200006],[-122.44128422799997,37.85514694900007],[-122.41848322399994,37.852725951000025],[-122.424664227,37.87074095200006]]],[[[-123.01392929499997,37.70035989500008],[-123.00280729199994,37.69274089500004],[-122.99876729199997,37.69744289600004],[-123.00352029299995,37.70440089600004],[-123.01392929499997,37.70035989500008]]],[[[-124.21619505499996,41.95221710100003],[-124.215015054,41.949739101000034],[-124.21303505399999,41.95102810100008],[-124.21619505499996,41.95221710100003]]],[[[-124.21161906199995,41.99846510400005],[-124.20845304299996,41.888197097000045],[-124.25496803199997,41.77817508600003],[-124.19496701699995,41.73678308900003],[-124.17015401499998,41.743349092000074],[-124.14742600699998,41.717960092000055],[-124.06607095699997,41.47026308300008],[-124.10699992499997,41.22968306400003],[-124.14381391699999,41.14469105500007],[-124.16542791799998,41.12982705200005],[-124.15363590499999,41.05355504800008],[-124.12914590099996,41.05111505000008],[-124.11176989499995,41.026888050000025],[-124.158335879,40.876074036000034],[-124.32941786499998,40.61643500400004],[-124.40960485,40.438080986000045],[-124.37361283899997,40.392927986000075],[-124.347866824,40.314638983000066],[-124.360617817,40.257210978000046],[-124.18788777499998,40.130546984000034],[-124.11056276,40.10376998800007],[-124.08072275099994,40.06611498800004],[-124.07999674499996,40.029777986000056],[-124.03591773699998,40.013323988000025],[-123.93006070699994,39.90970199000003],[-123.90767769799999,39.86303298800004],[-123.84961868399995,39.827675990000046],[-123.82955866699996,39.72307598500004],[-123.79424865799996,39.68999998500004],[-123.78864364499998,39.59997997900007],[-123.76648863499997,39.55280797800003],[-123.81989762799998,39.439493965000054],[-123.80874662399998,39.427410965000036],[-123.82772961699999,39.348437958000034],[-123.80090360899999,39.318271958000025],[-123.81373860899998,39.30834195600005],[-123.79662560599996,39.30135295700006],[-123.80386160399996,39.27877595500007],[-123.78901960099995,39.26971195500005],[-123.77143158799998,39.19422895100007],[-123.71937957299997,39.13452095100007],[-123.69125355799997,39.05079994700003],[-123.71116255099997,38.97732094000003],[-123.74193455299996,38.95623293600005],[-123.72798954599995,38.91943393500003],[-123.659859531,38.872533936000025],[-123.59326551199996,38.79903793600005],[-123.57200050899996,38.798193938000054],[-123.51479749299995,38.741970938000065],[-123.441787477,38.69974894000006],[-123.33191244499994,38.56554693900006],[-123.12883840099994,38.45042294500007],[-123.06827838099997,38.359869943000035],[-123.07978337799995,38.324080939000055],[-123.06368437299994,38.30218293900003],[-123.02434636799995,38.310577942000066],[-122.97709535599995,38.26790694300007],[-122.97211435099996,38.23265694000003],[-122.99564435499997,38.238630939000075],[-122.94908733799997,38.154064936000054],[-123.02407932999995,37.99488291700004],[-122.96355732099994,37.98991892200007],[-122.98178932599996,38.00912392200007],[-122.93972432199996,38.031912927000064],[-122.85658630799998,38.01672193200005],[-122.72519427599997,37.90269593200003],[-122.64197626299995,37.89751193800004],[-122.52741223599998,37.81495194000007],[-122.47274922999998,37.831931945000065],[-122.50103224099996,37.89366694800003],[-122.45801223099994,37.86177394900005],[-122.43828122999997,37.88097895200008],[-122.50507324699998,37.936418951000064],[-122.47952524399994,37.94253095400006],[-122.49556624899998,37.97052795500008],[-122.44731724399998,37.98439195900005],[-122.49784125599996,38.01940695800005],[-122.48998726499997,38.11201896700004],[-122.43959025799995,38.11692797100005],[-122.39360125499996,38.143453976000046],[-122.28283723099997,38.08289398000005],[-122.26287422299998,38.04460497800005],[-122.28349122399999,38.022678975000076],[-122.33256522899995,38.00150696900005],[-122.36792223499998,38.01253496700008],[-122.36759523099994,37.978172965000056],[-122.40101723499998,37.96853696100004],[-122.40291923399997,37.95485696000003],[-122.43010023899996,37.96311995900004],[-122.39055922699998,37.90911495700004],[-122.31141221299998,37.89579896200007],[-122.32692521499996,37.88871696000007],[-122.30851520999994,37.87088496000007],[-122.32520621299994,37.87428095900003],[-122.30138520699995,37.85549795900005],[-122.29924620499997,37.84048395800005],[-122.31592620699996,37.83681695700005],[-122.29663120299995,37.82846995800003],[-122.34226620699997,37.80556295200006],[-122.33228320299997,37.78152195100006],[-122.24396018599998,37.751783955000064],[-122.26169218799998,37.74337795300005],[-122.25218518399998,37.72495695200007],[-122.21378717599998,37.69869995300007],[-122.20417417599998,37.711607955000034],[-122.170661167,37.678507954000054],[-122.10943313699994,37.50025894400005],[-122.05555412899997,37.49523494700003],[-122.03861212099997,37.45462694500003],[-122.08875312899994,37.45227194100005],[-122.123150136,37.47400494100003],[-122.13643514199998,37.50758094200006],[-122.16210414499994,37.50022694000006],[-122.26288116899997,37.573918939000066],[-122.37855818999998,37.60559693300007],[-122.35564018699995,37.61529793600005],[-122.38932619499997,37.64019793500006],[-122.37430419499998,37.662210938000044],[-122.39320320299998,37.70753594100006],[-122.35679720099995,37.729509945000075],[-122.374622204,37.732884944000034],[-122.38533621199997,37.79072894800004],[-122.40746521799997,37.81144594800003],[-122.47809622799997,37.81083294300004],[-122.48579622699998,37.79063394100007],[-122.51449622999996,37.78083393800006],[-122.494098211,37.64403992800004],[-122.50139920699996,37.599641924000025],[-122.52086520999995,37.59418292200007],[-122.51954620299995,37.53730691700008],[-122.49930219499998,37.49534591500003],[-122.45959018899998,37.49273591800005],[-122.40086316499998,37.35922991100006],[-122.41912615499996,37.24147490000007],[-122.40508614799995,37.19579589700004],[-122.36709813899995,37.17282189800005],[-122.33708412899995,37.11738689500004],[-122.28489511899994,37.10175189800003],[-122.22381210199995,37.02567689500006],[-122.135174082,36.96777889700007],[-122.06643406999996,36.948275900000056],[-122.012752063,36.96322090500007],[-121.97278405599997,36.95415590700003],[-121.93008205199999,36.978154912000036],[-121.86227903699995,36.931556912000076],[-121.78829101199995,36.80399890600006],[-121.81447500299998,36.68286289400004],[-121.86061700299996,36.611140885000054],[-121.88949000599996,36.60193488200008],[-121.93644301699999,36.63675088200006],[-121.97872701799997,36.58149287400005],[-121.93252100799998,36.559939875000055],[-121.92595000399996,36.52517787200003],[-121.95448600699996,36.518908870000075],[-121.90320798699997,36.39360786200007],[-121.902741978,36.306383855000036],[-121.85197996699998,36.277835856000024],[-121.82764695999998,36.242259854000054],[-121.717188938,36.195150857000044],[-121.63316791799997,36.117524856000045],[-121.57461489899998,36.02516085100007],[-121.50312488599997,36.00030385400004],[-121.46492286899996,35.88846184600004],[-121.33246183799997,35.78311084500007],[-121.28654281999997,35.66552883700007],[-121.16672479899995,35.63540384200007],[-121.10160778,35.548818838000045],[-121.00337175699997,35.46071483500003],[-120.90794974099998,35.44907384000004],[-120.88476973499996,35.430200840000055],[-120.86269672399999,35.346780833000025],[-120.89961272099998,35.25534182200005],[-120.85605970999995,35.20649182000005],[-120.760504691,35.15971482200007],[-120.74888269099995,35.17779982400003],[-120.71419768499999,35.17600282600006],[-120.644323671,35.139620827000044],[-120.62994366199996,35.06151982000006],[-120.67228165399996,34.90254480200008],[-120.64734065,34.90113780400003],[-120.61027864,34.85818480200004],[-120.637427635,34.75589979000006],[-120.60046262499998,34.70464478700006],[-120.64255962299995,34.60436777500007],[-120.63954261899994,34.563538771000026],[-120.58130560899997,34.55696377400005],[-120.51143359499997,34.522957774000076],[-120.47138858199997,34.44785076900007],[-120.45282357899998,34.44244677000006],[-120.295063557,34.470627782000065],[-120.14117753199997,34.47340979100005],[-120.00808951,34.460451798000065],[-119.87821148499995,34.40691780000003],[-119.79357947199998,34.418293806000065],[-119.70907945699997,34.39540180800003],[-119.67187845199999,34.41610081300007],[-119.56399843499997,34.415324819000034],[-119.461048415,34.37406882100004],[-119.39046139899995,34.31820281900008],[-119.27865637599996,34.26690682000003],[-119.21645335599999,34.14610981100003],[-119.12926433799998,34.10084481100006],[-119.08600633099996,34.09927081300003],[-118.93809330199997,34.04338781600006],[-118.85466528699999,34.03421981900004],[-118.80637927699996,34.00020281800005],[-118.74496426899998,34.032107825000026],[-118.56924724099997,34.041644836000046],[-118.51952623099999,34.02751383800006],[-118.45068921399996,33.955670834000045],[-118.39111519499994,33.83877582400004],[-118.39431919199995,33.804319820000046],[-118.428419196,33.774719815000026],[-118.41122318999999,33.74198981200004],[-118.26965716399997,33.704034816000046],[-118.18335415099995,33.72319082300004],[-118.18036215299998,33.76341782700007],[-118.13271014399999,33.75322182900004],[-117.92803109799996,33.60719182400004],[-117.78490006899995,33.541529824000065],[-117.71462905099997,33.45991881900005],[-117.65270403899996,33.44615882000005],[-117.59589202499996,33.386633817000074],[-117.54784601499995,33.36488281700008],[-117.46980599699998,33.29642181300005],[-117.32837095899998,33.12184680000007],[-117.28078194299997,33.012347790000035],[-117.25448192999994,32.90015077800007],[-117.256181928,32.859451773000046],[-117.28218193099997,32.839551769000025],[-117.25498192199996,32.786952765000024],[-117.24608091199997,32.669356751000066],[-117.21307990799994,32.68775575500007],[-117.168877899,32.67195675500005],[-117.13667589,32.61875875100003],[-117.12487388199997,32.53416074100005],[-114.71964446699997,32.718767885000034],[-114.70192946599997,32.745552889000066],[-114.61838444899996,32.728249891000075],[-114.52686743399994,32.75709889900003],[-114.528860437,32.79631190400005],[-114.46898242999998,32.84515991400008],[-114.46294043299997,32.90794892200006],[-114.48093143799997,32.93525692500003],[-114.46905043899994,32.97229993000008],[-114.49294944299999,32.97178592900008],[-114.52014145299995,33.02998893500006],[-114.61879947099999,33.027206929000045],[-114.64599147699994,33.04890793100003],[-114.66232847899994,33.03267592800006],[-114.68903148799996,33.08404093300004],[-114.70649949099999,33.08816493300003],[-114.67537149199995,33.185493947000055],[-114.67363749499998,33.22312595200003],[-114.6895525,33.246432954000056],[-114.67209949699998,33.25850395600003],[-114.73123451099997,33.30243895900003],[-114.698046509,33.35244696700005],[-114.72529351799994,33.40505297200008],[-114.643313504,33.41674997800004],[-114.591565501,33.49944799100007],[-114.52461049199997,33.55223600100004],[-114.540628498,33.59141700500004],[-114.52208249599994,33.611282009000035],[-114.53320550099994,33.65166501300007],[-114.51406849899996,33.66018401600007],[-114.53153450299999,33.67511301600007],[-114.49420849899997,33.707927023000025],[-114.52806151299995,33.81496803400006],[-114.528462516,33.85493403900006],[-114.50302851299995,33.868003042000055],[-114.525883519,33.90101304500007],[-114.50793151599999,33.90381204700003],[-114.53548952399996,33.93465604900007],[-114.43827751299995,34.02261406500003],[-114.43419251699999,34.087384074000056],[-114.41591951599997,34.10764107700004],[-114.3207885,34.138640086000066],[-114.28730549699998,34.170534092000025],[-114.229726487,34.186933098000054],[-114.16183747999997,34.25704311000004],[-114.13122247499996,34.262735113000076],[-114.13829347999996,34.30323511700004],[-114.17692049099998,34.34931112100003],[-114.22611850099997,34.36592112000005],[-114.33538352899996,34.450043125000036],[-114.38671053899998,34.457916123000075],[-114.38084954399994,34.52972913200006],[-114.43647755899997,34.59540513700006],[-114.42421355799996,34.61045813900006],[-114.45819356899995,34.65789014300003],[-114.47048857599998,34.71137314900005],[-114.552693595,34.766876151000076],[-114.58685360799996,34.83567715800007],[-114.63439361999997,34.87289515900005],[-114.63349863099995,35.00186217500004],[-116.250881043,36.276984224000046],[-117.50012935899997,37.22038524200008],[-118.92253071699997,38.24992424200008],[-120.00102698599994,38.99957923000005],[-119.99924741099994,41.99494948000006],[-122.37852479199995,42.00949027000007],[-124.21161906199995,41.99846510400005]]]]}},{"type":"Feature","properties":{"adm0_a3":"USA","shape_name":"Alabama","ihme_name":"Alabama"},"geometry":{"type":"MultiPolygon","coordinates":[[[[-88.05338008299998,30.506992601000036],[-88.04504807999996,30.501194600000076],[-88.02433507399996,30.490779598000074],[-88.02917007599996,30.51965360500003],[-88.05338008299998,30.506992601000036]]],[[[-88.21121411799999,30.32225455500003],[-88.20873811699994,30.31888355500007],[-88.21000411799997,30.323204555000075],[-88.21121411799999,30.32225455500003]]],[[[-88.22512512199995,30.321807555000078],[-88.22465812199994,30.319891554000037],[-88.21869911999994,30.32190855500005],[-88.22512512199995,30.321807555000078]]],[[[-88.25783213199998,30.342747558000042],[-88.25566413099995,30.32409255400006],[-88.25947513299997,30.36678356300007],[-88.25783213199998,30.342747558000042]]],[[[-88.32730714599995,30.22988753100003],[-88.30477813999994,30.228036531000043],[-88.14981709799997,30.249993541000038],[-88.106659085,30.22350653700005],[-88.12494109099998,30.24771454200004],[-88.07485907699999,30.24912454300005],[-88.12466309299998,30.283645549000028],[-88.14114809599994,30.255029543000035],[-88.32730714599995,30.22988753100003]]],[[[-88.34675015899995,30.39070756600006],[-88.33289515499996,30.389151566000066],[-88.34124015699996,30.39174356600006],[-88.34675015899995,30.39070756600006]]],[[[-88.39502817099998,30.36943056000007],[-88.35727516199995,30.405681569000024],[-88.33802315699995,30.404758569000023],[-88.31508714999995,30.39163856700003],[-88.31152214799994,30.370211562000065],[-88.28811014199994,30.38733356700004],[-88.18710911299996,30.362704565000058],[-88.19566911399994,30.32124755500007],[-88.15578010299998,30.327189558000043],[-88.13858109799997,30.311993555000072],[-88.10727909199994,30.377251571000045],[-88.10377309599994,30.500908598000024],[-88.08279709199996,30.52871860500005],[-88.08563009399995,30.56992061400007],[-88.05400308699996,30.612496624000073],[-88.06188209099997,30.64359163100005],[-88.03841208499995,30.647903633000055],[-88.01141707899995,30.685131642000044],[-87.93672205699994,30.657437638000033],[-87.91935105099998,30.636065634000033],[-87.90171604199998,30.550884616000076],[-87.93697404899996,30.483110600000032],[-87.92128304399995,30.473853598000062],[-87.90634803699999,30.409385584000063],[-87.83737301699995,30.376339579000046],[-87.75531898999998,30.28007756100004],[-87.78775499799997,30.25424955400007],[-87.89320602699996,30.23924254700006],[-87.93604603899996,30.26147455100005],[-87.96685204699997,30.235623544000077],[-88.02768306299998,30.22365053900006],[-87.800565,30.229370548000077],[-87.45238290699996,30.30020657500006],[-87.45008290599998,30.311105577000035],[-87.50278492099994,30.30730657500004],[-87.50470592199997,30.32404457800004],[-87.45998290999995,30.33630558300007],[-87.42958290499996,30.406503599000075],[-87.36659588799995,30.43665360800003],[-87.42508290599994,30.465601612000057],[-87.44770691399998,30.51046362200003],[-87.39503090399995,30.61528664700006],[-87.39618190599998,30.65045965400003],[-87.40696290999995,30.67517065900006],[-87.53261194799995,30.743494670000075],[-87.54504895299993,30.778671678000023],[-87.62732797899997,30.847966690000078],[-87.63494298199998,30.865891694000027],[-87.58919197399996,30.964469717000043],[-87.59893297799994,30.99746272400006],[-85.00250324599995,31.000687810000045],[-85.03561926099997,31.108197833000077],[-85.10752028399997,31.186456848000034],[-85.09676728299996,31.225656858000036],[-85.11460529099998,31.27733886900006],[-85.08977828399998,31.295031873000028],[-85.09217128799997,31.36458188900008],[-85.04130928099994,31.540992930000073],[-85.05796428799994,31.57084593600007],[-85.05817328999996,31.620232947000034],[-85.12553431299995,31.694970961000024],[-85.11893431199996,31.732669970000074],[-85.14193532099995,31.781968980000045],[-85.13133531999995,31.817567988000064],[-85.140735324,31.857466996000028],[-85.13413532399994,31.892166004000046],[-85.11203431799998,31.894766006000054],[-85.11313531899998,31.911865009000053],[-85.07893431099995,31.940165017000027],[-85.08673431399995,31.95916402100005],[-85.06783330899998,31.967364023000073],[-85.04931430599999,32.02270003600006],[-85.05883430999995,32.04666204100005],[-85.04551530799995,32.086873050000065],[-85.06114831499997,32.13407106000005],[-85.01127130299994,32.18049907200003],[-84.96463228999994,32.19515807700003],[-84.98023329499995,32.20775707900003],[-84.97213229299996,32.21825708200004],[-84.92823128099997,32.21985708300008],[-84.91273127799997,32.24335608900003],[-84.92443128099995,32.24980309000006],[-84.88908427199993,32.260917094000035],[-84.93380428599994,32.298266100000035],[-85.00710730899993,32.32836810400005],[-84.97196630099995,32.377704116000075],[-84.98855830599996,32.384087117000036],[-84.96873430099998,32.391463120000026],[-84.98110230499998,32.402839122000046],[-84.96303430099994,32.42425012700005],[-84.99533531099996,32.45324913200005],[-85.00710431799996,32.52387414700007],[-85.06753933799996,32.57955215700002],[-85.08236934499996,32.63384016800006],[-85.10534135199998,32.64484117000006],[-85.08848734799994,32.65776417300003],[-85.11704135799994,32.69203918000005],[-85.11333335899997,32.73575719000007],[-85.14257136899994,32.76068819400007],[-85.12219336299995,32.77335919700005],[-85.16794337899995,32.81161820400007],[-85.15588837699994,32.849924213000065],[-85.18440438599998,32.86132321400004],[-85.60516962299994,34.98468464700005],[-88.20296436299998,35.008034544000054],[-88.15462234399996,34.92239852900008],[-88.09789332599996,34.89220852500006],[-88.47323226399999,31.89386188700007],[-88.39502817099998,30.36943056000007]]]]}},{"type":"Feature","properties":{"adm0_a3":"USA","shape_name":"Georgia","ihme_name":"Georgia"},"geometry":{"type":"MultiPolygon","coordinates":[[[[-81.27716218299997,31.311220998000067],[-81.27188518099996,31.304110997000066],[-81.27066718099996,31.310526998000057],[-81.27716218299997,31.311220998000067]]],[[[-83.10287089699995,34.99726374800008],[-85.60516962299994,34.98468464700005],[-85.18440438599998,32.86132321400004],[-85.15588837699994,32.849924213000065],[-85.16794337899995,32.81161820400007],[-85.12219336299995,32.77335919700005],[-85.14257136899994,32.76068819400007],[-85.11333335899997,32.73575719000007],[-85.11704135799994,32.69203918000005],[-85.08848734799994,32.65776417300003],[-85.10534135199998,32.64484117000006],[-85.08236934499996,32.63384016800006],[-85.06753933799996,32.57955215700002],[-85.00710431799996,32.52387414700007],[-84.99533531099996,32.45324913200005],[-84.96303430099994,32.42425012700005],[-84.98110230499998,32.402839122000046],[-84.96873430099998,32.391463120000026],[-84.98855830599996,32.384087117000036],[-84.97196630099995,32.377704116000075],[-85.00710730899993,32.32836810400005],[-84.93380428599994,32.298266100000035],[-84.88908427199993,32.260917094000035],[-84.92443128099995,32.24980309000006],[-84.91273127799997,32.24335608900003],[-84.92823128099997,32.21985708300008],[-84.97213229299996,32.21825708200004],[-84.98023329499995,32.20775707900003],[-84.96463228999994,32.19515807700003],[-85.01127130299994,32.18049907200003],[-85.06114831499997,32.13407106000005],[-85.04551530799995,32.086873050000065],[-85.05883430999995,32.04666204100005],[-85.04931430599999,32.02270003600006],[-85.06783330899998,31.967364023000073],[-85.08673431399995,31.95916402100005],[-85.07893431099995,31.940165017000027],[-85.11313531899998,31.911865009000053],[-85.11203431799998,31.894766006000054],[-85.13413532399994,31.892166004000046],[-85.14183532399994,31.839266992000034],[-85.13133531999995,31.817567988000064],[-85.14193532099995,31.781968980000045],[-85.11893431199996,31.732669970000074],[-85.12553431299995,31.694970961000024],[-85.05817328999996,31.620232947000034],[-85.05796428799994,31.57084593600007],[-85.04130928099994,31.540992930000073],[-85.09217128799997,31.36458188900008],[-85.08977828399998,31.295031873000028],[-85.11460529099998,31.27733886900006],[-85.09676728299996,31.225656858000036],[-85.10752028399997,31.186456848000034],[-85.03561926099997,31.108197833000077],[-84.99943224599997,31.01384881300004],[-85.00510924599996,30.974709804000042],[-84.98013123799996,30.961291802000062],[-84.98313123799994,30.93479179600007],[-84.93541722199996,30.882486786000072],[-84.93604621999998,30.82067677200007],[-84.91432621099995,30.753596757000025],[-84.86469719499996,30.71154775000008],[-82.21484242599996,30.568596799000034],[-82.24040643199999,30.53777579100006],[-82.201419419,30.485169780000035],[-82.20415441599994,30.401335760000052],[-82.16176040199997,30.357856751000043],[-82.06003737299994,30.360333755000056],[-82.03682836699994,30.377889760000073],[-82.00548036499998,30.563500804000057],[-82.04951038099995,30.655553824000037],[-82.04379838299997,30.729646841000033],[-82.03897038199995,30.749267846000066],[-82.01160037499994,30.763127850000046],[-82.02286937899999,30.787996855000074],[-81.97385936399996,30.778492854000035],[-81.94979035899996,30.82749886600004],[-81.91092934799997,30.815894865000075],[-81.90144634499995,30.829927868000027],[-81.86861133399998,30.792759861000036],[-81.79320331199995,30.786092862000032],[-81.78321330799997,30.761890856000036],[-81.76326430299997,30.77581286000003],[-81.719930289,30.74463985400007],[-81.67282727499997,30.738940854000077],[-81.68332927799997,30.74756285600006],[-81.66334827299994,30.754407858000036],[-81.64919126799998,30.728691853000043],[-81.62436926099997,30.736345855000025],[-81.61065925599996,30.716222851000055],[-81.60088025399995,30.729449854000052],[-81.53839423499994,30.708661851000045],[-81.53115923299998,30.724224855000045],[-81.48733521999998,30.72608685700004],[-81.44412720699995,30.70971985400007],[-81.46006421399994,30.76991786800005],[-81.40408220299997,30.903743900000052],[-81.40341220499994,30.95791991300007],[-81.40848720699995,30.97772391700005],[-81.42693221199994,30.956620912000062],[-81.49365423199998,30.977533915000038],[-81.45144722199996,31.015520925000033],[-81.42047721299997,31.016708926000035],[-81.40127020899996,31.07278694000007],[-81.40952621399998,31.120616950000056],[-81.29047118299997,31.21769697600007],[-81.26955517799996,31.258746986000062],[-81.29427318999996,31.368602011000064],[-81.26861618299995,31.38301501500007],[-81.17662216199994,31.51541504800008],[-81.19825416899994,31.537039053000058],[-81.258812187,31.52906604900005],[-81.26007918799996,31.548286053000027],[-81.20320517199997,31.569719060000068],[-81.17186816199995,31.55896805800006],[-81.12884815299998,31.631445076000034],[-81.13114015599996,31.695780091000074],[-81.16108716499997,31.69140708900005],[-81.20357517799994,31.71945409400007],[-81.19278717599997,31.73325109800004],[-81.13063715699997,31.722698097000034],[-81.07917314399998,31.762690108000072],[-81.034727133,31.816429121000056],[-81.07581514599997,31.829037123000035],[-81.05907314199999,31.850112128000035],[-81.06525814499997,31.877101134000043],[-80.99269312199993,31.857647132000068],[-80.930148106,31.90807614600004],[-80.96849711799996,31.915828146000024],[-80.98433912399997,31.940151151000066],[-80.94274511199995,31.963747158000047],[-80.92135410499998,31.93873915300003],[-80.86281708899998,31.969352162000064],[-80.84038108399994,32.00305017000005],[-80.85195208799996,32.030063176000056],[-80.875957095,32.01676417200002],[-80.87949409699996,32.03211717600004],[-80.92279710999998,32.03915717600006],[-81.00230013599997,32.10005418700007],[-81.05023714899994,32.08531418200005],[-81.11723716999995,32.11761118700008],[-81.11223916999995,32.150810195000076],[-81.12963717599996,32.16560819800003],[-81.11113517099994,32.17270920000004],[-81.11519817299995,32.19411820500005],[-81.15206718499996,32.222048210000025],[-81.15659018799994,32.24391621500007],[-81.11963617899994,32.28760222600005],[-81.13763618599995,32.328200234000064],[-81.12863318299998,32.33703823700006],[-81.14253518799995,32.35089923900006],[-81.14522218899998,32.34531823800006],[-81.15865719199996,32.33987423600007],[-81.16049719299997,32.34175223700004],[-81.20513320999999,32.42379425400003],[-81.20449921099998,32.45278526000004],[-81.18683220599996,32.464092263000055],[-81.23358822199998,32.49849427000004],[-81.23466322299998,32.51627627400006],[-81.27966023699997,32.536808277000034],[-81.28132723799996,32.55647028100003],[-81.36696726399998,32.577065283000024],[-81.41866328199995,32.629398293000065],[-81.39303627599998,32.65154929900007],[-81.40719627999994,32.660525300000074],[-81.40831328199994,32.69491430800008],[-81.42752028799998,32.70190230900005],[-81.40494328299997,32.746237320000034],[-81.43194329199997,32.76891732400003],[-81.41439728799998,32.77893632700005],[-81.43094929299997,32.783360327000025],[-81.41798729099997,32.818202335000024],[-81.42647829399993,32.84077934000004],[-81.45550330299994,32.84697834000008],[-81.45288630299996,32.872970346000045],[-81.47944831199999,32.88108834700006],[-81.46407230799997,32.897820351000064],[-81.48081531299994,32.898620351000034],[-81.50243032099996,32.93535935800003],[-81.51135032499997,32.966727365000054],[-81.49983332099998,32.963822365000055],[-81.49225632099996,33.00934837500006],[-81.59925135599997,33.07181938600007],[-81.61272836099994,33.093959390000066],[-81.64643637099994,33.09455838900004],[-81.74383840199994,33.141456396000024],[-81.77350341199997,33.18050940400008],[-81.75693840799994,33.19785440800007],[-81.76893841299994,33.217453412000054],[-81.80523942299999,33.21145340900006],[-81.85213943899998,33.247550416000024],[-81.83963943499998,33.25525141800006],[-81.84783943799994,33.26565142000004],[-81.83496243399998,33.25925841900005],[-81.82794143199999,33.26367142000004],[-81.86323944399999,33.28885042500008],[-81.84729943999997,33.30678942900005],[-81.88175744999995,33.30368342700007],[-81.90195745799997,33.33588243400004],[-81.91374045999999,33.32004843000004],[-81.90877745999995,33.34731543600003],[-81.93974046899996,33.34494743400006],[-81.94634047199997,33.37064644000003],[-81.92484046599998,33.37414644100005],[-81.94489647399996,33.40796844800008],[-81.90963246399997,33.41260945000005],[-81.93113746999995,33.42398445200007],[-81.91335946599997,33.43742445500004],[-81.92633947099995,33.462943461000066],[-81.98594148999996,33.486542464000024],[-82.04633851099999,33.56383647900003],[-82.18615755499997,33.620886486000074],[-82.23457957299996,33.70022250200003],[-82.24747557999996,33.75259751300007],[-82.29828959599996,33.783524518000036],[-82.32448360599994,33.82003952500003],[-82.45510864699997,33.88165653300007],[-82.52451867099995,33.94336654400007],[-82.55683867999994,33.94535954400004],[-82.59455869599998,34.02872356000006],[-82.64398371299995,34.07224356800003],[-82.64155671299994,34.092218572000036],[-82.71751073799999,34.15051058200004],[-82.74665975299996,34.26641360600007],[-82.78031176399998,34.296707611000045],[-82.79405777099998,34.33977862000006],[-82.83500778399997,34.366075624000075],[-82.85884079599998,34.45522664200007],[-82.90155480999994,34.48677064700007],[-83.00292783899994,34.472138640000026],[-83.03471584899995,34.48350164200008],[-83.15887488999994,34.579191657000024],[-83.17100889499994,34.595598660000064],[-83.15917989199994,34.603504663000024],[-83.23178391399995,34.61130366100008],[-83.34262094999997,34.682997672000056],[-83.35324195599998,34.72865468200007],[-83.32078294799999,34.75842668900003],[-83.32386994999996,34.78971869600008],[-83.30118594499999,34.80401470000004],[-83.30666694699994,34.81485670200004],[-83.26816293599995,34.82139970500003],[-83.26665493699994,34.84891371000003],[-83.25053293199994,34.84449171000006],[-83.23470692899997,34.870749716000034],[-83.24312993199999,34.87739871700006],[-83.20563092099997,34.88014871900003],[-83.15572790899995,34.930949732000045],[-83.112804897,34.93472973400003],[-83.12703890199998,34.953784738000024],[-83.11402489799997,34.95091873800004],[-83.12211390099998,34.964335740000024],[-83.10287089699995,34.99726374800008]]]]}},{"type":"Feature","properties":{"adm0_a3":"USA","shape_name":"Pennsylvania","ihme_name":"Pennsylvania"},"geometry":{"type":"Polygon","coordinates":[[[-80.51934542599997,39.721410809000076],[-75.77378794999998,39.722207997000055],[-75.71697093599994,39.79200601300005],[-75.63470791199995,39.830172024000035],[-75.51844587599999,39.83631902900004],[-75.41506384099995,39.801927026000044],[-75.34176682099996,39.84609003800006],[-75.24343278999999,39.85460504300005],[-75.14374776099999,39.88500605300004],[-75.12692175999996,39.96112006800007],[-75.07560674499996,39.97804907300008],[-75.04709173799995,40.00994908100006],[-74.93258170499996,40.068818097000076],[-74.86210768299998,40.08329110200003],[-74.82253267299996,40.12685211200005],[-74.78210765999995,40.12081811200005],[-74.72219064299998,40.14994812000003],[-74.77172066299994,40.21529513100006],[-74.84230968699995,40.250516136000044],[-74.86821069799998,40.29521514400005],[-74.93971272399995,40.33801415000005],[-74.96813173599998,40.399137161000056],[-75.05884976599998,40.41807316100005],[-75.06861677699999,40.54223118500005],[-75.11729379499997,40.57321918900004],[-75.19235381899995,40.57426518700004],[-75.20045382599994,40.64922720100003],[-75.17680481999997,40.67572320700003],[-75.20392182999996,40.69150620900007],[-75.18208582499994,40.731530218000046],[-75.19653483099995,40.75163922100006],[-75.17158882499996,40.77775322700006],[-75.13440181299995,40.77377322800004],[-75.10850680599998,40.79110223200007],[-75.08393079999996,40.82447923900003],[-75.09578580499993,40.847090243000025],[-75.06601579599999,40.847599245000026],[-75.05103079199995,40.86567024900006],[-75.13378182499997,40.97098126600008],[-75.13057682499993,40.99110127000006],[-75.02710379499996,41.03953728300007],[-75.01310079299998,41.066495289000045],[-74.96839077999994,41.08780529500007],[-74.99171978799995,41.09229229500005],[-74.88214075799993,41.18084431600005],[-74.83005874799994,41.28720833800003],[-74.75324072799998,41.346130352000046],[-74.69113070899994,41.367332359000045],[-74.74096472799994,41.40512836400006],[-74.73845672799996,41.43064936900004],[-74.79041874399996,41.42166836600006],[-74.80758375099998,41.44285536900003],[-74.83067275799993,41.430511366000076],[-74.85857976799997,41.44443536700004],[-74.89391477899994,41.43893836500007],[-74.89035977899994,41.45533236800003],[-74.91251878699995,41.475613371000065],[-74.98334280999995,41.48090237000008],[-74.98437381199994,41.50661937500007],[-75.003152818,41.50810937400007],[-75.02475882699997,41.53510737900007],[-75.01852582599997,41.55181038200004],[-75.07461484799995,41.60571939000005],[-75.04422583899998,41.61798639400007],[-75.05273784599996,41.68840140700007],[-75.06883185299995,41.70816941000004],[-75.04986384699998,41.71331741200004],[-75.05343285099997,41.752546419000055],[-75.10464186899998,41.774211421000075],[-75.07217386099995,41.81374043000005],[-75.11333587499996,41.822790430000055],[-75.11559987699997,41.844646434000026],[-75.16154289199994,41.849844433000044],[-75.17056689599997,41.87161643700006],[-75.18525589999996,41.85993843400007],[-75.26052892499996,41.86380843200004],[-75.27909593599998,41.93892544600004],[-75.29371494199995,41.95460144800006],[-75.31281894699998,41.95019044700007],[-75.35958096599995,41.99945345400005],[-79.76137736399994,41.99907527100004],[-79.76195438599996,42.26986832000006],[-80.06108346999997,42.14486528400005],[-80.08003147799997,42.16363328700004],[-80.06617247399998,42.17189028900003],[-80.10847948699995,42.16924828600003],[-80.18808850599999,42.09426526900006],[-80.51942859999997,41.977531233000036],[-80.51934542599997,39.721410809000076]]]}},{"type":"Feature","properties":{"adm0_a3":"USA","shape_name":"Missouri","ihme_name":"Missouri"},"geometry":{"type":"Polygon","coordinates":[[[-94.61792621899997,36.49942052700004],[-90.15248700799998,36.49795874800003],[-90.13851799899999,36.41395873300007],[-90.08043198099995,36.40076973300006],[-90.06451997599999,36.38209173000007],[-90.081966976,36.32210371800005],[-90.06398596999998,36.303044715000055],[-90.08373697299999,36.27233870800006],[-90.11492798099994,36.26560170500005],[-90.12637198199997,36.229373698000074],[-90.22043100499997,36.184770685000046],[-90.23559100599994,36.13948067600006],[-90.31917402499994,36.08998266200007],[-90.37789603499994,35.99568964100007],[-89.70693784899998,36.000987673000054],[-89.67246884599996,36.091843693000044],[-89.59210782699995,36.135643705000064],[-89.60700983299995,36.17118571100008],[-89.70446486499998,36.235474719000024],[-89.69857386399997,36.250597722000066],[-89.60237983699994,36.238112724000075],[-89.53475081899995,36.25258273000003],[-89.53949282199994,36.27737473500008],[-89.62026084799999,36.323012740000024],[-89.60567384499996,36.34224074400004],[-89.53182782399995,36.339252747000046],[-89.50972782099996,36.37363275400003],[-89.54526083399998,36.427085763000036],[-89.52064783099996,36.47867477400007],[-89.56034984599995,36.52544278100004],[-89.56682284999994,36.56422278800005],[-89.52758883999996,36.581153793000055],[-89.47909882599998,36.56821279300004],[-89.46589381999996,36.52995278700007],[-89.49320382299999,36.47013077400004],[-89.47172381599995,36.457007772000054],[-89.41728080399997,36.499017783000056],[-89.36555379799995,36.625065810000024],[-89.32673678799995,36.632192813000074],[-89.25999976399999,36.56515580300004],[-89.21356875199996,36.58012580800005],[-89.19765975199994,36.62894281800004],[-89.15908574299993,36.66635882700007],[-89.19948575799998,36.71605183500003],[-89.19781375999997,36.73941883900005],[-89.16689375199996,36.75963984500004],[-89.12613973999999,36.751741845000026],[-89.11656873899994,36.767563849000055],[-89.12353574199994,36.78531585200005],[-89.17107475599994,36.798125852000055],[-89.17815876099996,36.834592858000065],[-89.13797475099994,36.847355863000075],[-89.09901274799995,36.96139588600005],[-89.12507475699994,36.98350588900007],[-89.18549677299995,36.973524885000074],[-89.20079878099995,37.01617089200005],[-89.25493579999994,37.07202090000004],[-89.30829581499995,37.06837789700006],[-89.304757812,37.047571893000054],[-89.26000879799994,37.023294891000035],[-89.27863380099996,36.98867688300004],[-89.38394283399998,37.046447889000035],[-89.37871583699996,37.09459289800003],[-89.45611086499997,37.18812691200003],[-89.45883287099997,37.248667924000074],[-89.48992087999994,37.251321923000035],[-89.51703788999998,37.28192692700003],[-89.48901088599996,37.33337493800008],[-89.43284187099994,37.34706294400007],[-89.42105987099995,37.387674952000054],[-89.43977487999996,37.437206960000026],[-89.51705690899996,37.537284975000034],[-89.51981391299995,37.582754984000076],[-89.47593790199994,37.593004988000075],[-89.51772391699996,37.641223995000075],[-89.51669092099996,37.69276900400007],[-89.58332194199994,37.71326800500003],[-89.61728395399996,37.74972701000007],[-89.66335796699997,37.75005900800005],[-89.669649973,37.79992901700007],[-89.73987899599996,37.84693702200008],[-89.78637500899998,37.85174102000008],[-89.79933901599998,37.88152402500003],[-89.84265502999995,37.90520302700003],[-89.90183804299994,37.869829018000075],[-89.95060005799996,37.88153301800003],[-89.97492406799995,37.92672602500005],[-89.92509105699997,37.96002803300007],[-89.99710907799994,37.96323203000003],[-90.05937309899997,38.015550037000025],[-90.11052611399998,38.02655403600005],[-90.13079412299999,38.06234804200005],[-90.21871414999998,38.09437204300008],[-90.27493417099998,38.15762205200008],[-90.35390819799994,38.213862058000075],[-90.37393520899997,38.28186007000005],[-90.37082521299999,38.33356107900005],[-90.34974920999997,38.377616088000025],[-90.28522119799999,38.44346010400005],[-90.26032019799999,38.52835912000006],[-90.18451618399996,38.61155813900007],[-90.18111618699999,38.65955714800003],[-90.20991620099994,38.72605715900005],[-90.12311318199994,38.79805517600005],[-90.10941318199997,38.84355518500007],[-90.25025422799996,38.91935119100003],[-90.44008428599994,38.96737119000005],[-90.47212829399996,38.958845187000065],[-90.50745729899995,38.90277417500005],[-90.56656331299996,38.86885416600006],[-90.62512833099998,38.88866116600008],[-90.65317034099996,38.91614816900005],[-90.71359136999996,39.05557419100006],[-90.68109236499998,39.10059720100003],[-90.70790837699997,39.15086720800008],[-90.72996639299998,39.25590122600005],[-90.94077246499995,39.40399124100003],[-91.03827649699997,39.44844324300004],[-91.10031352199996,39.53870225500003],[-91.15363453799995,39.548255254000026],[-91.18194255099996,39.602684262000025],[-91.22932356599995,39.620860263000054],[-91.37001561599999,39.73253127400005],[-91.36157761799996,39.787555284000064],[-91.43292564299998,39.84056128900005],[-91.44639164999995,39.87040129400003],[-91.41936664799994,39.92772430500003],[-91.49488467899994,40.03646032000006],[-91.51032869199997,40.12800133500008],[-91.49273370199995,40.27822436100007],[-91.46214669999995,40.342421374000025],[-91.41942869099995,40.378271383000026],[-91.46390170299998,40.37566638000004],[-91.48451370999999,40.38390738000004],[-91.48848771299998,40.40432438300007],[-91.52461872399994,40.41077238200006],[-91.52509672899998,40.45785239000003],[-91.57475274299998,40.46567138900008],[-91.62135976099995,40.51007939300007],[-91.62007776399997,40.54082439900003],[-91.68870678399998,40.557397398000035],[-91.68636378599996,40.58088240200004],[-91.72912180099996,40.61364740500005],[-94.29482050499996,40.571348245000024],[-95.76565290299999,40.58521515600006],[-95.77471190399996,40.57358115400007],[-95.75711789399998,40.525997147000055],[-95.70859887999995,40.52155814900004],[-95.67872587699998,40.562567158000036],[-95.65585586899994,40.546616157000074],[-95.66169486699994,40.517316152000035],[-95.69997687599994,40.50528214700006],[-95.69465887099994,40.47145914200007],[-95.65819785799994,40.44188714000006],[-95.65914185499997,40.40869713400008],[-95.62373583899995,40.34657412700005],[-95.65733584399999,40.31086311900003],[-95.56216481799999,40.297366123000074],[-95.55248081099995,40.26191111700007],[-95.47750878899996,40.24272711900005],[-95.47920078399994,40.185659110000074],[-95.39335475399997,40.11921910400008],[-95.42164775499998,40.058959092000066],[-95.41359575099995,40.038431090000074],[-95.31527872199996,40.01207709100004],[-95.30251471599996,39.98436408800006],[-95.25026169799997,39.94865108500005],[-95.20443568499996,39.938956086000076],[-95.201942681,39.90406008100007],[-95.14966466699997,39.90595508400003],[-95.12817365799998,39.87417208000005],[-95.03777463299997,39.865549084000065],[-95.00844762799994,39.90060309200004],[-94.92958160599994,39.888761094000074],[-94.93977460499997,39.85193708800006],[-94.88694058899995,39.833105088000025],[-94.87595158399995,39.813301085000035],[-94.88409158399998,39.79424108200004],[-94.93530959599997,39.77561707500007],[-94.91230058799994,39.759345074000066],[-94.86965157799995,39.772901079000064],[-94.86295057299998,39.74300107400006],[-94.89932358099998,39.724049069000046],[-94.94873359699994,39.74560007000008],[-94.96532559999997,39.73907206800004],[-94.97132459699998,39.686417058000075],[-95.02765160999996,39.66546105200007],[-95.05493261299995,39.62500204300005],[-95.04928460799994,39.58959003800004],[-95.10323562099995,39.57779003300004],[-95.10931161899998,39.54229202600004],[-95.05218459999998,39.50000302300003],[-95.03750759199994,39.463696018000064],[-94.98215157499999,39.440559017000055],[-94.94204655999994,39.38950601100004],[-94.88503354399995,39.38980801400004],[-94.88136754199996,39.37039001100004],[-94.91002454699998,39.35255000700005],[-94.90533654199999,39.311959],[-94.83147851699994,39.25627999500006],[-94.82379851099995,39.209880988000066],[-94.78152549899994,39.20615299000008],[-94.74194548499997,39.17020998600003],[-94.68034346999997,39.18430999200007],[-94.65579445999998,39.15568698800007],[-94.58842044199997,39.149875991000044],[-94.60829744399996,39.11795098500005],[-94.61792621899997,36.49942052700004]]]}},{"type":"Feature","properties":{"adm0_a3":"USA","shape_name":"Colorado","ihme_name":"Colorado"},"geometry":{"type":"Polygon","coordinates":[[[-102.04209813199998,36.99302220200008],[-102.05162355999994,41.002383801000065],[-109.05008717399994,41.000665285000025],[-109.06007284599997,38.27549494300007],[-109.04177282999996,38.16469593000005],[-109.04523371,36.99908977500007],[-102.04209813199998,36.99302220200008]]]}},{"type":"Feature","properties":{"adm0_a3":"USA","shape_name":"Utah","ihme_name":"Utah"},"geometry":{"type":"Polygon","coordinates":[[[-114.04148933899995,41.99387899300007],[-114.05061171199998,37.00040145000003],[-109.04523371,36.99908977500007],[-109.04177282999996,38.16469593000005],[-109.06007284599997,38.27549494300007],[-109.05008717399994,41.000665285000025],[-111.04673459499998,40.99796513000007],[-111.04672573699997,42.00170824200006],[-114.04148933899995,41.99387899300007]]]}},{"type":"Feature","properties":{"adm0_a3":"USA","shape_name":"Tennessee","ihme_name":"Tennessee"},"geometry":{"type":"Polygon","coordinates":[[[-88.20006936099998,34.99564054200005],[-88.20296436299998,35.008034544000054],[-85.38497155999994,34.982993656000076],[-84.32187325299998,34.98841469900003],[-84.29024425699998,35.22557875000007],[-84.22372223999997,35.269084761000045],[-84.18842122799998,35.239985757000056],[-84.09807220299996,35.24721576200005],[-84.05261619099997,35.269988768000076],[-84.021414183,35.301389776000065],[-84.03833119099994,35.34781978500007],[-84.00759018399998,35.37166779100005],[-84.02301118999998,35.41169079900004],[-83.96105717499995,35.46414981200007],[-83.91177716199996,35.47603481700003],[-83.88007815499998,35.518751827000074],[-83.82559413899997,35.52383583000005],[-83.77174012599994,35.562124840000024],[-83.60889307899998,35.57945785000004],[-83.58559407199994,35.56294784800008],[-83.49833904599996,35.56298785100006],[-83.44580603299994,35.611809863000076],[-83.39663001999998,35.62272686700004],[-83.35156400899996,35.659864877000075],[-83.29715799299998,35.65775687900003],[-83.25812098299997,35.69193088700007],[-83.25125098299998,35.719922893000046],[-83.18568896399995,35.72989689800005],[-83.15921195799996,35.76489890600004],[-83.07403393499999,35.790022915000065],[-82.99205690999997,35.77395491500005],[-82.91655489199997,35.84137593200006],[-82.92061289399999,35.86847893700008],[-82.89727688799996,35.87788894000005],[-82.92001389799998,35.92842895000007],[-82.87416288599997,35.95270495700004],[-82.82186486799998,35.92184595200007],[-82.80500086399996,35.927174954000066],[-82.77490885799995,35.97198496500005],[-82.78556186099996,35.977801965000026],[-82.77600485999994,36.00010997000004],[-82.63716882199998,36.06581198900005],[-82.59096680699997,36.03361298500005],[-82.61436581199996,36.00351297700007],[-82.61089280899995,35.96741597000005],[-82.55787779199994,35.953907969000056],[-82.46066176699998,36.00781598400005],[-82.40946175599998,36.083416002000035],[-82.35516074199995,36.11561601100004],[-82.28945872399999,36.13571701800004],[-82.24752471099998,36.13087201800005],[-82.21385570299998,36.15911902500005],[-82.17685269099997,36.14222102300005],[-82.14795168299997,36.149523026000054],[-82.12714967399995,36.10442401700004],[-82.03314464699997,36.12042902400003],[-81.90814061999998,36.30202006700006],[-81.79360058999998,36.36221608400007],[-81.76493057999994,36.33867908000008],[-81.70744156299997,36.33517808200003],[-81.74199857699995,36.410967096000036],[-81.69531456699997,36.467919110000025],[-81.70796657499994,36.53621612300003],[-81.64690356099999,36.61192514100003],[-81.92264764399994,36.616220131000034],[-81.93414764599999,36.59422012600004],[-83.67539916199996,36.60079105700004],[-83.69071816499996,36.58258805300005],[-84.54314241599997,36.59628402000004],[-85.19537660799995,36.62550499800005],[-85.67779374699995,36.61816397500007],[-86.50777598899998,36.65245194600004],[-86.56414800399995,36.63347893900004],[-86.58991101299995,36.65249294200004],[-87.85320937199998,36.63325388100003],[-87.84957237299994,36.663707887000044],[-88.07053743699998,36.67812488000004],[-88.03249441699995,36.540668855000035],[-88.05321041999997,36.49713584600005],[-89.30028977199999,36.507153790000075],[-89.41728080399997,36.499017783000056],[-89.47172381599995,36.457007772000054],[-89.49320382299999,36.47013077400004],[-89.48543282299994,36.49749777900007],[-89.53923783799996,36.49794077700005],[-89.51972582999997,36.46700877200004],[-89.54526083399998,36.427085763000036],[-89.51038582099994,36.37836275500007],[-89.51318382099998,36.35990375200004],[-89.53182782399995,36.339252747000046],[-89.60567384499996,36.34224074400004],[-89.62026084799999,36.323012740000024],[-89.53949282199994,36.27737473500008],[-89.53475081899995,36.25258273000003],[-89.60237983699994,36.238112724000075],[-89.69524086399997,36.25277272300008],[-89.70533386599999,36.23990472000003],[-89.59221182799996,36.15012670800007],[-89.60194182799995,36.11947670100005],[-89.68003484699994,36.082500690000074],[-89.70693784899998,36.000987673000054],[-89.73310085699995,36.00061467200004],[-89.71457084899998,35.96304066600004],[-89.65228482899994,35.92146866000007],[-89.64535182499998,35.891425655000035],[-89.66955883099996,35.883287652000035],[-89.74124685199996,35.90675565400005],[-89.76569485799996,35.89130564900006],[-89.77247285799996,35.86510464400004],[-89.70435683699998,35.83573264100005],[-89.70609083599999,35.81826663800007],[-89.78179885699996,35.80509063200003],[-89.82122186399994,35.75672262100005],[-89.87726187899995,35.74137561500004],[-89.91000188899994,35.759402617000035],[-89.95625989999996,35.73339261000007],[-89.95575889699995,35.69062760200006],[-89.93104188799998,35.660050597000065],[-89.89892187799995,35.65091059700006],[-89.86478786999999,35.67039160200005],[-89.851181866,35.657438600000035],[-89.85662486599995,35.63445059500003],[-89.95675488999996,35.590517582000075],[-89.94139888399997,35.556561576000036],[-89.90933787399996,35.547979576000046],[-89.90902787199997,35.52055457100005],[-89.94801588299998,35.52009656900003],[-89.98936889699996,35.56004957500005],[-90.02862590799998,35.55525557200008],[-90.05028291099995,35.51528156300003],[-90.01884789899998,35.46482255500007],[-90.05664990499997,35.40379254100003],[-90.04156890099995,35.396626541000046],[-90.05459090399995,35.389610539000046],[-90.06928890899997,35.40831254200003],[-90.06714391199995,35.46483955300005],[-90.09872492199997,35.47860155400008],[-90.16900793799994,35.42185954000007],[-90.17927093799995,35.385200532000056],[-90.13551592499994,35.37667453200004],[-90.14619692999997,35.39947453600007],[-90.13048092599996,35.41375154000008],[-90.074997909,35.384158537000076],[-90.11029891599998,35.34279252700003],[-90.10909891299997,35.30499352000004],[-90.15891892699995,35.300643517000026],[-90.16879992799994,35.27909451200003],[-90.152099922,35.25599550800007],[-90.10509890899993,35.25429451000008],[-90.07875589999998,35.22781250600008],[-90.07682589799998,35.20882350200003],[-90.11739890799998,35.187896496000064],[-90.06539788999999,35.13769748900006],[-90.10059889799999,35.11669748300005],[-90.16006391599996,35.12883648300004],[-90.20012991999994,35.03281946200008],[-90.29200194599997,35.04179946000005],[-90.30988294899998,35.00975645300008],[-90.30930294799998,34.99570045000007],[-88.20006936099998,34.99564054200005]]]}},{"type":"Feature","properties":{"adm0_a3":"USA","shape_name":"Wyoming","ihme_name":"Wyoming"},"geometry":{"type":"Polygon","coordinates":[[[-111.05456822899998,45.00096155400007],[-111.04673459499998,40.99796513000007],[-104.05325904199998,41.00141265800005],[-104.05788962399998,44.99761216600007],[-111.05456822899998,45.00096155400007]]]}},{"type":"Feature","properties":{"adm0_a3":"USA","shape_name":"New York","ihme_name":"New York"},"geometry":{"type":"MultiPolygon","coordinates":[[[[-72.03683066599996,41.24985096700004],[-72.00246183499996,41.252875430000074],[-71.92138381099994,41.29212744000006],[-71.99111783299998,41.28133943600005],[-72.00266983599994,41.26640643200005],[-72.02049584199995,41.27587443400006],[-72.03683066599996,41.24985096700004]]],[[[-72.14292987099998,41.097819395000045],[-72.10640085899996,41.08889139400003],[-72.09720085399994,41.05489238800004],[-72.08697585099998,41.05830038900007],[-72.07951485099994,41.10068539800005],[-72.12979486899997,41.123884400000065],[-72.14292987099998,41.097819395000045]]],[[[-72.21099589799996,41.17895440900003],[-72.19860189299999,41.16495940600004],[-72.16103488199997,41.188679412000056],[-72.18898089199996,41.18901941100006],[-72.21099589799996,41.17895440900003]]],[[[-73.76525937999997,40.85536929300008],[-73.77235038199996,40.847429291000026],[-73.76718037999996,40.84487429100005],[-73.76525937999997,40.85536929300008]]],[[[-73.76727738299996,40.88690729900003],[-73.77527738499998,40.882207298000026],[-73.76744238199996,40.880695298000035],[-73.76727738299996,40.88690729900003]]],[[[-74.02710745399997,40.68510025000006],[-74.01308444899996,40.68780325100005],[-74.01213344899998,40.69068725200003],[-74.01950145199999,40.69339025200003],[-74.02710745399997,40.68510025000006]]],[[[-74.04692145999996,40.691147251000075],[-74.04445245899996,40.688453250000066],[-74.03940245799998,40.70046225300007],[-74.04692145999996,40.691147251000075]]],[[[-74.15755349299997,40.643247237000026],[-74.16125649399999,40.641798237000046],[-74.15919349299998,40.64145623700006],[-74.15755349299997,40.643247237000026]]],[[[-74.24780951599996,40.543404215000066],[-74.24668951199999,40.496111205000034],[-74.21978850399995,40.502611208000076],[-74.11147247199995,40.54691622000007],[-74.05312645699996,40.603686233000076],[-74.06970146499998,40.64122424000004],[-74.08648646999995,40.64860924100003],[-74.15297449099995,40.638894237000045],[-74.18940150299994,40.64212923600007],[-74.21088850499996,40.56091021900005],[-74.24780951599996,40.543404215000066]]],[[[-76.14257136299994,43.944175779000034],[-76.14471036399993,43.940239778000034],[-76.14066936199998,43.94229277900007],[-76.14257136299994,43.944175779000034]]],[[[-76.18717743999997,44.013891681000075],[-76.17655937999996,44.01720479000005],[-76.16966637799999,44.02489579200005],[-76.17346937999997,44.02472479200003],[-76.18717743999997,44.013891681000075]]],[[[-76.33676343399998,44.03419278700005],[-76.32129942799997,44.03121678700006],[-76.31772842899994,44.051442791000056],[-76.32963043199999,44.04430478900008],[-76.33676343399998,44.03419278700005]]],[[[-76.35669342799997,43.878254758000026],[-76.32639541799995,43.88098276000005],[-76.30130241299997,43.91775976800005],[-76.34598042499994,43.894043761000034],[-76.35669342799997,43.878254758000026]]],[[[-76.36785143099996,43.879012758000044],[-76.36599042999995,43.87619675700006],[-76.36417542999999,43.87856875800003],[-76.36785143099996,43.879012758000044]]],[[[-76.38334044899995,44.03736978500007],[-76.36175044199996,44.03300178500007],[-76.34211943699995,44.05382279000003],[-76.37008144599997,44.052037788000064],[-76.38334044899995,44.03736978500007]]],[[[-76.39458044099996,43.88808475800005],[-76.39576144099993,43.88273875700003],[-76.39234943999998,43.88786775800003],[-76.39458044099996,43.88808475800005]]],[[[-76.44600145799996,43.89026375700007],[-76.39997844399994,43.90171976100004],[-76.37794743799998,43.92119676500005],[-76.40647344699994,43.92119676400006],[-76.44600145799996,43.89026375700007]]],[[[-73.26495833699994,42.745948671000065],[-73.27642234099994,42.746027671000036],[-73.29094534899997,42.80192868100005],[-73.27867434799998,42.83341868700006],[-73.24159038299996,43.53498181800006],[-73.25863238999995,43.56495782300004],[-73.29462240299995,43.578978824000046],[-73.30623540999994,43.628026832000046],[-73.37189043199999,43.62449782900006],[-73.39576843599997,43.568095818000074],[-73.43123044899994,43.588293821000036],[-73.41766944699998,43.62169582700005],[-73.42646445099996,43.64260683100008],[-73.35059443499995,43.77194785700004],[-73.39249345199994,43.82078786400007],[-73.37224844699995,43.84534586900003],[-73.37405244999997,43.87557187500005],[-73.40859046499997,43.93294188400006],[-73.40774047099995,44.021320900000035],[-73.43774148299997,44.04501490300004],[-73.39058447799994,44.19089493100006],[-73.31285345699996,44.26535494700005],[-73.33494047199997,44.36444996400007],[-73.29361446399997,44.440567979000036],[-73.30670847199997,44.500342989000046],[-73.37439049999995,44.575464],[-73.39023250899999,44.61836200700003],[-73.36130950499995,44.69453202200003],[-73.36556250899997,44.74179503000005],[-73.33315550199995,44.78876803900005],[-73.38136052199997,44.84503004700008],[-73.33898051399996,44.91769006200008],[-73.33824451699996,44.96475907000007],[-73.35463452399995,44.987361073000045],[-73.34312552199998,45.010849078000035],[-74.14681578799997,44.991509044000054],[-74.67029896299994,45.00620302600004],[-74.73130298199999,44.990431020000074],[-74.82658001599998,45.01585902100004],[-74.90795803999998,44.98336801200003],[-74.99275806799994,44.97745800800004],[-75.06482808799996,44.92945799600005],[-75.13441810999996,44.91511099100006],[-75.13986810999995,44.89669298800004],[-75.30763216099996,44.836821970000074],[-75.30197815799994,44.826645969000026],[-75.41379419099997,44.77254295500006],[-75.76623228599993,44.51585989500006],[-75.80778029599998,44.47165288600007],[-75.82083229699998,44.43225287800004],[-75.91298732199994,44.36809286300007],[-76.16183539599996,44.28078583800004],[-76.16426739399998,44.23961183000006],[-76.20677940599995,44.21455182400007],[-76.31264943899998,44.19905281700005],[-76.37070844999994,44.100507797000034],[-76.34424943999994,44.087925796000036],[-76.36030844399994,44.07091579200005],[-76.29528742199994,44.058725793000065],[-76.30095841999997,44.00987278400004],[-76.26590540699993,43.994560783000054],[-76.28067940899996,43.95969177600006],[-76.23686639699997,43.97790878100005],[-76.19969538799995,44.02559379100006],[-76.27869341299998,44.016075786000044],[-76.27270841299998,44.04078879100007],[-76.20164239299999,44.07904780000007],[-76.21138639499998,44.05735979600007],[-76.15505637699994,44.06436180000003],[-76.14687137299995,44.054622798000025],[-76.16828637899994,44.03273179400003],[-76.12069736299998,44.03130479500004],[-76.20255038599998,43.98942578400005],[-76.20025138399996,43.96793978100004],[-76.17478437599993,43.97428878300008],[-76.15900636999999,43.959003781000035],[-76.08507034799999,43.99514379000004],[-76.05906433899997,43.98570879000005],[-76.13436036099995,43.94567277900006],[-76.12728735399998,43.89789777100003],[-76.20225937599997,43.86490676200003],[-76.19981137499997,43.85434976000005],[-76.23736538799994,43.86360476100003],[-76.21376338299996,43.900242768000055],[-76.29739440699996,43.85593375700006],[-76.29906640599995,43.83851175400008],[-76.23498838399996,43.82263375300005],[-76.20103336299996,43.696674732000076],[-76.20347535399998,43.574986710000076],[-76.23583636099994,43.529264701000045],[-76.30442438199998,43.51268569500007],[-76.41758341899998,43.52129369200003],[-76.63077647999995,43.41336466400003],[-76.69402849499994,43.34646964900003],[-76.95241457199995,43.270321624000076],[-77.04220360099998,43.27085362100007],[-77.10754462399996,43.28957862100003],[-77.34109469799995,43.280669610000075],[-77.53955075899995,43.23509959300003],[-77.76023383799998,43.341169603000026],[-77.97644090999995,43.36916759800005],[-78.37022403699996,43.37651358200003],[-78.63434911899998,43.35763256700005],[-79.07047225099996,43.26246253000005],[-79.05606324499996,43.254164530000025],[-79.04236923199994,43.14366351000007],[-79.06909423799993,43.11996450500004],[-79.05796423299995,43.106965503000026],[-79.07447023599997,43.07786349700007],[-78.99943820999994,43.05606549700008],[-79.01996721199998,42.994764485000076],[-78.91886217599995,42.94686548100003],[-78.90607816799996,42.89933247300007],[-78.85945914799998,42.84136646400003],[-78.87180815099998,42.822687460000054],[-78.85345814199997,42.78396645400005],[-78.91816015799998,42.73726644300007],[-79.04675719499994,42.69135442900006],[-79.06376319699996,42.64476642000005],[-79.11136420899999,42.61336641200006],[-79.14872621599994,42.55368039900003],[-79.24967024599994,42.531752391000055],[-79.32913726799995,42.490034380000054],[-79.35448627599999,42.49407937900003],[-79.45353630099999,42.41116536000004],[-79.76195438599996,42.26986832000006],[-79.76137736399994,41.99907527100004],[-75.35958096599995,41.99945345400005],[-75.31281894699998,41.95019044700007],[-75.29371494199995,41.95460144800006],[-75.27909593599998,41.93892544600004],[-75.26052892499996,41.86380843200004],[-75.18525589999996,41.85993843400007],[-75.17056689599997,41.87161643700006],[-75.16154289199994,41.849844433000044],[-75.11559987699997,41.844646434000026],[-75.11333587499996,41.822790430000055],[-75.07217386099995,41.81374043000005],[-75.10464186899998,41.774211421000075],[-75.05343285099997,41.752546419000055],[-75.04986384699998,41.71331741200004],[-75.06883185299995,41.70816941000004],[-75.05273784599996,41.68840140700007],[-75.04422583899998,41.61798639400007],[-75.07461484799995,41.60571939000005],[-75.01852582599997,41.55181038200004],[-75.02475882699997,41.53510737900007],[-75.003152818,41.50810937400007],[-74.98437381199994,41.50661937500007],[-74.98334280999995,41.48090237000008],[-74.91251878699995,41.475613371000065],[-74.89035977899994,41.45533236800003],[-74.89391477899994,41.43893836500007],[-74.85857976799997,41.44443536700004],[-74.83067275799993,41.430511366000076],[-74.80758375099998,41.44285536900003],[-74.79041874399996,41.42166836600006],[-74.73845672799996,41.43064936900004],[-74.74096472799994,41.40512836400006],[-74.69113070899994,41.367332359000045],[-74.69639970999998,41.35734735700004],[-73.89398042999994,40.99720531600008],[-73.92900743499996,40.889586294000026],[-74.01378545399996,40.756609265000066],[-74.02454445399997,40.70944425500005],[-73.99669944499993,40.70088525400007],[-74.04241345499997,40.624855238000066],[-74.00328244099995,40.59576223400006],[-74.01202344199999,40.574536229000046],[-73.93156041599997,40.57597023200003],[-73.94059241699995,40.54290422500003],[-73.77492936699997,40.59076724000005],[-73.57347930199995,40.57801424500008],[-73.34176723099995,40.63270826400003],[-73.26234920499996,40.621970264000026],[-73.05496414099997,40.66637928000006],[-72.47409796399995,40.84084533400005],[-71.87391078199994,41.05228639500007],[-71.85749477799999,41.07356639900007],[-71.90432979299999,41.08599740000005],[-71.95520380899995,41.07307839600003],[-71.96351380999994,41.04254139000005],[-71.99140981999994,41.04881739000007],[-72.01693082599996,41.02352538500003],[-72.05542483899995,41.02226538300005],[-72.10216085199994,40.99151737500006],[-72.15385787199995,41.051867386000026],[-72.19056388299998,41.03258738100004],[-72.26051590599997,41.04207338000003],[-72.27742791399999,41.07873138700006],[-72.31723892699995,41.088667387000044],[-72.33827393599995,41.11491339200006],[-72.32663093299993,41.13217039600005],[-72.28859891999997,41.128520396000056],[-72.29477892099999,41.11330139300003],[-72.23200690399995,41.16119340400007],[-72.27878991899996,41.15873040200006],[-72.35412394199994,41.13996039600005],[-72.39700095399996,41.09631538600007],[-72.44524296899993,41.086124383000026],[-72.47730697699996,41.05222037500005],[-72.63556302399996,40.981965356000046],[-72.91383511299995,40.96247434300005],[-73.11833217899994,40.97807933900003],[-73.15957719199997,40.96845633600003],[-73.14467418699996,40.95585033400005],[-73.14899518599998,40.92890632800004],[-73.22838521099999,40.90596932100004],[-73.35276225199993,40.92670532100004],[-73.39286326599995,40.95530532500004],[-73.40735726899999,40.91620831700004],[-73.36814025699994,40.929856321000045],[-73.35506825199997,40.912795318000065],[-73.41615127099993,40.90435231400005],[-73.43397727699994,40.90902331500007],[-73.43666527899995,40.93490532000004],[-73.48536629599994,40.94640532000005],[-73.49764229799996,40.922826315000066],[-73.46463828399999,40.86823530600003],[-73.49482329599994,40.89483131000003],[-73.50884729999996,40.89375330900003],[-73.50623229799999,40.87236930500006],[-73.54188430999994,40.87686230500003],[-73.54782631299997,40.90363431000003],[-73.52358330599998,40.90956231200005],[-73.53380330799996,40.89015930800008],[-73.52025530299994,40.88674630700007],[-73.50742129999998,40.90866431200004],[-73.56997032099997,40.91540631100003],[-73.63980834199998,40.896628305000036],[-73.65437334599994,40.87820730100003],[-73.64860334099995,40.82882929200008],[-73.67557435099997,40.85700729600006],[-73.72957636899997,40.86650829600006],[-73.73701036999995,40.847785292000026],[-73.70469535899997,40.82958029000008],[-73.70612135899995,40.81591128700006],[-73.75301037499997,40.83840029000004],[-73.76554137699998,40.81087428400008],[-73.75341937299999,40.799540282000066],[-73.75888637299994,40.769126276000065],[-73.80071738899994,40.80997528300003],[-73.81260139499994,40.858708292000074],[-73.78257838399998,40.837609289000056],[-73.79311238899999,40.86356229300003],[-73.78133938699995,40.88545529800007],[-73.74224837699995,40.92770130800005],[-73.68647435999998,40.94520631300003],[-73.655973352,40.979605321000065],[-73.65525635399996,41.01225432700005],[-73.72777638299993,41.10070434200003],[-73.48271031099995,41.21276837200003],[-73.55096233799998,41.29543038600008],[-73.48961636199994,42.00010052300007],[-73.48731536499997,42.04964653300004],[-73.50814337399999,42.08626553900007],[-73.26495833699994,42.745948671000065]]]]}},{"type":"Feature","properties":{"adm0_a3":"USA","shape_name":"Kansas","ihme_name":"Kansas"},"geometry":{"type":"Polygon","coordinates":[[[-94.61797125899994,36.99891161700003],[-94.60829744399996,39.11795098500005],[-94.58842044199997,39.149875991000044],[-94.65579445999998,39.15568698800007],[-94.68034346999997,39.18430999200007],[-94.74194548499997,39.17020998600003],[-94.78152549899994,39.20615299000008],[-94.82379851099995,39.209880988000066],[-94.83147851699994,39.25627999500006],[-94.90533654199999,39.311959],[-94.91002454699998,39.35255000700005],[-94.88136754199996,39.37039001100004],[-94.88503354399995,39.38980801400004],[-94.94204655999994,39.38950601100004],[-94.98215157499999,39.440559017000055],[-95.03750759199994,39.463696018000064],[-95.05218459999998,39.50000302300003],[-95.10931161899998,39.54229202600004],[-95.10323562099995,39.57779003300004],[-95.04928460799994,39.58959003800004],[-95.05493261299995,39.62500204300005],[-95.02765160999996,39.66546105200007],[-94.97132459699998,39.686417058000075],[-94.96532559999997,39.73907206800004],[-94.94873359699994,39.74560007000008],[-94.89932358099998,39.724049069000046],[-94.86295057299998,39.74300107400006],[-94.86965157799995,39.772901079000064],[-94.91230058799994,39.759345074000066],[-94.93530959599997,39.77561707500007],[-94.88409158399998,39.79424108200004],[-94.87705158499995,39.82376108700004],[-94.93977460499997,39.85193708800006],[-94.92736660499997,39.883973094000055],[-94.95154761299995,39.90054009500005],[-95.00844762799994,39.90060309200004],[-95.03777463299997,39.865549084000065],[-95.08501064499995,39.86189008100007],[-95.13475465999994,39.87685908000003],[-95.14966466699997,39.90595508400003],[-95.201942681,39.90406008100007],[-95.20443568499996,39.938956086000076],[-95.25026169799997,39.94865108500005],[-95.30829771899994,40.00000509000006],[-102.05175344199995,40.003084657000045],[-102.04209813199998,36.99302220200008],[-94.61797125899994,36.99891161700003]]]}},{"type":"Feature","properties":{"adm0_a3":"USA","shape_name":"Alaska","ihme_name":"Alaska"},"geometry":{"type":"MultiPolygon","coordinates":[[[[179.48244879600009,51.98283239400007],[179.4846188130001,51.92126640400005],[179.6143488020001,51.87177042600007],[179.74299676500004,51.91174743400006],[179.7784547440001,51.96221543000007],[179.64762575100008,52.02625740500008],[179.5828417670001,52.01683940000004],[179.52672778800002,51.98116239900003],[179.48244879600009,51.98283239400007]]],[[[178.62552106400005,51.63730135800006],[178.7060320600001,51.59318037400004],[178.78504605000012,51.57186438600007],[178.84361603700006,51.57864039100008],[178.95161102500003,51.541961409000066],[179.06033902700005,51.45487343500008],[179.26160301400012,51.35768647200007],[179.46756597000012,51.37162749200007],[179.38620597700003,51.40439947800007],[179.23623800500002,51.40960446100007],[179.1910669990001,51.46293344700007],[179.07678801200007,51.49851642900006],[179.0028810120001,51.55248441300006],[178.9208110190001,51.58613539800007],[178.9038950150001,51.614912392000065],[178.73800404300005,51.63273237100003],[178.66399805000003,51.661933358000056],[178.62552106400005,51.63730135800006]]],[[[178.44694900500008,51.97822028300004],[178.50247801600005,51.899642302000075],[178.53938000800008,51.903244305000044],[178.59022998600005,51.94545530400006],[178.55259698500004,51.97396629500008],[178.47857099600003,51.98754728500006],[178.44694900500008,51.97822028300004]]],[[[178.23691609000002,51.828207285000076],[178.30854809000004,51.77569930200008],[178.38072607900006,51.76390531100003],[178.3102830780001,51.81999129500008],[178.23691609000002,51.828207285000076]]],[[[178.09459506200005,52.03329223600008],[178.10585907000007,51.99835524300005],[178.13253206700006,51.986980248000066],[178.19094805100008,52.00354425100005],[178.17994704400007,52.033245245000046],[178.14168004700002,52.05103223800006],[178.09459506200005,52.03329223600008]]],[[[178.03114311800005,51.879148255000075],[178.02247612200006,51.87099325500003],[178.03266911900005,51.874559256000055],[178.03114311800005,51.879148255000075]]],[[[177.3687751870001,52.12578414300003],[177.36178619100008,52.11667814400005],[177.37132318700003,52.121759144000066],[177.3687751870001,52.12578414300003]]],[[[177.20330828500005,51.89656016400005],[177.20398129000012,51.88052916700008],[177.27335528200013,51.85712117800006],[177.31175328200004,51.825969188000045],[177.33400227200002,51.84444218700003],[177.32676626600005,51.87363418100006],[177.37391924300005,51.91975817800005],[177.40952123300008,51.93081918000007],[177.60099019500012,51.92225220200004],[177.6075201850001,51.954718197000034],[177.543519198,51.95617319000007],[177.53271419600003,51.97006818700004],[177.67593713200006,52.09216518100004],[177.60265813500007,52.13731816600006],[177.5633811470001,52.12195716400004],[177.50530418300002,52.03876617200007],[177.4974261970001,51.993326179000064],[177.34556223700008,51.96300316800006],[177.29129726100007,51.91942817000006],[177.20330828500005,51.89656016400005]]],[[[175.8743384390001,52.37100194300007],[175.91127144100005,52.334828954000045],[175.94416543300008,52.33643495700005],[175.96650642200007,52.359725955000044],[175.8743384390001,52.37100194300007]]],[[[174.06917174300008,52.734885692000034],[174.07182774700004,52.71829269500006],[174.15813173000004,52.70605670600003],[174.13313572800007,52.73378369900007],[174.06917174300008,52.734885692000034]]],[[[173.95406076500012,52.75140767700003],[173.97258576600007,52.72942068300006],[174.00481276200003,52.719854688000055],[174.02168775500002,52.73028368800004],[173.95406076500012,52.75140767700003]]],[[[173.8674217780001,52.77512566400003],[173.89473877900002,52.75077767100004],[173.94002276800006,52.75185767600004],[173.8974377720001,52.77177766800003],[173.8674217780001,52.77512566400003]]],[[[173.35608899800002,52.40556067800003],[173.48382897500005,52.383482695000055],[173.58877994600005,52.40097070200005],[173.6447789440001,52.35759571600005],[173.7256819260001,52.356576724000035],[173.71230891200003,52.42103071100007],[173.69158691000007,52.445932705000075],[173.70772689700004,52.47737470100003],[173.7727848730001,52.50990270200003],[173.62386890900007,52.50694568700004],[173.5875399250001,52.47678268900006],[173.54528793500003,52.47599768500004],[173.5300909460001,52.44996568800008],[173.47622896100006,52.44190668400006],[173.44009696600006,52.45366167800006],[173.38004398600003,52.431840676000036],[173.35608899800002,52.40556067800003]]],[[[172.46165306700004,52.92715749300004],[172.4690080700001,52.91133449700004],[172.51298206100012,52.90517850200007],[172.64035802500007,52.92543851200003],[172.75422201100002,52.87748753200003],[172.76335202400003,52.823653542000045],[172.80937302200005,52.789287553000065],[172.9036140070001,52.76166456800007],[172.99845797500006,52.79697657100007],[173.1426639440001,52.78625158800003],[173.22403690600004,52.85640058300004],[173.3023168960001,52.82328359700006],[173.42765586500002,52.83076060900004],[173.29538486900003,52.92698457800003],[173.25131187400007,52.944359570000074],[173.21173788500005,52.939486567000074],[173.10723489500003,52.993225547000065],[172.64325200200005,53.00497649700003],[172.46165306700004,52.92715749300004]]],[[[-130.983130664,55.36598573500004],[-130.97005864,55.31597473700003],[-130.93333664299996,55.33314774200005],[-130.94819166699995,55.38252974000005],[-130.983130664,55.36598573500004]]],[[[-131.04326364399998,55.30346172700007],[-131.034944635,55.28485472800003],[-131.027220635,55.28783172900006],[-131.03066664299996,55.30481472800005],[-131.04326364399998,55.30346172700007]]],[[[-131.065011557,55.09619272300006],[-131.05170155199994,55.08775972500007],[-131.04944355299995,55.089799725000034],[-131.04861155599997,55.09864072500005],[-131.065011557,55.09619272300006]]],[[[-131.19566447899996,54.87384770400007],[-131.20536147699994,54.86575070300006],[-131.19471347799998,54.87122170400005],[-131.19566447899996,54.87384770400007]]],[[[-131.24472156999997,55.07454069800008],[-131.19680555099995,55.043176704000075],[-131.17512856699994,55.08673070800006],[-131.20707258199997,55.11371070300004],[-131.24472156999997,55.07454069800008]]],[[[-131.25919569599995,55.36389269600005],[-131.265850694,55.356731695000065],[-131.25384769,55.35166469700005],[-131.25919569599995,55.36389269600005]]],[[[-131.28769354899998,55.012551692000045],[-131.25251754399994,55.01244269700004],[-131.21543954999999,55.03642170200004],[-131.25061555399998,55.036748697000064],[-131.28769354899998,55.012551692000045]]],[[[-131.30746854699998,55.00426468900008],[-131.30689854499997,54.998375689000056],[-131.29834154699995,55.00480969000006],[-131.30746854699998,55.00426468900008]]],[[[-131.330785629,55.18840868600006],[-131.33078562699995,55.18325168600006],[-131.32745762699994,55.18494868600004],[-131.330785629,55.18840868600006]]],[[[-131.38647366199996,55.25086467800003],[-131.38385866099998,55.24734267800005],[-131.38290866199998,55.25113567900007],[-131.38647366199996,55.25086467800003]]],[[[-131.45872767799995,55.26596766800003],[-131.42664166199995,55.23846767200007],[-131.397525659,55.239686677000066],[-131.40798366599995,55.25350667500004],[-131.45872767799995,55.26596766800003]]],[[[-131.49837354099998,54.93473966200003],[-131.343596489,54.85579168400005],[-131.31678549599997,54.879426687000034],[-131.29529949199997,54.87570669000007],[-131.299862486,54.86159169000007],[-131.26278448099998,54.86038869500004],[-131.19110049699998,54.91824070500007],[-131.24548151,54.93353769700008],[-131.23255251399996,54.94620769900007],[-131.25441852899996,54.97568369600003],[-131.23502353199996,54.988667699000075],[-131.24415053899997,55.003283698000075],[-131.33503954699995,54.99488568500004],[-131.33313854,54.98070268500004],[-131.41223754299995,54.96378667400006],[-131.46699955099996,54.96848066600006],[-131.49837354099998,54.93473966200003]]],[[[-131.50821268399994,55.26716466100004],[-131.50607368199996,55.262830661000066],[-131.50013168199996,55.26459166200004],[-131.50821268399994,55.26716466100004]]],[[[-131.539634574,55.00241065600005],[-131.52042955299999,54.95800065900005],[-131.500654554,54.96651566200006],[-131.49799256399996,54.99117666200004],[-131.539634574,55.00241065600005]]],[[[-131.61759356,54.947955645000036],[-131.58869154999996,54.93080664900003],[-131.53392955299995,54.95505265700007],[-131.58869156599997,54.97044464900006],[-131.61759356,54.947955645000036]]],[[[-131.64820660599997,55.04649964100008],[-131.64487858999996,55.01121664200008],[-131.61041558699998,55.01326064600005],[-131.62301258399998,55.003446645000054],[-131.60780057799997,54.99390364700008],[-131.544815584,55.02538765600008],[-131.53031758799995,55.038464658000066],[-131.54006259799996,55.05739165600005],[-131.523662598,55.06297265900008],[-131.492763573,55.01176166300007],[-131.38557055999996,55.01176167800003],[-131.351106577,55.06215568300007],[-131.37416159299994,55.09277068000006],[-131.35158260099996,55.11860468300006],[-131.364179622,55.163162681000074],[-131.32638862,55.16981468600005],[-131.57238669999998,55.28611865200003],[-131.55075768999995,55.26838265500004],[-131.59163869699995,55.27393464900007],[-131.60993968399998,55.23858064700005],[-131.58141865699997,55.18420165100008],[-131.609702659,55.18270964700008],[-131.53198063099995,55.13762965800004],[-131.54552862399999,55.11806065600007],[-131.59924463399994,55.12594364800003],[-131.61374262299995,55.096714646000066],[-131.59163861699994,55.088281649000066],[-131.64820660599997,55.04649964100008]]],[[[-131.65932972999997,55.33193064000005],[-131.61345771299995,55.30643764600006],[-131.59408671199998,55.30752064900008],[-131.63366072599996,55.33057864300008],[-131.65932972999997,55.33193064000005]]],[[[-131.71233264299997,55.11753863200005],[-131.70769764099998,55.11244163300006],[-131.70615264399999,55.11964563300006],[-131.71233264299997,55.11753863200005]]],[[[-131.71713596999996,55.85699163100003],[-131.58923695299995,55.85282564900007],[-131.58531495799997,55.86615765000005],[-131.64871598699995,55.91290764100006],[-131.68953298199995,55.890236635000065],[-131.69257396899997,55.86151363400006],[-131.71713596999996,55.85699163100003]]],[[[-131.72920783299998,55.54927063000008],[-131.71779882299995,55.52889463100007],[-131.70306283599996,55.56210863300004],[-131.71910683899995,55.56365463100008],[-131.72920783299998,55.54927063000008]]],[[[-131.72980164899997,55.12487863000007],[-131.740378648,55.12148062800003],[-131.73134664699995,55.12005362900004],[-131.72980164899997,55.12487863000007]]],[[[-131.737169645,55.11380062900008],[-131.73966564299997,55.10938262800005],[-131.73253464399994,55.11264562900004],[-131.737169645,55.11380062900008]]],[[[-131.80538381399998,55.484274619000075],[-131.80217581299996,55.482725619000064],[-131.80146281499998,55.48737261900004],[-131.80538381399998,55.484274619000075]]],[[[-131.84139298199995,55.85256561300008],[-131.83034097799998,55.84569361500007],[-131.81382197799996,55.85056461700003],[-131.82938998299994,55.85730161500004],[-131.84139298199995,55.85256561300008]]],[[[-131.85100283699995,55.52546761200006],[-131.82378881399995,55.480170616000066],[-131.75486182299994,55.517596626000056],[-131.75367283399999,55.54335662600005],[-131.85100283699995,55.52546761200006]]],[[[-131.96854968599996,55.14837059600006],[-131.96058768299997,55.143344597000066],[-131.958804688,55.15414259700003],[-131.96854968599996,55.14837059600006]]],[[[-132.00420165099996,55.05631259100005],[-131.99825964599995,55.04582859200008],[-131.99172364599997,55.04732659300004],[-131.98887164999996,55.057469593000064],[-132.00420165099996,55.05631259100005]]],[[[-132.01691765699996,55.06597658900006],[-132.01632365399996,55.05930758900007],[-132.007291657,55.06937959100003],[-132.01691765699996,55.06597658900006]]],[[[-132.04294364999998,55.04283258600003],[-132.02547364799995,55.04351358800005],[-132.02392864899997,55.04650958800005],[-132.02785064999995,55.04834758800007],[-132.04294364999998,55.04283258600003]]],[[[-132.031355116,56.09550458500007],[-132.069146086,56.02078958000004],[-132.042526077,56.00976258400004],[-132.04989406599998,55.98397658300007],[-132.03563306099994,55.97573158500006],[-131.98144207299998,56.01494459300005],[-132.031355116,56.09550458500007]]],[[[-132.07574512699995,56.10811157900008],[-132.072774123,56.101881579000064],[-132.069090126,56.10791258000006],[-132.07574512699995,56.10811157900008]]],[[[-132.08299276399998,55.29837558000003],[-132.07431676099998,55.293842581000035],[-132.073485765,55.30229958100006],[-132.08299276399998,55.29837558000003]]],[[[-132.07681265999997,55.058149581000066],[-132.06255165599998,55.05141058300006],[-132.059343658,55.05780958300005],[-132.07681265999997,55.058149581000066]]],[[[-132.09083803099998,55.89676757700005],[-132.09071902899996,55.89236957700007],[-132.08798502999997,55.893968578000056],[-132.09083803099998,55.89676757700005]]],[[[-132.098562115,56.07761657600008],[-132.091313115,56.07874357700007],[-132.09357111699995,56.08292157600005],[-132.098562115,56.07761657600008]]],[[[-132.11722009699997,56.033421573000055],[-132.09618508999995,56.023393576000046],[-132.09464010299996,56.05306957600004],[-132.11151610099995,56.04470657400003],[-132.11722009699997,56.033421573000055]]],[[[-132.117455738,55.22944157500007],[-132.11519773699996,55.22571457500004],[-132.11210873799996,55.22971357600005],[-132.117455738,55.22944157500007]]],[[[-132.12827205199994,55.93276557200005],[-132.12649004999997,55.929236572000036],[-132.12399405199994,55.93369757200003],[-132.12827205199994,55.93276557200005]]],[[[-132.14348415399996,56.15155956900003],[-132.14526615299997,56.14838156900004],[-132.14241415299995,56.14831556900003],[-132.14348415399996,56.15155956900003]]],[[[-132.147641836,55.44538957000003],[-132.12720083,55.43642357300007],[-132.10854282999998,55.44114257600006],[-132.13480683699999,55.45024157200004],[-132.147641836,55.44538957000003]]],[[[-132.14098811399998,56.06521257000003],[-132.14586011199998,56.05937356900006],[-132.13801711099995,56.05864357000007],[-132.14098811399998,56.06521257000003]]],[[[-132.18543282299999,55.40519556500004],[-132.206348822,55.39756956200006],[-132.16320981599995,55.39655756800005],[-132.18543282299999,55.40519556500004]]],[[[-132.38223188799998,55.50351653700005],[-132.36701988199997,55.49362153900006],[-132.32138587599997,55.490322545000026],[-132.34206388399997,55.50425754200006],[-132.38223188799998,55.50351653700005]]],[[[-132.38044889399998,55.51643753700006],[-132.38579689399995,55.51509153600006],[-132.38199389299996,55.51287153700008],[-132.38044889399998,55.51643753700006]]],[[[-132.391619892,55.50816053500006],[-132.39185788999998,55.50513153500003],[-132.38757889,55.504930536000074],[-132.391619892,55.50816053500006]]],[[[-132.41372607999995,55.921246531000065],[-132.40992307699997,55.91631853100006],[-132.40849707899997,55.921313532000056],[-132.41372607999995,55.921246531000065]]],[[[-132.47754336599996,56.51970451900007],[-132.45448835899998,56.51196752200008],[-132.438563365,56.52665352400004],[-132.47041237699995,56.54552552000007],[-132.47754336599996,56.51970451900007]]],[[[-132.48253438999996,56.57015051800005],[-132.44022738499996,56.567924524000034],[-132.40837838899995,56.585074528000064],[-132.40083739899995,56.60693052900007],[-132.45163539899994,56.596198522000066],[-132.48253438999996,56.57015051800005]]],[[[-132.48562435999997,56.50501651800005],[-132.48158335499994,56.49675251800005],[-132.47540335599996,56.50016351900007],[-132.48562435999997,56.50501651800005]]],[[[-132.49857715099995,56.056188518000056],[-132.49964714899994,56.05167551800008],[-132.49322915,56.055325519000064],[-132.49857715099995,56.056188518000056]]],[[[-132.56179931599996,56.39361250700006],[-132.555381303,56.369135508000056],[-132.522106292,56.35386251300008],[-132.449376294,56.37413752400005],[-132.43844329999996,56.39005952500003],[-132.40184029299996,56.38492853000008],[-132.40683130499997,56.40900053000007],[-132.49263433,56.440284517000066],[-132.56179931599996,56.39361250700006]]],[[[-132.566672381,56.53032350600006],[-132.55621537199994,56.51301750700003],[-132.53648736999997,56.51354151000004],[-132.51937438899995,56.558626512000046],[-132.53363539299994,56.562293510000075],[-132.566672381,56.53032350600006]]],[[[-132.61658537499994,56.50632849900006],[-132.59044036299997,56.487173502000076],[-132.557878363,56.49557150700008],[-132.58235937499995,56.513541503000056],[-132.61658537499994,56.50632849900006]]],[[[-132.64617546899996,56.694524493000074],[-132.64546246699996,56.690217493000034],[-132.64165946699995,56.69191449400006],[-132.64617546899996,56.694524493000074]]],[[[-132.65354336699994,56.481256493000046],[-132.60410634699997,56.44921750100008],[-132.57772334499998,56.45302750500008],[-132.61907936699998,56.48781849800008],[-132.65354336699994,56.481256493000046]]],[[[-132.69097674399995,55.09380049400005],[-132.69834574299995,55.08958349300008],[-132.69311674099998,55.08550249400008],[-132.69097674399995,55.09380049400005]]],[[[-132.70096118899994,56.090082489000054],[-132.69264318299997,56.07814649000005],[-132.68729518099997,56.07595849100005],[-132.70096118899994,56.090082489000054]]],[[[-132.71486620399997,56.11851448600004],[-132.717480202,56.11334648600007],[-132.71070620199998,56.11440648700005],[-132.71486620399997,56.11851448600004]]],[[[-132.72258870299999,54.98920849000007],[-132.74088970099996,54.97938948700005],[-132.71593369699997,54.97638849100008],[-132.72258870299999,54.98920849000007]]],[[[-132.74397968899996,54.95141848700007],[-132.73910768599995,54.94425148800008],[-132.73684968599997,54.94493448800006],[-132.74397968899996,54.95141848700007]]],[[[-132.76786738799996,56.496412477000035],[-132.771194386,56.491951476000054],[-132.76240038599997,56.49378847700007],[-132.76786738799996,56.496412477000035]]],[[[-132.81766066699998,54.88092647700006],[-132.82835566799997,54.88037947500004],[-132.81457066599995,54.87791847700004],[-132.81766066699998,54.88092647700006]]],[[[-132.82954468599996,54.92110547500005],[-132.811599678,54.906897478000076],[-132.80399365999995,54.86793447900004],[-132.70452462699996,54.815036493000036],[-132.677904604,54.76638749700004],[-132.63524159199994,54.74951850300005],[-132.61087859599996,54.76638750600006],[-132.62561561399997,54.80503750400004],[-132.69513663899994,54.84488149400005],[-132.62644663099996,54.84447050400007],[-132.656156641,54.85945350000003],[-132.65580064699998,54.873473500000046],[-132.62490263999996,54.86643050400005],[-132.623000645,54.87901250400006],[-132.65378066099998,54.90805850000004],[-132.72555967399995,54.919534490000046],[-132.711773677,54.929983492000076],[-132.72544068199994,54.94015649000005],[-132.82954468599996,54.92110547500005]]],[[[-132.88278524699996,56.17034146200007],[-132.88896524599994,56.16782746100006],[-132.87886324299996,56.16259946300005],[-132.88278524699996,56.17034146200007]]],[[[-132.88967771499995,54.97475146600004],[-132.86281969899994,54.94322747000007],[-132.82383969399996,54.942681476000075],[-132.83572370499996,54.96533847400008],[-132.82336470999996,54.97979847600004],[-132.85545171899997,54.99207247100003],[-132.88967771499995,54.97475146600004]]],[[[-132.908694594,56.891546453000046],[-132.916062593,56.88765145200006],[-132.906317592,56.88713145400004],[-132.908694594,56.891546453000046]]],[[[-132.92473626699996,56.20287945600006],[-132.91867526,56.18998645700003],[-132.91273326299995,56.19871445700005],[-132.92473626699996,56.20287945600006]]],[[[-132.93745076099998,55.06890245900007],[-132.91344574699997,55.04385346300006],[-132.88825175499994,55.068222466000066],[-132.891816765,55.09080746600006],[-132.905601769,55.09556846400005],[-132.93745076099998,55.06890245900007]]],[[[-132.940779234,56.129299454000034],[-132.89645221599994,56.09974846000006],[-132.84855921699994,56.11472546700003],[-132.879220235,56.14658246300007],[-132.92461724099996,56.148502456000074],[-132.940779234,56.129299454000034]]],[[[-132.94458360099998,56.89660944800005],[-132.937215596,56.88856044900007],[-132.930322596,56.89024845000006],[-132.93317559999997,56.89764745000008],[-132.94458360099998,56.89660944800005]]],[[[-132.943156247,56.15684245300008],[-132.94660224399996,56.148237453000036],[-132.941017247,56.15591545400008],[-132.943156247,56.15684245300008]]],[[[-132.94529524099994,56.142477453000026],[-132.946364239,56.13797545300008],[-132.94279923899995,56.138372453000045],[-132.94529524099994,56.142477453000026]]],[[[-132.96941925799996,56.17278944900005],[-132.97714425799995,56.17146644800005],[-132.967993257,56.17100345000006],[-132.96941925799996,56.17278944900005]]],[[[-133.00388327299999,56.19792044400003],[-132.948385251,56.164188452000076],[-132.892768242,56.15770246100004],[-132.96347726899995,56.198648450000064],[-133.00388327299999,56.19792044400003]]],[[[-133.00530930099995,56.25803744400008],[-132.97144029299994,56.24886044900006],[-132.95967429999996,56.266221450000046],[-132.996752309,56.27684544500005],[-133.00530930099995,56.25803744400008]]],[[[-133.00780528599995,56.22468744300005],[-132.96763727299998,56.205324449000045],[-132.91558526699998,56.20658045700003],[-132.93210428099997,56.23188845400006],[-132.96050628799998,56.24093645000005],[-133.006022294,56.243116444000066],[-132.99603928699997,56.23056744500008],[-133.00780528599995,56.22468744300005]]],[[[-133.00542827799995,56.20823344400003],[-133.00709227699997,56.204531444000054],[-133.00305127599995,56.20525844400004],[-133.00542827799995,56.20823344400003]]],[[[-133.012677269,56.18634944300004],[-133.00138725299996,56.15452544500005],[-132.970727249,56.15353244900007],[-132.988315264,56.18119044700006],[-133.012677269,56.18634944300004]]],[[[-133.01445980899996,55.162832448000074],[-132.989027804,55.15767345200004],[-132.96573480799998,55.17301445500004],[-132.98641281099998,55.17315045200007],[-133.01445980899996,55.162832448000074]]],[[[-133.02705729399997,56.23664344100007],[-133.02551229,56.22957644100006],[-133.021828294,56.23743644100006],[-133.02705729399997,56.23664344100007]]],[[[-133.04155528799998,56.22022743900004],[-133.045833287,56.21732043800006],[-133.04060428599996,56.21738643900005],[-133.04155528799998,56.22022743900004]]],[[[-133.054152295,56.23344043700007],[-133.06068829599997,56.23429943600007],[-133.05545929399995,56.22987343700004],[-133.054152295,56.23344043700007]]],[[[-133.07007735399998,56.355212434000066],[-133.06603634199996,56.33090843400004],[-132.95967431399998,56.29551245000005],[-132.85854227299996,56.232680465000044],[-132.659128271,56.275921494000045],[-132.65140427999995,56.29663349500004],[-132.67802430799998,56.350471491000064],[-132.62205032199995,56.39180349800006],[-132.63298433699998,56.422312497000064],[-132.71629036299998,56.45673748400003],[-132.811600366,56.44044847100008],[-132.92770738699994,56.45818245400005],[-133.01137038099995,56.424744442000076],[-133.07007735399998,56.355212434000066]]],[[[-133.075306217,56.06045643500005],[-133.07851421199996,56.04758243400005],[-133.06865120999998,56.04705143600006],[-133.075306217,56.06045643500005]]],[[[-133.08291123299995,56.09308643300005],[-133.05260721199994,56.055214438000064],[-132.98665120699997,56.05926244800003],[-132.97726321199997,56.072729449000065],[-133.00138722799994,56.100975445000074],[-132.99033523099996,56.11124744700004],[-133.00958723899998,56.12277544400007],[-133.03264223699995,56.11297044100007],[-133.059143249,56.13410143700003],[-133.05700423899998,56.11177743700006],[-133.08291123299995,56.09308643300005]]],[[[-133.12640741099995,56.46218742500008],[-133.11202740299996,56.449513427000056],[-133.05510340399996,56.46290943500003],[-133.07637541099996,56.47334743200008],[-133.12640741099995,56.46218742500008]]],[[[-133.18748996199997,55.469580422000035],[-133.20317696399997,55.46998442000006],[-133.18796595999999,55.46432542200006],[-133.18748996199997,55.469580422000035]]],[[[-133.26758884199995,55.176000412000064],[-133.25356483999997,55.17369341400007],[-133.25237683999995,55.17545741400005],[-133.25760584299996,55.18007241300006],[-133.26758884199995,55.176000412000064]]],[[[-133.283752844,57.30950139400005],[-133.28779384199999,57.304366394000056],[-133.27804883999994,57.30166939500003],[-133.283752844,57.30950139400005]]],[[[-133.31144042999995,56.459758398000076],[-133.29753642599997,56.45542440000003],[-133.28981242699996,56.45851040100007],[-133.30003243099998,56.46396039900003],[-133.31144042999995,56.459758398000076]]],[[[-133.32427495399997,55.418282403000035],[-133.30716194399997,55.400066405000075],[-133.253921941,55.40573541300006],[-133.23253095599995,55.44363641600006],[-133.297416963,55.44498440600006],[-133.32427495399997,55.418282403000035]]],[[[-133.38714093399994,55.35827339400004],[-133.39070693199994,55.35165239400004],[-133.38381393299994,55.35597639500003],[-133.38714093399994,55.35827339400004]]],[[[-133.45571201899998,55.53224538300003],[-133.40722499699996,55.496179390000066],[-133.41221698799995,55.47301539000006],[-133.36087797199997,55.44902839700006],[-133.27982898699997,55.50398740900005],[-133.289099008,55.54878740700008],[-133.31738201999997,55.569219403000034],[-133.415782031,55.56881638900006],[-133.45167102799996,55.55470238400005],[-133.44168902299998,55.54636738500005],[-133.45571201899998,55.53224538300003]]],[[[-133.47223118299996,55.894089379000036],[-133.45725717999994,55.88982438100004],[-133.44394717999995,55.89209038300004],[-133.457970183,55.89675538100005],[-133.47223118299996,55.894089379000036]]],[[[-133.47508507199996,57.71038136100003],[-133.46201306499995,57.70009536300006],[-133.44181006199994,57.69768236600004],[-133.46106206999997,57.71000036300006],[-133.47508507199996,57.71038136100003]]],[[[-133.49599919499997,55.91314337500006],[-133.48720518799996,55.90155237600004],[-133.47722218799998,55.90355137800003],[-133.480550194,55.91447537700003],[-133.49599919499997,55.91314337500006]]],[[[-133.52285718599995,55.88742537100006],[-133.49100717599998,55.87356037600006],[-133.48482818199994,55.88782537700007],[-133.50550618699998,55.89355637400007],[-133.52285718599995,55.88742537100006]]],[[[-133.54591383899998,57.242044356000065],[-133.52784982499998,57.218759359000046],[-133.51168782099995,57.213869361000036],[-133.53212784,57.248088358000075],[-133.54591383899998,57.242044356000065]]],[[[-133.54721944199997,56.43148036300005],[-133.55292344099996,56.427537363000056],[-133.54389143999998,56.428194364000035],[-133.54721944199997,56.43148036300005]]],[[[-133.55458673099997,54.84693437300007],[-133.53759272099995,54.82653837600003],[-133.54781270299998,54.78092037400006],[-133.50871468399998,54.74656938000004],[-133.53248273399998,54.857606376000035],[-133.55458673099997,54.84693437300007]]],[[[-133.57443482699995,57.21232435200005],[-133.56373982699995,57.215156353000054],[-133.55803582899995,57.22017535400005],[-133.56326483099997,57.22236235300005],[-133.57443482699995,57.21232435200005]]],[[[-133.57918897499997,57.50283134800003],[-133.57895097199997,57.49695634800008],[-133.57086997399995,57.50129834900008],[-133.57918897499997,57.50283134800003]]],[[[-133.621375,55.450511360000064],[-133.53319598099995,55.42812937300005],[-133.45452397599996,55.43554638400008],[-133.425763986,55.46533538800003],[-133.45785100599994,55.50439138300004],[-133.52701602499997,55.529017373000045],[-133.54270302099997,55.51623537100005],[-133.53937500999996,55.49402537200007],[-133.621375,55.450511360000064]]],[[[-133.62244421099996,55.91853735700005],[-133.63123821,55.914408355000035],[-133.616265205,55.90841435800007],[-133.62244421099996,55.91853735700005]]],[[[-133.64954212099997,57.76747233400005],[-133.62482411099995,57.75352533800003],[-133.59772810599998,57.74997434200003],[-133.61103811299995,57.760626340000044],[-133.64954212099997,57.76747233400005]]],[[[-133.65583808099996,55.62562135400003],[-133.62945606099998,55.58628235800006],[-133.607827059,55.587357361000045],[-133.54579307799997,55.64453737000008],[-133.542227089,55.66827137000007],[-133.61757211199995,55.70230435900004],[-133.61923609899998,55.67376735900007],[-133.59618109299998,55.66572436200005],[-133.62494008699997,55.64547635800005],[-133.59451707499994,55.62669436300007],[-133.628505072,55.61193135800005],[-133.65583808099996,55.62562135400003]]],[[[-133.661662203,55.89349035100008],[-133.66047320099995,55.88842535100008],[-133.65857220199996,55.89122435200005],[-133.661662203,55.89349035100008]]],[[[-133.66772199099995,55.42071135400005],[-133.648469988,55.41828235600008],[-133.61353099499996,55.44080536100006],[-133.647281997,55.43851335700003],[-133.66772199099995,55.42071135400005]]],[[[-133.672119303,56.10866234800005],[-133.67877429899994,56.097528347000036],[-133.66903030199995,56.10693934800008],[-133.672119303,56.10866234800005]]],[[[-133.69030194399994,55.307237351000026],[-133.662255938,55.30155535500006],[-133.66843492799995,55.27624535500007],[-133.614481905,55.23560836200005],[-133.59190292699998,55.29140636500006],[-133.60188493099997,55.29939036400003],[-133.57383893499997,55.31454136800005],[-133.57740394599995,55.33901536700006],[-133.542464941,55.33509537200007],[-133.50396095099995,55.367527377000044],[-133.42386294799996,55.38130238900004],[-133.41197896399996,55.41949739000006],[-133.55862697599997,55.41126736900003],[-133.59522998799997,55.43028736400004],[-133.62113696999995,55.38413736100006],[-133.64181497699997,55.39480235800005],[-133.67817997299994,55.376576353000075],[-133.62375196199997,55.363744360000055],[-133.64965895499995,55.342530357000044],[-133.64181494599995,55.32482035800007],[-133.67033695099997,55.32779435400005],[-133.69030194399994,55.307237351000026]]],[[[-133.70824720599995,55.88815834500008],[-133.69232218899998,55.85508834700005],[-133.67901218599997,55.851219349000075],[-133.67307019799995,55.87909335000006],[-133.70824720599995,55.88815834500008]]],[[[-133.71145510899998,55.67443734600005],[-133.66962409399997,55.65151135200006],[-133.65678910499997,55.67885935400005],[-133.71145510899998,55.67443734600005]]],[[[-133.71668444299996,56.39578233900005],[-133.69767043599995,56.385257342000045],[-133.68982743699996,56.388810343000046],[-133.70693944299995,56.398807340000076],[-133.71668444299996,56.39578233900005]]],[[[-133.72880607699994,55.599578344000065],[-133.715971068,55.58131234600006],[-133.69267906599998,55.58279034900005],[-133.70646407699996,55.605352347000064],[-133.72880607699994,55.599578344000065]]],[[[-133.78180951299998,56.528541328000074],[-133.76992550999995,56.52434733000007],[-133.76065551199997,56.53011433100005],[-133.77135151699997,56.53850333000008],[-133.78180951299998,56.528541328000074]]],[[[-133.81662924699998,55.95421632800003],[-133.80189322999996,55.920002331000035],[-133.72583522099995,55.91827134200008],[-133.71442620799996,55.89255734400007],[-133.68566721599996,55.916406348000066],[-133.63836921299998,55.920002354000076],[-133.59368522999995,55.96725436000003],[-133.53878122999998,55.980687368000076],[-133.48007424599996,56.02766537600007],[-133.46510022799998,55.99338437900008],[-133.49100723099997,55.99351737500007],[-133.47769722299995,55.97968937700006],[-133.50550621199994,55.94842737300007],[-133.45678219899997,55.93085538000008],[-133.42517019899998,55.938976385000046],[-133.43800518999996,55.91700638300006],[-133.46438718999997,55.91047938000003],[-133.41352418199995,55.904750387000036],[-133.41970417299996,55.88236038600007],[-133.34768716399998,55.87996039700005],[-133.335327147,55.84701639900004],[-133.36337314999997,55.84528139500003],[-133.322017131,55.81404340100005],[-133.35719412799995,55.80028539600005],[-133.38238814099998,55.822589392000054],[-133.36527512199996,55.78491939500003],[-133.461773135,55.78959638100008],[-133.46771514399995,55.80763338000003],[-133.487205137,55.789596377000066],[-133.48958114899995,55.81417737700008],[-133.58180116899996,55.83727436300006],[-133.597963167,55.82859736100005],[-133.59012015099995,55.795877362000056],[-133.63480417299996,55.83380335600003],[-133.67925016499998,55.80576234900008],[-133.65358015599998,55.79213535300005],[-133.70230515599997,55.779974346000074],[-133.64359812599997,55.72874735500005],[-133.53616709899995,55.69286137100005],[-133.488631103,55.71308437700003],[-133.487918112,55.73396637700006],[-133.52285712999998,55.76459937200008],[-133.513112133,55.773290373000066],[-133.42350610799997,55.739720387000034],[-133.34863710699994,55.75456939700007],[-133.35386609399995,55.72553439700005],[-133.383576103,55.73664239200008],[-133.42730909499994,55.71027238600004],[-133.391182077,55.67839039200004],[-133.39498507099995,55.66458539100006],[-133.452503079,55.668204383000045],[-133.423269071,55.65680838700007],[-133.437767066,55.643666385000074],[-133.39855005299995,55.621930391000035],[-133.40686905099994,55.61548839000005],[-133.30229002799996,55.58970740500007],[-133.32938502499997,55.57788640100006],[-133.26497401399996,55.567673410000054],[-133.19794801599994,55.58782742000005],[-133.154453005,55.57398942600008],[-133.18963000199994,55.55853442100005],[-133.19485898899995,55.52827742100004],[-133.15991998799996,55.535406426000065],[-133.16514897999997,55.51576442500004],[-133.14280697899994,55.51859042800004],[-133.13329896899995,55.49718943000005],[-133.17631897599995,55.50270842300006],[-133.18273696799997,55.48345442300007],[-133.11048194799997,55.45516143300006],[-133.117849939,55.434805432000076],[-133.07791992399996,55.410390438000036],[-133.10644192099994,55.397030434000044],[-133.12307893099995,55.41538243100007],[-133.12521792499996,55.400134431000026],[-133.16182092599996,55.393520426000066],[-133.12783291799997,55.384610431000056],[-133.15611691799995,55.377183427000034],[-133.15825591099997,55.36165042700003],[-133.215298927,55.38366541900007],[-133.26972792299995,55.360705411000026],[-133.23359991499996,55.35097641600004],[-133.292544922,55.353273408000064],[-133.23740289699998,55.30973941600007],[-133.242631889,55.28957941500005],[-133.22837088199998,55.27671941700004],[-133.27115389399995,55.29363941100007],[-133.31868989099996,55.27563640400007],[-133.29658490199995,55.30703440700006],[-133.32867192199996,55.34435440300007],[-133.39950092799995,55.340435392000074],[-133.386665919,55.323264394000034],[-133.46367392499997,55.31920738300005],[-133.45369191099996,55.28795538500003],[-133.40354090499994,55.28687239200008],[-133.42802189999998,55.269678389000035],[-133.46771490499998,55.27184538300003],[-133.460346884,55.225239384000076],[-133.41637587199995,55.20801939100005],[-133.38856687799995,55.228357395000046],[-133.36289787399994,55.22564639800004],[-133.33485186099995,55.20273040200004],[-133.25617985999997,55.22008841400003],[-133.22100287899997,55.27292841800005],[-133.119751867,55.26900143300003],[-133.22385486399997,55.23798041800006],[-133.21696285099995,55.20910441900003],[-133.23977984199996,55.18346541600005],[-133.17822082499998,55.157537425000044],[-133.24120583599995,55.16894241600005],[-133.20008681999997,55.140423422000026],[-133.23169881599995,55.12371041700004],[-133.12830779599994,55.10250343200005],[-133.23811580699999,55.102095417000044],[-133.23811579999995,55.08441441700006],[-133.17204077899999,55.05256842600005],[-133.226469786,55.05638041800006],[-133.165385765,55.02314942700008],[-133.17299175799997,55.00475142600004],[-133.15302675199996,54.99439042900008],[-133.16990174699998,54.97857142700008],[-133.15326473799996,54.962609429000054],[-133.16776273399995,54.949370427000076],[-133.11713671599995,54.920422434000045],[-133.075780711,54.918100440000046],[-133.08742670699996,54.90662343900004],[-133.04321869299997,54.88420744500007],[-133.04868468799998,54.870259444000055],[-133.028244686,54.87217444700008],[-133.03537468099995,54.85781244600008],[-133.00138666599997,54.83167245100003],[-133.00946766299995,54.82030845000003],[-132.87232661899998,54.75287946900005],[-132.88516161399997,54.737788468000076],[-132.85497659799995,54.70621547200005],[-132.87494159999994,54.70484246900003],[-132.84499358899996,54.68671147300006],[-132.80886659099997,54.70044747800006],[-132.79484358199994,54.68437548000003],[-132.746118578,54.68684848700008],[-132.77749257499994,54.67173348300008],[-132.67315156299998,54.670908498000074],[-132.729243581,54.698525490000065],[-132.69763257799997,54.69852549400008],[-132.70500058399995,54.71266949300008],[-132.68194558799996,54.727083496000034],[-132.72662859599995,54.73422049000004],[-132.71688460899998,54.76933549100005],[-132.74706962299996,54.794693487000075],[-132.74992163399997,54.81989748600006],[-132.79959665099994,54.84659247900004],[-132.842616653,54.84125447300005],[-132.815758658,54.85986447700003],[-132.85521367799998,54.89705747100004],[-132.91154369099996,54.911952463000034],[-132.89609469599998,54.929027466000036],[-132.93198470199997,54.933806461000074],[-132.90869170399998,54.94486646400003],[-132.95551472199998,54.97447845700003],[-132.95408873999997,55.01592745700003],[-132.98712574499996,55.02069645200004],[-133.01612275899998,55.044943448000026],[-133.00946776199999,55.05515444900004],[-133.06009377599997,55.07502644200008],[-133.02539277699998,55.084958447000076],[-132.97167676099997,55.060464454000055],[-133.009230775,55.08523044900005],[-133.01065679199996,55.122895449000055],[-133.02800680099995,55.13933744600007],[-133.054151801,55.13444544300006],[-133.08433680899998,55.14409143800003],[-133.07126481199998,55.15577144000008],[-133.09384481499995,55.15590743700005],[-133.05985581699997,55.16907744200006],[-133.075067828,55.191606439000054],[-133.10620383099996,55.18984243500006],[-133.08504983199998,55.19811843800005],[-133.10335184599995,55.225646435000044],[-133.08005884399995,55.22551043800007],[-133.11998886099997,55.25518743300006],[-133.10762986199995,55.26087643400007],[-133.07197785499994,55.253561440000055],[-133.04939885899995,55.267512443000044],[-133.04298084899995,55.24814244400005],[-133.00233784299996,55.24272344900004],[-133.04583284299997,55.23269444300007],[-133.04036683199996,55.20774844400006],[-133.01469682699997,55.203001448000066],[-132.97666883099998,55.22185045300006],[-132.939352822,55.210325459000046],[-132.947671808,55.17532145700005],[-132.89965980199997,55.175186464000035],[-132.89324279599998,55.161882465000076],[-132.937688789,55.13607645900004],[-132.87708077899998,55.127108468000074],[-132.882784771,55.10644646700007],[-132.85640276099997,55.09080747100006],[-132.89395574199995,55.036635466000064],[-132.77083771499997,55.00611448300003],[-132.755625706,54.98839048500008],[-132.74992171499997,55.00993048600003],[-132.70713970799994,55.00406949200004],[-132.68598571599995,55.02846249500004],[-132.692878738,55.07924449400008],[-132.71331874699996,55.09393649100008],[-132.68883775799998,55.125205494000056],[-132.811955792,55.17342147700003],[-132.83287180599996,55.20001747400005],[-132.66863576099996,55.13743549700007],[-132.63844976299998,55.15169750100006],[-132.63036877199994,55.17369350200005],[-132.67933080299997,55.23269449500003],[-132.65461179999994,55.23242349900005],[-132.58330876399998,55.16704150900006],[-132.628704745,55.11106950300007],[-132.63512272099996,55.054338502000064],[-132.57522674499995,55.12629251000004],[-132.55906474299996,55.12547751300008],[-132.560728736,55.10794251200008],[-132.52460173199995,55.10889451800006],[-132.569998721,55.071216511000046],[-132.55621271099994,55.05052551300008],[-132.59709370699994,55.03050650700004],[-132.57213769199996,55.00147951100007],[-132.60113469499998,55.00284350700008],[-132.61634568399995,54.971341505000055],[-132.56310566199994,54.93448951200003],[-132.53006765799995,54.93257751700003],[-132.54028865199996,54.91728051600006],[-132.52317564099997,54.89623751800008],[-132.45971464099995,54.910996527000066],[-132.42239863099996,54.89678453200003],[-132.41122762099997,54.87627753400005],[-132.35299660799996,54.862873542000045],[-132.322335593,54.83372654600004],[-132.361790591,54.81839154100004],[-132.44236360399998,54.82934553000007],[-132.46351759199996,54.79441952700006],[-132.50225959299996,54.787841521000075],[-132.50487358899994,54.77550552100007],[-132.37106057699998,54.78290754000005],[-132.37533856399995,54.75164453900004],[-132.31639355299995,54.74066954700004],[-132.311877542,54.71486654800003],[-132.21276553599995,54.72694656200008],[-132.19802952599997,54.70717756400006],[-132.16380352099998,54.70498056900004],[-132.16689351599996,54.69165756800004],[-132.094163504,54.68355157800005],[-132.10010551,54.69612157800003],[-132.05577750699996,54.70127258400004],[-132.01644149799995,54.68966558900007],[-131.99516951599998,54.74005259200004],[-132.01263952499994,54.756445590000055],[-131.99635752999995,54.772283592000065],[-132.00788553499996,54.782085591000055],[-131.96248853099996,54.78359259700005],[-131.95238753799998,54.80311959800008],[-131.97425355999997,54.85035559500005],[-132.04032857599998,54.86991858600004],[-132.051262588,54.89555458400008],[-132.02285958699997,54.90020158800007],[-132.02476058099995,54.885848588000044],[-131.97033256599997,54.864925596000035],[-131.97888858999994,54.91987659500006],[-131.96712360599997,54.96028959600005],[-131.99243661799994,54.98232259300005],[-131.98007661699995,54.983617594000066],[-131.99029762899994,55.00843159300007],[-131.97306562399996,55.00243459500007],[-131.98946563099997,55.012452593000035],[-131.97995863999995,55.03786159400005],[-132.02345364699994,55.041062588000045],[-132.05102463999998,55.01865258400005],[-132.114722643,55.00843157500003],[-132.14383863799998,54.988322571000026],[-132.13932263099997,54.97277357200005],[-132.15833663299998,54.97325156900007],[-132.16011964199998,54.99302756900005],[-132.21288464499997,54.98736856200003],[-132.22999765299994,55.00154855900007],[-132.086319652,55.03704457900005],[-132.08976665999995,55.05427057900005],[-132.10664166199996,55.055018577000055],[-132.08738967,55.079108579000035],[-131.99314967299995,55.10964159300005],[-132.00574667899997,55.122011591000046],[-132.05886768399995,55.11976958300005],[-132.02606768399994,55.12826358800004],[-132.01739268799997,55.13981258900003],[-132.035218693,55.14524658700003],[-132.00206268899996,55.14578959100004],[-132.00788569599996,55.15903059000004],[-131.97663069799995,55.174168595000026],[-131.992436737,55.259589593000044],[-132.01976974899998,55.27861458900003],[-132.04698374999998,55.27414758500004],[-132.10569072199996,55.19540557700003],[-132.12779473399996,55.216291573000035],[-132.147284733,55.208358571000076],[-132.188284744,55.224223565000045],[-132.26814474499997,55.20544255400006],[-132.228452754,55.23554155900007],[-132.24057375599995,55.23825155700007],[-132.23273075999998,55.24800755900003],[-132.13967874499997,55.239267572000074],[-132.14003575099997,55.25295257200003],[-132.09428275199997,55.26669957800004],[-132.09475775899995,55.282608578000065],[-132.15251378199997,55.320627570000056],[-132.14645278999996,55.33975957100006],[-132.17426180099994,55.358408567000026],[-132.16309080499997,55.370295568000074],[-132.221203813,55.373132560000045],[-132.26553083999994,55.42421855400005],[-132.32815884299998,55.41342654500005],[-132.322573837,55.40094454500007],[-132.35145184599997,55.41416854100004],[-132.361909836,55.38967354000005],[-132.42097285699998,55.421318531000054],[-132.41835886099994,55.43291753200003],[-132.28062285099998,55.44431055100006],[-132.31865187,55.47914454600004],[-132.39684887799996,55.475440535000075],[-132.411346897,55.51529353300003],[-132.49441589799994,55.49591052100004],[-132.52436391199996,55.52074351600004],[-132.56405690799994,55.50230551100003],[-132.568096896,55.47436251000005],[-132.62692289999995,55.46863650200004],[-132.66720989199996,55.43992849600005],[-132.67422090099996,55.45725049500004],[-132.58556690899997,55.49873750800003],[-132.53993192699994,55.549594514000034],[-132.51865992399996,55.54959451700006],[-132.57522693599998,55.562365509000074],[-132.56964194499994,55.58393151000007],[-132.508201935,55.57627451900004],[-132.49156393799996,55.587223521000055],[-132.472668925,55.56216352400003],[-132.42049790799996,55.53883653100007],[-132.24342686699998,55.49059155700007],[-132.17711384199998,55.45084856600005],[-132.14122383999995,55.45549857100008],[-132.19838587199996,55.51428456300005],[-132.26255989099997,55.53984455400007],[-132.29654789299997,55.53607954900008],[-132.347292929,55.603808541000035],[-132.35513594799994,55.64333054000008],[-132.38959996399996,55.67034953500007],[-132.41812096599995,55.66766853100006],[-132.41812095499995,55.64494053100003],[-132.45579294599997,55.615286526000034],[-132.438798965,55.66183652800004],[-132.46256696999995,55.666930525000055],[-132.46102198299997,55.695741525000074],[-132.44414699199996,55.719444527000064],[-132.49322801499994,55.75945152000003],[-132.46981702399995,55.783649523000065],[-132.61682109699996,55.90874750200004],[-132.71617213099995,55.95933848700008],[-132.73376014399997,55.984011484000064],[-132.82491016799997,56.01378347100007],[-132.84558818099998,56.03616446800004],[-132.92533018299997,56.02221945700006],[-132.93792720299996,56.06218145500003],[-132.96811220599994,56.06105345000003],[-132.96882519499997,56.03755845000006],[-132.98166020499997,56.05587744800005],[-132.99116719899996,56.04081144700007],[-133.01457820899998,56.056408444000056],[-133.071146205,56.03576643500003],[-133.09348821299994,56.04625443200007],[-133.13401324999995,56.11694542600003],[-133.10941323699996,56.096268430000066],[-133.08647724399998,56.11562043300006],[-133.07174023999994,56.110120435000056],[-133.07696925,56.13145243400004],[-133.04678425599997,56.150918438000076],[-133.03787126999998,56.183009439000045],[-133.05997527699998,56.19292943600004],[-133.04725928199997,56.207539438000026],[-133.07388030299995,56.246120434000034],[-133.11428530899997,56.24942142800006],[-133.12688232,56.26942242600006],[-133.11749432199997,56.27529442700006],[-133.14173732599994,56.27931942400005],[-133.17501235299994,56.32889941800005],[-133.27353136699998,56.33601440400008],[-133.309420365,56.323430399000074],[-133.358382378,56.339505392000035],[-133.41708937899995,56.32804238300008],[-133.62482141599997,56.358734353000045],[-133.63908241099995,56.34596035100003],[-133.60295539099997,56.31169835600008],[-133.649540404,56.328833349000035],[-133.66475139699997,56.31090734700007],[-133.647401388,56.29534735000004],[-133.66166238399995,56.28426734800007],[-133.62791136299995,56.24651635300006],[-133.632427351,56.21877435300007],[-133.67948735199997,56.21176934600004],[-133.64906434299996,56.19788735100008],[-133.61008534099994,56.20344135600004],[-133.586079327,56.17831336000006],[-133.55589432699998,56.18598536400003],[-133.55185331499996,56.16018436500008],[-133.53545431099997,56.15608136700007],[-133.581563303,56.12920036100007],[-133.63575431799995,56.147740353000074],[-133.63076330899997,56.13052535400004],[-133.64502430599998,56.11992635200005],[-133.626010297,56.10574735500006],[-133.51881628099994,56.09434637000004],[-133.50146527199996,56.07896337300008],[-133.66047329099996,56.08426835000006],[-133.69778928899996,56.07140234500008],[-133.70896027499998,56.039683343000036],[-133.81662924699998,55.95421632800003]]],[[[-133.82316501799994,55.444310331000054],[-133.73973902199998,55.472072343000036],[-133.66748499899995,55.437973354000064],[-133.64062700299996,55.45361135700006],[-133.63159501799998,55.49038935800007],[-133.58596101999996,55.503718365000054],[-133.58429703399997,55.536818365000045],[-133.62256304599998,55.55537535900004],[-133.63753703699996,55.52982435700005],[-133.66201805099996,55.55725735400006],[-133.73284706099997,55.56155834300006],[-133.76018005099996,55.533725340000046],[-133.71597103899995,55.51758134600004],[-133.76778503699995,55.50021833900007],[-133.780383025,55.46924333700008],[-133.82316501799994,55.444310331000054]]],[[[-133.83386046799995,56.42260832200003],[-133.80771645199997,56.39486132600007],[-133.774203447,56.392099331000054],[-133.804864464,56.42103032600005],[-133.83386046799995,56.42260832200003]]],[[[-133.839802503,56.49418232000005],[-133.81864948799995,56.46871932300007],[-133.787988478,56.45453732800007],[-133.774916481,56.46399233000005],[-133.839802503,56.49418232000005]]],[[[-133.83552452299995,56.538503320000075],[-133.84479452299996,56.53522631900006],[-133.835287522,56.534440320000044],[-133.83552452299995,56.538503320000075]]],[[[-133.87664388899998,57.270572306000076],[-133.84859788799997,57.275584311000046],[-133.84265589799998,57.296136311000055],[-133.79036589199995,57.29587931900005],[-133.82577990599998,57.31616431300006],[-133.85596590699998,57.310388309000075],[-133.87664388899998,57.270572306000076]]],[[[-133.94355023599996,55.90135231000005],[-133.90908620699997,55.84561531600008],[-133.87200820199996,55.84388032100003],[-133.84372420999995,55.867092325000044],[-133.86582821699994,55.87722732200007],[-133.840159218,55.884559325000055],[-133.867968245,55.93678032100007],[-133.93641924499997,55.92133431100007],[-133.94355023599996,55.90135231000005]]],[[[-133.94913570499995,56.88757430000004],[-133.93511269399994,56.867833302000065],[-133.918712691,56.86549530500008],[-133.92489269599997,56.87354930400005],[-133.94913570499995,56.88757430000004]]],[[[-133.98692683099995,57.13307129200007],[-133.98431282499996,57.12210629200007],[-133.97005182899994,57.13165229400005],[-133.98692683099995,57.13307129200007]]],[[[-134.02115291499996,57.29228428500005],[-134.011170909,57.282522286000074],[-133.99168090799998,57.283935289000055],[-134.00760491199998,57.28830228700008],[-133.999523916,57.29883328800008],[-134.02115291499996,57.29228428500005]]],[[[-134.026381733,56.92793328800008],[-134.012596724,56.913404290000074],[-133.98407471699994,56.90535829500004],[-134.00736772999994,56.92650629100007],[-134.026381733,56.92793328800008]]],[[[-134.05228917499994,57.78837127400004],[-134.04206916699997,57.774939275000065],[-134.04539617499995,57.78989227500006],[-134.05228917499994,57.78837127400004]]],[[[-134.05751827499995,57.97602327000004],[-134.05751827199998,57.97022527000007],[-134.04515926899995,57.96720027200007],[-134.05751827499995,57.97602327000004]]],[[[-134.05930118699996,57.81018827200006],[-134.06631218399997,57.80347627100008],[-134.05549818299994,57.80246327300006],[-134.05930118699996,57.81018827200006]]],[[[-134.06750090399998,57.26131927800003],[-134.05323990199997,57.259391280000045],[-134.05609191099995,57.276355280000075],[-134.066074916,57.28496227800008],[-134.06750090399998,57.26131927800003]]],[[[-134.07106619299998,57.81886027000007],[-134.07510619199996,57.816518270000074],[-134.06999619099997,57.81594827100008],[-134.07106619299998,57.81886027000007]]],[[[-134.13951727899996,55.95168728200008],[-134.12430526699995,55.92785928400008],[-134.09982428999996,55.98414428700005],[-134.11099529199998,55.98640428500005],[-134.13951727899996,55.95168728200008]]],[[[-134.14914535399998,58.10473725500003],[-134.145818347,58.092679255000064],[-134.10208433999998,58.08891026200007],[-134.10850234699996,58.09983926100006],[-134.14914535399998,58.10473725500003]]],[[[-134.21937824799994,57.89337524700005],[-134.17255521799996,57.84584525500003],[-134.19442222199996,57.849007251000046],[-134.18943021399997,57.834459252000045],[-134.12050317299997,57.77113726400006],[-134.10101317399995,57.77798126700003],[-134.18848024199997,57.888700252000035],[-134.21937824799994,57.89337524700005]]],[[[-134.25883325299998,57.89425924100004],[-134.26667624799995,57.88377324000004],[-134.25265324599997,57.88225624200004],[-134.25883325299998,57.89425924100004]]],[[[-134.28402728799995,57.95635623600003],[-134.246711259,57.90865724300005],[-134.175170252,57.90903625400006],[-134.20107727099997,57.93945424900005],[-134.28402728799995,57.95635623600003]]],[[[-134.36697628299999,55.91054524900005],[-134.31825226299998,55.87762725600004],[-134.34606025399995,55.85215325300004],[-134.34178224799996,55.83907525300003],[-134.28212423499997,55.822656262000066],[-134.274043243,55.84307926300005],[-134.11860126,55.913609285000064],[-134.17683226799994,55.918404277000036],[-134.19513426099996,55.90002027400004],[-134.227696268,55.90721526900006],[-134.22888426099996,55.891890269000044],[-134.25669326199994,55.88882526500004],[-134.266675282,55.92959026300008],[-134.29900027999997,55.918138259000045],[-134.337504288,55.92812625300007],[-134.36697628299999,55.91054524900005]]],[[[-134.421167729,56.837162231000036],[-134.39121969499996,56.77379123600008],[-134.40048967299998,56.726746235000064],[-134.366976643,56.67167824100005],[-134.34368364099998,56.672853244000066],[-134.33179962699995,56.647903246000055],[-134.29900062499996,56.648948251000036],[-134.27855961299997,56.62882025400006],[-134.30280360999996,56.61744425100005],[-134.294008589,56.576488253000036],[-134.32015358099994,56.55448824900003],[-134.261922578,56.559334258000035],[-134.20178956299998,56.541255267000054],[-134.12406751499998,56.45782027900003],[-134.15710550799997,56.43667027400005],[-134.13405049,56.40341127800008],[-134.126920478,56.380257279000034],[-134.13761547899998,56.37973027800007],[-134.213910533,56.47633426600004],[-134.24575953,56.46333626100005],[-134.25312851999996,56.44166326000004],[-134.23862951399997,56.430625262000035],[-134.250513507,56.41511426100004],[-134.23197449599996,56.39578226400005],[-134.24861248599996,56.37091226200005],[-134.29282048299996,56.354060255000036],[-134.27309346199996,56.31558725900004],[-134.29472146199998,56.309523255000045],[-134.29947545299996,56.28960925500007],[-134.25003844699995,56.28829026200003],[-134.23292545699996,56.312291264000066],[-134.17279245799995,56.32744927300007],[-134.20582945299998,56.31070926800004],[-134.22389343999998,56.27879126600004],[-134.277609435,56.25741025900004],[-134.24694840799998,56.20535726400004],[-134.26334838999998,56.163559262000035],[-134.20939438099998,56.15522027000003],[-134.261446375,56.13072326200006],[-134.210821357,56.10395727000008],[-134.23601534299996,56.06934626600008],[-134.15544132599996,56.04904227800006],[-134.18063531899998,56.029657275000034],[-134.13714030199998,56.00135928100008],[-134.110757321,56.049573285000065],[-134.153302344,56.08884327800007],[-134.12192833199998,56.07014228300005],[-134.09269433699995,56.087915287000044],[-134.11313434799996,56.10634328400005],[-134.10410236399997,56.142907285000035],[-134.16613736899996,56.139200276000054],[-134.188241378,56.15442627300007],[-134.17065338099997,56.16355927500007],[-134.19988739099995,56.180099271000074],[-134.14094337799997,56.163427279000075],[-134.098160378,56.17441028500008],[-134.09721040499994,56.23139228500003],[-134.07391740699995,56.24156428800006],[-134.08033444199998,56.31334628700006],[-134.05014942999998,56.29475429100006],[-134.04206840899997,56.25305329300005],[-134.06084540499995,56.23892229000006],[-134.05918139399995,56.21712229100007],[-134.02424236999997,56.172028296000065],[-134.04373234199994,56.10806629400008],[-133.99429432399995,56.07982530100003],[-133.95792932599994,56.09374930700005],[-133.96054434399997,56.13032630600003],[-133.92869534599998,56.14277531000005],[-133.95008636999995,56.18869630700004],[-133.94200537399996,56.19901130800008],[-133.95602837799998,56.20549030600006],[-133.92132737799994,56.21223131100004],[-133.90587736999998,56.199672313000065],[-133.881159379,56.223201317000076],[-133.93487442099996,56.30029330800005],[-133.975993432,56.315851302000056],[-133.96054443599996,56.32705430400006],[-133.98407444599997,56.34299630000004],[-133.95341344399998,56.346026305000066],[-133.87664340299995,56.27588831700007],[-133.85168640499995,56.286575320000054],[-133.86689841499998,56.30398531800006],[-133.83148441999998,56.322968323000055],[-133.87165244399995,56.36380331700008],[-133.92917045599995,56.37565030800005],[-133.91324546099997,56.39117831000004],[-133.92132746799996,56.40262230900004],[-133.88757645399994,56.38078331400004],[-133.87474146,56.39591431600007],[-133.907066483,56.438773311000034],[-133.83481147199996,56.430100321000054],[-133.860718497,56.47738431700003],[-133.93107151499999,56.49969230700003],[-133.93012152199998,56.513988307000034],[-133.87355351899998,56.52054431500005],[-133.86190752899995,56.54505531600006],[-133.87830753799994,56.55881031400003],[-133.84122953899998,56.56889431900004],[-133.90207556599995,56.61339031000006],[-133.83980255699998,56.60815831900004],[-133.79583253899995,56.58015432600007],[-133.78347252999998,56.56391832800006],[-133.79321752799996,56.55710732600005],[-133.73855152299996,56.559072334000064],[-133.69339253599998,56.596514341000045],[-133.69909654499997,56.61221334000004],[-133.679369544,56.615613342000074],[-133.65512552899997,56.59049434600007],[-133.71169352799996,56.57596533800006],[-133.71525851499996,56.547937338000054],[-133.68364751999997,56.56496634200005],[-133.66463251299996,56.55330934500006],[-133.68554849599997,56.51451334200004],[-133.66653448899996,56.50297134500005],[-133.67152546999995,56.461891345000026],[-133.65037245499997,56.43581634800006],[-133.52487744099994,56.43476536700007],[-133.43313243899996,56.45145038000004],[-133.412217441,56.460644383000044],[-133.43788646399997,56.50225037900003],[-133.37395045299996,56.49464138800005],[-133.32760343499996,56.466980395000064],[-133.307875439,56.479845398000066],[-133.25427843199998,56.47682640600004],[-133.255823427,56.46527340600005],[-133.23894842599998,56.46776740800004],[-133.24584142099997,56.45627740700007],[-133.22504442399998,56.467570410000064],[-133.227896419,56.456474410000055],[-133.19117441099996,56.44806841500008],[-133.12569441799997,56.47741642500006],[-133.100381433,56.514021428000035],[-133.06413542599995,56.50811943300005],[-133.08671443699996,56.52516643000007],[-133.066749438,56.53316243300003],[-132.988434419,56.51087444400008],[-132.97155843099995,56.539289447000044],[-132.94279941199994,56.50743145100006],[-132.77594838899995,56.49838047500003],[-132.54207140399996,56.58395050900003],[-132.54539941599995,56.60815850800003],[-132.59697542499998,56.61469850100008],[-132.627874443,56.644244496000056],[-132.62098145299996,56.66854349700003],[-132.737919488,56.712661480000065],[-132.76525251199996,56.755684475000066],[-132.81801753499997,56.791629467000064],[-132.91356555199997,56.80438445300007],[-132.944225567,56.826759448000075],[-132.95183159099997,56.87588744700008],[-132.986295623,56.931953441000076],[-133.10537267099994,57.002048423000076],[-133.408651707,57.008131379000076],[-133.595468752,57.05805435000008],[-133.88092180299998,57.099778308000054],[-134.01212080299996,57.07162328900006],[-134.03208579999995,57.060897286000056],[-134.017349788,57.040731288000075],[-134.02614378299995,57.02779828700005],[-134.05537878399997,57.02521128300003],[-133.89042872799996,56.94660530800007],[-133.92845772899994,56.94051230200006],[-133.87331571099998,56.91496131100007],[-133.87783170399996,56.90055631000007],[-133.90777970799996,56.90328230600005],[-133.88329868799997,56.866794310000046],[-133.85834168199995,56.85990831400005],[-133.86808667499997,56.84457231200008],[-133.818887674,56.853281320000065],[-133.83528766799998,56.83560231700005],[-133.79654565799996,56.82493932300008],[-133.797258651,56.81076032300007],[-133.76255763799998,56.790327328000046],[-133.82482963899997,56.78030231900004],[-133.81389564799997,56.80126132100003],[-133.89233065899998,56.80568530900007],[-133.891617651,56.79032730900008],[-133.86784964499998,56.78186531300008],[-133.86380863,56.75203531400007],[-133.89922260999998,56.70405030900008],[-133.94176762999996,56.734961303000034],[-133.90754163799994,56.75985330700007],[-133.92750664099998,56.76102630500003],[-133.94295566399995,56.80555530200007],[-133.966723667,56.80581529800003],[-133.96886367899998,56.83131129800006],[-133.999523679,56.82454829300008],[-134.04420773099997,56.920280286000036],[-134.14141875899998,56.955938271000036],[-134.15948274099998,56.91547926900006],[-134.25407876099996,56.93752925400008],[-134.27309376,56.93143525200003],[-134.154253725,56.88549727000003],[-134.16162172199995,56.87796526900007],[-134.14355771799995,56.87264027100008],[-134.15948271699995,56.867443269000034],[-134.13500170599997,56.849771273000044],[-134.16423570799998,56.847172269000055],[-134.28331374799996,56.90406025000004],[-134.31967875299995,56.907175245000076],[-134.421167729,56.837162231000036]]],[[[-134.70602954799995,58.35476916600004],[-134.69485854199996,58.346912168000074],[-134.69057954299996,58.347785169000076],[-134.69628455099996,58.36262416800008],[-134.70602954799995,58.35476916600004]]],[[[-134.72896350699995,58.275484164000034],[-134.72872648999999,58.244600165000065],[-134.72159549199995,58.250229166000054],[-134.72896350699995,58.275484164000034]]],[[[-134.73146053799996,58.33169216300007],[-134.74643454199997,58.33568516000008],[-134.73312453699998,58.32932116300003],[-134.73146053799996,58.33169216300007]]],[[[-134.872760079,57.44326515500006],[-134.87608707699997,57.43968315500007],[-134.86967007799996,57.44096215600007],[-134.872760079,57.44326515500006]]],[[[-134.88393007499997,57.43405415400008],[-134.89557707399996,57.429960152000035],[-134.86776807099994,57.42842515600006],[-134.88393007499997,57.43405415400008]]],[[[-134.92564563899998,58.47838013100005],[-134.84364557199996,58.37272114500007],[-134.80632956899996,58.374466151000036],[-134.90520463899998,58.481983134000075],[-134.92564563899998,58.47838013100005]]],[[[-134.93574669499998,58.57758812700007],[-134.90888867799998,58.55199113200007],[-134.89641067899998,58.55502913400005],[-134.90461068499997,58.56600113200005],[-134.93574669499998,58.57758812700007]]],[[[-134.968782584,58.37121412600004],[-134.943113526,58.27210913200008],[-134.91649350799997,58.24334913600006],[-134.90722351499994,58.25748213700007],[-134.879652508,58.25022914200008],[-134.91815649799997,58.224706136000066],[-134.89842947899996,58.19415314000008],[-134.85612246499994,58.17648614600006],[-134.80145642099995,58.10472615600003],[-134.76390241499996,58.10007916200004],[-134.80953738999995,58.04540115600008],[-134.76651735999997,57.99832416300006],[-134.75914934899998,57.97854416400003],[-134.772934347,57.972620162000055],[-134.74274932699996,57.94147316700003],[-134.75819832899998,57.94109416500004],[-134.70567126499998,57.83091617500003],[-134.718981247,57.794072173000075],[-134.70923623899995,57.78216317500005],[-134.73419222099994,57.741971172000035],[-134.727775206,57.71481317300004],[-134.69854018999996,57.69055717800006],[-134.67833814699998,57.61196318200007],[-134.612025115,57.56355219300008],[-134.591109088,57.51469319700004],[-134.60584508699998,57.51022519400004],[-134.57589807,57.48314919900008],[-134.61131206699997,57.47011519400007],[-134.55569506199998,57.47279820300008],[-134.46751600799996,57.384254217000034],[-134.409521999,57.37823222600008],[-134.48367800399996,57.37233721500007],[-134.53121401699997,57.38886520700004],[-134.52764902499996,57.405514208000056],[-134.579225028,57.40026420000004],[-134.567816016,57.380282202000046],[-134.57874999799998,57.34349220100006],[-134.52954998999996,57.336309208000046],[-134.509346978,57.31706221200005],[-134.56995597699995,57.304097203000026],[-134.59039596599996,57.27789620000004],[-134.61796696599998,57.27224319600003],[-134.59443695099998,57.24769120000008],[-134.537868936,57.228398209000034],[-134.59182193899994,57.22312320100008],[-134.63650595499996,57.246276194000075],[-134.651716949,57.23110019200004],[-134.64007091899998,57.175097194000045],[-134.60370590599996,57.15692620000004],[-134.638169899,57.13552219500008],[-134.62390889499994,57.12958819700003],[-134.637693884,57.10649019500005],[-134.60822184999995,57.04435120100004],[-134.619154837,57.01563719900008],[-134.56852984399995,57.039438207000046],[-134.581126838,57.02469320500006],[-134.57209483199995,57.01576620600008],[-134.56187383699995,57.02689220800005],[-134.474407827,57.02559922100005],[-134.48415283999998,57.04797121900003],[-134.37363184999998,57.092031235000036],[-134.40928386399997,57.11204022900006],[-134.38004886099998,57.11178223400003],[-134.39335986999998,57.12752423100005],[-134.32918586199997,57.12378324100007],[-134.33417687199994,57.143002240000044],[-134.30351686499995,57.135780245000035],[-134.27951086599995,57.14184124800005],[-134.283313874,57.15795724700007],[-134.25550487199996,57.15847325100003],[-134.26620088299995,57.17934825000003],[-134.21367387499998,57.173937257000034],[-134.15781888499998,57.20587726500003],[-134.15140190499994,57.24537626600005],[-134.117412899,57.24139027100006],[-134.09388291699997,57.28085127400004],[-134.130009933,57.30589526800003],[-134.16280993599997,57.305253263000054],[-134.12739593999999,57.32052826800003],[-134.169464953,57.33630926200004],[-134.15876996299994,57.35785326300004],[-134.192757982,57.38937825800008],[-134.13880496599995,57.36823626600005],[-134.10790593899998,57.321298271000046],[-134.087940942,57.33143427400006],[-134.079859957,57.36285327500008],[-134.05727993899995,57.331947279000076],[-133.97908391699997,57.304483291000054],[-133.94675892699996,57.33156329500008],[-133.87497993,57.351827306000075],[-133.862144936,57.366698307000036],[-133.88567595599994,57.400392304000036],[-133.87806996599994,57.422666304000074],[-133.930121994,57.46589729600004],[-133.90944399399996,57.46985929900006],[-133.91324600399997,57.48864229800006],[-133.83908996999997,57.438660310000046],[-133.93986703899998,57.55080129400005],[-133.93606407099998,57.614254293000045],[-134.011646101,57.65662228200006],[-134.08817910599998,57.649882270000035],[-134.08960511599997,57.66844627000006],[-134.046585118,57.68115527600003],[-134.13761616499994,57.75173826100007],[-134.24338423999995,57.873915244000045],[-134.28592823399998,57.85495123800007],[-134.28901822199998,57.83040923800007],[-134.30660622399995,57.83104223500004],[-134.310409237,57.85583623400004],[-134.28212525299995,57.89046923800004],[-134.28046226699996,57.91699023800004],[-134.34107031599996,57.997443227000076],[-134.23577829099997,57.97035124400003],[-134.31587633499998,58.03672123000007],[-134.22484531299995,58.01444324500005],[-134.19442229799995,57.99215224900007],[-134.15140226499994,57.939580257000046],[-134.16970326199998,57.928981254000064],[-134.149500236,57.883773258000076],[-134.12430623199998,57.88288826200005],[-134.102677213,57.850904265000054],[-134.02971018699998,57.81623327700004],[-134.03351217999995,57.80230527600003],[-134.01521117199997,57.791032279000035],[-134.02091515899997,57.76517927900005],[-133.99833614899995,57.75059628200006],[-134.00617913899998,57.73017128100008],[-133.96981411299998,57.68725428700003],[-133.85525306699998,57.62240130500004],[-133.836714041,57.57668030900004],[-133.80391403799996,57.57642531400006],[-133.81009306599998,57.628764312000044],[-133.89256810299997,57.68395129900006],[-133.89304411999996,57.71633729900003],[-133.874742127,57.73321730100008],[-133.90421514899998,57.770123296000065],[-133.89993616799995,57.806991296000035],[-133.97528120399994,57.85937728400006],[-134.00594222599995,57.89400627900005],[-133.99144323399997,57.912192281000046],[-134.095071282,57.98131626500003],[-134.10148930399998,58.020738263000055],[-134.18752934399998,58.079852249000055],[-134.18420135399998,58.09907424900007],[-134.21795236999998,58.12054524400003],[-134.16685136799998,58.127449252000076],[-134.17588338599995,58.159563250000076],[-134.20511739299997,58.16670924500005],[-134.33370239399994,58.14275722600007],[-134.55878544599994,58.195406191000075],[-134.57447143699994,58.17586018900005],[-134.59134744299996,58.184632187000034],[-134.59063443699995,58.17310218700004],[-134.69069743899996,58.15893617200004],[-134.71256346299998,58.19866316800005],[-134.70876147899997,58.22821016800003],[-134.73799548899996,58.240722163000044],[-134.754157508,58.273609160000035],[-134.80121852499997,58.29535015300007],[-134.80383253999997,58.32182115200004],[-134.86372855899998,58.34527914200004],[-134.90983859399995,58.40099113400004],[-134.86990754599998,58.321572142000036],[-134.88868454899995,58.323194139000066],[-134.92077158599994,58.38367613300005],[-134.95380860399996,58.41082812800005],[-134.968782584,58.37121412600004]]],[[[-134.98447063599997,58.46278112200008],[-134.993740635,58.458927121000045],[-134.97852863099996,58.45445112300007],[-134.98447063599997,58.46278112200008]]],[[[-135.04400968199997,58.53450211200004],[-134.99694964699995,58.480244120000066],[-134.93943063599994,58.47117212900008],[-134.96890264799998,58.48682912400005],[-134.96866565599998,58.50098812400006],[-135.00479266199994,58.50558311800006],[-135.04400968199997,58.53450211200004]]],[[[-135.08524753799998,58.26655811000006],[-135.07906752699995,58.247551111000064],[-135.04888250999994,58.22315211600005],[-135.07478953499998,58.26305811200007],[-135.08524753799998,58.26655811000006]]],[[[-135.092095337,57.89397411500005],[-135.10136433699995,57.89176311400007],[-135.08532133499995,57.890942116000076],[-135.092095337,57.89397411500005]]],[[[-135.102909341,57.899721114000045],[-135.11122833899998,57.89542711200005],[-135.10136433899999,57.89669011400008],[-135.102909341,57.899721114000045]]],[[[-135.16712570899995,56.64623712300005],[-135.16439270499995,56.639506124000036],[-135.15963870499996,56.63891812500003],[-135.16712570899995,56.64623712300005]]],[[[-135.255901506,58.17825208600004],[-135.25922850199998,58.17041908500005],[-135.25031549899995,58.16596808700007],[-135.255901506,58.17825208600004]]],[[[-135.24853398,59.022308071000054],[-135.27705498699999,59.02903506600006],[-135.24877097099994,59.00640007100003],[-135.24853398,59.022308071000054]]],[[[-135.271826015,59.07804706600007],[-135.28014501599995,59.07841306500006],[-135.270400011,59.07096206700004],[-135.271826015,59.07804706600007]]],[[[-135.28584900799996,59.063876064000056],[-135.27467799599998,59.04542106700006],[-135.27135099799995,59.04872206700003],[-135.28584900799996,59.063876064000056]]],[[[-135.29234046999994,58.10544708100008],[-135.29400346799997,58.101993081000046],[-135.28901246799995,58.102747082000064],[-135.29234046999994,58.10544708100008]]],[[[-135.33773748699997,58.12904807400008],[-135.33619248499997,58.12584807400003],[-135.334171487,58.12835807500005],[-135.33773748699997,58.12904807400008]]],[[[-135.35311298699997,59.01557805500005],[-135.33314793799997,58.934972060000064],[-135.30581391599998,58.90061406500007],[-135.31009292799996,58.92062006400005],[-135.29701992699995,58.92246006600004],[-135.31104293799996,58.93852906300003],[-135.29678295099995,58.96365906500006],[-135.33029498199994,59.01105105900007],[-135.35311298699997,59.01557805500005]]],[[[-135.36618291599996,57.028218088000074],[-135.34063191099995,57.02187909200006],[-135.315318914,57.03358609600008],[-135.32850991899994,57.04037509400007],[-135.36618291599996,57.028218088000074]]],[[[-135.38551020299997,57.58703207600007],[-135.393829203,57.584930075000045],[-135.38515420299996,57.58594907600008],[-135.38551020299997,57.58703207600007]]],[[[-135.39304306699995,59.14613204600005],[-135.396846064,59.14113404600005],[-135.392568064,59.14101204600007],[-135.39304306699995,59.14613204600005]]],[[[-135.42370094799998,57.08008407900007],[-135.40421094299995,57.07465908200004],[-135.39850694499995,57.07956808300003],[-135.41419394999997,57.085896080000055],[-135.42370094799998,57.08008407900007]]],[[[-135.431544977,57.13648907700008],[-135.42940496999995,57.12346007700006],[-135.41633297699997,57.13958407900003],[-135.431544977,57.13648907700008]]],[[[-135.43926894499998,57.07146107700004],[-135.42821693899998,57.062610078000034],[-135.40528093899997,57.06693908200003],[-135.41205494099995,57.06939408100004],[-135.43926894499998,57.07146107700004]]],[[[-135.445329878,56.93639507800003],[-135.398744858,56.90428708500008],[-135.405280867,56.92089608400005],[-135.38662286799996,56.928225087000044],[-135.42595888099999,56.94579508100003],[-135.445329878,56.93639507800003]]],[[[-135.45352985699998,56.89299507700008],[-135.44330985199997,56.88397107900005],[-135.43166284799997,56.878452081000034],[-135.44021985799998,56.89611007900004],[-135.45352985699998,56.89299507700008]]],[[[-135.44426019699995,57.56415706800004],[-135.44960819599999,57.560524067000074],[-135.444023196,57.56211706800008],[-135.44426019699995,57.56415706800004]]],[[[-135.45816660799994,58.32863505200004],[-135.46220760399996,58.31989805200004],[-135.44913460099997,58.31790105400006],[-135.45816660799994,58.32863505200004]]],[[[-135.46957295199996,57.08024607200008],[-135.457926946,57.070169074000034],[-135.44865794799995,57.07662907500003],[-135.457094951,57.080375074000074],[-135.46957295199996,57.08024607200008]]],[[[-135.48098361799998,58.34335704800003],[-135.48668861799996,58.34073704800005],[-135.48003361699995,58.34136104900006],[-135.48098361799998,58.34335704800003]]],[[[-135.47717896999995,57.11533107000008],[-135.488111958,57.08796306900007],[-135.43558495399998,57.090029077000054],[-135.447230967,57.11455707500005],[-135.47717896999995,57.11533107000008]]],[[[-135.496625516,58.15319804900008],[-135.49211051299994,58.14943505000008],[-135.49115951399995,58.151944050000054],[-135.496625516,58.15319804900008]]],[[[-135.495912536,58.19036304900004],[-135.49115953199998,58.18315905000003],[-135.48878253299995,58.186354050000034],[-135.495912536,58.19036304900004]]],[[[-135.49809498999997,57.14964206700006],[-135.50261098899995,57.147063066000044],[-135.497619988,57.146934067000075],[-135.49809498999997,57.14964206700006]]],[[[-135.515564031,57.228430063000076],[-135.42381999699995,57.177061077000076],[-135.435823003,57.18846107500008],[-135.39446701499998,57.219101081000076],[-135.39030702699995,57.24425108100007],[-135.44711303199995,57.24302907300006],[-135.47979403999994,57.25190206800005],[-135.515564031,57.228430063000076]]],[[[-135.54420515199996,57.45963305500004],[-135.54610614899997,57.45349605400003],[-135.53850014999995,57.456692055000076],[-135.54420515199996,57.45963305500004]]],[[[-135.57343885399996,56.863384060000044],[-135.53529183199998,56.826142066000045],[-135.52257584299997,56.85051906800004],[-135.49108283799995,56.84720407200007],[-135.50688884899995,56.86598207000003],[-135.518059844,56.853313068000034],[-135.57343885399996,56.863384060000044]]],[[[-135.69346811599996,57.361571034000065],[-135.63690008599997,57.313725043000034],[-135.57225106899995,57.29228405300006],[-135.60362506999996,57.288430049000056],[-135.55181103799998,57.23405805700003],[-135.47599104199998,57.25771906800003],[-135.34669302599997,57.25052008800003],[-135.42179998899996,57.16298407800008],[-135.39375397599997,57.14261508200008],[-135.34431598599997,57.171747089000064],[-135.34550499299996,57.18475808900007],[-135.28228197599998,57.163370099000076],[-135.375689976,57.14635408500004],[-135.36950996899998,57.131781086000046],[-135.390900967,57.12558908300008],[-135.402428956,57.10116508200008],[-135.355367931,57.06028308900005],[-135.39244592699998,57.04548308400007],[-135.388880923,57.037078085000076],[-135.32767892299995,57.04916709400004],[-135.24971990699999,57.032616105000045],[-135.22737791299994,57.048198109000055],[-135.15025088899995,57.01424612100004],[-135.22143590499996,57.03365111000005],[-135.25673089799994,57.01172210500005],[-135.36439990699995,57.010363089000066],[-135.3638059,56.99670808900004],[-135.30878288699995,56.98129909700003],[-135.377590898,56.98861608700008],[-135.39339688799998,56.96633708500008],[-135.38258287999997,56.95279508700003],[-135.41241088299995,56.95234108300008],[-135.35061486799998,56.93386609200007],[-135.31722084799998,56.89974509700005],[-135.38186986099998,56.91473308800005],[-135.38650385699998,56.90467708700004],[-135.35857684799998,56.89215109100007],[-135.39767484899994,56.88728208600003],[-135.375927838,56.869554089000076],[-135.39529782799997,56.84480008700007],[-135.38175081999998,56.83069308900008],[-135.40635081999994,56.82744208500003],[-135.42881083499998,56.85266308200005],[-135.44580482799995,56.83550407900003],[-135.47135583299996,56.841095075000055],[-135.49441083,56.830563072000075],[-135.50059080999995,56.78730007200005],[-135.46565179799995,56.770046077000075],[-135.36844079399998,56.78140909200005],[-135.35204077699996,56.74988509500008],[-135.32993678999998,56.77997709700003],[-135.27931077999995,56.76981810500007],[-135.27194277499996,56.76109110600004],[-135.31947877099998,56.744281099000034],[-135.317101762,56.72616010000007],[-135.28644075499994,56.71637810500005],[-135.292857745,56.696416104000036],[-135.237240741,56.69772111200007],[-135.19849974799996,56.72068211800007],[-135.20325273699996,56.69654711700008],[-135.23747873399998,56.68362511200007],[-135.22369372499998,56.66900111500007],[-135.18804171999994,56.66390712000003],[-135.17425572699995,56.68166712200008],[-135.13575172499998,56.68493012700003],[-135.15286470799998,56.64692312500006],[-135.13266170499998,56.64496312800003],[-135.13860368099995,56.59343912800006],[-135.05779267999998,56.60848514000003],[-135.02689468999995,56.635160144000054],[-134.95154967199994,56.61345515600004],[-134.96890066799995,56.60089715300006],[-135.00526567499998,56.60743814800003],[-135.04781066699996,56.58349214200007],[-135.061595642,56.528476140000066],[-135.03450063399998,56.51680814500003],[-134.97531758399998,56.42596015500004],[-134.938239572,56.40637016000005],[-134.95559056499997,56.388875158000076],[-134.91779955299995,56.372426164000046],[-134.89521952399997,56.31433516800007],[-134.83960250999996,56.296139176000054],[-134.818924488,56.25404318000005],[-134.78042049399994,56.274371185000064],[-134.80894247999998,56.24004518100003],[-134.76188147199997,56.23238318800003],[-134.78493647099998,56.22485218500003],[-134.77305246599997,56.21745218700005],[-134.73573645999994,56.21269419200007],[-134.69200346499997,56.23225119800003],[-134.70745245899997,56.21613019600005],[-134.687963449,56.19881319900003],[-134.711968443,56.18135519600003],[-134.66597743199998,56.16673520300003],[-134.65219246199996,56.23456320400004],[-134.62343346899996,56.25608920800005],[-134.64363547899995,56.27166520500003],[-134.66859247199994,56.25292120200004],[-134.678337485,56.27773620000005],[-134.63270249799996,56.31492820600005],[-134.64173450599998,56.330217205000054],[-134.70780950699998,56.317564195000045],[-134.64791451399998,56.34431320300007],[-134.63103852499995,56.37249220600006],[-134.637931547,56.41734920400006],[-134.65789655599997,56.431151201000034],[-134.64102155799998,56.43995520300007],[-134.63911957599998,56.47699020300007],[-134.68404160999995,56.53955119600005],[-134.66954260899996,56.54007519800007],[-134.667879632,56.586699198000076],[-134.64648760899996,56.54453120100004],[-134.62866161,56.54964020400007],[-134.62961264599994,56.62489820300004],[-134.61582764999997,56.63548720500006],[-134.62985066,56.65391320200007],[-134.61772866399997,56.66384220400005],[-134.62985066899995,56.67167820200007],[-134.63032569499995,56.72453020100005],[-134.65409371599998,56.763761197000065],[-134.67619772199998,56.77027419400008],[-134.65956072499995,56.78056319600006],[-134.67239574499996,56.81973619400003],[-134.70471975899994,56.84119218900008],[-134.696163787,56.898998189000054],[-134.746075804,56.92378218200008],[-134.71589079999995,56.92209618600003],[-134.741084818,56.95321618200006],[-134.737043826,56.96941418200004],[-134.759385829,56.97058017900008],[-134.740846832,56.98172018200006],[-134.73918384399997,57.00528418200008],[-134.770319858,57.02676317700008],[-134.751067859,57.03258418000007],[-134.79218589199996,57.09022317300003],[-134.77911389199994,57.09319317500007],[-134.78980890699995,57.12197717300006],[-134.80858591199996,57.128169170000035],[-134.79693991899995,57.144033171000046],[-134.82403492799995,57.15641016700005],[-134.80002992899995,57.16311317000003],[-134.865866961,57.213600160000055],[-134.86491596699994,57.225181160000034],[-134.83995996299996,57.22247916400005],[-134.84186097699995,57.25000516300008],[-134.86253898999996,57.270701160000044],[-134.88654498999995,57.26581715600008],[-134.87442299799994,57.28419215800005],[-134.90793601099995,57.30307015200003],[-134.92314800999998,57.29857615000003],[-134.90246999399994,57.27070115400005],[-134.928851991,57.259905150000066],[-134.94501399799998,57.27057214700005],[-134.93954801099994,57.29767714800005],[-134.97615002199996,57.31231314200005],[-134.950719027,57.32745714600003],[-135.01132703699994,57.335283136000044],[-134.95119403499996,57.34323514500005],[-134.91411602399995,57.32771315100007],[-134.90247002999996,57.34208115300004],[-134.841148009,57.312827162000076],[-134.83164099799995,57.29292616400005],[-134.812150998,57.29703516700005],[-134.80359502,57.34067016700004],[-134.83877104699997,57.388353161000055],[-134.83354206099995,57.41588316200006],[-134.93360607999995,57.433031147000065],[-135.04198807699998,57.407946131000074],[-135.15631110799995,57.44492711300006],[-135.21612810699997,57.43319610400005],[-135.159639116,57.459505112000045],[-135.22309913699996,57.488770102000046],[-135.34930714099994,57.47369308400005],[-135.40421112899998,57.43917107600004],[-135.41680813999994,57.45873807400005],[-135.309140147,57.49158008900008],[-135.29083815399997,57.50984209200004],[-135.34550517999998,57.549271083000065],[-135.41419419399995,57.56342407200003],[-135.54943417899995,57.50958605300008],[-135.53184514699996,57.45221705700004],[-135.56155514799997,57.447869052000044],[-135.58104513399996,57.41805905000007],[-135.63214612899998,57.39834304200008],[-135.48549809899998,57.366570065000076],[-135.48692409299997,57.35490506500008],[-135.64712011799998,57.37361904100004],[-135.69346811599996,57.361571034000065]]],[[[-135.71295692899997,56.989166037000075],[-135.71271992599998,56.98359703700004],[-135.69893392499995,56.98398603900006],[-135.71295692899997,56.989166037000075]]],[[[-135.73418229699996,58.367524668000044],[-135.65092462499996,58.32601402300003],[-135.536125621,58.33911604000008],[-135.63191065599995,58.38586802400005],[-135.73418229699996,58.367524668000044]]],[[[-135.87624306299995,57.225760009000055],[-135.840354059,57.22370201400008],[-135.80850506899998,57.24878401900003],[-135.80208706099995,57.23463702000004],[-135.821815056,57.22035601700003],[-135.83607503399998,57.175290016000076],[-135.75716602399996,57.16923402800006],[-135.734824012,57.15067303100005],[-135.75930500899995,57.138681028000065],[-135.76239499599995,57.11378302800006],[-135.84772199199995,57.088738016000036],[-135.852474944,56.99292101600008],[-135.636899933,57.009878048000076],[-135.603861946,57.04364005300005],[-135.59744496199994,57.076467053000044],[-135.57129996699996,57.09015805700005],[-135.566783999,57.155314056000066],[-135.50665098599995,57.14010006600006],[-135.52637899499996,57.15479906200005],[-135.47052399799998,57.17026507000003],[-135.45483699199997,57.16201707300007],[-135.46719698899994,57.15389607100008],[-135.43606098299995,57.14706307600005],[-135.45578800099997,57.180314072000044],[-135.536361033,57.22846206000003],[-135.556326034,57.226275057000066],[-135.53992702999994,57.22190005900006],[-135.54943401399998,57.188429058000054],[-135.58841300399996,57.160213053000064],[-135.60481300699996,57.16395005000004],[-135.61883601399995,57.17541904800004],[-135.60219902499995,57.19989005000008],[-135.65639005599996,57.25148404100008],[-135.56963703599996,57.22743305500006],[-135.57724205099998,57.25624105300005],[-135.627868079,57.30223604500003],[-135.698459093,57.315586034000034],[-135.73125910699997,57.33791302900005],[-135.741717102,57.32636602700006],[-135.76477211699995,57.35073702300008],[-135.78473711099997,57.33496202100008],[-135.86340911499997,57.32995900900005],[-135.82751909999996,57.305702015000065],[-135.84225509799995,57.29876901300008],[-135.837264087,57.27834601400008],[-135.86079408299997,57.26652401000007],[-135.83251007299998,57.25277001500007],[-135.87624306299995,57.225760009000055]]],[[[-135.90139416399995,57.41863400200003],[-135.90115615599996,57.40237600200004],[-135.86574215399997,57.40480800700004],[-135.90139416399995,57.41863400200003]]],[[[-135.987954845,58.66261296400006],[-135.99365983999996,58.65235196400005],[-135.98486483799996,58.64987896500003],[-135.987954845,58.66261296400006]]],[[[-136.02740976399997,58.51256696100006],[-136.00554375899998,58.50604896500005],[-135.98688576399996,58.51840096700005],[-136.00720676799995,58.523427964000064],[-136.02740976399997,58.51256696100006]]],[[[-136.04273983999997,58.643818956000075],[-136.04796883999995,58.64326195500007],[-136.043571838,58.64041795600008],[-136.04273983999997,58.643818956000075]]],[[[-136.05165288799998,58.72744895300008],[-136.05498088299998,58.71868695300003],[-136.03572887899998,58.71461495600005],[-136.05165288799998,58.72744895300008]]],[[[-136.06127885799998,58.67293295300004],[-136.06793385799995,58.67219095200005],[-136.060565855,58.667989953000074],[-136.06127885799998,58.67293295300004]]],[[[-136.06876592499998,58.78982394900004],[-136.07969992699998,58.79068594700004],[-136.07185592099995,58.78292594900006],[-136.06876592499998,58.78982394900004]]],[[[-136.152785823,58.59675894000003],[-136.10631979899995,58.561258948000045],[-136.09110779699995,58.56057695100003],[-136.11012282499996,58.60796494700003],[-136.152785823,58.59675894000003]]],[[[-136.15789564799996,58.28118094600006],[-136.13175063499995,58.26280695100007],[-136.07827362899997,58.26043195900007],[-136.03715463199995,58.27293296500005],[-136.03596665599997,58.317026964000036],[-136.11796565699996,58.304041952000034],[-136.15789564799996,58.28118094600006]]],[[[-136.17869284399995,58.628788936000035],[-136.186060844,58.628540935000046],[-136.17631584199995,58.62631393600003],[-136.17869284399995,58.628788936000035]]],[[[-136.199088352,57.72645895100004],[-136.200870351,57.72315895100007],[-136.19706835099998,57.72480895100006],[-136.199088352,57.72645895100004]]],[[[-136.22677835599995,57.72988494700007],[-136.22986735399996,57.72506194600004],[-136.22606535399996,57.72531594700007],[-136.22677835599995,57.72988494700007]]],[[[-136.23799361299996,58.20559393600007],[-136.23918260899995,58.196575936000045],[-136.23633061299995,58.20484193600004],[-136.23799361299996,58.20559393600007]]],[[[-136.24714486999994,58.66440492400005],[-136.23312185699996,58.64326192700008],[-136.20269885,58.636335932000065],[-136.22147587399996,58.675527928000065],[-136.24714486999994,58.66440492400005]]],[[[-136.29071335499998,57.71630393700008],[-136.26385634599995,57.704051942000035],[-136.26397433799997,57.68919094200004],[-136.23046234299994,57.703670947000035],[-136.25256635799997,57.72817194300006],[-136.29071335499998,57.71630393700008]]],[[[-136.38036387199998,58.64619990400007],[-136.37608586899995,58.64285990500008],[-136.37168887099995,58.64669390600005],[-136.38036387199998,58.64619990400007]]],[[[-136.39707541099995,57.80341192000003],[-136.38554840499995,57.794608921000076],[-136.37473340699995,57.80075292300006],[-136.380200409,57.803411922000066],[-136.39707541099995,57.80341192000003]]],[[[-136.40460766399997,58.27080790900004],[-136.36182463699998,58.228283916000066],[-136.31191263299996,58.22965992400003],[-136.28006365199997,58.268182928000044],[-136.40460766399997,58.27080790900004]]],[[[-136.38737562799997,58.208285913000054],[-136.39937862099998,58.19225391100008],[-136.36919362199995,58.19970691600008],[-136.38737562799997,58.208285913000054]]],[[[-136.41256961299996,58.17677990900006],[-136.396169601,58.15621991200004],[-136.38321660099996,58.15922891400004],[-136.401755612,58.17677991100004],[-136.41256961299996,58.17677990900006]]],[[[-136.57592954899997,58.03196988800005],[-136.557271545,58.02737589100008],[-136.56594753399997,58.005470890000026],[-136.53326652699997,57.99791389500007],[-136.56285752199994,57.983803891000036],[-136.56903648099996,57.90704589100005],[-136.544318477,57.903951895000034],[-136.509379487,57.92718190000005],[-136.52138247399995,57.90110989900006],[-136.47265746199997,57.88740390600003],[-136.49606945499994,57.870659903000046],[-136.48608644599994,57.85472890500006],[-136.43724343499997,57.843218913000044],[-136.420724421,57.819111916000054],[-136.366890421,57.82879492400008],[-136.36201740899998,57.805691925000076],[-136.33480340299997,57.79992892900003],[-136.34751939699999,57.78612092700007],[-136.30283538799995,57.77630093400006],[-136.32030537699995,57.75271993200005],[-136.29202136199996,57.72956793700007],[-136.25838936599996,57.743079942000065],[-136.26361838199995,57.77161094000007],[-136.23854336899996,57.75195894500007],[-136.20324737299995,57.76482895000004],[-136.21465636199997,57.74149394800003],[-136.17234934699997,57.72169895500008],[-136.20265334699997,57.716621951000036],[-136.20205933499994,57.69357295100008],[-136.23378933799995,57.69389094600007],[-136.26706432599997,57.665870942000026],[-136.227015307,57.63572994900005],[-136.24567330199994,57.62351394600006],[-136.18102429099997,57.613266956000075],[-136.227491284,57.591171949000056],[-136.16747626899996,57.573460959000045],[-136.16236625999994,57.55656996000005],[-136.13693528399995,57.60664596300006],[-136.11982227299995,57.58977096600006],[-136.07478127399997,57.599514972000065],[-136.05410326299994,57.58161697600008],[-136.09332025599997,57.56122397000007],[-136.04935023499996,57.52965597700006],[-136.05148922799998,57.514851977000035],[-136.00003121499998,57.49799698500004],[-135.96414119999997,57.47557699100008],[-135.96687519299996,57.46285999100007],[-135.91743718199996,57.45007399900004],[-135.88511316399996,57.42135400400008],[-135.85849316499997,57.42660000800004],[-135.84387614499997,57.390305011000066],[-135.77447313699997,57.38806402100005],[-135.76758012899995,57.37419502300003],[-135.71220111999997,57.366729031000034],[-135.65218712399997,57.385438040000054],[-135.67524213699994,57.406569036000064],[-135.624735134,57.40868104300006],[-135.58456714199997,57.43299804900005],[-135.596213149,57.443807047000064],[-135.55331214999995,57.45250405300004],[-135.54784516299998,57.478963054000076],[-135.580526185,57.51695804800005],[-135.56567119999994,57.54719705000008],[-135.61356421199997,57.56205304200006],[-135.51124321999998,57.59499305700007],[-135.65575225099997,57.628223035000076],[-135.566147264,57.670384048000074],[-135.19346515299998,57.525381106000054],[-135.08817311099995,57.46484112300004],[-135.02376209899995,57.45391013300008],[-134.87461808899997,57.46292415500005],[-134.89993010599994,57.49065315100006],[-134.88269911199995,57.50604215300007],[-134.84324409099997,57.472318159000054],[-134.82957709299995,57.47960216100006],[-134.83837110599995,57.503042160000064],[-134.827438106,57.50393616100007],[-134.85857412399997,57.53278215600005],[-134.86035716199996,57.605882155000074],[-134.89161218799995,57.64915015000008],[-134.93748420199995,57.66771414200008],[-134.898029195,57.662438148000035],[-134.92227220599995,57.677501144000075],[-134.90325821199997,57.693129147000036],[-134.92975924799998,57.75728514200006],[-134.97753325599996,57.76204013500006],[-135.02281124999996,57.74384112800004],[-135.09482826199996,57.75221311700005],[-135.118120278,57.77775811300006],[-135.02399926899994,57.778328128000055],[-134.94817927599996,57.805375139000034],[-134.95542928099997,57.814745137000045],[-135.00914429399995,57.82885812900008],[-134.99702329899998,57.840373131000035],[-135.034101304,57.84290312500008],[-135.04039931799997,57.86825812400008],[-135.13166833699995,57.88689911000006],[-135.20558737,57.93506909800004],[-135.193346374,57.94446809900006],[-135.028396333,57.89890012500007],[-134.93546429599996,57.84650814000008],[-134.99963732499998,57.88847812900008],[-134.92239133599998,57.92377414100008],[-134.92013334899997,57.94818914000007],[-134.93831636199997,57.969310137000036],[-134.91335936399997,57.97750314100006],[-134.938197393,58.027691136000044],[-134.96600540599997,58.045872132000056],[-135.10956442799994,58.060775110000066],[-135.11491243499995,58.07265510900004],[-135.07807142999997,58.071021115000065],[-135.116338445,58.091065108000066],[-135.29756946199996,58.09006008100005],[-135.343560476,58.10714207400008],[-135.32109948,58.118630077000034],[-135.41640950299995,58.14410406200005],[-135.46632150099998,58.13199705400007],[-135.44790148399994,58.102747058000034],[-135.47416548399997,58.09904205400005],[-135.46180547899996,58.09087605600007],[-135.470837475,58.083149055000035],[-135.49662548099997,58.08842705100005],[-135.48391047499996,58.080448053000055],[-135.51385746899996,58.06448404900004],[-135.54511247099998,58.06278704400006],[-135.590865437,57.991868038000064],[-135.63317243899996,57.98701703200004],[-135.62604245699998,58.022216032000074],[-135.69069147399995,58.04197202200004],[-135.63448046399998,58.03278803100005],[-135.67191447899995,58.054362025000046],[-135.61083147299996,58.05385903400003],[-135.53905149099995,58.10042304400008],[-135.51908650299998,58.126601047000065],[-135.523959516,58.14981204500003],[-135.49555652499998,58.17125304900003],[-135.64434357299996,58.23199402600005],[-135.73169158499996,58.238438012000074],[-135.79729061799998,58.28801000100003],[-135.91327860499996,58.24381798400003],[-135.99563458199998,58.18842097300006],[-136.019521586,58.191803969000034],[-136.040437603,58.21860296500006],[-136.16640761499997,58.22029194600003],[-136.14965060999998,58.21328194900008],[-136.198731598,58.184223942000074],[-136.19017558599995,58.16279094400005],[-136.21073458299998,58.15476494100005],[-136.23367058699995,58.157523937000065],[-136.28156362699997,58.22323392800007],[-136.31935462299998,58.20990092300008],[-136.35500663299996,58.22267091700007],[-136.35631361599997,58.191302918000076],[-136.32006759299998,58.15495392400004],[-136.29000058599996,58.14749092900007],[-136.30426157999995,58.13256192700004],[-136.27395755999999,58.10218093200007],[-136.37128759499996,58.14968591600007],[-136.44532458699996,58.123713906000035],[-136.46790457599997,58.09885290300008],[-136.53742558099998,58.09747089200005],[-136.56844256499994,58.063352888000054],[-136.55941055099998,58.03838689000003],[-136.57592954899997,58.03196988800005]]],[[[-136.57787602999997,58.890975868000055],[-136.56623002199996,58.88028987000007],[-136.55387101899998,58.876850872000034],[-136.55624702899996,58.893922872000076],[-136.57787602999997,58.890975868000055]]],[[[-136.77562570099997,58.27890085200005],[-136.785607697,58.27027685000007],[-136.77158469699998,58.27221385300004],[-136.77562570099997,58.27890085200005]]],[[[-136.864280082,58.93834482300008],[-136.821023062,58.910249830000055],[-136.78798505699996,58.90558583500007],[-136.810327079,58.94177783100008],[-136.864280082,58.93834482300008]]],[[[-139.50953774699997,59.70403638600004],[-139.50276374299995,59.69828038800006],[-139.50062474599997,59.702477388000034],[-139.50953774699997,59.70403638600004]]],[[[-139.53128591799998,59.97439437400004],[-139.54518991599997,59.96892337200006],[-139.53164190899997,59.96017937400006],[-139.53128591799998,59.97439437400004]]],[[[-139.59842976199997,59.71794137200004],[-139.55778675099998,59.70439537900006],[-139.516786756,59.717821385000036],[-139.564084773,59.739029377000065],[-139.59842976199997,59.71794137200004]]],[[[-139.65119473799996,59.67290736500007],[-139.64453973199994,59.66432536600007],[-139.64026173699995,59.67326736700005],[-139.65119473799996,59.67290736500007]]],[[[-139.66129568899999,59.59312336600004],[-139.655116691,59.596371367000074],[-139.65986969399995,59.60148336600008],[-139.66129568899999,59.59312336600004]]],[[[-139.65725572099996,59.64595336500008],[-139.66070171599995,59.635922365000056],[-139.65285871499998,59.63568236600008],[-139.65725572099996,59.64595336500008]]],[[[-139.67603270999996,59.62546836300004],[-139.65891970399997,59.61753536600003],[-139.64026170799997,59.62606936800006],[-139.66129571399995,59.63267836500006],[-139.67603270999996,59.62546836300004]]],[[[-139.80485469499996,59.58674734400006],[-139.78536467499998,59.55701434800005],[-139.76539967499997,59.55809835100007],[-139.78239368699997,59.57615734800004],[-139.76421168399997,59.57399035100008],[-139.76730169599995,59.59324434900003],[-139.71857668299998,59.57603635800007],[-139.748049709,59.61579235200003],[-139.71358571899998,59.635682356000075],[-139.80485469499996,59.58674734400006]]],[[[-141.365460016,59.95125408300004],[-141.35500201499997,59.949825084000054],[-141.33230401599997,59.953991088000066],[-141.34359402099994,59.96023808600006],[-141.365460016,59.95125408300004]]],[[[-144.39456920999996,60.05110459400004],[-144.38387418499997,60.01358859800007],[-144.39361917299996,59.99350659700008],[-144.36937516799998,59.98720560100003],[-144.37555520199996,60.040423598000075],[-144.39456920999996,60.05110459400004]]],[[[-144.43354927799996,60.15559358300004],[-144.34893523399998,60.09118660000007],[-144.32421624999998,60.11807760200003],[-144.33657626699997,60.142935599000054],[-144.43354927799996,60.15559358300004]]],[[[-144.60634205199997,59.79213657300005],[-144.41310811699998,59.90411959800008],[-144.19230417099996,60.00099362900005],[-144.22248917799996,60.00943062400006],[-144.32255216999997,59.992793609000046],[-144.39694613999998,59.94223659900007],[-144.43949113899998,59.93759359200004],[-144.44424412799998,59.92044359300007],[-144.56546108899997,59.85235357600004],[-144.60634205199997,59.79213657300005]]],[[[-144.92974330899997,69.99040095400005],[-144.93746830599997,69.98816395300008],[-144.92285130599996,69.98832695600004],[-144.92974330899997,69.99040095400005]]],[[[-145.09168440599996,60.32288846900008],[-145.04414842499997,60.35476347500003],[-145.04177143499996,60.36980747500007],[-145.07552242399996,60.35229447000006],[-145.09168440599996,60.32288846900008]]],[[[-145.24526339599996,70.03954689300008],[-145.25263139099997,70.03601689200008],[-145.21068139299996,70.03824789900005],[-145.24526339599996,70.03954689300008]]],[[[-145.65367846599997,60.39435737500003],[-145.62895946199998,60.39013037900003],[-145.61160846399997,60.39353538200004],[-145.63204946599998,60.39588437800006],[-145.65367846599997,60.39435737500003]]],[[[-145.67126644599998,60.36357937400004],[-145.60447840799998,60.30793938700003],[-145.55741740299996,60.302170395000076],[-145.51083241299997,60.31829840200004],[-145.56359744099996,60.360170391000054],[-145.67126644599998,60.36357937400004]]],[[[-145.72652762099997,60.62564235100007],[-145.72914161699998,60.61998735100008],[-145.72248662099997,60.62605035200005],[-145.72652762099997,60.62564235100007]]],[[[-145.74304560599998,60.603483349000044],[-145.73508359999997,60.59461535100007],[-145.73341960599996,60.603425351000055],[-145.74304560599998,60.603483349000044]]],[[[-145.80270361799998,60.61917133900005],[-145.80210961399996,60.61287333900003],[-145.78523361899997,60.62162034200003],[-145.80270361799998,60.61917133900005]]],[[[-145.89573357999996,70.14463676600008],[-145.89751657599996,70.14213376600003],[-145.89406957599996,70.14273976700008],[-145.89573357999996,70.14463676600008]]],[[[-145.93625859499997,70.15375675800004],[-145.92984058899998,70.14980275900007],[-145.91284659099998,70.15133576200003],[-145.93625859499997,70.15375675800004]]],[[[-145.96563266499996,60.68350430900006],[-145.96230566199998,60.67995431000003],[-145.95909666499998,60.68379531000005],[-145.96563266499996,60.68350430900006]]],[[[-146.00960365799997,60.67291230300003],[-145.98892565699998,60.67174830600004],[-145.98179565999996,60.676462307000065],[-145.98583566199997,60.67849930600005],[-146.00960365799997,60.67291230300003]]],[[[-146.01162347399998,60.396236317000046],[-145.83122443999997,60.35029534800003],[-145.75992144299997,60.35687936000005],[-145.74257045599998,60.37709236100005],[-145.75754446599996,60.39095235800005],[-145.95315448099996,60.40785832600005],[-146.01162347399998,60.396236317000046]]],[[[-146.01756552099997,60.46778031200006],[-146.02255751499996,60.45840631200008],[-145.99237151699998,60.46227331700004],[-146.01756552099997,60.46778031200006]]],[[[-146.03372848999996,60.41947631200003],[-146.03158848099997,60.40691931300006],[-146.01970548499997,60.41255231500003],[-146.03372848999996,60.41947631200003]]],[[[-146.33700752399997,60.46391326100007],[-146.23337951399998,60.45031927800005],[-146.10170452699998,60.473754298000074],[-145.82266857399998,60.55248933900003],[-145.76657659499998,60.585074347000045],[-145.79272059999997,60.59301134200007],[-145.76039661499996,60.61541034600003],[-145.82813559899998,60.59009333600005],[-145.97026759199997,60.574450314000046],[-145.93936958099997,60.55938332000005],[-145.99807658899996,60.57012931000003],[-146.14496255999998,60.521860289000074],[-146.29018455899998,60.516597266000076],[-146.32512354899998,60.50068426100006],[-146.32036953399998,60.47843926300004],[-146.33700752399997,60.46391326100007]]],[[[-146.70861979699998,60.86176117900004],[-146.68295078399996,60.84277618400006],[-146.67902878599998,60.84491818500004],[-146.70861979699998,60.86176117900004]]],[[[-146.73179347599998,60.38155620200007],[-146.72466345099997,60.34324020500003],[-146.65407243999996,60.32806521700007],[-146.61342845599998,60.35323422200008],[-146.51526745899997,60.35981823800006],[-146.52620044299996,60.33594723700003],[-146.70137040799997,60.27849321200006],[-146.68497039199997,60.254327216000036],[-146.62840237799998,60.23380222600008],[-146.37812643599997,60.329006261000075],[-146.28614344399998,60.342887276000056],[-146.25120543799997,60.33430028200007],[-146.17609845599998,60.363931292000075],[-146.07508445599996,60.367222308000066],[-146.08791948399997,60.40926630400003],[-146.12428448699998,60.413374298000065],[-146.12547249999997,60.43167629700008],[-146.35982448699997,60.406449260000045],[-146.35768551399997,60.447974258000045],[-146.37622451599998,60.45020225500008],[-146.35007953299996,60.47715125800005],[-146.39238653799998,60.482889251000074],[-146.44420152799998,60.46742824300003],[-146.51502953199997,60.47106023200007],[-146.53927254199996,60.48640222700004],[-146.62341153899996,60.479142214000035],[-146.73179347599998,60.38155620200007]]],[[[-146.73310080999997,60.879000174000055],[-146.73642880699998,60.87547217400004],[-146.72953580599997,60.87431617500005],[-146.73310080999997,60.879000174000055]]],[[[-146.81403080099997,60.86482816200004],[-146.81129779999998,60.863034162000076],[-146.80773280199998,60.86604316300003],[-146.81403080099997,60.86482816200004]]],[[[-146.81688282199997,60.89501615900008],[-146.78455881299996,60.88316416500004],[-146.75781981499998,60.885824170000035],[-146.78693582499997,60.90010316400003],[-146.81688282199997,60.89501615900008]]],[[[-146.81735876899998,60.81786916400006],[-146.79763075999998,60.80569816800005],[-146.72739676299997,60.811263179000036],[-146.71408676999997,60.82152018000005],[-146.73119978299997,60.84017017600007],[-146.70137078799996,60.84833418100004],[-146.76518781199997,60.88166116900004],[-146.77778480699996,60.874894167000036],[-146.75116479299996,60.85394817200006],[-146.79406580099996,60.86517516500004],[-146.81723978699998,60.84405016200003],[-146.81735876899998,60.81786916400006]]],[[[-146.84492978799997,60.845844158000034],[-146.83221378799996,60.84532316000008],[-146.81533779399996,60.854990162000036],[-146.82092379399998,60.85504816100007],[-146.84492978799997,60.845844158000034]]],[[[-146.98775987499997,60.970388127000035],[-146.97950187599997,60.97130612900003],[-146.98201387699996,60.97264112800008],[-146.98775987499997,60.970388127000035]]],[[[-147.16804183799997,60.912799101000076],[-147.17292783499997,60.909280101000036],[-147.16511083599997,60.91056510200008],[-147.16804183799997,60.912799101000076]]],[[[-147.26512570799997,70.21281850800005],[-147.23886169999997,70.20766851400003],[-147.18086871899996,70.21977752400005],[-147.22222473999997,70.23240151500005],[-147.26512570799997,70.21281850800005]]],[[[-147.24850987399998,60.96488408500005],[-147.26657287299997,60.96280708200004],[-147.24862886599996,60.952942086000064],[-147.24850987399998,60.96488408500005]]],[[[-147.32667737599996,60.87637069200008],[-147.22934180499996,60.86509209400003],[-147.17973381599998,60.88087110100008],[-147.19029380099997,60.85863510100006],[-147.14854479599998,60.85193710800007],[-147.07118582299998,60.892819118000034],[-147.10041083099998,60.90380811300008],[-147.12472281099997,60.87489511100006],[-147.15974680999997,60.87229410500004],[-147.16944981199998,60.87605610300005],[-147.12791582099996,60.88911610900004],[-147.11489983599998,60.910972110000046],[-147.18718682399998,60.89211909900007],[-147.17146483299996,60.90543610100008],[-147.20351983299997,60.906224096000074],[-147.22334481899998,60.88528909400003],[-147.20650283399996,60.90715209500007],[-147.22811383599998,60.909062092000056],[-147.26495181999996,60.885173087000055],[-147.32667737599996,60.87637069200008]]],[[[-147.40614957399998,60.51942908500007],[-147.34332557499997,60.52210209500004],[-147.31587657999998,60.53033509900007],[-147.38765457899996,60.52795208800006],[-147.40614957399998,60.51942908500007]]],[[[-147.40845182399997,60.889588064000066],[-147.40978582199998,60.88713506300007],[-147.40492482199997,60.88782606400008],[-147.40845182399997,60.889588064000066]]],[[[-147.39781015799997,59.87800112300005],[-147.41183314899996,59.86404212100007],[-147.38663915599997,59.87489912500007],[-147.39781015799997,59.87800112300005]]],[[[-147.41803482399996,60.889699062000034],[-147.41801882299998,60.88806506200007],[-147.41521582299998,60.88818106300005],[-147.41803482399996,60.889699062000034]]],[[[-147.41878669599998,60.70106207300006],[-147.38955268299998,60.68314507800005],[-147.35532669599996,60.70234108300008],[-147.36174370399996,60.71443508100003],[-147.41878669599998,60.70106207300006]]],[[[-147.42640657599998,60.52188508200004],[-147.43066356999998,60.513939081000046],[-147.42097557299996,60.518201083000065],[-147.42640657599998,60.52188508200004]]],[[[-147.46231081699997,60.87944805500007],[-147.43423780599997,60.86310306100006],[-147.41313681099996,60.87060706400007],[-147.44928281999998,60.88310805700007],[-147.46231081699997,60.87944805500007]]],[[[-147.45766785499998,60.93539705300003],[-147.45980684999998,60.92771705300004],[-147.45493484999997,60.92760205400003],[-147.45766785499998,60.93539705300003]]],[[[-147.46115213899998,59.84661611400003],[-147.46150813599996,59.84166111500008],[-147.45568513799998,59.846079115000066],[-147.46115213899998,59.84661611400003]]],[[[-147.46432284799997,60.924599052000076],[-147.46515484199998,60.91628205300003],[-147.46028184299996,60.91662805400006],[-147.46432284799997,60.924599052000076]]],[[[-147.46487880599997,60.86328205600006],[-147.46708080199997,60.85658105600004],[-147.45882380399996,60.85988705700004],[-147.46487880599997,60.86328205600006]]],[[[-147.48343571499996,60.72943006100007],[-147.41046870699998,60.71734107300006],[-147.38218471999997,60.73721507700003],[-147.40476372399996,60.74267507300004],[-147.48343571499996,60.72943006100007]]],[[[-147.50292566499996,60.65462006200005],[-147.43827666099997,60.64902807200008],[-147.48747663999998,60.61790706600004],[-147.47392863999997,60.61732406900006],[-147.38979066199997,60.65182408000004],[-147.37362764899996,60.632830084000034],[-147.38812664599996,60.627119082000036],[-147.34581964599997,60.62816808900004],[-147.30232366799996,60.66172409400008],[-147.33488667799998,60.67639408800005],[-147.33274666999998,60.664403089000075],[-147.37956966199997,60.65170808200003],[-147.40428868599997,60.68628707600004],[-147.43328568399997,60.68361007100003],[-147.44873469399997,60.698968068000056],[-147.48723868499997,60.68419206300007],[-147.43637566499996,60.65462007200006],[-147.50292566499996,60.65462006200005]]],[[[-147.50334040199996,60.25762208400005],[-147.48860439599997,60.24724408700007],[-147.50310238699996,60.23438508600003],[-147.47648238199997,60.22718609000003],[-147.34195541199998,60.27424410900005],[-147.33981643099997,60.30369410800006],[-147.39044242399996,60.29179910100004],[-147.39234443199996,60.30428210000008],[-147.50334040199996,60.25762208400005]]],[[[-147.57781480999998,60.86835703700007],[-147.55262080699998,60.863324042000045],[-147.54812780999998,60.86846904200007],[-147.55797981699996,60.87759104000003],[-147.57781480999998,60.86835703700007]]],[[[-147.58032380799997,60.86528703700003],[-147.57799380399996,60.85860303800007],[-147.57038480399996,60.85953303900004],[-147.58032380799997,60.86528703700003]]],[[[-147.62820279099998,60.84011203100005],[-147.63711578899998,60.83704302900003],[-147.62665778999997,60.83854903100007],[-147.62820279099998,60.84011203100005]]],[[[-147.66431677299997,60.81286002600007],[-147.67717176599996,60.80304602500007],[-147.65816877299997,60.812951027000054],[-147.66431677299997,60.81286002600007]]],[[[-147.69165504899996,61.21151199900004],[-147.69260604499996,61.20670399900007],[-147.67739405099996,61.21506000100004],[-147.69165504899996,61.21151199900004]]],[[[-147.70271576699997,60.80436502100008],[-147.69808076599998,60.802510022000035],[-147.69724876899997,60.80610402100007],[-147.70271576699997,60.80436502100008]]],[[[-147.72262977699998,60.81803801700005],[-147.72542477399998,60.813860016000035],[-147.70753977699997,60.81785701900003],[-147.72262977699998,60.81803801700005]]],[[[-147.73990375799997,60.790658015000076],[-147.72183975499996,60.78572801900003],[-147.70734176199997,60.79692102000007],[-147.72742576199997,60.79674701700003],[-147.73990375799997,60.790658015000076]]],[[[-147.75157169499997,60.69692501900005],[-147.76568567099997,60.661399019000044],[-147.73576469299996,60.69360902200003],[-147.75157169499997,60.69692501900005]]],[[[-147.80787974299997,60.76733600600005],[-147.80526573599997,60.75752600700008],[-147.80027374299996,60.76722000700005],[-147.80787974299997,60.76733600600005]]],[[[-147.83951477699998,60.81803399800003],[-147.83560077699997,60.81768899800005],[-147.83725577799996,60.818843998000034],[-147.83951477699998,60.81803399800003]]],[[[-147.84079876199996,60.79512299900006],[-147.85185075599998,60.78624999800007],[-147.83806575899996,60.79054199900003],[-147.84079876199996,60.79512299900006]]],[[[-147.87373778099996,60.82275699200005],[-147.87483877799997,60.818211992000045],[-147.87276177799998,60.81908699200005],[-147.87373778099996,60.82275699200005]]],[[[-147.92950010299998,59.78626904300006],[-147.85427408999996,59.765451056000074],[-147.74232711199997,59.80157507200005],[-147.68243210999998,59.798945082000046],[-147.61611914199997,59.85055508900007],[-147.57369314299996,59.852346096000076],[-147.53495113099996,59.83407710300003],[-147.43512615399996,59.87132011700004],[-147.45010015999998,59.87990911400004],[-147.44368217399997,59.90315911400006],[-147.49929918499998,59.91912610400004],[-147.49621019699998,59.93889610400004],[-147.42110321399997,59.966149114000075],[-147.34290620799996,59.95758312700008],[-147.38331222199997,59.97828111900003],[-147.35764226399996,60.04492712000007],[-147.19934833099998,60.15121013900006],[-146.96570839199998,60.248542171000054],[-146.91650941899996,60.290975177000064],[-146.91698442899997,60.30663717600004],[-147.00350042499997,60.299101162000056],[-147.11116840199998,60.26222014700005],[-147.00207345499996,60.34429116000007],[-147.13731345099998,60.33676413900008],[-147.08549947099996,60.36874314500005],[-147.11354547999997,60.38119714000004],[-147.21075645899998,60.34793712600003],[-147.21551044599997,60.32758812700007],[-147.16726143399998,60.309698135000076],[-147.22192742999997,60.30404712700005],[-147.23333642099996,60.28956112600008],[-147.18984040899997,60.27106213400003],[-147.22596839799996,60.25491012900005],[-147.18865239699997,60.252669135000076],[-147.28324937399998,60.21632712200005],[-147.27160238599998,60.23544712300003],[-147.31153237899997,60.22400011700006],[-147.32484337299996,60.21455611500005],[-147.30178837099996,60.21243011900003],[-147.31604835699997,60.19046111800003],[-147.37428033799998,60.16031711100004],[-147.37475532599996,60.140562112000055],[-147.40494130799996,60.11262310800004],[-147.55515426999997,60.05180908800003],[-147.59841224999997,60.01987608300004],[-147.69538523499997,59.99670806800003],[-147.70726922699998,59.98291906700007],[-147.66662621499998,59.965198075000046],[-147.74006920899998,59.95508406400006],[-147.81493817999996,59.90876005400003],[-147.79758716699996,59.88885305800005],[-147.75480516299996,59.882533066000065],[-147.88719315099996,59.86225204600004],[-147.91333813499998,59.83718304300004],[-147.90097810899996,59.79595604700006],[-147.92950010299998,59.78626904300006]]],[[[-147.95108155999998,60.493460999000035],[-147.93682056499998,60.501713],[-147.93432557199998,60.512128],[-147.94228757199997,60.512244999000075],[-147.95108155999998,60.493460999000035]]],[[[-147.96925339999996,60.25036601000005],[-147.94025638199997,60.22204901600003],[-147.81285937999996,60.22110403700003],[-147.84827436299997,60.19406103300008],[-147.82236735299998,60.178817038000034],[-147.78695235699996,60.18519904300007],[-147.79503334399996,60.16486704300007],[-147.76033233799998,60.15540604900008],[-147.74559635599996,60.18425405000005],[-147.76342236799996,60.20173904600006],[-147.72182836699997,60.20150305200008],[-147.69806039399998,60.24281705400006],[-147.73490138999998,60.23632904800007],[-147.74559640299998,60.255909046000056],[-147.71802540899998,60.265695049000044],[-147.72705741699997,60.27736304700005],[-147.66359744099998,60.31505105500008],[-147.66644944999996,60.32952605400004],[-147.61772447399997,60.366096060000075],[-147.62604349099996,60.39217505700003],[-147.67429248599996,60.38336705000006],[-147.69425749499996,60.39769404600008],[-147.61083251199997,60.42386505800005],[-147.64719752699997,60.44673405000003],[-147.62247853799997,60.46302505300008],[-147.63911655499996,60.48867504900005],[-147.60988154999998,60.48200105400008],[-147.60108756299996,60.50084905500006],[-147.57660655699996,60.49218705900006],[-147.58492558699996,60.53722705500007],[-147.55640358699998,60.53722706000008],[-147.55117460899996,60.57052805900008],[-147.56709961599998,60.58115305600006],[-147.58920359999996,60.55697805300008],[-147.62057760899998,60.56936004800008],[-147.62129059699998,60.55183704800004],[-147.67405458899998,60.53933104100008],[-147.64600856799996,60.50775404700005],[-147.66858855999996,60.49546504400007],[-147.68712755999996,60.496050041000046],[-147.69639657299996,60.51477403800004],[-147.72111556799996,60.50775403500006],[-147.73157352599998,60.444272037000076],[-147.78124852199997,60.43829202900008],[-147.76841354699997,60.47520802900004],[-147.79146854899997,60.47801902500004],[-147.82854652299997,60.43946402200004],[-147.85778148199998,60.376084020000064],[-147.88297547299996,60.36186501700007],[-147.86990346299996,60.34763902000003],[-147.90484245599998,60.33681901500006],[-147.89248244199996,60.31528701800005],[-147.83829144199996,60.31493302700005],[-147.76556145999996,60.34281803700003],[-147.74369544799998,60.32505504200003],[-147.84209442899996,60.29503502800003],[-147.91601242999997,60.297390016000065],[-147.93835440699996,60.261451014000045],[-147.96925339999996,60.25036601000005]]],[[[-148.00436887799998,70.31659636500007],[-147.98297787099997,70.31215336900004],[-147.96135587699996,70.31563537300008],[-147.99082288199997,70.31875436700005],[-148.00436887799998,70.31659636500007]]],[[[-148.02143071399996,60.72403097400007],[-147.99731270499996,60.71100497800006],[-148.00108068899996,60.68641497900006],[-147.97394868799998,60.68592298400006],[-147.93525866799996,60.655526992000034],[-147.91767268799998,60.68506199300003],[-147.87270267699998,60.66919100100006],[-147.84556969199997,60.691950004000034],[-147.90285072099996,60.734716992000074],[-147.93475672399998,60.73938398700005],[-147.92445570399997,60.71002199000003],[-147.96214073199997,60.75080198200004],[-147.98148472599996,60.74110297900006],[-147.94706669999997,60.70375298700003],[-147.97369669999998,60.70264698300008],[-147.99078071699998,60.72820797800006],[-148.02143071399996,60.72403097400007]]],[[[-148.04611934199997,60.16117800300003],[-148.02936333399998,60.14781200600004],[-148.00214835199998,60.175898009000036],[-148.03114535599997,60.181690004000075],[-148.04611934199997,60.16117800300003]]],[[[-148.05752820699996,59.94958301300005],[-148.03162119899997,59.937917018000064],[-147.89994622299997,59.97551903700008],[-147.81557027599996,60.05973204600008],[-147.85146028899996,60.079062039000064],[-147.88093228299996,60.06933903500004],[-148.05752820699996,59.94958301300005]]],[[[-148.07749319399997,59.92922401100003],[-148.08438618899996,59.921244011000056],[-148.07273919199997,59.92565101200006],[-148.07749319399997,59.92922401100003]]],[[[-148.15535644099998,60.31281497600003],[-148.15107842899997,60.29420997800008],[-148.12469542899996,60.293974982000066],[-148.11804041699997,60.27606698400007],[-148.02582041699998,60.27630299900005],[-147.98755447899998,60.370796],[-148.00609348999998,60.38700799600008],[-148.02415747999996,60.372675994000076],[-148.05529348299996,60.37655298900006],[-148.15535644099998,60.31281497600003]]],[[[-148.15307523799996,59.99786999500003],[-148.12122622999996,59.98562600100007],[-148.06584725799996,60.03030000700005],[-147.98883826799997,60.04644301900004],[-147.98170827899997,60.06246001900007],[-147.88972630499998,60.10347503100007],[-147.89067731299997,60.116031030000045],[-147.91016632299997,60.13106702600004],[-147.96293131899998,60.12597701800007],[-147.95984133299996,60.14645101700006],[-147.97695434199997,60.160646014000065],[-148.00167330199997,60.099092014000064],[-148.01807331799998,60.12289800900004],[-148.07725529799998,60.091626002000055],[-148.11932527199997,60.05059599700007],[-148.12146425499998,60.02543099900004],[-148.15782924599998,60.010940994000066],[-148.13073323999998,60.00131599900004],[-148.15307523799996,59.99786999500003]]],[[[-148.18852341299996,60.26939397400008],[-148.19149440999996,60.26550397300008],[-148.18674141099996,60.26615297400008],[-148.18852341299996,60.26939397400008]]],[[[-148.25028619999998,59.93851198300007],[-148.20203719699998,59.93291599100007],[-148.10411320799997,59.950654006000036],[-148.03376023299998,59.99002501500007],[-147.99430526199998,60.03587901800006],[-148.01165626399998,60.038610015000074],[-148.11362021799997,59.96743100300006],[-148.21629822599996,59.97837298600007],[-148.18183421999996,59.96933399200003],[-148.21701120899996,59.952319988000056],[-148.17731820799997,59.95124899400008],[-148.25028619999998,59.93851198300007]]],[[[-148.69607706399998,70.43209122900004],[-148.60457004299997,70.41895224600006],[-148.56226301499996,70.40181825500008],[-148.59864504299998,70.41909224800008],[-148.69607706399998,70.43209122900004]]],[[[-148.76949108199997,70.44324021400007],[-148.75521907999996,70.44216421700008],[-148.76239008299996,70.44375521500007],[-148.76949108199997,70.44324021400007]]],[[[-148.81421612399998,70.46927020400005],[-148.78826008999997,70.44868621000006],[-148.78605209499997,70.45132921100003],[-148.78953810199997,70.45556721000008],[-148.81421612399998,70.46927020400005]]],[[[-148.85599713799996,70.47763219600006],[-148.84681913199998,70.47421519800008],[-148.83299213299998,70.47456520000003],[-148.85599713799996,70.47763219600006]]],[[[-149.27091422299998,70.53214611500005],[-149.08290915899997,70.49210415300007],[-148.97001114099996,70.48027417400004],[-148.86685813899996,70.47884519400003],[-149.03561115499997,70.48924616200003],[-149.27091422299998,70.53214611500005]]],[[[-149.27821614899997,59.86166782400005],[-149.28534614699998,59.859459823000066],[-149.27655214699996,59.85796782400007],[-149.27821614899997,59.86166782400005]]],[[[-149.31272422999996,70.53683710700005],[-149.29922022199997,70.53210511000003],[-149.28659822599997,70.53408311200008],[-149.31272422999996,70.53683710700005]]],[[[-149.31425920899997,59.95678281200003],[-149.31247720699997,59.954461812000034],[-149.30843620799996,59.955949813000075],[-149.31425920899997,59.95678281200003]]],[[[-149.36441017499996,59.90420480700004],[-149.33969117099997,59.89776781200004],[-149.30843619799998,59.93934481400004],[-149.34789119799996,59.94029780800008],[-149.34052319199998,59.92987881000005],[-149.35834918799998,59.92463780700007],[-149.33493817899998,59.909567812000034],[-149.36441017499996,59.90420480700004]]],[[[-149.37463016599997,59.890435807000074],[-149.37688815999996,59.879643807000036],[-149.36274616099996,59.88131380900006],[-149.37463016599997,59.890435807000074]]],[[[-149.41155414099998,59.851044803000036],[-149.38089314299998,59.85319380800007],[-149.38327013099996,59.83504480900007],[-149.36401813999996,59.84925481100004],[-149.38279515299996,59.86906580700003],[-149.40751314999997,59.86560580300005],[-149.40014514299997,59.85367180500003],[-149.41155414099998,59.851044803000036]]],[[[-149.52460609799996,59.78372978900006],[-149.51759408699996,59.766500791000055],[-149.50963208599998,59.764226793000034],[-149.50143209499998,59.77780879300008],[-149.52460609799996,59.78372978900006]]],[[[-149.57050098499997,59.602523793000046],[-149.56859998199997,59.597592794000036],[-149.56158798399997,59.601381795000066],[-149.57050098499997,59.602523793000046]]],[[[-149.55455404599996,59.700912790000075],[-149.56952704499997,59.69923378700008],[-149.55384104399997,59.69827479000003],[-149.55455404599996,59.700912790000075]]],[[[-149.58452398299997,59.59915679100004],[-149.59129797999998,59.594284790000074],[-149.58309797799998,59.591938792000064],[-149.58452398299997,59.59915679100004]]],[[[-149.59442427099998,70.56428005300006],[-149.56615625299997,70.55345505900004],[-149.42694024799997,70.54871308500003],[-149.47331025999998,70.55674107600004],[-149.59442427099998,70.56428005300006]]],[[[-149.64960099199996,59.61471878000003],[-149.63420398799997,59.60890978300006],[-149.64751298199997,59.59953578100004],[-149.62298299099996,59.61313478400007],[-149.64960099199996,59.61471878000003]]],[[[-149.66734602399998,59.66642077400007],[-149.65194901899997,59.65943477700006],[-149.66578000799996,59.640843776000054],[-149.62794101199998,59.646645781000075],[-149.59427800099996,59.629498788000035],[-149.59949701899998,59.65719378500006],[-149.62481001499998,59.65126178200006],[-149.61933002299997,59.66523478200003],[-149.65299301399997,59.65126177700006],[-149.64464303199998,59.67920277700006],[-149.66291004299998,59.697640773000046],[-149.66734602399998,59.66642077400007]]],[[[-149.71118501999996,59.66047776700003],[-149.71486901699998,59.65609576700007],[-149.71213501599996,59.65549576700005],[-149.71118501999996,59.66047776700003]]],[[[-149.71997917499996,59.909567750000065],[-149.71712717099996,59.90295275100004],[-149.71486918199997,59.92034975000007],[-149.71997917499996,59.909567750000065]]],[[[-149.70063927999996,70.57131903200008],[-149.72702127699998,70.56950002800005],[-149.66023527599998,70.56831704000007],[-149.70063927999996,70.57131903200008]]],[[[-149.72877303299998,59.68184176300008],[-149.71950302499997,59.66924076500004],[-149.71736402499997,59.66996176600003],[-149.71724502999996,59.67788176500005],[-149.72877303299998,59.68184176300008]]],[[[-149.84606802799996,59.67608174500003],[-149.81956600799998,59.643725751000034],[-149.75990898799998,59.609835763000035],[-149.80102701399997,59.653213754000035],[-149.84606802799996,59.67608174500003]]],[[[-150.28588197599996,61.12703758100008],[-150.22530397699998,61.12685059000006],[-150.16878999699998,61.15412759800006],[-150.16066201099997,61.17354359800004],[-150.22607800599997,61.168130588000054],[-150.24910898099998,61.13301758600005],[-150.28588197599996,61.12703758100008]]],[[[-150.43991083299997,59.37116067000005],[-150.38322382599998,59.357837680000046],[-150.42873982399996,59.356444673000055],[-150.43266081699997,59.34438867300008],[-150.38536281599997,59.341964681000036],[-150.36504084199996,59.38405368100007],[-150.43991083299997,59.37116067000005]]],[[[-150.69446585999998,59.42294762700004],[-150.69589185899997,59.420045627000036],[-150.69018685999998,59.42155762800007],[-150.69446585999998,59.42294762700004]]],[[[-150.77491979599998,59.31892962100005],[-150.76208478699996,59.303887624000026],[-150.71478679099997,59.30958963100005],[-150.73332577999997,59.29175262900003],[-150.70385378299997,59.294543634000036],[-150.65465381199996,59.34111663900006],[-150.61876481799996,59.35129564400006],[-150.60973282899997,59.36946464400006],[-150.62589483999997,59.387382640000055],[-150.60331483899998,59.38459864400005],[-150.63064885099996,59.40504863800004],[-150.70623085699998,59.41714362500005],[-150.71003384199997,59.39367562600006],[-150.68983084099997,59.39101363000003],[-150.74116982199996,59.36171362400006],[-150.74877480699996,59.336994624000056],[-150.76992880899996,59.34014662000004],[-150.75162779799996,59.32159762500004],[-150.77491979599998,59.31892962100005]]],[[[-150.89898878699998,59.30749660200007],[-150.90706978399996,59.30373560100003],[-150.89221478499996,59.304827603000035],[-150.89898878699998,59.30749660200007]]],[[[-151.39847273099997,59.23183152900003],[-151.40393972999996,59.23049352800007],[-151.39775972999996,59.229642529000046],[-151.39847273099997,59.23183152900003]]],[[[-151.47096491799996,59.542524496000055],[-151.47678791499996,59.53854849600003],[-151.47013291599998,59.53957249700005],[-151.47096491799996,59.542524496000055]]],[[[-151.51612390499997,59.522790490000034],[-151.49283189899998,59.51242149500007],[-151.48047189999997,59.51350649700004],[-151.48665191099997,59.53267349400005],[-151.51612390499997,59.522790490000034]]],[[[-151.52883967799997,59.147587514000065],[-151.52063966699998,59.12795851700008],[-151.44505765499997,59.10508353000006],[-151.43115366099997,59.11563853100006],[-151.43210467299997,59.13497053000003],[-151.52883967799997,59.147587514000065]]],[[[-151.51802589699997,59.509768491000045],[-151.52990989299997,59.50385849000003],[-151.49924889499997,59.506753494000066],[-151.51802589699997,59.509768491000045]]],[[[-151.70274809699998,70.49899366700004],[-151.71629608499998,70.49252666500007],[-151.70120309199996,70.49617666800003],[-151.70274809699998,70.49899366700004]]],[[[-151.72599565499996,59.116004485000076],[-151.71375464599998,59.10111648800006],[-151.66182164399996,59.09574549700005],[-151.63829165699997,59.11655349900008],[-151.70317766399998,59.13027548800005],[-151.72599565499996,59.116004485000076]]],[[[-151.73376512899998,70.51945366000007],[-151.72378311299997,70.50974166200007],[-151.71962312199997,70.51493566300007],[-151.73376512899998,70.51945366000007]]],[[[-151.88310167399996,59.15618045800005],[-151.80870766399997,59.13490947100007],[-151.79313966699996,59.139481473000046],[-151.79028768399996,59.16781547200003],[-151.82427568899996,59.17804646600007],[-151.88310167399996,59.15618045800005]]],[[[-151.88333980399997,59.37288544300003],[-151.88571580099998,59.36683044300008],[-151.87787280199998,59.36846544400004],[-151.88333980399997,59.37288544300003]]],[[[-151.89615412499998,58.197683521000044],[-151.86858310799997,58.16535252800003],[-151.82247311699996,58.17964253400004],[-151.79442713499998,58.210832536000055],[-151.78919815699996,58.25100153400007],[-151.83435716599996,58.26838152600004],[-151.86810815699997,58.254253522000056],[-151.87904115099997,58.24462252100005],[-151.86787014299998,58.228357524000046],[-151.89282613599997,58.217342521000035],[-151.89615412499998,58.197683521000044]]],[[[-151.88314721699996,70.57624562800004],[-151.92711821799998,70.57786562000007],[-151.86829220999996,70.57170063100006],[-151.88314721699996,70.57624562800004]]],[[[-151.99224222299998,70.58292360700005],[-151.96467121399996,70.57668061300006],[-151.95754121899998,70.57944661400006],[-151.96978122299998,70.58181761100008],[-151.99224222299998,70.58292360700005]]],[[[-152.02404552899998,58.91521445200004],[-152.01537052499998,58.90797345400006],[-151.95404853199997,58.91711646300007],[-151.98090653599996,58.925582458000065],[-152.02404552899998,58.91521445200004]]],[[[-152.04567451399998,58.89103045100006],[-152.04329750999997,58.88384645200006],[-152.02903651399998,58.89004845300008],[-152.04567451399998,58.89103045100006]]],[[[-152.07787953199997,58.92318944300007],[-152.05577552499997,58.909691448000046],[-152.05161653399998,58.92539844700008],[-152.00312954499998,58.941404454000065],[-152.06575854499997,58.94446944400005],[-152.07787953199997,58.92318944300007]]],[[[-152.08639740899997,60.34453634300007],[-151.95852642899996,60.36934036200006],[-151.97611444999998,60.40269635700008],[-151.94141346999996,60.43109236000004],[-151.88698447599998,60.43871536800003],[-151.90029448999996,60.460869365000065],[-151.83469450699997,60.48324337400004],[-151.95305952299998,60.51215435300003],[-151.95305951199998,60.49612135400008],[-151.97920450599997,60.48827835000003],[-151.95709948999996,60.46227535500003],[-151.96589446999997,60.43273435600008],[-152.01984744799998,60.40117035000003],[-152.00701243199998,60.37709535300007],[-152.07712842099997,60.36252334300008],[-152.08639740899997,60.34453634300007]]],[[[-152.14787655799998,58.97008542900005],[-152.15904755599996,58.967390428000044],[-152.14359855599997,58.96757443000007],[-152.14787655799998,58.97008542900005]]],[[[-152.22571651099997,58.89471442200005],[-152.20444451199998,58.89428542600007],[-152.19909651699996,58.90312442600003],[-152.21121851599997,58.90220442400005],[-152.22571651099997,58.89471442200005]]],[[[-152.31090487399996,57.75493148800007],[-152.29878286999997,57.745926491000034],[-152.21226789099998,57.78091850200008],[-152.21226789599996,57.79143450100008],[-152.25362389499998,57.79080149500004],[-152.31090487399996,57.75493148800007]]],[[[-152.31851066799996,57.36390151400008],[-152.28309566999997,57.36543951900006],[-152.25314868199996,57.38671052300003],[-152.29093968499998,57.394908516000044],[-152.31851066799996,57.36390151400008]]],[[[-152.34751124999997,70.60917953900008],[-152.33230023799996,70.60124754300006],[-152.33075525099997,70.60917954300004],[-152.34751124999997,70.60917953900008]]],[[[-152.35905551999997,58.915705400000036],[-152.27967051599998,58.90551841300004],[-152.15274954299997,58.94471443000003],[-152.25209953599997,58.93846141500006],[-152.31734254799997,58.96169240300003],[-152.29595154099997,58.948576408000065],[-152.31674851999998,58.91447840700005],[-152.35905551999997,58.915705400000036]]],[[[-152.35915388699996,57.781932479000034],[-152.34917087499997,57.75911548200003],[-152.30829089199997,57.788900486000045],[-152.32825589799998,57.80055448300004],[-152.35915388699996,57.781932479000034]]],[[[-152.38244728599997,58.50882242500006],[-152.38482328199996,58.50323442500007],[-152.37816828399997,58.50646342600004],[-152.38244728599997,58.50882242500006]]],[[[-152.46943699799996,57.99431644800006],[-152.47680498999998,57.97957444700006],[-152.46563499699997,57.99230044800004],[-152.46943699799996,57.99431644800006]]],[[[-152.55928035699998,58.64314938800004],[-152.53860235399998,58.63832539200007],[-152.53052135899998,58.645746392000035],[-152.53598835999998,58.648714391000055],[-152.55928035699998,58.64314938800004]]],[[[-152.64106327599998,60.16543426700008],[-152.56548023299996,60.094884284000045],[-152.55454723699998,60.10003928500004],[-152.58033528199996,60.171759276000046],[-152.62002828799996,60.18411126900003],[-152.64106327599998,60.16543426700008]]],[[[-152.71783331199998,60.22633325000004],[-152.72306230899997,60.22072625000004],[-152.71510031099996,60.22361825100006],[-152.71783331199998,60.22633325000004]]],[[[-152.84485671799996,70.89978842500005],[-152.83570669599996,70.88691242800007],[-152.80041069399996,70.88449943400008],[-152.84485671799996,70.89978842500005]]],[[[-152.86208396599997,57.95726139000004],[-152.77224094999997,57.92244040600008],[-152.73753996099998,57.94099041000004],[-152.72066498099997,57.97680241000006],[-152.79458297999997,57.979448399000034],[-152.86208396599997,57.95726139000004]]],[[[-152.98629205799998,59.84133423500003],[-152.99306605899997,59.84252823400004],[-152.99068905599998,59.83787123500008],[-152.98629205799998,59.84133423500003]]],[[[-153.39462553699997,59.00492523200006],[-153.38440553499996,59.00058023400004],[-153.37596753899996,59.00712823500004],[-153.39462553699997,59.00492523200006]]],[[[-153.41968100299997,58.06076729700004],[-153.36525199299996,58.03800130700006],[-153.22668500399996,58.04970032800003],[-153.20220399399997,58.02994833300005],[-153.05840797699997,57.98940335800006],[-152.89084397199997,57.96923938500004],[-152.86659998399998,57.990788387000066],[-152.78769098699996,57.99078839900005],[-152.75940699899996,58.01169640200004],[-152.78341203199997,58.07409239400005],[-152.76202102299996,58.05649139800005],[-152.70521602199997,58.05020340800007],[-152.62773203899997,58.076983418000054],[-152.59374409999998,58.18653341500004],[-152.56118209499996,58.177010421000034],[-152.57116405599996,58.10550142400007],[-152.54644604399996,58.083267430000035],[-152.52220206299998,58.115672431000064],[-152.44400607799997,58.13889044100006],[-152.39670706799998,58.11818245000006],[-152.35535107399997,58.127094456000066],[-152.33966405999996,58.101231460000065],[-152.31756007499996,58.12621646200006],[-152.27287607499997,58.12458446900007],[-152.26360707999996,58.13387146900004],[-152.34608210499997,58.18390245300003],[-152.28333410699997,58.18352646300008],[-152.32350213299998,58.23298745300008],[-152.31114313799998,58.24087045500005],[-152.24483014099997,58.24337146500005],[-152.20632612499998,58.211959473000036],[-152.22439011599997,58.19643047100004],[-152.20157210499997,58.17588247600003],[-152.14666810799997,58.17788748400005],[-152.13953809699996,58.157704487000046],[-152.08368309599996,58.15344049600003],[-152.04565411399997,58.18377749900003],[-152.06015311499996,58.186784497000076],[-152.04803112399998,58.20194149800005],[-152.00002012699997,58.205949505000035],[-151.97292413999998,58.228732508000064],[-151.98908714799998,58.242621504000056],[-151.96484315699996,58.25850550700005],[-151.98076816999998,58.28237950300007],[-151.96365519699998,58.330080502000044],[-151.98718520899996,58.353283497000064],[-152.06181715899996,58.26650649100003],[-152.05682518299997,58.30973448900005],[-152.08297018099998,58.30773648500008],[-152.13763612899996,58.21684248300005],[-152.14690615699996,58.26663147800008],[-152.11149219099997,58.327335479000055],[-152.11838419799997,58.339313478000065],[-152.09628021199998,58.36313447900005],[-152.06942221399996,58.365128483000035],[-152.11624521599998,58.37248347600007],[-152.12599022999996,58.39752647200004],[-152.13739921999996,58.38020947200005],[-152.21583320199997,58.352161462000026],[-152.24078921099996,58.36911745700007],[-152.21678421899998,58.38133145900008],[-152.24197822899998,58.40076445400007],[-152.32730524599998,58.43499643900003],[-152.33728723999997,58.426285438000036],[-152.31351923299997,58.41246944200003],[-152.35844123899997,58.42454343500003],[-152.34394222199998,58.39341643900008],[-152.36723521299996,58.37921343600004],[-152.36985020199998,58.35901943700003],[-152.39290519899998,58.355528434000064],[-152.38054519399998,58.34592543700006],[-152.41762319399996,58.34742243100004],[-152.43592520799996,58.373231426000075],[-152.45470120499996,58.36986542400007],[-152.44400619999996,58.36026642600007],[-152.45446419599998,58.35278442500004],[-152.48655019499998,58.352784420000035],[-152.49391820599996,58.37360441700008],[-152.46920022399996,58.40350441900006],[-152.53337322699997,58.41234440800008],[-152.47894526099998,58.46969141300008],[-152.40930427699996,58.494293422000055],[-152.41904928699998,58.513788419000036],[-152.35867929899996,58.530791427000054],[-152.38244730699998,58.546545422000065],[-152.33681233199997,58.58806842700005],[-152.35273733599996,58.59698642300003],[-152.34132835099996,58.621870423000075],[-152.31351935799998,58.63313042700008],[-152.38149635799996,58.636470416000066],[-152.42071334099998,58.607759412000064],[-152.45351335399997,58.63325340500006],[-152.52101432699996,58.589802398000074],[-152.57377934299998,58.620261388000074],[-152.62464232999997,58.59995838100008],[-152.63771531499998,58.574315381000076],[-152.67170331099996,58.568738376000056],[-152.65031230599996,58.55832538000004],[-152.66576129399996,58.53897937900007],[-152.64032928699996,58.525455384000054],[-152.65601627599997,58.50708438300006],[-152.51673625799998,58.46745340700005],[-152.54478225299997,58.45900040300006],[-152.65815526199998,58.48174538400008],[-152.67526825099998,58.463724383000056],[-152.74181824699997,58.45949737300003],[-152.79291921799998,58.41010336900007],[-152.88371321399998,58.40973035500008],[-152.86850220199997,58.38718735900005],[-152.82429319999997,58.37971136600004],[-152.83736619499996,58.37223336400007],[-152.77842119399998,58.36625037400006],[-152.80813117999998,58.34318137100007],[-152.77509416199996,58.31010937800005],[-152.84592217499997,58.33756736600003],[-152.92269317499998,58.341060353000046],[-152.93671616899996,58.331079352000074],[-152.91175915699998,58.30848535700005],[-152.81526114899998,58.28825237400008],[-152.91223513699998,58.27250636000008],[-153.04723715099996,58.30561333700007],[-153.10142812199996,58.25575433200004],[-153.00445410499998,58.21972135000004],[-153.00873309399998,58.20006335000005],[-153.06339908899997,58.194301342000074],[-153.17605909699998,58.21684232300004],[-153.21979207899997,58.185155319000046],[-153.22288206499996,58.160839320000036],[-153.15110303699998,58.105752335000034],[-153.04129504399998,58.110775352000076],[-153.09239603099996,58.09042834500008],[-153.16322502799997,58.088670335000074],[-153.25972205499997,58.14478631600008],[-153.29632505399996,58.14616631000007],[-153.34100903699996,58.116676305000055],[-153.33815702799998,58.100101307000045],[-153.41968100299997,58.06076729700004]]],[[[-153.43717091699997,59.63952117900004],[-153.43835891399996,59.63483517900005],[-153.43099091599998,59.63771918000003],[-153.43717091699997,59.63952117900004]]],[[[-153.55325693099996,57.93581728600003],[-153.56038692399997,57.92458628600008],[-153.54731492199997,57.91966328800004],[-153.55325693099996,57.93581728600003]]],[[[-153.55898130499997,58.612260236000054],[-153.57252829399997,58.594801235000034],[-153.54947329699996,58.59752623800006],[-153.55898130499997,58.612260236000054]]],[[[-153.57617375099997,59.37555617700008],[-153.54313574099996,59.35763218300008],[-153.55216772699998,59.33509318300008],[-153.51318871999996,59.320301191000055],[-153.41526472399997,59.32139220600004],[-153.34110874799998,59.35690521500004],[-153.34681276199998,59.37967321200006],[-153.41930477999998,59.414037198000074],[-153.56167476099998,59.39141317800005],[-153.57617375099997,59.37555617700008]]],[[[-153.61790539099997,56.90006035200008],[-153.58962138599998,56.887337357000035],[-153.54422439899997,56.909274362000076],[-153.56965639999996,56.91316735800007],[-153.61790539099997,56.90006035200008]]],[[[-153.85297030799998,56.74840932800004],[-153.84702830199998,56.73654833000006],[-153.83847230799998,56.74880033000005],[-153.85297030799998,56.74840932800004]]],[[[-153.87673830199998,56.73902532500006],[-153.89836729199996,56.72090132300008],[-153.87032129899998,56.73289832700004],[-153.87673830199998,56.73902532500006]]],[[[-153.93663329499998,56.72859531700004],[-153.94661629099997,56.722466316000066],[-153.92855229499997,56.727813318000074],[-153.93663329499998,56.72859531700004]]],[[[-153.95638116499998,58.39184119100008],[-153.96303616399996,58.38935019000007],[-153.95186516399997,58.38991019200006],[-153.95638116499998,58.39184119100008]]],[[[-153.99952020199996,58.460661179000056],[-154.01473219599998,58.450340177000044],[-153.98395220099997,58.45817418200005],[-153.99952020199996,58.460661179000056]]],[[[-154.03432042299997,56.99469228300006],[-154.03574641799997,56.98549828300003],[-154.02718942199996,56.992102284000055],[-154.03432042299997,56.99469228300006]]],[[[-154.05882172499997,59.36546810200008],[-154.05989171999997,59.35807910200003],[-154.02721072699998,59.36716310700007],[-154.05882172499997,59.36546810200008]]],[[[-154.15672526399996,56.68345228800007],[-154.12368727099997,56.69520029200004],[-154.01887127099997,56.68697730800005],[-154.02101028599998,56.717510305000076],[-154.05357229199998,56.731724299000064],[-154.09540327799996,56.70603029500006],[-154.13414527699996,56.70746528900003],[-154.15672526399996,56.68345228800007]]],[[[-154.17766152799996,59.04293910800004],[-154.17136252899996,59.04348910900006],[-154.17160053099997,59.04660610800005],[-154.17766152799996,59.04293910800004]]],[[[-154.36374418699998,56.54258826700004],[-154.33926317099997,56.507979274000036],[-154.23016816899997,56.49354929100008],[-154.16124117899997,56.50994630000008],[-154.04976917699997,56.49669831700004],[-153.95160718499997,56.50509333100007],[-153.86580521099998,56.55110534100004],[-153.87935321699996,56.565382337000074],[-154.02267320599998,56.55293931700004],[-154.06379221499998,56.57546430900004],[-154.09659223499997,56.61982130100006],[-154.24228922599997,56.61158228000005],[-154.31311820999997,56.58632927200006],[-154.36374418699998,56.54258826700004]]],[[[-154.43269097399997,58.08092414100008],[-154.43126497199998,58.07677714200008],[-154.42758097199996,58.077531142000055],[-154.43269097399997,58.08092414100008]]],[[[-154.43387996299998,58.061441142000035],[-154.44160395799997,58.05320414200003],[-154.42199596199998,58.05854914500003],[-154.43387996299998,58.061441142000035]]],[[[-154.51540396099998,58.06449013000008],[-154.50114295399996,58.049148133000074],[-154.45859796099998,58.05996313900005],[-154.49971696599997,58.07127813200003],[-154.51540396099998,58.06449013000008]]],[[[-154.79537011499997,56.43170021200007],[-154.76851210299998,56.40461821800005],[-154.72810710599998,56.40580122400007],[-154.62091314399996,56.47622623500007],[-154.47046216799998,56.51125725400004],[-154.39416719099998,56.55254626200008],[-154.38774919999997,56.571013262000065],[-154.40106020699997,56.586853259000065],[-154.47355221099997,56.60190124700006],[-154.55816619999996,56.58659123500007],[-154.70505215999998,56.516765219000035],[-154.79537011499997,56.43170021200007]]],[[[-154.79655956999997,57.34800314200004],[-154.74284356099997,57.32529815200007],[-154.75044954399996,57.29282015300004],[-154.77968354399997,57.29564514900005],[-154.78182253699998,57.28215914900005],[-154.73333653399996,57.27226615700005],[-154.69174254299998,57.286141162000035],[-154.67320353799997,57.275092166000036],[-154.68271053399997,57.26686816500006],[-154.62091353899996,57.271238174000075],[-154.58027052799997,57.24732818200005],[-154.52631749199998,57.170739196000056],[-154.51395744499996,57.076813205000064],[-154.52489140299997,56.99469221000004],[-154.40177339399997,56.96580923000005],[-154.32310137699997,56.92510224500006],[-154.30004635899996,56.88681825100008],[-154.31074133599998,56.842905253000026],[-154.22707835599996,56.87474126300003],[-154.21044037399997,56.90953426300007],[-154.16385537899998,56.91654026900005],[-154.11703240699998,56.96865927200008],[-154.07567640899998,56.970085278000056],[-153.97252346099998,57.064668287000075],[-153.88101649099997,57.11799929700004],[-153.82040849899997,57.12909530500008],[-153.80424651499996,57.15888230500008],[-153.74934250699997,57.139929315000074],[-153.91975846199998,57.06389329500007],[-153.91381645499996,57.04851129700006],[-153.96681942699996,56.99689229300003],[-153.96753240599998,56.955312296000045],[-153.86081442099996,56.976691310000035],[-153.85891241299998,56.96179231100007],[-153.83633341499998,56.96295831500004],[-153.84465140499998,56.94481331500003],[-153.96135238299996,56.90849630000008],[-154.00698735699996,56.86071129700008],[-154.07020934699997,56.845895288000065],[-154.14698029499996,56.746455284000035],[-154.04382730899997,56.76508729800008],[-154.01554329899997,56.74436930400003],[-153.97442430099997,56.74436931000008],[-153.90359631499996,56.76639031900004],[-153.83253035299998,56.83900532400003],[-153.79854135899998,56.84862532900007],[-153.77168435199997,56.831984334000026],[-153.69942936599998,56.85538334300003],[-153.68469337999997,56.881234343000074],[-153.75338236599998,56.85941133500006],[-153.77382336999997,56.86772633100003],[-153.69182339399998,56.91148034000008],[-153.69610141299998,56.949350337000055],[-153.67019440499996,56.93184734200008],[-153.60150540899997,56.93301435200004],[-153.58724441099997,56.93599635400005],[-153.59984141299998,56.94247935200008],[-153.59128542199997,56.95920035200004],[-153.55373142899998,56.970344356000055],[-153.53994644499997,57.00064735600006],[-153.60839845199996,57.02096434500004],[-153.57940146799996,57.04980434700008],[-153.70584647099997,57.06492632700008],[-153.65807347599997,57.07216233300005],[-153.67494847799998,57.07642633100005],[-153.66829348299996,57.08650033100008],[-153.57607348999997,57.09321634400004],[-153.49407447899998,57.06660635800006],[-153.48361649099996,57.08908335800004],[-153.51047451599996,57.13902735100004],[-153.48528051699998,57.14070335400004],[-153.44843950399996,57.112321362000046],[-153.35954753699997,57.17022337100008],[-153.36667755099998,57.19830336800004],[-153.34029554699998,57.189676373000054],[-153.27445855799996,57.20705838100008],[-153.28705555399998,57.19920538000008],[-153.28040054599998,57.18388038200004],[-153.38711850299998,57.10561037200006],[-153.35241750299997,57.102382377000026],[-153.40066648999996,57.08120537100007],[-153.39282247999998,57.06130837400008],[-153.31747849399997,57.083272384000054],[-153.36192447399998,57.04696038000003],[-153.32579647499998,57.045796385000074],[-153.32080546499998,57.026527387000044],[-153.36073545299996,57.004400383000075],[-153.30583144799996,56.99158439200005],[-153.23001245799998,57.00530640200003],[-153.19626147599996,57.04036640500004],[-153.21503848999998,57.06932040000004],[-153.17178050599998,57.09696040400007],[-153.11188550499998,57.09192441400006],[-153.03083652399997,57.12264442400004],[-152.91247152899996,57.126257441000064],[-152.86802554299996,57.15089044600006],[-152.87824654999997,57.16622844400007],[-152.91366054899996,57.16494043800003],[-152.96951555999996,57.189933428000074],[-153.02703354699997,57.16829042100005],[-153.07147954699997,57.171898414000054],[-153.06197255699996,57.19044841400006],[-153.17059253699998,57.15810940000006],[-153.15989655299998,57.188001400000076],[-153.20909655699998,57.20049239100007],[-153.21218656599996,57.21838439000004],[-153.07147956799997,57.213108411000064],[-152.94028059599998,57.25992742800008],[-153.01538761499998,57.30142441300006],[-153.09714960599996,57.28768240200003],[-153.17106761499997,57.31156638900006],[-152.89250664099998,57.34454142900006],[-152.91247162299996,57.31015442800003],[-152.88014761299996,57.289095435000036],[-152.84259462099996,57.30270843900007],[-152.85970760599997,57.273679439000034],[-152.81668660299997,57.265454446000035],[-152.74894862899998,57.31195145300006],[-152.71020662599997,57.30270845900003],[-152.71424761299997,57.278690460000064],[-152.69665861399997,57.28048946300004],[-152.63296063699997,57.320037470000045],[-152.63652564799997,57.34133446800007],[-152.60301265799998,57.360055472000056],[-152.60063667099996,57.383892470000035],[-152.62701868099998,57.406176465000044],[-152.72422968699996,57.42230544900008],[-152.71923869299997,57.43305444900005],[-152.74181769999998,57.44801944400007],[-152.81098270999996,57.47116043200003],[-152.90320270499998,57.467964419000054],[-152.91318471099996,57.479338416000076],[-152.88822871499997,57.486749419000034],[-152.91960272199998,57.50169241400005],[-152.86137072899996,57.511652422000054],[-152.80147572199996,57.494413432000044],[-152.74657172999997,57.50616244000008],[-152.68572571099998,57.46655845200007],[-152.61299571899997,57.47665546200005],[-152.58566270399996,57.44674046800003],[-152.56070570799997,57.453390471000034],[-152.52030069899996,57.43382147900007],[-152.48726271799998,57.46809248100004],[-152.45256171399998,57.45876048700006],[-152.48274669399996,57.42140948500003],[-152.43806370299998,57.43778749100005],[-152.33942669799998,57.42268950700003],[-152.31494570399997,57.43241451000006],[-152.32492772299997,57.46924250600006],[-152.29402974899998,57.51739650700006],[-152.15760178999997,57.58817052300003],[-152.16211780299997,57.61313152100007],[-152.14738081099998,57.62789652200007],[-152.31066680199996,57.619114498000044],[-152.34346681899996,57.65397449000005],[-152.42712978599997,57.59453948200007],[-152.46848678699996,57.59874247500005],[-152.37032483199997,57.67889048500007],[-152.41619683399998,57.68549847700007],[-152.50081081199997,57.648760467000045],[-152.50770381699996,57.65842546500005],[-152.46325782999998,57.68105147000006],[-152.47181384599998,57.711789467000074],[-152.44020285399998,57.72372147100003],[-152.48940185099997,57.72207146300008],[-152.49463085899998,57.73704646200008],[-152.43212188599998,57.78307246800006],[-152.41001688699998,57.78484647100004],[-152.42665488299997,57.777369469000064],[-152.40764087599996,57.76431447300007],[-152.38410988199996,57.77318747600003],[-152.36984988799998,57.78433947700006],[-152.37769289299996,57.794094476000055],[-152.32278890999996,57.822711482000045],[-152.35226090899997,57.82169947700004],[-152.35154791799997,57.83954247600008],[-152.41762290399998,57.81625646800006],[-152.44020291199996,57.83258346300005],[-152.39765792499998,57.85434146800003],[-152.45897893299997,57.87368545800007],[-152.46753594199998,57.890491455000074],[-152.44661994999998,57.902997457000026],[-152.36248194099997,57.883542472000045],[-152.32183795299997,57.90249147700007],[-152.32326396099998,57.917770475000054],[-152.41263196599996,57.93241146100007],[-152.40645198099998,57.95953146000005],[-152.42047498799997,57.97264245700006],[-152.45351297799996,57.955874453000035],[-152.49795897899997,57.96016144600003],[-152.48393596999998,57.942378449000046],[-152.53836494799998,57.90527044300006],[-152.56902494499997,57.901102439000056],[-152.58803995799997,57.925848434000045],[-152.63224795199997,57.91840142800004],[-152.64127993699998,57.88998642900003],[-152.70973192099996,57.86369842000005],[-152.73254889399996,57.81625642000006],[-152.78388791599997,57.85864140900003],[-152.83047290399998,57.84080740300004],[-152.84710989599998,57.82524340200007],[-152.84425784799998,57.735777409000036],[-152.85471584599998,57.73209740700008],[-152.90748085799996,57.758608397000046],[-152.91461186599997,57.77445439500008],[-152.89155687699997,57.79282839700005],[-152.90819388999998,57.818787393000036],[-152.84449591799998,57.867112399000064],[-152.86184692299997,57.877350396000054],[-152.79886093699997,57.89908140400007],[-152.80290194399998,57.91347740200007],[-152.93338795899996,57.94855938000006],[-153.01277295299997,57.94263036800004],[-153.05769496199997,57.96104436000007],[-153.12757295299997,57.94906435000007],[-153.28016297499997,58.00011032300006],[-153.30535696699997,57.98637932000008],[-153.26804095199998,57.95574832800003],[-153.16797793399996,57.917012346000035],[-153.09192090999997,57.86749136100008],[-153.08764189799996,57.84498236400003],[-153.23381492299998,57.89958633700007],[-153.25639491399997,57.885185335000074],[-153.46483995199998,57.96986929700006],[-153.50358194899997,57.96621329200008],[-153.53352992699996,57.92723629000005],[-153.48979591199998,57.89743929900004],[-153.39068389399998,57.856112317000054],[-153.32579689299996,57.84966232700003],[-153.32650987899996,57.82410432900008],[-153.26590187699998,57.81612933900004],[-153.31771586799996,57.803594332000046],[-153.47981388399998,57.84308430400006],[-153.47553586699996,57.81081230700005],[-153.43750684499997,57.76837031600007],[-153.48860784699997,57.77559530800005],[-153.52235881199996,57.71102730700005],[-153.55373181999997,57.728417301000036],[-153.53043984899998,57.781678301000056],[-153.57036987399997,57.83182429100003],[-153.62669987899997,57.845361282000056],[-153.62051989999998,57.88404828000006],[-153.70560989699996,57.88366926700007],[-153.72557490499997,57.90047126200005],[-153.78903488599997,57.86824925500008],[-153.84797988499997,57.87191524600007],[-153.86295386699996,57.839542246000065],[-153.93473284499996,57.80384723800006],[-153.93687180799998,57.73323924300007],[-153.91524280299998,57.723214247000044],[-153.92522579299998,57.70366224700007],[-153.79711579399998,57.69629626700004],[-153.64785277599998,57.65155829300005],[-153.66781876899998,57.639347290000046],[-153.70156877399998,57.652194284000075],[-153.86865776599998,57.64888725900005],[-153.87863975699997,57.63247725900004],[-153.80614773499997,57.58613227300003],[-153.87436171499996,57.55299226600005],[-153.87388669399996,57.51165226900008],[-153.92047168899998,57.50680026200007],[-153.92474970299997,57.533093259000054],[-153.98464570599998,57.54419225000004],[-153.97085971899998,57.56739825000005],[-153.98963675199997,57.63095024200004],[-153.98060476199998,57.64939624200008],[-153.99391476499997,57.65651824000008],[-154.23230775899998,57.66376520300008],[-154.26154274599998,57.64214620000007],[-154.34924574199997,57.63985618700008],[-154.34805773299996,57.622551189000035],[-154.42387770799996,57.58103518000007],[-154.52203969999997,57.57389916600005],[-154.53107068199998,57.54164016700008],[-154.62638066299996,57.51229015500007],[-154.66559763199996,57.456331153000065],[-154.71646161599998,57.43036714800007],[-154.69364360699998,57.40963315300007],[-154.71812458499997,57.36979715200005],[-154.74545757699997,57.35710714900006],[-154.77968357999998,57.36633614300007],[-154.79655956999997,57.34800314200004]]],[[[-155.11169001799996,71.16163698400004],[-155.11756701699997,71.16106698300007],[-155.08250300999998,71.15575299000005],[-155.11169001799996,71.16163698400004]]],[[[-155.29974503499997,71.18016094800004],[-155.22628603599998,71.17693796200007],[-155.18691202599996,71.16985797000007],[-155.22746103899996,71.17870696200004],[-155.29974503499997,71.18016094800004]]],[[[-155.48231407299997,71.21034391200004],[-155.41845404399996,71.19096392500006],[-155.41688705499996,71.19689992500008],[-155.43765106899997,71.20617892000007],[-155.48231407299997,71.21034391200004]]],[[[-155.75250578499998,55.82274712000003],[-155.72374677799996,55.804183125000066],[-155.73467977199996,55.792025125000066],[-155.72350976499996,55.77438312800007],[-155.58613076599997,55.76328614800008],[-155.56212477999998,55.79122415000006],[-155.58517980499997,55.84717314200003],[-155.56259983399997,55.907705140000076],[-155.61821683199997,55.90943613200005],[-155.67074480299996,55.852243129000044],[-155.75250578499998,55.82274712000003]]],[[[-155.75910608699996,71.23203585900006],[-155.65528509899997,71.23348587800007],[-155.54225608799996,71.22163390000003],[-155.68545210299996,71.23739287200004],[-155.75910608699996,71.23203585900006]]],[[[-155.85342162199998,57.54895596700004],[-155.83630862099997,57.54506697000005],[-155.83809162299997,57.548892970000054],[-155.85342162199998,57.54895596700004]]],[[[-156.18082553899998,57.42247892900008],[-156.19651252999998,57.40699092700004],[-156.17226853999998,57.42356693000005],[-156.18082553899998,57.42247892900008]]],[[[-156.22849324599997,71.34525276300008],[-155.98344519399998,71.30362281100008],[-155.93210615399997,71.27838782300006],[-155.93210611399996,71.25594582500008],[-155.91570612299998,71.26060382800006],[-155.92164814799997,71.27464882500004],[-155.98392019899998,71.30644081100007],[-156.22849324599997,71.34525276300008]]],[[[-156.24618751899996,57.390790921000075],[-156.24179051599998,57.38387392300007],[-156.23359051799997,57.387075923000054],[-156.24618751899996,57.390790921000075]]],[[[-156.28255250999996,57.378364917000056],[-156.26318150899996,57.37336692000008],[-156.25212951299997,57.37945392100005],[-156.26852951499998,57.38611591800003],[-156.28255250999996,57.378364917000056]]],[[[-156.30774650199996,57.36516491400005],[-156.28801849799996,57.35369091800004],[-156.27886850499996,57.367343918000074],[-156.29443650599998,57.371700916000066],[-156.30774650199996,57.36516491400005]]],[[[-156.33531748499996,57.33426091300004],[-156.31558948399996,57.32957891600006],[-156.30085348699998,57.335286918000065],[-156.32069949099997,57.34432991400007],[-156.33531748499996,57.33426091300004]]],[[[-156.33698048299996,57.33111791300007],[-156.33151448099997,57.325536914000054],[-156.33056348299996,57.32964291400003],[-156.33698048299996,57.33111791300007]]],[[[-156.35042326899998,71.36470573900004],[-156.28529825599998,71.35399375100008],[-156.26866124299997,71.34570875500003],[-156.27032525099997,71.35019375500008],[-156.29385526099998,71.35741275000004],[-156.35042326899998,71.36470573900004]]],[[[-156.48980831299997,57.01146791600007],[-156.47079430799997,56.99878392000005],[-156.46485230899998,57.00033692100004],[-156.46913031399998,57.01094991900004],[-156.48980831299997,57.01146791600007]]],[[[-156.51357632199998,57.031262911000056],[-156.50169231999996,57.02582991300005],[-156.47435932099998,57.02440691700008],[-156.49527532799996,57.04173791300008],[-156.51357632199998,57.031262911000056]]],[[[-156.72433929099998,56.99311988300008],[-156.72897428399997,56.97984588300005],[-156.70663229199997,56.99441388500003],[-156.72433929099998,56.99311988300008]]],[[[-156.75076082999996,56.03711695800007],[-156.68183381499998,55.99433797100005],[-156.67042581599998,55.99646497300006],[-156.67874383599997,56.039639968000074],[-156.63406084199997,56.04800397400004],[-156.64309185399998,56.07414497000008],[-156.68302286299996,56.09881096200007],[-156.67636785799996,56.087142964000066],[-156.69752084899997,56.06976696300006],[-156.73008285299997,56.084357957000066],[-156.73650084799996,56.07387995700003],[-156.69728283799998,56.04601196500005],[-156.75076082999996,56.03711695800007]]],[[[-156.75725725699996,56.93014188300003],[-156.75963425599997,56.926639883000064],[-156.75642625699996,56.92871588300005],[-156.75725725699996,56.93014188300003]]],[[[-156.77544026599998,56.94894287900007],[-156.76415026399997,56.94518388100005],[-156.75797126699996,56.94894288100005],[-156.76284326699997,56.95069288000008],[-156.77544026599998,56.94894287900007]]],[[[-156.78399624799997,56.91340788000008],[-156.77853024799998,56.91444588100006],[-156.77995624999997,56.91742988100003],[-156.78399624799997,56.91340788000008]]],[[[-156.79568291499996,56.22388493600005],[-156.80019888199996,56.15391994100003],[-156.76478388299998,56.15206694600005],[-156.74529490399996,56.19467094500004],[-156.78213490799996,56.20868593900008],[-156.76716091899996,56.229962939000075],[-156.79568291499996,56.22388493600005]]],[[[-157.32927403199997,56.53839483200005],[-157.32523302599998,56.525942833000045],[-157.19355903299996,56.522402853000074],[-157.15030103799998,56.528170859000056],[-157.11940305199997,56.552545861000056],[-156.97180305299997,56.537739884000075],[-157.07709606799997,56.58056986500003],[-157.22754705699998,56.57624984300003],[-157.24489706099996,56.58750684000006],[-157.32927403199997,56.53839483200005]]],[[[-157.39340717499996,56.84178179600008],[-157.39839917399996,56.839051796000035],[-157.38948617399998,56.83918179700004],[-157.39340717499996,56.84178179600008]]],[[[-157.42941607699998,56.64568580800005],[-157.42430607299997,56.63601480900007],[-157.39328807599998,56.63895581400004],[-157.41337207899997,56.64751581000007],[-157.42941607699998,56.64568580800005]]],[[[-157.73043699299998,56.51077977500006],[-157.73281397899999,56.481391777000056],[-157.70654998899997,56.49897478000008],[-157.73043699299998,56.51077977500006]]],[[[-157.90398290399997,56.34644376400007],[-157.82768789199997,56.30967777800004],[-157.79346190099997,56.324836782000034],[-157.81865590699996,56.34104377700004],[-157.80748491499997,56.35645277700007],[-157.83030291799997,56.36685477300006],[-157.90398290399997,56.34644376400007]]],[[[-158.15948879199996,56.144519744000036],[-158.11480478999997,56.13366075200008],[-158.08937380299997,56.15603775400007],[-158.10743679699996,56.14571175200007],[-158.15948879199996,56.144519744000036]]],[[[-158.53041378099996,56.17524768800007],[-158.52031277999998,56.17167469000003],[-158.51662878099998,56.17352769000007],[-158.53041378099996,56.17524768800007]]],[[[-158.74493819399999,70.90242333900005],[-158.68718213199998,70.86186735300004],[-158.67755614099997,70.86626935500004],[-158.73471819699998,70.90335634100006],[-158.74493819399999,70.90242333900005]]],[[[-158.82133364599997,55.925306668000076],[-158.82656264399998,55.922177668000074],[-158.82062064399997,55.920312669000054],[-158.82133364599997,55.925306668000076]]],[[[-158.85282664599998,55.931631663000076],[-158.85651064399997,55.92630566300005],[-158.84807264499997,55.927969664000045],[-158.85282664599998,55.931631663000076]]],[[[-158.88544157899997,55.788932671000055],[-158.89269057599998,55.78358767100008],[-158.88140057899997,55.78639367200003],[-158.88544157899997,55.788932671000055]]],[[[-158.89898959499996,55.82626566600004],[-158.88520358899999,55.809172670000066],[-158.83814259199997,55.80997467600008],[-158.87664759499998,55.82292767000007],[-158.81651461999996,55.86856367400003],[-158.79464761999998,55.86389567800006],[-158.79797561099997,55.844951679000076],[-158.69957561199996,55.83173869400008],[-158.74568561699996,55.850555686000064],[-158.74782462899998,55.87589768300006],[-158.82388263199996,55.894427671000074],[-158.81936662799998,55.884963672000026],[-158.88734261399998,55.86536266400003],[-158.87522160999998,55.85575966700003],[-158.89898959499996,55.82626566600004]]],[[[-159.08468259899996,55.86373563600006],[-159.08004759599996,55.857999637000034],[-159.06103359999997,55.86366863900008],[-159.08468259899996,55.86373563600006]]],[[[-159.09026858899998,55.84399063700005],[-159.07505658899998,55.84058764000008],[-159.08206858999998,55.84445763800005],[-159.09026858899998,55.84399063700005]]],[[[-159.12199860699997,55.88866862800006],[-159.12009760399997,55.882070629000054],[-159.11356060699998,55.88553663000005],[-159.12199860699997,55.88866862800006]]],[[[-159.18490658199997,55.84250162400008],[-159.13091157799997,55.82583763300005],[-159.08337558599996,55.83464863900008],[-159.11237258999998,55.84786063400003],[-159.09680459599997,55.86066763500003],[-159.14683560099996,55.878003626000066],[-159.18490658199997,55.84250162400008]]],[[[-159.33376922899998,55.062736673000074],[-159.31855822599996,55.05347967600005],[-159.29122422799998,55.053615680000064],[-159.29764222999998,55.060422678000066],[-159.33376922899998,55.062736673000074]]],[[[-159.34280115899998,54.90056968600004],[-159.29003614699997,54.86283169700005],[-159.23370615699997,54.87773970400008],[-159.19948017399997,54.910817706000046],[-159.20708618099997,54.92830270300004],[-159.26317817499998,54.92529769500004],[-159.28100418499997,54.95001169100004],[-159.32521317199996,54.927892686000064],[-159.28148017499998,54.92775669300005],[-159.28670816999997,54.91764869300005],[-159.30857517099997,54.92174668900003],[-159.30572316599998,54.90945169100007],[-159.34280115899998,54.90056968600004]]],[[[-159.36511654599997,55.79299260200003],[-159.32771054499997,55.78442860800004],[-159.30822052999997,55.74732361500003],[-159.27328154399999,55.774336617000074],[-159.29372254599997,55.78001761400003],[-159.29193955399998,55.798459612000045],[-159.31404355999996,55.81528960800006],[-159.36511654599997,55.79299260200003]]],[[[-159.35955956599997,55.83685059900006],[-159.36348155899998,55.82243360000007],[-159.35195355899998,55.81996260200003],[-159.35955956599997,55.83685059900006]]],[[[-159.39937050999998,55.71875160400003],[-159.38427851099996,55.71875160600007],[-159.32687853699997,55.76551261000003],[-159.37096753599997,55.77246460300006],[-159.39937050999998,55.71875160400003]]],[[[-159.42812822499997,55.07103865900007],[-159.41196622199996,55.06110266200005],[-159.39818022799997,55.07185466300007],[-159.42812822499997,55.07103865900007]]],[[[-159.48089319999997,55.02024665600004],[-159.47328719599997,55.01070665800006],[-159.42931621099999,55.03781966200006],[-159.40174520999997,55.03169066600003],[-159.42171120599997,55.02610466400006],[-159.42194819699998,55.003755666000075],[-159.39746719499996,54.99421267000008],[-159.39865618699997,54.976892672000076],[-159.44429018899996,54.98848566400005],[-159.45260918099999,54.97157266500005],[-159.43787317499996,54.95560766800003],[-159.45688716799998,54.941547667000066],[-159.32854019299998,54.97743868100008],[-159.36847020199997,55.00689067300004],[-159.35991420599998,55.013977674000046],[-159.39580320799996,55.025151668000035],[-159.38273121799998,55.04571866800006],[-159.34660421499999,55.03332467400003],[-159.34398922599996,55.05851667200005],[-159.41149021899997,55.05416066300006],[-159.45878921999997,55.06450565500006],[-159.43407021599998,55.049803660000066],[-159.48089319999997,55.02024665600004]]],[[[-159.48148722599998,55.08342065000005],[-159.48992522399996,55.078862650000076],[-159.47186122699998,55.082059652000055],[-159.48148722599998,55.08342065000005]]],[[[-159.49658156399997,55.85553157800007],[-159.49705755799997,55.84198857900003],[-159.49337355899996,55.842522580000036],[-159.49658156399997,55.85553157800007]]],[[[-159.60531810399996,54.814788658000055],[-159.58059908799999,54.77381866500008],[-159.59604907999997,54.75736366400008],[-159.54851308199997,54.752425671000026],[-159.50977109299998,54.77231067500003],[-159.51095909999998,54.78944367300005],[-159.58511511299997,54.83272665900006],[-159.60531810399996,54.814788658000055]]],[[[-159.65701422999996,55.12380462200008],[-159.59402822199996,55.09185463400007],[-159.64465421299997,55.08124362800004],[-159.65392420299997,55.05987762800004],[-159.63562219499997,55.035912633000066],[-159.62682820199998,55.05252663300007],[-159.57002320399997,55.04558264100007],[-159.57762821799997,55.081379637000055],[-159.56550722199998,55.08682163800006],[-159.53532120999998,55.054568645000074],[-159.49230120999997,55.04776065200008],[-159.49135121799998,55.06450565100005],[-159.52296221599997,55.06559464600008],[-159.53270722299996,55.08369264300006],[-159.52153623799998,55.11687364200003],[-159.54340323999998,55.12652263800004],[-159.49444124799996,55.137257644000044],[-159.52605224899997,55.14459363900005],[-159.49253925699998,55.15695264200008],[-159.50323526499997,55.176637639000035],[-159.53009325799997,55.16591363600003],[-159.52842926899996,55.19075063400004],[-159.54150126899998,55.19251463200004],[-159.50680028399998,55.222080634000065],[-159.51773329599996,55.252436630000034],[-159.54768127499997,55.207706630000075],[-159.58689827399996,55.21204662400004],[-159.56289225499998,55.16509963100003],[-159.60615025499996,55.17161562500007],[-159.53651024999996,55.14934763700006],[-159.58998824199998,55.139023630000054],[-159.55267222999998,55.10395763900004],[-159.63704823599997,55.13426862400007],[-159.65701422999996,55.12380462200008]]],[[[-159.66224225799996,55.190072615000076],[-159.66699625199996,55.17663761600005],[-159.64774425099998,55.17107261900003],[-159.66224225799996,55.190072615000076]]],[[[-159.69254849499998,55.73434456100006],[-159.68506149499999,55.73380956200003],[-159.68256649699998,55.73775656200007],[-159.69254849499998,55.73434456100006]]],[[[-159.75541320999997,55.09416661100005],[-159.71310621399996,55.095526617000075],[-159.70835222699998,55.12366961500004],[-159.72760422699997,55.12747461200007],[-159.75541320999997,55.09416661100005]]],[[[-159.82232008799997,54.816569627000035],[-159.77312008199996,54.79204763600006],[-159.75125409299997,54.81629563700005],[-159.70252909699997,54.815473644000065],[-159.71560209999998,54.82533364100004],[-159.69373510499997,54.83436864300006],[-159.73937010499998,54.84217063600005],[-159.82232008799997,54.816569627000035]]],[[[-159.82790519599996,55.07335160300005],[-159.80294919299996,55.06083060700007],[-159.75256119899998,55.06790861400003],[-159.79059020699998,55.09280660600007],[-159.82790519599996,55.07335160300005]]],[[[-159.85761518099997,55.044084601000066],[-159.83075716899998,55.01084360800007],[-159.81198117199997,55.01425061000003],[-159.84240418799996,55.05701960200008],[-159.85761518099997,55.044084601000066]]],[[[-159.99509090699996,58.61357625000005],[-159.97773989699996,58.59165925500008],[-159.95872590299996,58.60057625700006],[-159.96751990799996,58.61122425500008],[-159.99509090699996,58.61357625000005]]],[[[-160.05750412599997,54.95144458200008],[-160.04633311899997,54.932604585000036],[-160.03480512099998,54.933969587000036],[-160.04205512599998,54.947963584000036],[-160.05750412599997,54.95144458200008]]],[[[-160.06514036199997,55.50092453000008],[-160.04232336599998,55.50577053200004],[-160.04018437199997,55.51855553200005],[-160.06181336799997,55.51263452900008],[-160.06514036199997,55.50092453000008]]],[[[-160.11273628499998,55.333515539000075],[-160.10417527699997,55.31353054200008],[-160.06990427799997,55.307819547000065],[-160.03850227999996,55.30686655200003],[-160.02707328799997,55.32399755200004],[-160.06229029399998,55.34303354500008],[-160.11273628499998,55.333515539000075]]],[[[-160.20320212599998,54.977847559000054],[-160.18608912699997,54.97600556200007],[-160.17337312899997,54.97948456300003],[-160.19155512999998,54.984394560000055],[-160.20320212599998,54.977847559000054]]],[[[-160.21234602199996,58.852353195000035],[-160.23207401499997,58.84196419300008],[-160.18299300699996,58.82092820300005],[-160.21234602199996,58.852353195000035]]],[[[-160.25703609099997,54.903575559000046],[-160.22649407699998,54.86447356600007],[-160.19155508499998,54.87842357000005],[-160.20545908899996,54.88956656700003],[-160.18014709699997,54.90337056900006],[-160.18537610799999,54.93158056600004],[-160.12179611999997,54.94775957300004],[-160.11335913599999,54.98405357100006],[-159.98917117199997,55.046603583000035],[-160.00592718199997,55.07348757800003],[-159.92998918499998,55.06688758900003],[-159.94187319399998,55.09042558500005],[-159.97455419599999,55.10008258000005],[-159.94698319899996,55.10151058300005],[-159.94484420999999,55.127881581000054],[-159.86688520199996,55.094846595000035],[-159.84668220999998,55.10932859700006],[-159.85963521799997,55.13005659300006],[-159.82683621899997,55.12794959800004],[-159.81198124299996,55.18009859500006],[-159.86106223699997,55.17500858900007],[-159.87603521599996,55.12944459100004],[-159.91240022099998,55.14751358400008],[-159.87888824899997,55.20696058300007],[-159.90562725599997,55.22689257800005],[-159.86106225899997,55.22668958400004],[-159.84097826799996,55.24491758500005],[-159.86462728399997,55.28507157800004],[-159.89005828299997,55.28825157400007],[-159.90824126799998,55.25589057500008],[-159.94436826299997,55.25108157000005],[-159.90966725499996,55.22540157700007],[-159.93105825099997,55.22153757500007],[-159.92832524499997,55.20675757600003],[-159.96516524599997,55.214622570000074],[-159.95268722399996,55.16122957700003],[-160.00545223499998,55.197194566000064],[-160.06047523199996,55.20031455800006],[-160.03504321899996,55.165506565000044],[-159.99891621699996,55.15362557100008],[-160.01888121099998,55.14404956900006],[-159.99879720899997,55.134064573000046],[-160.01293920199998,55.12115457200008],[-159.96956220499996,55.12088257800008],[-160.01246419299997,55.101238574000035],[-160.02315919899996,55.11598957100006],[-160.05429519499998,55.11252356700004],[-160.05631520399996,55.132841565000035],[-160.10694121099996,55.16061855500004],[-160.12845120299997,55.14574755400008],[-160.12239019899997,55.13426855600005],[-160.05714718399997,55.08763756900004],[-160.18775218699997,55.118368548000035],[-160.18977317999997,55.10252954900005],[-160.12559917899998,55.08838556000006],[-160.11121917199998,55.06831656300005],[-160.16719316899997,55.07301155500005],[-160.17420515999999,55.051981556000044],[-160.09351216599998,55.051777568000034],[-160.08079616099997,55.03727457100007],[-160.11419015499996,55.03025956700003],[-160.10468315299997,55.022834569000054],[-160.18953512199997,54.965432562000046],[-160.17361011599996,54.94782756600006],[-160.18561310999996,54.935198566000054],[-160.25370810299998,54.93301355600005],[-160.25703609099997,54.903575559000046]]],[[[-160.31857292199996,58.69011519400004],[-160.27032390999997,58.66107720400004],[-160.27626589599998,58.637458206000076],[-160.24584291199997,58.66120120800008],[-160.27792892099998,58.68233320100006],[-160.27460194099996,58.71715419800006],[-160.30027094499997,58.72949419300005],[-160.31857292199996,58.69011519400004]]],[[[-160.31800728099998,55.36160750700003],[-160.31990827899997,55.35768950700003],[-160.31491727999997,55.35877050800008],[-160.31800728099998,55.36160750700003]]],[[[-160.34649130699998,55.42564149700007],[-160.32115129499996,55.39367750400004],[-160.28208029799998,55.39460750900008],[-160.25046830999997,55.414714512000046],[-160.14801230199998,55.377576530000056],[-160.14232431299996,55.40176052800007],[-160.15610931799998,55.41592852500003],[-160.13543133299999,55.44762052500005],[-160.17678732699997,55.43980052000006],[-160.18177933199996,55.452742518000036],[-160.20198232399997,55.439126516000044],[-160.22384832599997,55.447889512000074],[-160.21179933099998,55.455862513000056],[-160.26058432999997,55.463674506000075],[-160.34649130699998,55.42564149700007]]],[[[-160.40618235499997,55.547688477000065],[-160.37706635199996,55.53484548200004],[-160.36042835699996,55.54298148400005],[-160.37766035799996,55.54903248100004],[-160.40618235499997,55.547688477000065]]],[[[-160.44073990999996,58.688880176000055],[-160.42433990699996,58.67949117900008],[-160.38464792399998,58.70444018300003],[-160.40366194699996,58.74947517600003],[-160.44073990999996,58.688880176000055]]],[[[-160.52027223099998,55.282903486000066],[-160.52051022899997,55.27857148600003],[-160.51385522999996,55.27978948700007],[-160.52027223099998,55.282903486000066]]],[[[-160.52716524599998,55.32051648200007],[-160.47226123699997,55.28940049200003],[-160.38907324299998,55.28737050400008],[-160.37956623199997,55.258530508000035],[-160.33773422799996,55.24267951500008],[-160.30778725699997,55.30320251400008],[-160.31729427099998,55.33836450900003],[-160.35152026599997,55.33214550500003],[-160.32561327499997,55.34782550700004],[-160.33274327899997,55.35944550500005],[-160.36578127799996,55.36214750000005],[-160.42710226199998,55.33795849400008],[-160.49151326599997,55.35850048300006],[-160.49650525399997,55.33295648500007],[-160.52716524599998,55.32051648200007]]],[[[-160.61772124899997,55.34350046700007],[-160.62033624699998,55.339310467000075],[-160.61653324799997,55.34106746700007],[-160.61772124899997,55.34350046700007]]],[[[-160.85229752999996,56.02285136900008],[-160.82496453299999,56.02331637300006],[-160.79145153299996,56.018069378000064],[-160.82650953399997,56.02690237200005],[-160.85229752999996,56.02285136900008]]],[[[-160.86574021899997,55.32126043400007],[-160.83626821099998,55.29880544000008],[-160.85956019899996,55.274103439000044],[-160.83460419099998,55.25209644500006],[-160.85207316999998,55.20628144700004],[-160.80667715699997,55.166115457000046],[-160.81784813799996,55.12427845900004],[-160.79455514399996,55.133111462000045],[-160.78504815599996,55.16000546100008],[-160.76769715699996,55.15946246300007],[-160.77768016099998,55.16923846100008],[-160.75652617299997,55.19475146100007],[-160.68997617999997,55.19678647000006],[-160.66787216899996,55.166794476000064],[-160.62770417099998,55.16475748200003],[-160.61296816499998,55.14778348600004],[-160.54213917599998,55.159734495000066],[-160.53643516399998,55.13134549800003],[-160.49531618299997,55.16604750100004],[-160.54237718699997,55.18640649200006],[-160.48628418799998,55.176771501000076],[-160.45705019499997,55.18817050400003],[-160.48913619499996,55.194412499000066],[-160.49436520699996,55.22384049500005],[-160.56804620499997,55.23292248400003],[-160.52645221399996,55.24606748900004],[-160.56875922399996,55.27545748000006],[-160.57945523599997,55.30563847600007],[-160.56685824799996,55.33119947500006],[-160.52692825599996,55.34228447900006],[-160.52051027199997,55.37754547700007],[-160.53334527299998,55.38416247500004],[-160.57232427199997,55.389157469000054],[-160.61653325199998,55.35133846600007],[-160.59751824299997,55.32700747100006],[-160.62152424299998,55.33119946700003],[-160.66644622699997,55.30198546400004],[-160.69900823299997,55.32186945700005],[-160.66787223499998,55.32173446200005],[-160.64505425299998,55.357824461000064],[-160.64862026499998,55.387334458000055],[-160.72966826699997,55.40724344500006],[-160.80073524999997,55.38078643700004],[-160.84078422199997,55.32504743700008],[-160.86574021899997,55.32126043400007]]],[[[-160.93536646599998,55.89715636900007],[-160.83292648199998,55.91127938200003],[-160.80102947999998,55.90225638800007],[-160.81819050199996,55.95335238000007],[-160.85645647999996,55.91341037900003],[-160.93536646599998,55.89715636900007]]],[[[-161.02358350799997,56.00700334600003],[-160.91302452499997,56.02218736000003],[-160.86394352799996,56.01873336700004],[-160.87285652999998,56.02537536600005],[-160.98979351899996,56.02285934900004],[-161.02358350799997,56.00700334600003]]],[[[-161.06009663499998,66.21089736200008],[-161.05510463399997,66.20989036300006],[-161.05165863699997,66.21180836300005],[-161.06009663499998,66.21089736200008]]],[[[-161.07863563499998,66.21382135800008],[-161.06758262899996,66.20648636100003],[-161.06584263599999,66.21318936100005],[-161.07863563499998,66.21382135800008]]],[[[-161.08364279699998,58.59125908800007],[-161.07524277399997,58.546617094000055],[-161.03329878399998,58.55859009900007],[-160.96372578599997,58.550933110000074],[-160.88389180999997,58.57970511900004],[-160.68346595999998,58.81732212700007],[-160.74196894399998,58.798430120000035],[-160.76578392899998,58.77450711900008],[-161.05979285999996,58.70050008100003],[-161.08364279699998,58.59125908800007]]],[[[-161.25232119899997,55.35372337700005],[-161.25362919699998,55.34879037700006],[-161.24851819899996,55.35318237700005],[-161.25232119899997,55.35372337700005]]],[[[-161.31948061499997,64.12363151800008],[-161.29456560999998,64.11456152300008],[-161.29539763099996,64.13909052000008],[-161.31524362699997,64.13743251700004],[-161.31948061499997,64.12363151800008]]],[[[-161.44352111699996,55.20118036500003],[-161.34416610799997,55.158504383000036],[-161.32750311599997,55.17380438400005],[-161.34749812799998,55.20674137800006],[-161.32989913499998,55.21941837900005],[-161.39937213099998,55.22417836900007],[-161.44352111699996,55.20118036500003]]],[[[-161.49671104699996,63.473873551000054],[-161.49825604399996,63.47047655100005],[-161.49528504499997,63.470900552000046],[-161.49671104699996,63.473873551000054]]],[[[-161.61098004799996,55.072009354000045],[-161.58260004399997,55.058224359000064],[-161.54573705099997,55.06663336400004],[-161.55263005899997,55.08772336100003],[-161.60717706699998,55.11757035000005],[-161.59184705699997,55.09023935500005],[-161.61098004799996,55.072009354000045]]],[[[-161.65352523699997,55.523276304000035],[-161.66053622999996,55.50766530400006],[-161.64282923399998,55.51446230600004],[-161.65352523699997,55.523276304000035]]],[[[-161.67074872399996,58.56075300300006],[-161.66884772299997,58.557467004000046],[-161.66147972299999,58.557219005000036],[-161.67074872399996,58.56075300300006]]],[[[-161.68699635799996,66.95132518400004],[-161.67010236799996,66.95793718600004],[-161.67188437499996,66.96486718500006],[-161.67984637399996,66.96514618300006],[-161.68699635799996,66.95132518400004]]],[[[-161.69547509799997,55.20935232900007],[-161.62904409799998,55.19422833900006],[-161.58721210899998,55.21247134400005],[-161.56261210799997,55.20474134800003],[-161.52786613099997,55.25082834800003],[-161.66053611599997,55.243512330000044],[-161.69547509799997,55.20935232900007]]],[[[-161.70218840099997,66.99168417700008],[-161.69728738899997,66.98039817900008],[-161.67842039399997,66.98276318200004],[-161.68721540099997,66.98959318000004],[-161.70218840099997,66.99168417700008]]],[[[-161.74396913299998,63.61232649700008],[-161.73645912799998,63.60488949900008],[-161.73465213299997,63.61093249900006],[-161.74396913299998,63.61232649700008]]],[[[-161.89655206099997,55.16450630500003],[-161.89025404499998,55.12592931000006],[-161.84438204899996,55.12395831600003],[-161.81609804099998,55.09901232300007],[-161.79007206299997,55.14596932200004],[-161.81253206499997,55.15676631800005],[-161.78080206999996,55.16172232200006],[-161.75442005899998,55.129394328000046],[-161.79886603499997,55.08200932700004],[-161.73837602799998,55.05302033800007],[-161.70926104199998,55.08037734000004],[-161.68442303999998,55.06969534400008],[-161.67479705199997,55.09486434300004],[-161.63334205999996,55.106553347000045],[-161.64113306799996,55.126599344000056],[-161.72839406599996,55.139788331000034],[-161.72518507399997,55.15859933000007],[-161.82001907499998,55.182084314000065],[-161.89655206099997,55.16450630500003]]],[[[-161.91343099899998,55.02014931700006],[-161.88467198499998,54.98279632500004],[-161.86423199199996,54.99288832700006],[-161.90154700099998,55.02450931800007],[-161.91343099899998,55.02014931700006]]],[[[-161.92507803599997,55.11059130700005],[-161.88253302899997,55.08543231500005],[-161.86161703699997,55.10114131600005],[-161.90362903999997,55.11694730900007],[-161.92507803599997,55.11059130700005]]],[[[-161.96667201799997,55.078289304000066],[-161.94170000299997,55.036995312000045],[-161.92837900599997,55.041756313000064],[-161.95191301799997,55.07375130600008],[-161.96667201799997,55.078289304000066]]],[[[-162.00577600499997,63.493659466000054],[-162.01013200199998,63.490634466000074],[-161.99665200399997,63.49090646800005],[-162.00577600499997,63.493659466000054]]],[[[-162.13743273499998,58.66498192300003],[-162.13042173599996,58.66411692400004],[-162.13077773799998,58.66807192400006],[-162.13743273499998,58.66498192300003]]],[[[-162.17371390099999,54.84229929900005],[-162.17502189899997,54.83805629900007],[-162.16872289999998,54.839972300000056],[-162.17371390099999,54.84229929900005]]],[[[-162.36022780199997,54.64510029300004],[-162.37781679099996,54.620062293000046],[-162.36034679499997,54.62728629500003],[-162.36022780199997,54.64510029300004]]],[[[-162.43585092299998,54.95414525100006],[-162.42753291899996,54.94486325400004],[-162.41695592299996,54.950869254000054],[-162.42123392399998,54.95462325300008],[-162.43585092299998,54.95414525100006]]],[[[-162.43549191199997,54.92924925400007],[-162.41778789199998,54.87552226200006],[-162.39912989499996,54.87914626400004],[-162.39277388899998,54.86250726700007],[-162.31582288199996,54.82838428100007],[-162.27434789099996,54.84268928500006],[-162.23265891399998,54.88853228600004],[-162.23394194199997,54.95591927900006],[-162.30037394899998,54.986274267000056],[-162.43549191199997,54.92924925400007]]],[[[-162.46554267299996,54.34948030800007],[-162.46696867099996,54.34269230900003],[-162.45413467299997,54.34518631000003],[-162.46554267299996,54.34948030800007]]],[[[-162.48218069699996,54.41343130000007],[-162.43107968499996,54.37108531100006],[-162.38425668799997,54.36790031800007],[-162.36143969699998,54.38437531900007],[-162.40422169399997,54.38562031300006],[-162.40018070299996,54.40762131100007],[-162.42513770299996,54.41439930700005],[-162.48218069699996,54.41343130000007]]],[[[-162.48717167499998,54.359453304000056],[-162.49049967099998,54.34906530500007],[-162.48336867499998,54.358068305000074],[-162.48717167499998,54.359453304000056]]],[[[-162.51664467799998,54.37330029900005],[-162.50476067599996,54.364992302000076],[-162.44961867999996,54.36222330900006],[-162.48170568199998,54.374546304000035],[-162.51664467799998,54.37330029900005]]],[[[-162.71897899099997,63.58122934100004],[-162.68434898899997,63.57315134800007],[-162.68513297399997,63.55515134900003],[-162.56699597099998,63.53352937100004],[-162.54839698399996,63.54658837200003],[-162.44466899099996,63.54008839000005],[-162.40685800999998,63.55780939400006],[-162.36169899899997,63.538275404000046],[-162.34174301299998,63.55150140600006],[-162.36894801899996,63.56304740000007],[-162.34227904599996,63.591504402000055],[-162.38320505499996,63.60928039300006],[-162.37122606899996,63.62429539400006],[-162.43380607099996,63.636152382000034],[-162.47054305399996,63.62034037800004],[-162.56980705499998,63.63576036000006],[-162.59607704299998,63.625524357000074],[-162.59331802799997,63.60766735900006],[-162.62427803599996,63.62175435300003],[-162.68901199599998,63.58291134600006],[-162.71897899099997,63.58122934100004]]],[[[-162.72255983199997,54.80231022700008],[-162.72659983099996,54.80066622700008],[-162.72184583199999,54.80059722800007],[-162.72255983199997,54.80231022700008]]],[[[-162.79212004499996,55.32478716500003],[-162.79105104399997,55.32269116500004],[-162.78736604499997,55.32465216500003],[-162.79212004499996,55.32478716500003]]],[[[-162.83977502599998,55.29157616100008],[-162.84761802399998,55.289072161000036],[-162.83953702299996,55.284741162000046],[-162.83977502599998,55.29157616100008]]],[[[-162.85676366699997,54.425047248000055],[-162.77452665399997,54.372608264000064],[-162.76026565499998,54.37219326600007],[-162.77452665899997,54.386589263000076],[-162.73174466899997,54.40111926700007],[-162.60862666799997,54.36914728700003],[-162.65330967199998,54.39004927900004],[-162.61314167299997,54.38202228500006],[-162.60672467999999,54.39918228400006],[-162.54682967699998,54.377038295000034],[-162.53209368099996,54.384928296000055],[-162.55847568899998,54.40983429000005],[-162.51711969199997,54.40762129600006],[-162.60458569699998,54.44191328000005],[-162.58485870299998,54.45117328200007],[-162.67113569299997,54.44661327100005],[-162.67018569899997,54.461121269000046],[-162.82919269699997,54.494679244000054],[-162.83370868999998,54.47838724500008],[-162.80970368699997,54.46485125000004],[-162.85676366699997,54.425047248000055]]],[[[-162.73721608399998,55.40283416400007],[-162.87673404499998,55.34395015100006],[-162.67779609399997,55.414304171000026],[-162.73721608399998,55.40283416400007]]],[[[-162.87774971599998,64.45396022800003],[-162.87715571199996,64.45006522800003],[-162.87442271499998,64.45314022800005],[-162.87774971599998,64.45396022800003]]],[[[-162.88732385999998,54.90665519400005],[-162.88589785399998,54.893808196000066],[-162.87496485699998,54.898319197000035],[-162.88732385999998,54.90665519400005]]],[[[-162.91440599599997,55.23821815600007],[-162.92070499299996,55.23239115600006],[-162.90275999599996,55.23496615800008],[-162.91440599599997,55.23821815600007]]],[[[-162.922606,55.24858415400007],[-162.92593399699996,55.24411315400005],[-162.92189299899997,55.24695815500007],[-162.922606,55.24858415400007]]],[[[-162.98155099799996,55.25789714500007],[-162.96942899799998,55.25478214700007],[-162.89836303199996,55.32002015000006],[-162.91547602999998,55.317315148000034],[-162.98155099799996,55.25789714500007]]],[[[-163.17421104599998,55.41662510200007],[-163.13850804099997,55.39565310900008],[-163.11736104599998,55.40251511100007],[-163.11694905599998,55.424886109000056],[-163.13397705799997,55.43501510600004],[-163.16913005299998,55.43026310100004],[-163.17421104599998,55.41662510200007]]],[[[-163.82347936599996,66.30544188300007],[-163.82324135799996,66.29756088400006],[-163.82038936399996,66.30310188400006],[-163.82347936599996,66.30544188300007]]],[[[-164.02750212499998,59.70978853100007],[-163.94481511499998,59.67588354700007],[-163.91980612799998,59.692973549000044],[-163.96555911999997,59.68871454300006],[-164.02750212499998,59.70978853100007]]],[[[-164.58198333499996,63.062553093000076],[-164.58447933299996,63.06050809300007],[-164.57972533499998,63.06126109400003],[-164.58198333499996,63.062553093000076]]],[[[-164.61644731699997,63.04510509000005],[-164.57972531399997,63.034060097000065],[-164.55298632899996,63.04984509900004],[-164.58863832999998,63.05706209300007],[-164.61644731699997,63.04510509000005]]],[[[-164.63819534399997,63.08321908200003],[-164.63415433599997,63.07213508400008],[-164.60539534399996,63.07751608800004],[-164.58388536099997,63.09634308900007],[-164.60456336799996,63.10838608500006],[-164.63819534399997,63.08321908200003]]],[[[-164.85201636799997,54.18388000400006],[-164.83965736699997,54.178664006000076],[-164.81196737299996,54.18680100900008],[-164.83478437199997,54.189791006000064],[-164.85201636799997,54.18388000400006]]],[[[-164.87123910199998,62.809886074000076],[-164.87219009099996,62.79554607500006],[-164.85079909699996,62.80005507800007],[-164.87123910199998,62.809886074000076]]],[[[-164.88303336999996,54.19903799800005],[-164.76443138699997,54.20981201300003],[-164.76371839199996,54.22315301200007],[-164.79853839099997,54.22982300600006],[-164.88303336999996,54.19903799800005]]],[[[-164.90094899799996,62.677633083000046],[-164.88122199499998,62.67048708700008],[-164.84806600299999,62.67506909200006],[-164.87242800999996,62.68892208600005],[-164.880270998,62.674524087000066],[-164.90094899799996,62.677633083000046]]],[[[-164.90071202199996,62.710071080000034],[-164.90261301699996,62.704295080000065],[-164.89762201799996,62.70462208100008],[-164.90071202199996,62.710071080000034]]],[[[-164.90953534699997,54.14791100100007],[-164.91690334299997,54.13914],[-164.90288034399998,54.13802600200006],[-164.90953534699997,54.14791100100007]]],[[[-164.94325597699998,62.65744407800008],[-164.938858951,62.62183308300007],[-164.91140694099997,62.60406708900007],[-164.81633495399998,62.60352010400004],[-164.84747199099996,62.65880809300006],[-164.92376699199997,62.67376008000008],[-164.94325597699998,62.65744407800008]]],[[[-164.94435551199996,54.57734694900006],[-164.93056949199996,54.52268895700007],[-164.89776948499997,54.49557396400007],[-164.91143647899997,54.48328596400006],[-164.88243947799998,54.473964969000065],[-164.84346046099998,54.42006698000006],[-164.74434746199998,54.39399099600007],[-164.64749346999997,54.38963200900008],[-164.41325951299999,54.43430903600006],[-164.34326353499998,54.471479041000066],[-164.32353555299997,54.51034104000007],[-164.34338155499998,54.52193003600007],[-164.32175356599998,54.544271037000044],[-164.17866960499998,54.603169050000076],[-164.04651962799997,54.62629106500003],[-163.81157365699997,54.63654109600003],[-163.58732266999996,54.61259812900005],[-163.57389367799996,54.62801112900007],[-163.52112868499998,54.63282713600006],[-163.50294669499996,54.65297613600006],[-163.41868870499997,54.65827014700005],[-163.40858771999999,54.69207714500004],[-163.42510672999998,54.72009114000008],[-163.36806374799997,54.75000714400005],[-163.32575674999998,54.74589115100008],[-163.32361774099996,54.72194415300004],[-163.28368673399999,54.69564916200005],[-163.24839174399997,54.71061816500003],[-163.25956273599996,54.69537416500003],[-163.22711973899996,54.69400016900005],[-163.22319773199996,54.67689517200006],[-163.19598374399996,54.69901417300008],[-163.11742975099997,54.69764018400008],[-163.11588474599998,54.683971186000065],[-163.15569673499996,54.666930182000044],[-163.06240774199998,54.66040119500008],[-163.04517574799996,54.67119119700004],[-163.05396975499997,54.691322193000076],[-163.09556374999997,54.689261188000046],[-163.10186176599998,54.72976818300003],[-163.14535777499998,54.76296817400004],[-163.18600077699998,54.77661016700006],[-163.22295976399997,54.755356164000034],[-163.32195375299997,54.75048715100007],[-163.37055876199997,54.785520140000074],[-163.37650077799998,54.82469813600005],[-163.41452978799998,54.86021412700006],[-163.39468380499997,54.89474212600004],[-163.42213582299996,54.94603411700007],[-163.44186283199997,54.972099111000034],[-163.54156984399998,55.025814092000076],[-163.52921085299997,55.04522309200007],[-163.45232085799998,55.03718810300006],[-163.53622185499998,55.05053409000004],[-163.66278683699997,55.03998007400003],[-163.77330783099998,55.05189505700008],[-163.89559381199996,55.035690042000056],[-164.04663876599997,54.965005029000054],[-164.12875775999998,54.96937101700007],[-164.30618571099998,54.89713400100004],[-164.35122570599998,54.89733899500004],[-164.42692671199998,54.93101498100003],[-164.49490269799998,54.91558097300003],[-164.55206468099996,54.88811196800003],[-164.57916064899996,54.81655097200007],[-164.70441757299997,54.66376897200007],[-164.76098555799996,54.63984196700005],[-164.85118454299996,54.62890595600004],[-164.92795552299998,54.59841894900006],[-164.94435551199996,54.57734694900006]]],[[[-165.02786869699997,60.835277259000065],[-164.99910968899997,60.81650826600003],[-164.88858871799997,60.839794280000035],[-165.00505172699997,60.87625425900006],[-165.02786869699997,60.835277259000065]]],[[[-165.03012793099998,62.61243206900008],[-165.00445891499996,62.58618007600006],[-164.94468293099996,62.596082085000035],[-165.00612295499997,62.64062707000005],[-165.03012793099998,62.61243206900008]]],[[[-165.04355691599997,62.59548106900007],[-165.06797889899997,62.576787067000055],[-165.01658091099998,62.583335075000036],[-165.04355691599997,62.59548106900007]]],[[[-165.21946929499998,54.10069196400008],[-165.21447829199997,54.08981996600005],[-165.15862329499998,54.08173397500008],[-165.15648428899996,54.06750997600005],[-165.13366729899997,54.08577697700008],[-165.03883230199997,54.06555699200004],[-164.95564431399998,54.073088003000066],[-164.91809133299998,54.111979003000044],[-164.93163934099996,54.13635499900005],[-165.00318033299996,54.13760798900006],[-164.97061832999998,54.11880599600005],[-165.14055931499996,54.13050597200004],[-165.15624630599999,54.11156097200006],[-165.17811330699996,54.11908396800004],[-165.21946929499998,54.10069196400008]]],[[[-165.48139225599996,54.07392493300006],[-165.33450626999996,54.069601953000074],[-165.28768326399998,54.03834896200004],[-165.28197927399998,54.062348960000065],[-165.23325427899996,54.06360396700006],[-165.26961928699998,54.09372295900005],[-165.36088827799998,54.09664994600007],[-165.48139225599996,54.07392493300006]]],[[[-165.48376928399998,54.14763192400005],[-165.48804728199997,54.14387292400005],[-165.47830228299998,54.143037925000044],[-165.48376928399998,54.14763192400005]]],[[[-165.49161227599998,54.13050592500008],[-165.50896327399997,54.12855592300008],[-165.49018627599997,54.12869492500005],[-165.49161227599998,54.13050592500008]]],[[[-165.57503823299996,54.04155892400007],[-165.55578622799996,54.02355092800008],[-165.48067924399996,54.04420993600007],[-165.51229024399998,54.05146693100005],[-165.51561824899997,54.06667292900005],[-165.57503823299996,54.04155892400007]]],[[[-165.68603429799998,54.24496388600005],[-165.66915929399997,54.22898889000004],[-165.61401730699998,54.24482489600007],[-165.58478330599996,54.234128901000076],[-165.63707228499996,54.19493589800004],[-165.59833027699997,54.16419490700008],[-165.64848126199996,54.13997490300005],[-165.60760025699997,54.11406891100006],[-165.54960626299996,54.11309391900005],[-165.53677127099996,54.12897391900003],[-165.55578627399998,54.144151915000066],[-165.477827288,54.15723592400008],[-165.492325291,54.16892592100004],[-165.47616329799996,54.181445921000034],[-165.40105630299996,54.174351932000036],[-165.38370631299998,54.19549193200004],[-165.40676131799998,54.21273092700005],[-165.54318930399998,54.21717790800005],[-165.53201831299998,54.237184908000074],[-165.55531031099997,54.23829690500003],[-165.55863831599999,54.25343390200004],[-165.51799532599998,54.266067906000046],[-165.51252833299998,54.282027905000064],[-165.47925333599997,54.28147291000005],[-165.47378634099996,54.29326590900007],[-165.48757234099998,54.29701090700007],[-165.56909633099997,54.29340489700007],[-165.58145532399996,54.28022389600005],[-165.63017932599996,54.29853688800006],[-165.641826322,54.29312688700003],[-165.62922931899996,54.28105689000006],[-165.67296230899998,54.26884388500008],[-165.68603429799998,54.24496388600005]]],[[[-165.87276798699997,59.86698223600007],[-165.86112198499998,59.86101623900004],[-165.85565498699998,59.86388023900008],[-165.85850699099998,59.870443238000064],[-165.87276798699997,59.86698223600007]]],[[[-166.05954810899996,53.86186488000004],[-166.04849610899998,53.85681888200003],[-166.03863211099997,53.86144488300005],[-166.04231611299997,53.86789188200004],[-166.05954810899996,53.86186488000004]]],[[[-166.08723815799996,53.999667861000034],[-166.06299415499998,53.98387786600006],[-166.04540615999997,53.99170386700007],[-166.05895416199996,54.000645864000035],[-166.08723815799996,53.999667861000034]]],[[[-166.11148120199996,54.12270584400005],[-166.05158619199997,54.07657485700008],[-166.06109318499998,54.06137185700004],[-166.04849617999997,54.04448886100005],[-165.97386419899996,54.07155386800008],[-165.90446220299998,54.06165087800008],[-165.90065919399999,54.03820888100006],[-165.88188219499997,54.03430088400006],[-165.85145920599996,54.055093886000066],[-165.84575521699998,54.080757884000036],[-165.76518222099998,54.066253896000035],[-165.67842823999996,54.09149290500005],[-165.65703725299997,54.11991990400003],[-165.67201125599996,54.131201901000054],[-165.73594724199998,54.11253689500006],[-165.82056123699996,54.12674588200008],[-165.72620225499998,54.14484789200003],[-165.804161256,54.16892587900003],[-165.79750626199998,54.18381087800003],[-165.83173224899997,54.16127187600006],[-165.85954024799997,54.16614287200008],[-165.88021925199996,54.18269786800005],[-165.86334326099998,54.20021986800003],[-165.87071126499998,54.213424865000036],[-165.92490225799997,54.212174858000026],[-165.93607326299997,54.22676585500005],[-166.08248422599996,54.17685584100008],[-166.07582921899998,54.15445284500004],[-166.098409214,54.149580842000034],[-166.11148120199996,54.12270584400005]]],[[[-166.14716115999997,61.75761898700006],[-166.13018414899997,61.738023991000034],[-166.11418514999997,61.736175994000064],[-166.12797017299997,61.77194598800003],[-166.14716115999997,61.75761898700006]]],[[[-166.19847213999998,53.98653384800008],[-166.19348013099997,53.95969285100006],[-166.17446613199996,53.95661585400006],[-166.11694813699998,53.953958862000036],[-166.07321414799998,53.970039866000036],[-166.16329514899996,53.99938885100005],[-166.19847213999998,53.98653384800008]]],[[[-166.22855827199996,64.49206167600005],[-166.21215825799996,64.47322168000005],[-166.19210227799996,64.49214768100006],[-166.19782427999996,64.49595468000007],[-166.22855827199996,64.49206167600005]]],[[[-166.310419052,53.788352856000074],[-166.29092903599997,53.73833586400008],[-166.20750403399998,53.70753687800004],[-166.22164504199998,53.73144687400003],[-166.18528004499998,53.72954887900005],[-166.15913605499998,53.74683988000004],[-166.19573805899998,53.770375873000035],[-166.11825506899999,53.77346588200004],[-166.13168407299997,53.787790879000056],[-166.11397707699996,53.79375888100003],[-166.14178507999998,53.80898887500007],[-166.08474209899998,53.84174587900003],[-166.12360309899998,53.855066872000066],[-166.17719908799998,53.84202686700007],[-166.17244608299998,53.827930869000056],[-166.21439607899998,53.83031586300007],[-166.21273206499998,53.79045886800003],[-166.23091505799997,53.77746886700004],[-166.24743406899998,53.81368986100006],[-166.27797605399996,53.780909861000055],[-166.29746505799997,53.79951385600003],[-166.310419052,53.788352856000074]]],[[[-166.57721406499996,53.905189807000056],[-166.57067806199998,53.89664780900006],[-166.56533006799998,53.91099980800004],[-166.57721406499996,53.905189807000056]]],[[[-166.83129394999997,53.67886280000005],[-166.83462094799998,53.67456880000003],[-166.83069994899998,53.674990801000035],[-166.83129394999997,53.67886280000005]]],[[[-166.84210795599998,53.698215796000056],[-166.84662395299998,53.691671797000026],[-166.83165095499996,53.69139079900003],[-166.84210795599998,53.698215796000056]]],[[[-167.45939897199997,60.211649960000045],[-167.35743394499997,60.14232398300004],[-167.32712991699998,60.08838099400003],[-167.33330990299999,60.06662499500004],[-167.24857691399998,60.06454900800003],[-167.11725888899997,59.99158403600006],[-167.04702489999997,59.992476046000036],[-166.90394089999998,59.95923607100008],[-166.760263881,59.89229810000006],[-166.66483588699998,59.88019411600004],[-166.61670587399996,59.84773712700007],[-166.37807490499998,59.844036163000055],[-166.25151089699997,59.80141318700004],[-166.19042687499999,59.75020520100003],[-166.09190889399997,59.75942321500003],[-166.08430290499996,59.776058214000045],[-166.13944492699997,59.82710720100005],[-165.98233797499998,59.87163621900004],[-165.89510998299997,59.866028233000065],[-165.75559202399998,59.90335425000006],[-165.70663001799997,59.88356325900003],[-165.58446204899997,59.907287275000044],[-165.56592306899998,59.93647227500003],[-165.59111807299996,59.94980526900008],[-165.54738409499998,59.97633627300007],[-165.63508807499997,59.96325126100004],[-165.62534308199997,59.97134026200007],[-165.65529108999996,59.99167325500008],[-165.63390010999998,60.01959625500007],[-165.68001010999998,60.03004624700003],[-165.68072312399997,60.05390324500007],[-165.70972012499996,60.06125823900004],[-165.65980715399996,60.099194243000056],[-165.67335515699997,60.10701324000007],[-165.66337216799997,60.123474240000064],[-165.69094317199998,60.13519423400004],[-165.67501818399998,60.15223223500004],[-165.72469418199998,60.15980222600007],[-165.68214921499998,60.20424022800006],[-165.72790223499996,60.246701216000076],[-165.67478125499997,60.26798422200005],[-165.69593425999997,60.28024121800007],[-165.67632626999998,60.292022219000046],[-165.76711926999997,60.312187203000065],[-165.78066727799998,60.32854619900007],[-165.88310727399997,60.343367182000065],[-165.91875926499998,60.337839177000035],[-165.92588925299998,60.31972017800007],[-166.09262223199997,60.32110315300008],[-166.06814124899998,60.34427815400005],[-166.12375826099998,60.37542814200003],[-166.12779828599997,60.417403137000065],[-166.15952928799996,60.427316131000055],[-166.14419829699997,60.43798913200004],[-166.14716929899998,60.44168313100005],[-166.16713428699998,60.42766813000003],[-166.15513228199998,60.416171133000034],[-166.17355226599997,60.39557113300003],[-166.14217827699997,60.40525613600005],[-166.13362226799998,60.390111139000055],[-166.14978425599998,60.373548139000036],[-166.18650525199996,60.37484013300008],[-166.19743926099997,60.39163712900006],[-166.23249624599998,60.375193126000056],[-166.24105325299996,60.388819123000076],[-166.37985821199996,60.35315610600003],[-166.48764522199997,60.393516085000044],[-166.58057818299997,60.35215707600008],[-166.56762516699996,60.323103081000056],[-166.59222515399998,60.307213079000064],[-166.63690815999996,60.32686907000004],[-166.68705914699999,60.31668906400006],[-166.71379814999997,60.32892805800003],[-166.70595413699996,60.30503506200006],[-166.75503513199996,60.30862605400006],[-166.83846109599997,60.26904504600003],[-166.79603508299996,60.23714505600003],[-166.85129505399996,60.20326505200006],[-166.93971204199997,60.204033038000034],[-166.945535053,60.22333803500004],[-167.04143903399998,60.21418802200003],[-167.10335503699997,60.23454901000008],[-167.15219802199996,60.220505005000064],[-167.22576001899998,60.23319199200006],[-167.24548700599996,60.21672699100003],[-167.31203800599997,60.232365979000065],[-167.41530897099997,60.19913096800008],[-167.45939897199997,60.211649960000045]]],[[[-167.82301272599997,53.399159705000045],[-167.823844725,53.395545705000075],[-167.81968472599996,53.398521705000064],[-167.82301272599997,53.399159705000045]]],[[[-167.85224669099998,53.31109971200004],[-167.80447369199996,53.29746471900006],[-167.79698668599997,53.27785772300007],[-167.67161069599996,53.26044474100007],[-167.65746868499997,53.22645074700006],[-167.65580469299996,53.24768274400003],[-167.61480469799997,53.24853574900004],[-167.62336169999998,53.257138747000056],[-167.60589171299998,53.285282746000064],[-167.49239971699998,53.25742276400007],[-167.49370672499998,53.27988276100007],[-167.44272473999996,53.30524176500006],[-167.45282574399997,53.32071976200007],[-167.38330476099998,53.34428076800003],[-167.30736576699996,53.33427577900005],[-167.29132278299997,53.37243777600003],[-167.17070080599999,53.397741789000065],[-167.13801982099997,53.42628879000006],[-167.11413281999998,53.416798794000044],[-167.05994183099997,53.42798780000004],[-167.05102883899997,53.448800798000036],[-166.98424084899997,53.45417980600007],[-166.99838283899996,53.42890880700003],[-166.98067583899999,53.42444781000006],[-166.95571885699997,53.46429780900007],[-166.92232485999997,53.46238781300008],[-166.92874285199997,53.44179381500004],[-166.89891385299998,53.43450182000004],[-166.88714886499997,53.46422681800004],[-166.88001785299997,53.42841282300003],[-166.87039186499996,53.46019382000003],[-166.84115787199997,53.47009882300006],[-166.84484186599997,53.45290582500007],[-166.80918986099996,53.42692583200005],[-166.81560686999998,53.455098828000075],[-166.80158387799997,53.472149828000056],[-166.790650872,53.45163183200003],[-166.74917587299998,53.44094383800007],[-166.76129687699998,53.45665583500005],[-166.74287688199996,53.46429783600007],[-166.74252088799997,53.48148583400007],[-166.77722188899997,53.49598082800003],[-166.76925989599997,53.50990582800006],[-166.78482789499998,53.51372182500006],[-166.77199290099998,53.52700482500006],[-166.79956390899997,53.55758281800007],[-166.77234891499998,53.56541782100004],[-166.77116090599998,53.539859824000075],[-166.73859889799996,53.50792683200007],[-166.69213290299996,53.50587683800006],[-166.66372989899997,53.48374884400005],[-166.64792390899999,53.50665484400008],[-166.72017891199997,53.54014283100008],[-166.71150291899997,53.55567683000004],[-166.70009491399998,53.53745883300007],[-166.63639691599997,53.52311884300008],[-166.66384893799997,53.592828832000066],[-166.57661992599998,53.530148850000046],[-166.60062593499998,53.56277084300007],[-166.57388693599998,53.557688848000055],[-166.56342895499998,53.60538184300003],[-166.50757395299996,53.58118885300007],[-166.52468695999997,53.60799084800004],[-166.55534795999998,53.61757884300005],[-166.53193596799997,53.630265845000054],[-166.54477097399996,53.650274841000055],[-166.50911897099996,53.631040848000055],[-166.50377097999998,53.653796846000034],[-166.44815397999997,53.635409855000034],[-166.42545599099998,53.65943085500004],[-166.40144999099996,53.65252885900003],[-166.41511699799997,53.67428685500005],[-166.381485,53.67083786000006],[-166.38005900599998,53.68660485800007],[-166.36330300099996,53.66640186300003],[-166.34809100799998,53.681537863000074],[-166.27500501899996,53.68653487200004],[-166.28581902099998,53.69610486900007],[-166.26323902699997,53.703984871000046],[-166.26716103299998,53.72290386900005],[-166.33323602899998,53.73162185900003],[-166.31719303999998,53.75713385800003],[-166.34108004799998,53.786702852000076],[-166.38219803399997,53.76120884900007],[-166.37803902499996,53.73619185300004],[-166.40477802199996,53.73675384900008],[-166.41274003099997,53.763175845000035],[-166.43995402499996,53.756009842000026],[-166.47085300999998,53.723817842000074],[-166.51672500399997,53.723606836000044],[-166.52361799299996,53.69582383800008],[-166.54904898499998,53.68280483600006],[-166.53657099799997,53.712987835000035],[-166.58291899199997,53.71319882800003],[-166.54833600399996,53.73309883100006],[-166.60597399899999,53.73872182300005],[-166.48024102699998,53.77378183500008],[-166.51042602399997,53.775256831000036],[-166.51910202899998,53.79021282800005],[-166.41844404599996,53.804532840000036],[-166.43353705299998,53.82726483500005],[-166.38707105999998,53.83196384000007],[-166.38505006499997,53.846548839000036],[-166.35605307299997,53.85685384200008],[-166.34987408399996,53.88565183900005],[-166.32052008099998,53.86813684500004],[-166.24351209399998,53.87724585400008],[-166.25099910099996,53.89916785100007],[-166.22152710599997,53.90266885400007],[-166.20477011899996,53.931995853000046],[-166.23139011899997,53.941089849000036],[-166.24161110899996,53.91848985000007],[-166.26157610699997,53.91771984700006],[-166.24921611699997,53.94094984600008],[-166.27583612999996,53.983807838000075],[-166.29271211999998,53.96290883800003],[-166.37340410399997,53.94465782900005],[-166.38053410899997,53.959902827000064],[-166.35510312399998,53.99282182600007],[-166.37601812799997,54.00944582200003],[-166.40988811499997,53.98464682000008],[-166.41095709999996,53.94717482400006],[-166.44161809799996,53.95179082000004],[-166.44304407999996,53.90294882500007],[-166.52492505899997,53.873181818000035],[-166.53669006699997,53.89741781300006],[-166.51375406999998,53.897767816000055],[-166.50210807799996,53.91701981600005],[-166.53039107699996,53.92289881100004],[-166.56461705599997,53.87766581200003],[-166.54465205699998,53.87409281500004],[-166.54679105199997,53.861339816000054],[-166.60787503199998,53.82698381200004],[-166.57614505499998,53.87864681000008],[-166.63770404699997,53.87738580200005],[-166.61987805499996,53.89202580300008],[-166.64661706499996,53.928426795000064],[-166.58862308399998,53.959622799000044],[-166.62570109699996,54.00616378900003],[-166.66848309599996,54.01670878200008],[-166.72588308199997,53.999388777000036],[-166.74608608599996,54.01440377200004],[-166.84092006099996,53.978077764000034],[-166.88524705899997,53.98897875700004],[-166.97722903599998,53.95710574900005],[-167.00955403299997,53.96004274400008],[-167.03534201999997,53.93367474400003],[-167.08323400899997,53.918559739000045],[-167.11852998499998,53.866595741000026],[-167.15572697699997,53.858886737000034],[-167.15204296699997,53.829157741000074],[-167.09357397099998,53.819968750000044],[-167.08061996799998,53.80839175300008],[-167.09202895999996,53.791125753000074],[-167.02726095499997,53.757063766000044],[-166.96320597099998,53.77750477100005],[-166.85613197099997,53.744696789000045],[-166.87764196599997,53.73759778700003],[-166.76818997899997,53.735910802000035],[-166.69034998099997,53.716504814000075],[-166.79492896799997,53.71537980100004],[-166.73800496999996,53.70194481000004],[-166.76034696299996,53.69103880800003],[-166.83248196099998,53.70799379700003],[-166.81097195099997,53.67372380300003],[-166.82606494699996,53.668936802000076],[-166.79374094699997,53.657035808000046],[-166.78910593599997,53.62617781200004],[-166.82737194399996,53.66245880300005],[-166.85743893499998,53.645413801000075],[-166.85957794699996,53.679566796000074],[-166.89570495599997,53.716715787000055],[-167.03534193599998,53.70827577000006],[-167.06552692599996,53.689560768000035],[-167.07158791599997,53.66668377000008],[-167.00705791499996,53.64231478200003],[-166.99636290899997,53.62237178500004],[-167.05138490699997,53.633859777000055],[-167.03831289399997,53.594944783000074],[-167.05483190099997,53.62011677800007],[-167.09523690099996,53.633577771000034],[-167.16380788699996,53.616168764000065],[-167.12839387399998,53.569687774000045],[-167.13671186599998,53.551051775000076],[-167.09226586699998,53.53848278300006],[-167.09060286299996,53.52562678400005],[-167.05221686699997,53.524779789000036],[-167.06992385799998,53.50711378900007],[-167.18805084999997,53.52407277200007],[-167.15525084399997,53.49672277900004],[-167.18365383799997,53.48830977700004],[-167.15002183599998,53.471194783000044],[-167.19886583299999,53.481167775000074],[-167.20100482599997,53.46221077700005],[-167.29500682199998,53.483288763000076],[-167.28847081899997,53.471689765000065],[-167.30415781499997,53.46588976400005],[-167.25994881599996,53.45343677100004],[-167.29773980999997,53.45159676600008],[-167.28656980399998,53.431492770000034],[-167.34301780599998,53.45548876000004],[-167.32780678999998,53.40578376800005],[-167.39281179799997,53.450463754000054],[-167.38496878699996,53.416054759000076],[-167.39804078399996,53.413009758000044],[-167.41717478899997,53.433333753000056],[-167.46958278799997,53.446925745000044],[-167.48574477599996,53.419242746000066],[-167.55538476499999,53.41485073700005],[-167.52175376399998,53.39884074400004],[-167.518425768,53.41024674300007],[-167.48895376499996,53.392108749000045],[-167.49560876099997,53.38211474900004],[-167.58129175999997,53.40783873500004],[-167.58069775499996,53.393667737000044],[-167.60755575099998,53.394234733000076],[-167.59353274499998,53.371125738000046],[-167.62003374599996,53.38438273300005],[-167.63928573999996,53.37311173200004],[-167.64427674699996,53.39366772800008],[-167.66602473799998,53.377152728000056],[-167.69312073899997,53.38835272300008],[-167.81600069699996,53.31514671600007],[-167.85224669099998,53.31109971200004]]],[[[-167.85604968399997,53.29185371300008],[-167.85913968099996,53.28645471400006],[-167.85295968199998,53.286951714000054],[-167.85604968399997,53.29185371300008]]],[[[-168.03436689599997,53.936348613000064],[-168.03816989199998,53.92837161400007],[-168.02628589299997,53.92683261600007],[-168.03436689599997,53.936348613000064]]],[[[-168.09474338399997,64.96842932100003],[-168.04863338499996,64.96038233000007],[-168.04934740299998,64.98069532700003],[-168.07477839899997,64.98059532300005],[-168.09474338399997,64.96842932100003]]],[[[-168.120206009,65.64787924100006],[-168.06971795099997,65.57698725700004],[-167.84668295499998,65.54005629800008],[-167.46505290199997,65.41348837400005],[-167.04629594799997,65.38558444500006],[-166.68894495399996,65.32865051000005],[-166.51864698799997,65.33554453700003],[-166.36064296999996,65.28862956800003],[-166.34721396099997,65.27633957200004],[-166.38124993599996,65.25573956800008],[-166.47608689099997,65.22402555600007],[-166.45777086099997,65.18830056300004],[-166.48121283599997,65.16523556200008],[-166.63154477499998,65.12538054100008],[-166.54954579999998,65.13792455300006],[-166.54443478299999,65.11938155600006],[-166.70938574599998,65.10787653100004],[-166.92008774699997,65.14661749200008],[-166.93973977399997,65.18029648500004],[-166.90632382399997,65.22789648500003],[-166.84795184999996,65.24513149300003],[-166.84260488199996,65.27879949000004],[-166.90345084099997,65.24557948400007],[-166.95158075499998,65.16084848500003],[-166.85867070699996,65.09215750800007],[-166.70131668499997,65.03964753900004],[-166.68419066999996,65.02044954400003],[-166.70280964599996,64.99690354400008],[-166.68932363699997,64.98471254700007],[-166.52042961899997,64.93444358000005],[-166.42031658499997,64.87954960200005],[-166.40360954499997,64.83214561000005],[-166.42654551799998,64.80650960900005],[-166.47527050099998,64.79603560300006],[-166.47229943799996,64.72458561100007],[-166.39612237699998,64.64226063200005],[-166.19991835299996,64.57887267100006],[-165.42936040099997,64.49999280500003],[-165.00841240599996,64.43451188000006],[-164.80313445099998,64.45127691200008],[-164.46651957399996,64.53639595800007],[-164.30729761899997,64.56148698200008],[-163.99455665399998,64.55174103400003],[-163.86370169199998,64.57433805300008],[-163.64910071499997,64.56796308900005],[-163.45150671199997,64.53481912500007],[-163.29226369099996,64.48668815600007],[-163.25305168099996,64.46950016400007],[-163.22292164599997,64.42546317400007],[-163.14993163099996,64.39799518900003],[-163.10728564699997,64.40972719400008],[-163.09258267599998,64.44042419400006],[-163.10211969099998,64.45846919000007],[-163.02718271799998,64.47794420100007],[-163.04460072299997,64.48658519700007],[-163.03034574999998,64.51435319700005],[-163.14953672899998,64.50868917700006],[-163.18114775399997,64.54089216900007],[-163.27503174699999,64.54691915300003],[-163.35263377299998,64.58836013600006],[-163.31210978199996,64.59203114200005],[-163.21287883999997,64.64170115400003],[-163.13444385599996,64.64841816600006],[-163.12541285199998,64.64241316800008],[-163.14454582999997,64.62087616700006],[-163.15451883299997,64.62615816500005],[-163.13919782199997,64.61119716900004],[-163.01964479999998,64.56958719300007],[-163.01584178499996,64.55233219500008],[-163.04558577099996,64.54049319100005],[-162.93788178699998,64.54278720900004],[-162.91922276899996,64.51989321400004],[-162.83699375199998,64.48939923100005],[-162.87272971099998,64.44814422900004],[-162.83274470699996,64.43773223700003],[-162.80210067999997,64.40248424500004],[-162.80990663799997,64.35610624900005],[-162.78771561299996,64.32480325600005],[-162.73743564899996,64.35834926100006],[-162.63143668699996,64.38543327500008],[-162.64173570199998,64.40392427200004],[-162.60222474699998,64.44990727400005],[-162.61559876299998,64.46994727000003],[-162.54345382699998,64.53149027500007],[-162.23325094499998,64.62019631800007],[-162.21890197799996,64.65421831700007],[-162.18515200199997,64.67618732100004],[-161.88909806499998,64.70623036700005],[-161.75827912399998,64.75298638400005],[-161.89518206999998,64.71199936500005],[-161.92715007399997,64.72057735900006],[-161.83457411799998,64.75693937100004],[-161.66932316699996,64.78848739500006],[-161.54270315199997,64.75612942000004],[-161.54782913899996,64.74241142000005],[-161.53299413699997,64.73795842300007],[-161.51703415299997,64.75364542400007],[-161.42633516799998,64.75896243900007],[-161.36670119399997,64.77907844700007],[-161.35612522399998,64.81060744600006],[-161.21018130999997,64.88504846300003],[-161.19611234199996,64.91829546200006],[-161.17489435399997,64.92810046500006],[-161.14066835999998,64.93061747000007],[-161.15234734299997,64.91329247000004],[-161.07780230999998,64.86820648700007],[-160.98641428799996,64.83340950500008],[-160.90227528699998,64.82233952100006],[-160.78165320199997,64.71550255100004],[-160.80037410599996,64.61210455800006],[-160.89478806799997,64.58213854500008],[-160.95551602799998,64.54467253800004],[-161.09004200799998,64.53946151600007],[-161.06033199499998,64.52142152300007],[-161.01125099899997,64.52019453100007],[-161.01232098299997,64.50168153300007],[-161.21886495499996,64.49666749900007],[-161.38452696799996,64.53302446800006],[-161.46907093499996,64.50657445600007],[-161.47555887699997,64.44314446100003],[-161.53343384499996,64.41426545400003],[-161.51988583099998,64.39665645800005],[-161.52784781399998,64.37836745900006],[-161.47294385499998,64.41806346400006],[-161.39617387199996,64.42647747600006],[-161.33710985799996,64.40328048800006],[-161.26580586099996,64.39794050000006],[-160.97077074599997,64.23003156500005],[-160.95004872499996,64.20298357100006],[-160.95717867799996,64.15028557500005],[-160.93923359899998,64.05701658700008],[-160.76798542799997,63.83534063700006],[-160.76452838199998,63.77941464200006],[-160.80102334099996,63.73633464100004],[-160.95004823499997,63.627850626000054],[-160.98665121899998,63.61380562200003],[-161.01724022299996,63.622683616000074],[-161.04295918199998,63.57608961600005],[-161.11381715499996,63.55305560700003],[-161.10309614099998,63.53464661000004],[-161.13499613199997,63.52852360500003],[-161.13982210999998,63.50188360700008],[-161.43859403899998,63.45594556300006],[-161.47255804799997,63.47164255600006],[-161.58109601599998,63.44685554000006],[-161.67686802099996,63.46677552300008],[-161.81051998299998,63.43886450300005],[-161.95501697599997,63.450436479000075],[-161.97130995899997,63.43264647800004],[-162.01910196699998,63.44909146800006],[-162.03132395299997,63.43376346800005],[-162.13851793699996,63.42897945100003],[-162.15586793799997,63.433444448000046],[-162.09181395299998,63.442584457000066],[-162.08206897399998,63.466112456000076],[-162.04475296599998,63.45124346400007],[-162.04704198599998,63.47594446100004],[-162.00611699699996,63.48431746700004],[-162.08504,63.49911445300006],[-162.07527701299998,63.51286645300007],[-162.31380700799997,63.541717411000036],[-162.27256896599997,63.48495242300004],[-162.37557991799997,63.44017941100003],[-162.43597385999996,63.37742340800003],[-162.66260171199997,63.22717638600005],[-162.82862067199997,63.20270136100004],[-162.84926362999997,63.15322536300005],[-162.96718758299997,63.11147734800005],[-163.04229453499997,63.06204234100005],[-163.23101249199996,63.037643313000046],[-163.35104046999996,63.02821229400007],[-163.39922949799998,63.07254728200007],[-163.48960750899997,63.100457265000045],[-163.48521051699998,63.11077826400003],[-163.53809450599996,63.10465025700006],[-163.52609152899998,63.13221525600005],[-163.56875552299996,63.13098024900006],[-163.58604053399998,63.148662244000036],[-163.62960150699996,63.12077324000006],[-163.62175752499996,63.14306223900007],[-163.75664056499997,63.21518221000008],[-163.82437955299997,63.21068320000006],[-164.05072456299996,63.26170115800005],[-164.36688349699998,63.23132411000006],[-164.58531138299998,63.12466808600004],[-164.54965936399998,63.09413809500006],[-164.57941634199997,63.07060109300005],[-164.51899833599998,63.052538104000064],[-164.53480433099998,63.04817510200007],[-164.53432831699996,63.03093410400004],[-164.68323528899998,63.020153081000046],[-164.75869823999997,62.970617075000064],[-164.81134418699997,62.91055407300007],[-164.86006910999998,62.81851907500004],[-164.81930609799997,62.796307083000045],[-164.87005108499997,62.787885076000066],[-164.85495805599996,62.74726208300007],[-164.87254704399996,62.733709082000075],[-164.84141102199996,62.69988009000008],[-164.82096997899998,62.63838810000004],[-164.77379096299998,62.60871511000005],[-164.77034395099997,62.59154211300006],[-164.85234392399997,62.569871102000036],[-164.97474890199996,62.563519083000074],[-165.20125780299998,62.472429057000056],[-165.28622774899998,62.41464705000004],[-165.32290670499998,62.36052605000003],[-165.35907669599996,62.35620204500003],[-165.60947253299997,62.17923902400008],[-165.66794850799997,62.15539301800004],[-165.74530644099997,62.07693001400003],[-165.76051741199998,62.03884101600005],[-165.75511337499998,61.98530302300003],[-165.72092434099997,61.930442034000066],[-165.61505730099998,61.85283605900008],[-165.62337629499999,61.84465005800007],[-165.73473627599998,61.840873042000055],[-165.78808824899997,61.81244603600004],[-165.80416325699997,61.827159032000054],[-165.92241724199997,61.828998014000035],[-166.10325120399997,61.81193998700007],[-166.01079415399997,61.72007701200005],[-165.95850416299996,61.722892020000074],[-165.94133715199996,61.70355402400003],[-165.86319515999998,61.699350037000045],[-165.85946115099998,61.684312039000076],[-165.75386215899997,61.67522705700003],[-166.15102507399996,61.632711],[-166.164335076,61.63875199700004],[-166.14591512499996,61.706419992000065],[-166.187559041,61.59231299800007],[-166.14936099199997,61.51186901300008],[-166.09098998699997,61.49253902400005],[-166.07583799599996,61.50205502600005],[-166.10795799899998,61.51305601900003],[-166.08343701399997,61.52994402100006],[-165.94389904999997,61.55469204000008],[-165.78150004499997,61.513599070000055],[-165.75332803099997,61.48755607700008],[-165.76634000999996,61.45967707800003],[-165.92007596199997,61.419602059000056],[-165.92334294199998,61.389781061000065],[-165.87883290599999,61.32816007500003],[-165.84711589999998,61.31138208200008],[-165.64678691499998,61.29309811500008],[-165.63300190799998,61.27916711800003],[-165.59746891999998,61.28990112300005],[-165.59746890199997,61.26277312600007],[-165.64207387299996,61.228408122000076],[-165.61676085499997,61.196382130000075],[-165.62705983399997,61.16715113100008],[-165.59824979999996,61.109415142000046],[-165.50821979599996,61.08554915900004],[-165.37476281199997,61.08192918000003],[-165.33281287599996,61.16990217600005],[-165.30015888699998,61.18109518000006],[-165.24380087499998,61.15161619200006],[-165.17321087899998,61.14324320400004],[-165.18510286199998,61.11913220500003],[-165.11212684199998,61.07503222100007],[-165.02014483999997,61.053700237000044],[-164.99352485599996,61.07238823900008],[-164.95240585999997,61.06928424600005],[-164.94860283199998,61.026368251000065],[-165.02406681199997,61.01041824100008],[-165.12317880099997,61.01444922600007],[-165.18996477299999,60.98415821900005],[-165.19242976099997,60.96669022000003],[-165.15617474099997,60.92884623000003],[-165.05737174099997,60.90942524700006],[-164.92626078399996,60.94832626300007],[-164.92031877199997,60.92956626600005],[-164.95882274599998,60.89680926300008],[-164.87765572999996,60.85522228000008],[-164.86850471699998,60.83322128400005],[-164.96333867899997,60.793292274000066],[-165.03416766499998,60.78668026400004],[-165.02426564599998,60.75409826900005],[-164.96892063499996,60.72584628000004],[-165.01123160699998,60.69066127700006],[-165.06280759799998,60.68781027000006],[-165.09976757199996,60.65422226800007],[-165.14720556399996,60.65115926100003],[-165.19198653599997,60.61634425800008],[-165.24879252499997,60.61086225000008],[-165.25259551099998,60.588985251000054],[-165.27743249899999,60.576377249000075],[-165.37226648899997,60.57958823400003],[-165.41837646799996,60.55541123000006],[-165.377971445,60.51080624100007],[-165.19602745999998,60.496705270000064],[-165.06126250699998,60.54401728600004],[-164.97130151599998,60.53955730000007],[-164.96571549699996,60.508642304000034],[-165.01517646799996,60.47141330000005],[-165.14064743499998,60.44457528400005],[-165.01705439999998,60.363814312000045],[-164.88633038499998,60.312178337000034],[-164.74646638999997,60.29239936100004],[-164.66897240899996,60.30717437100003],[-164.64211437499998,60.24666238100008],[-164.49808035899997,60.19108840900003],[-164.49265534399999,60.16536041300003],[-164.38827230299998,60.07734743800006],[-164.20478429599999,60.02890947100008],[-164.12587428299997,59.99261548700008],[-164.11814926999998,59.96960649000005],[-164.22142124199996,59.94426047700006],[-164.14144219299996,59.84519050000006],[-163.94666319199996,59.805468534000056],[-163.70481621399998,59.79480457100004],[-163.35674226699996,59.81664362200007],[-163.09933532099998,59.85748665700004],[-162.90420037999996,59.91913368100006],[-162.80853439999998,59.93393269400008],[-162.75279841999998,59.95678770000006],[-162.74269743799996,59.98468069900008],[-162.71976144399997,59.991694702000075],[-162.63724544299998,59.97383671600005],[-162.55611845399997,59.97825972800007],[-162.47815949399998,60.03006673500005],[-162.50062054299997,60.11295672300008],[-162.49004356399996,60.14568672100006],[-162.45130158599997,60.17436672400004],[-162.37259159099997,60.16911473700003],[-162.26209653799998,60.06358176500004],[-162.22561253999996,60.060675771000035],[-162.17379850199998,59.989009786000054],[-162.10570348699997,59.95332680000007],[-162.11105146799997,59.92362080200007],[-162.08490644599996,59.88285881000007],[-161.96844340799998,59.799152836000076],[-161.92910737499997,59.73812084800005],[-161.88157135799997,59.70234785900004],[-161.89107834999996,59.68927485900008],[-161.86885532199997,59.638675867000075],[-161.70117225499996,59.49836590700005],[-161.74169723299997,59.46789090300007],[-161.78578622799998,59.46710589700007],[-161.77483323799999,59.481234897000036],[-161.78531123599998,59.480687895000074],[-161.81929920399998,59.43092289500004],[-161.84900920199996,59.432493890000046],[-161.88062017699997,59.39584988900003],[-161.95489515899996,59.37890488000005],[-161.95596514399998,59.35232088200007],[-161.99292413199998,59.338384878000056],[-162.05638408599998,59.27104687500008],[-161.98413002399997,59.15005189800007],[-161.87871898799997,59.06811192200007],[-161.82179498299996,59.050574932000075],[-161.84128396899996,59.029054931000076],[-161.78566693799996,58.96416994600003],[-161.78697390099998,58.89971395200007],[-161.75655086699996,58.83286196300003],[-161.75892784499996,58.79329296700007],[-161.80456280899998,58.73709196600004],[-161.86564578899998,58.71321595900008],[-161.84033377799997,58.68821196500005],[-161.88917675399998,58.654473961000065],[-161.94550674599998,58.649527953000074],[-161.93849476099996,58.674868952000054],[-161.96998775399996,58.668009948000076],[-161.98555575999998,58.68154094400006],[-162.17522372299996,58.649898919000066],[-162.07551771699997,58.62101293600006],[-161.82096274699998,58.62874697400008],[-161.75607572499996,58.57748498900003],[-161.77009870999998,58.55132898900007],[-161.68702972299997,58.56019500100007],[-161.62998674999997,58.59916300500004],[-161.55998975799997,58.60194901600005],[-161.50342278199997,58.63635602100004],[-161.30507882499998,58.67919304600008],[-161.37269881199998,58.666403038000055],[-161.37423483199998,58.70266903400005],[-161.29973087399998,58.76612803900008],[-161.18279289299997,58.780791055000066],[-161.17150290399996,58.79723305500005],[-161.08058992299996,58.816498067000055],[-160.96579096699998,58.87484407900007],[-160.86905497799998,58.87932809300003],[-160.82876896699997,58.85232310200007],[-160.82377695399998,58.82907910500006],[-160.77695399199996,58.888448106000055],[-160.67510903299998,58.94412811600006],[-160.33167413799998,59.07336915600007],[-160.30307113399996,59.06249216200007],[-160.33603312499997,59.05210015800003],[-160.28283711499998,59.02682016800003],[-160.25412609399996,58.98524417600004],[-160.32892806399997,58.94412816900007],[-160.29601006999997,58.949032173000035],[-160.28840405999998,58.93008617600003],[-160.27747106999996,58.94621317600007],[-160.25833706999998,58.94277918000006],[-160.24526503899997,58.88761918700004],[-160.15102506599996,58.91922919800004],[-160.15970003299998,58.862249202000044],[-160.09469503499997,58.85727121300005],[-160.09136704599996,58.87521321100007],[-160.06474005299998,58.88292921500005],[-159.99804305399996,58.87563722600004],[-159.98120304599996,58.857947230000036],[-159.99154203099997,58.83421523000004],[-159.91429600999996,58.784794247000036],[-159.90989900099999,58.76834624900005],[-159.79652602999997,58.80326626300007],[-159.78951403899998,58.81797526300005],[-159.81209405099997,58.84208725700006],[-159.79854605699998,58.85118625800004],[-159.77572905899999,58.85038626200003],[-159.76348804899996,58.831571265000036],[-159.75124805699997,58.84307026600004],[-159.74601906399997,58.855857266000044],[-159.76978706899996,58.86722626100004],[-159.73318408799997,58.894803264000075],[-159.72748009899996,58.91315526300008],[-159.74269110399996,58.92548626000007],[-159.61612711999996,58.93382727800008],[-159.58475309999997,58.89480328700006],[-159.65106606299997,58.83975028200007],[-159.53365206799998,58.830463300000076],[-159.44987005699997,58.79821831600003],[-159.34220101999998,58.717844340000056],[-159.06444087899996,58.42446240800007],[-158.89999787499997,58.39305243600006],[-158.80052889099997,58.40843245000008],[-158.69689994499998,58.492191458000036],[-158.76142995299998,58.51572244600004],[-158.77402698799997,58.57996343900004],[-158.80587698899998,58.58634443300008],[-158.88573705799996,58.72167040900007],[-158.82453406599998,58.72722241800005],[-158.78638708399998,58.75275342100008],[-158.77509709599997,58.77259742100006],[-158.79577511499997,58.80979141500006],[-158.76820414899998,58.865198414000076],[-158.77569115499998,58.877792412000076],[-158.72233215699998,58.87275542000003],[-158.61668318699998,58.91248043300004],[-158.52986624299996,58.99796943900003],[-158.48168124799997,58.99944444600004],[-158.48453421999997,58.95264945000008],[-158.50568716299998,58.85450545500004],[-158.55488715299998,58.84300944900008],[-158.56332412999998,58.80462045100006],[-158.39136311699997,58.75873248100004],[-158.34537209999996,58.72197849100007],[-158.31910806299996,58.65422750100004],[-158.17234105099996,58.613401527000065],[-157.56328717299996,58.753863608000074],[-157.32941023399997,58.83341663700003],[-157.10587226799998,58.86771766900006],[-157.04348129899998,58.91333967400004],[-157.04597731499996,58.94228967100008],[-157.02375432899998,58.963312673000075],[-156.97134634299996,58.98309768000007],[-156.92927634099996,58.97378868700008],[-156.96086733399997,58.96550068300007],[-156.97990229599998,58.90143368500003],[-157.01115728299996,58.88325968200007],[-157.01579227399998,58.86747268200003],[-156.98667626399998,58.84700568900007],[-156.99677724599997,58.81649869000006],[-157.06261521499997,58.76970268300005],[-157.05180018299998,58.71191969000006],[-157.17123415099996,58.66825767500006],[-157.37837205599996,58.523231656000064],[-157.45193904099997,58.50561864600007],[-157.53464597099997,58.38931564400008],[-157.54748093299997,58.32210364700006],[-157.53619090599997,58.271641653000074],[-157.44195087799997,58.20733667300004],[-157.38835487999998,58.20533368200006],[-157.40689386199998,58.17382468100004],[-157.43268185599996,58.16561367800006],[-157.52632784799997,58.162479664000045],[-157.52727786299997,58.19092866200003],[-157.58063782299996,58.123276659000055],[-157.65823964499998,57.798791676000064],[-157.70433659799997,57.71541467600008],[-157.70589454999998,57.624152683000034],[-157.69455054399998,57.61217168600007],[-157.60131554899996,57.60964070000006],[-157.56994150499997,57.52091671300008],[-157.58776748999998,57.493784712000036],[-157.65146548799999,57.49793570200006],[-157.69365351399998,57.55319369100005],[-157.68070051999996,57.56345769200004],[-157.75652050999997,57.55389468200008],[-157.93002645699997,57.473981663000075],[-158.00049841799998,57.40708365800003],[-158.08107139399996,57.37128164900008],[-158.08380538699998,57.35718165000003],[-158.23128535699996,57.31895663200004],[-158.37959730999998,57.24650261600004],[-158.54026823799998,57.12510660300006],[-158.67954916099998,56.99075359400007],[-158.69673813699998,56.94353859600005],[-158.68133112799998,56.922713600000066],[-158.69440411099998,56.89001060100003],[-158.65126509099997,56.84434661100005],[-158.65994007599997,56.81320061300005],[-158.64936307099998,56.80279161500005],[-158.81562005199996,56.78873359200003],[-158.91188105699996,56.81365557600003],[-158.95003006799996,56.84222456800006],[-158.83879409999997,56.89001058000008],[-158.89099909199996,56.88121457300008],[-159.03309704599997,56.80793155900005],[-159.25295098899997,56.724367534000066],[-159.81518185999997,56.547676469000066],[-160.06046777899996,56.41721944500006],[-160.14627176399998,56.40017643400006],[-160.24657072299996,56.33114042600005],[-160.35037469299996,56.28350441600003],[-160.46380959999996,56.104091416000074],[-160.58692853299996,55.979690411000036],[-160.55198954199997,55.99178941500003],[-160.52652153899996,55.98062641900003],[-160.55389051599997,55.93458442000008],[-160.51586152499996,55.94802842400003],[-160.47616951499998,55.91887143200006],[-160.41817551599996,55.90981444100004],[-160.32310350199998,55.861025459000075],[-160.24371850399996,55.852220472000056],[-160.22256549699998,55.83206947600007],[-160.31882548199997,55.81751646400005],[-160.26536146899997,55.777242476000026],[-160.24443147199997,55.780509478000056],[-160.25179946599997,55.76780947800006],[-160.36517245999997,55.77703446100003],[-160.40963847099997,55.80853945200005],[-160.46190845699996,55.78759344700006],[-160.47582346699997,55.81298944200006],[-160.45905647999996,55.838076442000045],[-160.49469748899998,55.86419343500006],[-160.65110147299998,55.85755741300005],[-160.79323447399997,55.88596039000004],[-160.75116444799997,55.82152240200003],[-160.75496742799996,55.77770240600006],[-160.68865442899997,55.76740841600008],[-160.69900842399997,55.75670741600004],[-160.65157641999997,55.73932042400003],[-160.66006641299998,55.72478442400006],[-160.68054741399996,55.73131642100003],[-160.66464940199998,55.70237242600007],[-160.68699139799998,55.69701542300004],[-160.70766941399998,55.73784841600008],[-160.77744741499998,55.75151140500003],[-160.77754740499998,55.72901540700008],[-160.79418440199998,55.726338405000035],[-160.90018942999998,55.809370382000054],[-160.93940742799998,55.81164037700006],[-160.95438044299996,55.84875137100005],[-160.93108846099997,55.88449437100007],[-160.96602744999998,55.866893367000046],[-161.00571944999996,55.87476136100008],[-161.02378345899996,55.897022356000036],[-161.00310547199996,55.92273435700008],[-160.94677548799996,55.94696436300006],[-160.89219349499996,55.95321037000008],[-160.85455548799996,55.930324377000034],[-160.86815751699996,55.99711636900008],[-160.92229450699998,55.98487636200008],[-160.94487350999998,55.99551235800004],[-160.96079849799997,55.973041358000046],[-161.02330848899996,55.965060350000044],[-161.04707647799998,55.94390334900004],[-161.12812448199998,55.96891833500007],[-161.14031547399998,55.95312833400004],[-161.22699046599996,55.95278332200007],[-161.28000246399998,55.95867431400006],[-161.28523146899997,55.97117931200006],[-161.19253649199996,56.003087322000056],[-161.08249050499998,56.01106133700006],[-161.09556250599996,56.01531233500003],[-161.17661149699998,56.01052932400006],[-161.80242238799997,55.894624246000035],[-161.93451634199997,55.819351235000056],[-162.05769031699998,55.78879622100004],[-162.14664528399996,55.733348214000046],[-162.25705225599998,55.69337320200003],[-162.59128111899997,55.452736180000045],[-162.50904412999998,55.45893619000003],[-162.52069011199998,55.42050919300004],[-162.50120010099997,55.38974119800008],[-162.53590108399996,55.35854419700007],[-162.57488107599997,55.347869192000076],[-162.64048007799997,55.36827118100007],[-162.64166908799996,55.39257617900006],[-162.66662507099997,55.358679179000035],[-162.70251506599996,55.35395017400003],[-162.68587706399998,55.345437177000065],[-162.73531304299996,55.30779017400005],[-162.79806203799998,55.310958165000045],[-162.83918101499998,55.26521116400005],[-162.85272801999997,55.28051116100005],[-162.89931401099997,55.26995015500006],[-162.88956900799997,55.26033515800003],[-162.90977199899996,55.244079157000044],[-162.84797500199997,55.23689716600006],[-162.86793997599997,55.18020916900008],[-162.93349296799997,55.17675016000004],[-162.93377696199997,55.16215516200003],[-162.99295896299998,55.17858015200005],[-163.08446595299998,55.176273139000045],[-163.01221097699997,55.21683514500006],[-163.02338198099997,55.228629142000045],[-162.98701698999997,55.24109814600007],[-163.00199099099999,55.24760214300005],[-163.11465094999997,55.17722313500008],[-163.20116693499997,55.16134012500004],[-163.42078287399997,55.06754210400004],[-163.41151286699997,55.048484107000036],[-163.37823787199997,55.05284111200007],[-163.36231387799998,55.06427611300006],[-163.41293986999997,55.05651710600006],[-163.29980390399996,55.109982116000026],[-163.31671489,55.08203711700003],[-163.28411688099996,55.051752125000064],[-163.27983886499996,55.01333912900003],[-163.29671384699998,54.97434313100007],[-163.21875483799997,54.93367114600005],[-163.33958383399997,54.95269312700003],[-163.34615182199997,54.92616012900004],[-163.31633581799997,54.90781713500007],[-163.31890380599998,54.88012013800005],[-163.38732778999997,54.857454131000054],[-163.35721677399997,54.81082214000003],[-163.31728677699996,54.808219145000066],[-163.29541978799998,54.831225146000065],[-163.21888679999998,54.84135415500003],[-163.19773381399997,54.86899215500006],[-163.02660386299996,54.94755917100008],[-163.07128787299996,54.98262616100004],[-163.21623287799997,55.02825613600004],[-163.18466090999996,55.097707134000075],[-163.07913192499998,55.108449147000044],[-163.00735191999996,55.08053416000007],[-162.94460490299997,55.02396417400007],[-162.96433189599998,55.01197217300006],[-162.95482488599998,54.98504717700007],[-162.88114387099998,54.933736192000026],[-162.75220288599996,54.939402209000036],[-162.70633089899997,54.96001321400007],[-162.71785790799998,54.98272821000006],[-162.68137391699997,54.99779621300007],[-162.62076592099996,54.991592222000065],[-162.58547091199998,54.96178723000003],[-162.55350291299996,54.957148235000034],[-162.60234596199996,55.087132215000054],[-162.62599496599998,55.10161721000003],[-162.62361797499997,55.12153320900006],[-162.58808498699997,55.14130421200008],[-162.64714900399997,55.196352198000056],[-162.69729899899997,55.19580919100008],[-162.72451300599997,55.21723818500004],[-162.69646702899996,55.26534318400007],[-162.66117203699997,55.27685218800008],[-162.68303803699996,55.28233518400003],[-162.63978105099997,55.30466418800006],[-162.56110905599996,55.29776419900003],[-162.56229705099997,55.28619320000007],[-162.58440104999997,55.29099719700008],[-162.57346804599996,55.27922120000005],[-162.63490803799996,55.27394119200005],[-162.51357303999998,55.25057921100006],[-162.48219900399997,55.159707224000044],[-162.40578499399996,55.11718423900004],[-162.34802899499996,55.106648248000056],[-162.40198198599998,55.09842124200003],[-162.46294699199998,55.124727231000065],[-162.52100498199997,55.115417223000065],[-162.49527096399999,55.067063232000066],[-162.41303395699998,55.031593247000046],[-162.33810496699996,55.03765025700005],[-162.31998197799996,55.05984925700005],[-162.27779396599996,55.021716267000045],[-162.22051297299998,55.02655227400004],[-162.18962199099997,55.062434275000044],[-162.22752500599998,55.10685226500004],[-162.17072003199996,55.15502226800004],[-162.11130003399998,55.148231277000036],[-162.11938102799996,55.134647277000056],[-162.10512002599998,55.12690228000008],[-162.13768201699997,55.11283427700005],[-162.05580100699999,55.07182629200008],[-161.96405702899997,55.10413230200004],[-161.94100203999997,55.12431930300005],[-161.96262704299997,55.13707129900007],[-161.96559805399997,55.16185829600005],[-162.01622405299997,55.17061528800008],[-161.99732806199998,55.187987289000034],[-162.03927907399998,55.227046279000035],[-161.97772008399997,55.23565228700005],[-161.90342607799997,55.20494130000003],[-161.87833208799998,55.22373830200007],[-161.86078110999998,55.27087330000006],[-161.68846418199996,55.40415931100006],[-161.70070419499996,55.43451130600005],[-161.68751322699998,55.50591630100007],[-161.70058523099996,55.51829729800005],[-161.63142125799996,55.56496230300007],[-161.63249026599996,55.583975301000066],[-161.58760628599998,55.61984630400008],[-161.45482430399997,55.63364832100007],[-161.35880230199996,55.61063233700003],[-161.37441928399997,55.57197033800003],[-161.49225923599997,55.48679733000006],[-161.47336423599998,55.484238333000064],[-161.47229422699996,55.46241533500006],[-161.48310820599997,55.41556133800003],[-161.51555219099998,55.388367336000044],[-161.50390517999998,55.36088434100003],[-161.45387418299998,55.35757434800007],[-161.34786920399998,55.38391136000007],[-161.31399920199996,55.37290636600005],[-161.33253819499998,55.35879036500006],[-161.24210120099997,55.35615537800004],[-160.99735425899996,55.44026540400006],[-160.94654629299998,55.50759840500007],[-160.90792330299996,55.52475540800003],[-160.82711230499996,55.513251421000064],[-160.83780828599998,55.472116423000045],[-160.79787828299996,55.45641843100003],[-160.66965029599996,55.46086544800005],[-160.65001430699996,55.48327844900007],[-160.66216332199997,55.51923944400005],[-160.75996831699996,55.52711042900006],[-160.77113932299997,55.54325042600004],[-160.71694833399997,55.558342432000074],[-160.64861533599998,55.54930144300005],[-160.59525636699996,55.60871944500008],[-160.57386536799999,55.60751044800003],[-160.59644436199997,55.59905144500004],[-160.59858335299998,55.57756044700005],[-160.53750031299998,55.474743465000074],[-160.50339331599997,55.476359470000034],[-160.46049133299996,55.50732947300003],[-160.44789435999996,55.565432470000076],[-160.43185136099999,55.56603747200006],[-160.44528036399998,55.57436946900003],[-160.35543738599998,55.60788047900007],[-160.43304139399996,55.63997946500007],[-160.42163140399998,55.66107546400008],[-160.27949840599996,55.63867948700005],[-160.24253941099997,55.643106491000026],[-160.25846441399997,55.65376848800008],[-160.23921242099996,55.66650549000008],[-160.21342341799996,55.655176494000045],[-160.13440142799996,55.66217150500006],[-160.13380145599996,55.724172499000076],[-160.15293445999998,55.738693495000064],[-160.12156045799998,55.72771950100008],[-160.11193444899996,55.70576350400006],[-160.05548544899997,55.69638751300005],[-160.09303845799997,55.72223150500008],[-160.01828846299998,55.71935351600007],[-160.02114047499998,55.747323513000026],[-160.04990047799998,55.760364508000066],[-160.03219249199998,55.78723450800004],[-160.00117549899997,55.797122511000055],[-159.96944549099996,55.77420251800004],[-159.97301050899998,55.81482151400007],[-159.95970051199998,55.81996251500004],[-159.87318550299997,55.783826531000045],[-159.84644651299996,55.80226653300008],[-159.84395052599996,55.831110531000036],[-159.85916253099998,55.84432352700003],[-159.83052153799997,55.85413053000008],[-159.72558654399998,55.85052854600008],[-159.60627053599998,55.81048156600008],[-159.67911949799998,55.739763562000064],[-159.62849348399996,55.699803573000054],[-159.67175147599997,55.688885568000046],[-159.70764145999996,55.658863566000036],[-159.61672846099998,55.64565458000004],[-159.61577845499997,55.63270958100003],[-159.63918945099996,55.626939578000076],[-159.62944444399997,55.60868558200008],[-159.67876344499996,55.61915557400005],[-159.74721443199996,55.60197256500004],[-159.69694543599996,55.60224157300007],[-159.73402341799996,55.56899457000003],[-159.66165042999998,55.58424457900003],[-159.59581242699997,55.56482859000005],[-159.62183843699998,55.592303584000035],[-159.58143346199998,55.64203258500004],[-159.55029746499997,55.642770590000055],[-159.52153847799997,55.66751059100005],[-159.53960147799998,55.66938758900005],[-159.53354049099997,55.69759358700003],[-159.55528849499999,55.71071858300007],[-159.49442352399998,55.765798586000074],[-159.51238755899996,55.846592576000035],[-159.53152055799998,55.84859357400006],[-159.51785456999997,55.87113657300006],[-159.54744556499998,55.86593557000003],[-159.53033257599998,55.88753557000007],[-159.45411358599998,55.896242580000035],[-159.47221957399998,55.873603580000065],[-159.46152356999997,55.86186758200006],[-159.47269455499998,55.83064358400003],[-159.41969253899998,55.78676759500007],[-159.39806354599997,55.79765759700007],[-159.40115357199997,55.85666559100008],[-159.35504358499998,55.87680359600006],[-159.32034258599998,55.87500360100006],[-159.31451957899998,55.85706560400007],[-159.29063258399998,55.86426860700004],[-159.27553959699998,55.89080160600008],[-159.20589960599997,55.89959761500006],[-159.17405060299998,55.888602621000075],[-159.15313461399998,55.908790622000026],[-159.08087962699997,55.92457463100004],[-159.00819061599998,55.89007364500003],[-159.01195262899998,55.91977964100005],[-158.96881363899996,55.93436064600007],[-158.91890164099996,55.930033654000056],[-158.91307763499998,55.91538465600007],[-158.84367568499997,56.015354657000046],[-158.79625867499996,55.98525166700006],[-158.77070768399997,56.00153566900008],[-158.77153969199998,56.01927366700005],[-158.73267969299997,56.01515567300004],[-158.71913168899997,56.00332967600008],[-158.73077767999996,55.98631467600006],[-158.71425867799996,55.97840367900005],[-158.75074266699997,55.96104467500004],[-158.73481866399996,55.95206367800006],[-158.70142467399998,55.96756368200005],[-158.66791166799996,55.95073268800007],[-158.65376967499998,55.96317368900003],[-158.69346168099997,55.98232568200007],[-158.63962768599998,55.98445368900008],[-158.63998370199997,56.01973868600004],[-158.66517870699997,56.036008681000055],[-158.71711170299997,56.03368467400003],[-158.72554870899998,56.04935067100007],[-158.66505971599997,56.05505867900007],[-158.65662172499998,56.073435679000056],[-158.66755472599996,56.07728267700003],[-158.64842173299996,56.08862167900003],[-158.69678973799998,56.10632067000006],[-158.66684174899999,56.12626267300004],[-158.67195175499998,56.140633671000046],[-158.72412275899998,56.155793662000065],[-158.64937275999998,56.14778367300005],[-158.64010275699997,56.13904467500004],[-158.66458374599998,56.11924167400008],[-158.63653774499997,56.11321167800003],[-158.55132977699998,56.169888686000036],[-158.62192078699997,56.20196367300008],[-158.45518779299996,56.19012869800008],[-158.52138178799999,56.188078688000076],[-158.49499978799997,56.18377969200003],[-158.51829178399998,56.178554690000055],[-158.48739377699997,56.15983069600003],[-158.53730677299998,56.15738168900003],[-158.55774675999996,56.134078688000045],[-158.54229775199997,56.11400669200003],[-158.56725375499997,56.123414687000036],[-158.59541974599998,56.109699685000066],[-158.58496174499996,56.10486268600005],[-158.59363673399997,56.08205768700003],[-158.54835873599998,56.08066469400006],[-158.59244872799997,56.069323688000054],[-158.59838671799997,56.048822689000076],[-158.58691671299997,56.03696569200008],[-158.49119673499996,56.069522703000075],[-158.53397871799996,56.03839870000007],[-158.54895271899997,56.04397469700007],[-158.55406270899996,56.02146569800004],[-158.50771569199998,55.97886870900004],[-158.49513369799996,55.98920771000007],[-158.50391271999996,56.037867704000064],[-158.43142070399998,55.99276271800005],[-158.41050471599996,56.01508971900006],[-158.41062372899998,56.04523571700008],[-158.45815873099997,56.054991709000035],[-158.44187772199996,56.03295471300004],[-158.45233571799997,56.02691171200007],[-158.49357372499998,56.04875370500008],[-158.46029873699996,56.06872670800004],[-158.47764874699996,56.09306370300004],[-158.50117974599996,56.09419069900008],[-158.49179075499998,56.113278699000034],[-158.46505175299998,56.10472970400008],[-158.44960276099997,56.11837970500005],[-158.42654773999996,56.06958871200004],[-158.40028373799998,56.061892717000035],[-158.39444475099998,56.09007871500006],[-158.44270976999996,56.13824970400003],[-158.40705776699997,56.12573271000008],[-158.38542879699997,56.18794670800003],[-158.37549977299997,56.13344271400007],[-158.34876076999998,56.12436971900007],[-158.33663877699996,56.13635672000004],[-158.34828578399998,56.15423171600003],[-158.18630681299996,56.192073736000054],[-158.17858182299997,56.21250073600004],[-158.15077382499996,56.21375574000007],[-158.15719083199997,56.22822573700006],[-158.11452783999997,56.23932274300006],[-158.17494983399996,56.23622773400007],[-158.31073179799998,56.17911072000004],[-158.33854079699998,56.18049971500005],[-158.29801581499999,56.21210371800004],[-158.36385381299996,56.21884470800006],[-158.39914880399996,56.203775705000055],[-158.37847081599998,56.22723470600005],[-158.40437782099997,56.24203070000004],[-158.31073182499998,56.236416715000075],[-158.19581385599997,56.28598672700008],[-158.33129086499997,56.324817704000054],[-158.40176384599997,56.29502169600005],[-158.41103285199998,56.30840669400004],[-158.39735686199998,56.32892169400003],[-158.42909685899997,56.32620169000006],[-158.43281486699996,56.34350568700006],[-158.49540885799996,56.33430567900007],[-158.50539187799998,56.37782667400006],[-158.40532892099998,56.453687682000066],[-158.32629993999998,56.48309769100007],[-158.24548893499997,56.46038570400003],[-158.13010194299997,56.460939721000045],[-158.11428995799997,56.48965872100007],[-158.15433896399998,56.50743571400005],[-158.13544297199996,56.52212271500008],[-157.86306196699996,56.47285975900007],[-157.81600198899997,56.514254762000064],[-157.833709,56.53817975800007],[-157.82063700999998,56.557832758000075],[-157.84000701299996,56.56660675400008],[-157.91119301199998,56.57479074300005],[-158.12546097599997,56.52848071600005],[-158.13306698199997,56.541979714000036],[-158.10181199599998,56.56778571600006],[-158.05724700099998,56.57282672200006],[-158.02741801799996,56.602602724000064],[-157.97108802199998,56.60299473200007],[-157.91856104499996,56.64313773600003],[-157.84107704999997,56.64379074800007],[-157.82871805899998,56.66155974800006],[-157.76371807199996,56.67924775600005],[-157.73681907199997,56.67561676000008],[-157.67779104299998,56.60816177500004],[-157.46685006399997,56.62280980400004],[-157.45009407399996,56.64124280500005],[-157.47612008599998,56.66972379900005],[-157.54397708499997,56.67540378800004],[-157.56180309799998,56.706011783000065],[-157.50975112999998,56.76480778600006],[-157.40160713599997,56.76285380200005],[-157.42114015399997,56.80169179600006],[-157.45094515199997,56.80222279100008],[-157.47124716599998,56.83352578600005],[-157.42751418199998,56.86069179000003],[-157.37783918499997,56.85991279700005],[-157.20076814899997,56.764351831000056],[-157.14360616299996,56.78525483800007],[-157.14812218399996,56.82903983400007],[-157.09773418899996,56.83333084100008],[-157.08561218299997,56.81928484400004],[-157.02714322199998,56.89134384600004],[-156.98733123499997,56.91198085000008],[-156.93159623999998,56.91593785800006],[-156.94371724399997,56.925926856000046],[-156.92363326399996,56.962486856000055],[-156.88631826699998,56.964041861000055],[-156.84020823799997,56.901014873000065],[-156.80643924199998,56.90495087800008],[-156.78791827299997,56.96604987500007],[-156.74715629199997,56.99836287900007],[-156.78055030199997,57.02230487200006],[-156.77448930799997,57.03368787200003],[-156.71566431299996,57.037760880000064],[-156.67139629499997,56.99606489000007],[-156.65564929999996,57.004381892000026],[-156.55802229199998,56.97702890900007],[-156.55338830799997,57.00807090700005],[-156.61090632499997,57.04900989500004],[-156.51488432999997,57.04816990900008],[-156.47614234699998,57.07744091300003],[-156.44084635199997,57.08254291700007],[-156.44892736099996,57.10126691500005],[-156.42789336199996,57.10262191800007],[-156.46936836499998,57.112108911000064],[-156.46568437099998,57.12488391000005],[-156.41018637299996,57.12185191900005],[-156.40685838199997,57.13939491800005],[-156.36823538599998,57.14300592300003],[-156.31784741099997,57.18727492700003],[-156.38142641399998,57.19912191700007],[-156.40376842499998,57.223062911000056],[-156.38534843699998,57.24467391200005],[-156.33757444199998,57.24994591900003],[-156.31511446499997,57.29370091900006],[-156.34339846899996,57.303074914000035],[-156.32854347699998,57.31764491500007],[-156.39300447299996,57.31796190500006],[-156.53425444699997,57.28252588700008],[-156.54824245799998,57.30591788300006],[-156.53356447099998,57.32852788300005],[-156.48802647499997,57.33098989000007],[-156.49527546699997,57.31674589000005],[-156.48042047999996,57.33984089000006],[-156.32794853099998,57.42292690600004],[-156.21326854499998,57.43802492200007],[-156.21374355799998,57.46411192000005],[-156.19576056799997,57.480059922000066],[-156.13031856499998,57.46813793200005],[-156.10761955099997,57.43917593800006],[-156.02336255299997,57.43386695100003],[-156.01328356299996,57.450845951000076],[-156.04558558499997,57.49803494300005],[-156.04534759499998,57.517696941000054],[-156.02621459799997,57.52146294400006],[-156.04511061799997,57.56164393800003],[-156.03322662199997,57.56827293900005],[-155.93375760999996,57.53384095700005],[-155.87683261899997,57.54512996400007],[-155.82656363799998,57.57674796900005],[-155.81539263699997,57.57375297100003],[-155.82252362699998,57.55622497200005],[-155.79721062299998,57.54474797600005],[-155.73149162599998,57.54430098600005],[-155.72483664399996,57.57891498400005],[-155.74135565499998,57.601398980000056],[-155.72186566399998,57.61534098200008],[-155.77700767299996,57.638247972000045],[-155.73291767199999,57.63188697900006],[-155.58757669599996,57.664191998000035],[-155.58353370899997,57.68856899700006],[-155.63456371499998,57.70476498800008],[-155.61205773899997,57.74863498800005],[-155.61871274999996,57.76993698500007],[-155.59934175899997,57.78381398700003],[-155.54550776399998,57.78812199500004],[-155.50189374799996,57.75472300400003],[-155.41418974699997,57.74337101800006],[-155.39398672699997,57.70466002400008],[-155.30141074299996,57.72478203700007],[-155.28631775999997,57.75668803700006],[-155.36094877499997,57.79103602300006],[-155.31638477599998,57.790023029000054],[-155.28810078399997,57.801676033000035],[-155.32624777899997,57.796673027000054],[-155.33908279299996,57.82433902300005],[-155.21596480599996,57.83718404100006],[-155.24828882099996,57.86753603400007],[-155.19255281299996,57.84749404400003],[-155.08357683199998,57.87316105800005],[-155.06182684999996,57.90433105900007],[-155.11673386899997,57.94595604700004],[-155.04293387699997,57.95383805800003],[-155.02772290399997,58.00305205600006],[-155.01714589799997,57.98970005900003],[-154.87940992399996,58.02546207700004],[-154.80858191299998,57.99895909000003],[-154.77162291599998,58.00185609600004],[-154.72705792599996,58.01639910100005],[-154.71754994599996,58.05333010000004],[-154.67286695399997,58.06477210600008],[-154.64327595199998,58.05785711100003],[-154.64113593799996,58.031629113000065],[-154.56650493699996,58.02370012500006],[-154.53699395999996,58.06395212700005],[-154.55818597099997,58.085825122000074],[-154.46347097099996,58.07897613700004],[-154.44742697899997,58.09110213800005],[-154.46846200699997,58.14445513100003],[-154.45859801499998,58.15887813100005],[-154.48438703199997,58.19152712500005],[-154.43673202399998,58.17235513400004],[-154.43625700999996,58.14727713600007],[-154.36578398899997,58.10391415000004],[-154.38158998499998,58.09637814800004],[-154.31539597999998,58.08280915900008],[-154.33738201999998,58.15712215000008],[-154.27356500699997,58.12908516200008],[-154.21298501299998,58.13469217100004],[-154.29733303999998,58.19177815300003],[-154.26524603399997,58.17749315900005],[-154.26001704099997,58.18983615900004],[-154.17849304399996,58.18845817200008],[-154.16435104899998,58.19716417300003],[-154.17908705599996,58.211315170000034],[-154.14760005599996,58.20926917500003],[-154.14605006799997,58.230780174000074],[-154.20392507799997,58.25329716300007],[-154.09863209599996,58.27842517700003],[-154.13630510199997,58.291108171000076],[-154.15104111499997,58.31608416700004],[-154.18574211699996,58.321763161000035],[-154.21117410999997,58.31109015800007],[-154.19227810799998,58.306220161000056],[-154.20178510099998,58.29504216000004],[-154.28937009599997,58.29204414700007],[-154.25621408699996,58.27261415400005],[-154.27237608099998,58.26367615200007],[-154.32799307699997,58.261488143000065],[-154.34974108999998,58.28629813800006],[-154.22971311999996,58.330375153000034],[-154.16126112499998,58.33555316300004],[-154.19869613399996,58.35457515600007],[-154.09471113299998,58.34335017300003],[-154.09720614099996,58.35912617200006],[-154.04479814099997,58.35576018000006],[-154.00035215399998,58.375269185000036],[-153.97337516499996,58.392090188000054],[-154.05050217299998,58.41307417500008],[-154.07605320599998,58.47290516600003],[-154.05145321599997,58.49042416900005],[-153.92381922799996,58.50098218800008],[-153.90860823699998,58.51674918900005],[-153.92144224099997,58.52432018600007],[-153.91177025699997,58.552618186000075],[-153.87521426899997,58.570084190000046],[-153.90456727499998,58.58284718400006],[-153.89717628799997,58.60623818400006],[-153.67761829999998,58.611604217000036],[-153.59270131599996,58.633794229000046],[-153.55624734699998,58.685776231000034],[-153.43253536899996,58.716027248000046],[-153.38678239499998,58.75969125200004],[-153.35098544499996,58.84355225100006],[-153.27970744399997,58.83646426300004],[-153.25154245299998,58.85023626600008],[-153.26438746099998,58.865902263000066],[-153.30941745199996,58.85361725700005],[-153.34114745899998,58.86652325100005],[-153.28624346599997,58.87469425900008],[-153.32189546899997,58.883600253000054],[-153.32617349199998,58.92226924900007],[-153.37549249499997,58.93159324100003],[-153.40496451799996,58.97308723300006],[-153.44239951699998,58.973271227000055],[-153.48636953099998,58.999478218000036],[-153.52772651999996,58.98350521300006],[-153.60913152999996,59.00627119900008],[-153.71014557299998,59.08542917700004],[-153.73070457199998,59.08585617400007],[-153.71252256799997,59.07706317700007],[-153.72488156199998,59.068207176000044],[-153.78762956499997,59.07871216600006],[-153.85370454799997,59.054338157000075],[-154.06357555099996,59.07266612300003],[-154.16090551599996,59.02074111200005],[-154.19251652999998,59.04648410500005],[-154.18122654299998,59.06903110500008],[-154.20083553799998,59.062006103000044],[-154.16647155699997,59.09187210600004],[-154.19715155499998,59.09077110100003],[-154.16862956299997,59.101574105000054],[-154.17445257399996,59.120975102000045],[-154.25371856699996,59.11536309000007],[-154.24944057699997,59.13091509000003],[-154.26572158199997,59.14036508600003],[-154.21378858999998,59.15145709400008],[-154.24302359299998,59.15718508900005],[-154.22698059999996,59.16906409000006],[-154.17207560599996,59.17509309800005],[-154.18158361499997,59.19067909600005],[-154.12679862099998,59.19731210400005],[-154.11859862999998,59.21045510400006],[-154.14450563799997,59.22614609900006],[-154.11099268499996,59.30273409800003],[-153.94461672699998,59.36147112000003],[-153.98894373199997,59.37200711200006],[-153.99132072199998,59.35571711300008],[-154.09637570999996,59.34408509700006],[-154.14082172499997,59.37097808800007],[-154.10041572399996,59.36643709500004],[-154.04539273999998,59.389621102000035],[-154.01627673199997,59.374792108000065],[-153.97991174799998,59.39893911200005],[-153.94877574099996,59.38429511800007],[-153.89624876399998,59.419139123000036],[-153.72756778099998,59.43534714800006],[-153.74140078799996,59.44905314500005],[-153.70349079999997,59.46650615000004],[-153.73387482299998,59.505755142000055],[-153.77479483299996,59.52483913400005],[-153.76742684199996,59.53906013400007],[-153.59308885599998,59.55110716100006],[-153.55577288599997,59.59660616300005],[-153.62089690399998,59.63075015100003],[-153.67900989599997,59.62167614200007],[-153.70408490399998,59.636517137000055],[-153.63004791099996,59.64312414800003],[-153.63004793699997,59.68472014500003],[-153.59974394599996,59.697135149000076],[-153.61174693099997,59.67446114900008],[-153.56123990199998,59.62335916100005],[-153.47733891799996,59.643845172000056],[-153.44453895299998,59.69827417300007],[-153.46319699299997,59.76416616600005],[-153.45321399899996,59.77290216700004],[-153.33651297099996,59.72141118900004],[-153.38137696499996,59.715054182000074],[-153.37192795399997,59.69575618500005],[-153.38904093399998,59.66443918500005],[-153.42635591899997,59.64228418000005],[-153.31607291299997,59.62576319900006],[-153.30204991999997,59.63717820000005],[-153.31963793599996,59.66401919600003],[-153.29135394099998,59.670741200000066],[-153.24916591999997,59.633033209000075],[-153.22016892199997,59.63543621400004],[-153.15587693699996,59.65597522200005],[-153.13507995299997,59.679861224000035],[-153.04900296599996,59.695649236000065],[-152.99140203899998,59.810513237000066],[-153.02146905299998,59.83446823000003],[-153.08968304999996,59.83363222000003],[-153.14625103199998,59.80752421300008],[-153.23526204099997,59.827540197000076],[-153.19735206099998,59.85786920100003],[-153.00887208599997,59.88620222900005],[-152.81694608599997,59.876482260000046],[-152.79187009899996,59.89544326200007],[-152.70856411299997,59.91272427400003],[-152.67730914899997,59.96879827500004],[-152.60006318199996,60.016939284000046],[-152.57303022199997,60.078459284000076],[-152.68639525599997,60.13771826200008],[-152.67837827499997,60.16614326100006],[-152.82110529499997,60.20525823500003],[-152.88504131699997,60.242321222000044],[-152.73946230999996,60.223382247000075],[-152.72092332299997,60.24226224900008],[-152.68408331799998,60.23288325500005],[-152.67042532599996,60.24432125700008],[-152.62692731099997,60.219423265000046],[-152.55763731499997,60.22232027600006],[-152.50106934699997,60.26891228200003],[-152.40801836499998,60.29212529500006],[-152.37200940499997,60.351437297000075],[-152.30724141299996,60.36037130600005],[-152.23647343699997,60.39456931500007],[-152.32245345699997,60.429179299000054],[-152.33255448399996,60.47044029500006],[-152.30914350899997,60.50720329600006],[-152.20385154999997,60.56489830900006],[-152.10000557299998,60.59436732300003],[-152.04626961899996,60.661118327000054],[-151.84798767499998,60.73569535400003],[-151.90817769099996,60.76256734200007],[-151.90520670299998,60.780033341000035],[-151.81286867299997,60.73120736000004],[-151.71046666299998,60.71265837800007],[-151.70603067599998,60.73242737700008],[-151.78910073399996,60.821718357000066],[-151.80027075699996,60.85478335300007],[-151.71393580099996,60.91654736300006],[-151.49354587099998,61.011075392000066],[-151.34963087399996,61.01026941500004],[-151.29364489299996,61.03571642300005],[-151.16471590399996,61.046821443000056],[-151.02567299599997,61.175369457000045],[-150.94212902199996,61.20927046800006],[-150.87427102399997,61.21087347900004],[-150.70753905799998,61.254224503000046],[-150.65596208699998,61.29363550900007],[-150.61116007599998,61.27690651800003],[-150.55174008899996,61.29472052600005],[-150.52783307099998,61.26796353200007],[-150.46883505599996,61.24462854300003],[-150.20491706999996,61.25954958500006],[-149.98589705799998,61.237516622000044],[-149.91725407999996,61.26748163100007],[-149.91642212499997,61.33145762700008],[-149.88219616199996,61.38284063000003],[-149.81172417399998,61.39843264000007],[-149.75741420899996,61.44680964600008],[-149.65568723599998,61.48342566000008],[-149.53815524799998,61.49720867900004],[-149.42169221799998,61.45447670100003],[-149.53744218399996,61.40776168500008],[-149.71011616099997,61.37914065800004],[-149.72021712899996,61.33419465900005],[-149.81184311499996,61.31520464600004],[-149.90239904799998,61.22140163700004],[-149.97061303099997,61.19919562700005],[-150.01957503399996,61.20371861900003],[-150.074598,61.15628361300003],[-149.96918698499996,61.13253963200003],[-149.85165395499996,61.08718165400006],[-149.74208390799998,61.01879267600003],[-149.60833788599996,60.98449570000008],[-149.50285888799996,60.98526271700007],[-149.37688886099997,60.94534974000004],[-149.35549784799997,60.92531674500003],[-149.18745786199997,60.94361877100005],[-149.07788783499996,60.90394279100008],[-149.00848480199997,60.85478380600006],[-149.00491978599996,60.83168180800004],[-149.11508481699997,60.87757978700006],[-149.43084183099998,60.90203473400004],[-149.56585285299997,60.93541471000003],[-149.64594184399996,60.92384469800004],[-149.66935385799997,60.94491669300004],[-149.76715887299997,60.96819667500006],[-149.87221386699997,60.96035165900008],[-149.94874582299997,60.89859665000006],[-149.98903281999998,60.893711644000064],[-149.98950780399997,60.87046464500003],[-150.00828479799998,60.86190164300007],[-150.02254581299997,60.884114639000074],[-150.19415082199998,60.90134161000003],[-150.37719391399997,61.03914557100006],[-150.68733585099997,60.95539052700008],[-151.03601173299998,60.79308448100005],[-151.24588371699997,60.77637844800006],[-151.27965769699998,60.74767744500008],[-151.40929267599998,60.72055942600008],[-151.35486862399998,60.64189344000005],[-151.33667658899998,60.58760844600005],[-151.26394656299996,60.54684646100003],[-151.29627145999996,60.39232746600004],[-151.37730344099998,60.36552345500007],[-151.38849037799997,60.26914846000005],[-151.42172434099996,60.21293245800007],[-151.70292021799997,60.032254426000065],[-151.75142714699996,59.92302942600003],[-151.79964711999997,59.88190742100005],[-151.87145604899996,59.77033041700008],[-151.82320701699996,59.71835542800005],[-151.67988598499997,59.65969745500007],[-151.49782297199997,59.63183148600007],[-151.41510995399997,59.59925250100008],[-151.49140597299996,59.633393487000035],[-151.43663199499997,59.66636149300007],[-151.32693100999998,59.68670050900005],[-151.08972707699996,59.78648054000007],[-150.92733408499998,59.793432566000035],[-151.01699706199997,59.76051655400005],[-151.01723505399997,59.74686755400006],[-151.05098505399997,59.74782554900003],[-151.04504303899998,59.72434755100005],[-151.06952404099997,59.72866154700006],[-151.11373302099997,59.69785454200007],[-151.12281300899997,59.67778354200004],[-151.11111800299997,59.66810054500007],[-151.20072298699998,59.64468653200004],[-151.18955196199997,59.605145537000055],[-151.16544896099998,59.60133054100004],[-151.16428095199998,59.58701454200008],[-151.27481695599997,59.59698752400004],[-151.26941293999997,59.571457526000074],[-151.32027594299998,59.577836518000026],[-151.38587591999996,59.54315751000007],[-151.44030491799998,59.54219350100004],[-151.47286688899996,59.495655499000065],[-151.43364986899996,59.46101250800007],[-151.50352688099997,59.48346749500007],[-151.55938186999998,59.46813648700004],[-151.57079088099997,59.486243484000056],[-151.60454087399998,59.47562248000003],[-151.65160187799998,59.484916472000066],[-151.72100385599998,59.45195346300005],[-151.71791383899998,59.422554465000076],[-151.68523382299998,59.394855473000064],[-151.74251384099998,59.42769346100005],[-151.74239485699997,59.45364446000008],[-151.88785483599997,59.424791439000046],[-151.90803681699998,59.395275437000066],[-151.80050779699997,59.35756445700008],[-151.76378677799997,59.32484146500008],[-151.83544679399998,59.35374845200005],[-151.92017979599996,59.36050243800008],[-151.96315178499998,59.34495943200005],[-151.96724077199997,59.32268843300005],[-151.99144076499996,59.31269243000003],[-151.97876972999998,59.253780436000056],[-151.88856873099996,59.25097645000005],[-151.87692172299998,59.23815345300005],[-151.91815971699998,59.22879144700005],[-151.82461570399997,59.20313946400006],[-151.75855771799996,59.22477847300007],[-151.70234571899996,59.222589482000046],[-151.72088470799997,59.20640948000005],[-151.75855171299997,59.21574447300003],[-151.76481368999998,59.17725447500004],[-151.74422167899996,59.15742648000003],[-151.59230068499997,59.16215050300008],[-151.57245369299997,59.17396650500007],[-151.63199269999998,59.18827449500003],[-151.56627471299998,59.20707850400004],[-151.51469770499997,59.19314451300005],[-151.46728071199996,59.202028520000056],[-151.46656771899998,59.21474351900008],[-151.55605472599996,59.22903450400008],[-151.44398873199998,59.23438452100004],[-151.44850373999998,59.24842452000007],[-151.41451574699997,59.25850952400003],[-151.30351971999997,59.20957354500007],[-151.28759472599998,59.21845354700008],[-151.30161773899997,59.24155654300006],[-151.26026172899998,59.223805551000055],[-151.24992271699998,59.20215055400007],[-151.21750272999998,59.222590558000036],[-151.18408571899997,59.20361056400003],[-151.12347672499996,59.21151957300003],[-151.09685673299998,59.22429157700003],[-151.10208575099998,59.25486457400007],[-151.31302677999997,59.31031753700006],[-151.12680477199996,59.290508568000064],[-151.09155375999998,59.269188574000054],[-151.03030679499997,59.32490158000007],[-151.02341378799997,59.31350158200007],[-151.04456777999997,59.300277580000056],[-151.02567177199998,59.28638058400003],[-151.03245176499996,59.27576358300007],[-150.97468976799996,59.27830759200003],[-151.00142875999998,59.26573758900008],[-150.97623475499998,59.25729459300004],[-151.02186874999998,59.24921358700004],[-151.00511273599997,59.22526459100004],[-151.02115573199998,59.22021758900007],[-150.96482571899998,59.196673599000064],[-150.99845773099997,59.21705459300006],[-150.99192173899996,59.231344593000074],[-150.93808674199997,59.23395860100004],[-150.88282676299997,59.26701360700008],[-150.90932778299998,59.30100560100004],[-150.95163478599997,59.30786059400003],[-150.87438879299998,59.31732260500007],[-150.84384681799997,59.35747360800008],[-150.77052282999998,59.375155618000065],[-150.73796085999996,59.42397562000008],[-150.70088086599998,59.43295262500004],[-150.65263385699998,59.41569263400004],[-150.60509786199998,59.42325064100004],[-150.58120387599996,59.44523464300005],[-150.65869488999996,59.47018962900006],[-150.58085488999998,59.468197642000064],[-150.58014190499998,59.49221664000004],[-150.66439893299997,59.541470624000056],[-150.60533593199997,59.53737363400006],[-150.56136496799996,59.594441637000045],[-150.52119697599997,59.606408642000076],[-150.49148695999997,59.57982264900005],[-150.57087192799997,59.53044463900005],[-150.51965192299997,59.52031864800006],[-150.56243391599997,59.51115564200006],[-150.53284290799996,59.49595764800006],[-150.47758291699998,59.510612655000045],[-150.48851590299998,59.48696765500006],[-150.52333589499997,59.47513965100006],[-150.51775088699998,59.462098652000066],[-150.47876388599997,59.45849965900004],[-150.41115094699998,59.55785266300006],[-150.31940698999998,59.624921673000074],[-150.30740400999997,59.65735667300004],[-150.22350306599998,59.74489168100007],[-150.22540504099996,59.704989683000065],[-150.284943,59.64066267800007],[-150.26355199299996,59.628767682000046],[-150.31774296999998,59.59209567500005],[-150.28981596299997,59.579942681000034],[-150.32511095199996,59.56369267600007],[-150.31845594599997,59.55369767800005],[-150.34555193899996,59.54195267400007],[-150.34650192599997,59.52152467500008],[-150.36860692399998,59.51935467200008],[-150.33152891399996,59.50186867900004],[-150.37882691199997,59.498792672000036],[-150.34091690099996,59.48020967900004],[-150.40337588899996,59.46243367000005],[-150.35125588899996,59.46155567900007],[-150.34471987499998,59.43842068100008],[-150.40262287899998,59.445741672000054],[-150.39284987099998,59.43219567400007],[-150.41887587299996,59.43636567000004],[-150.39867286499998,59.422947674000056],[-150.42666685999998,59.41504067000005],[-150.40449585499996,59.407044674000076],[-150.43384984899998,59.39670067000003],[-150.39284984199998,59.38471967700008],[-150.37602485599996,59.407220678000044],[-150.39261186999997,59.43008067400007],[-150.35802987399998,59.43588267900003],[-150.37038886699997,59.42470067800008],[-150.34899986099998,59.41529568200008],[-150.33105287699996,59.44156268300003],[-150.30253186699997,59.42397568900003],[-150.31370286199996,59.41532968800004],[-150.29540086299997,59.41666069000007],[-150.29266787299997,59.433646690000046],[-150.30787887799997,59.44162268700006],[-150.28506188899996,59.459925689000045],[-150.32927088299996,59.45032268300008],[-150.31370290399997,59.48431268300004],[-150.28791389999998,59.477734688000055],[-150.29635191199998,59.496681685000055],[-150.25665990499996,59.484554692000074],[-150.23431791399997,59.49939569500003],[-150.26545393499998,59.533457688000055],[-150.23467393099997,59.52622569300007],[-150.21245094099996,59.54267569500007],[-150.21744192599996,59.518992696000055],[-150.17715593599996,59.53442170100004],[-150.21280796299996,59.57843869300007],[-150.17965096699996,59.584455698000056],[-150.18583095799997,59.57037369800008],[-150.16182495199996,59.56020070200003],[-150.08339096399996,59.578017714000055],[-150.16491498899998,59.61939269800007],[-150.14007799099997,59.622998702000075],[-150.11405197899998,59.60237970700007],[-150.09979098499997,59.61127870900003],[-150.08695600899998,59.65045170800005],[-150.13021402499996,59.676381700000036],[-150.13413603499998,59.693777698000076],[-150.05760301699996,59.66185871200008],[-150.03442898599997,59.61254071900004],[-149.99663800399998,59.63970172300003],[-150.01101801699997,59.662158720000036],[-149.94767601399997,59.65555573000006],[-149.92117503599997,59.69113873200007],[-149.92557205999998,59.729799729000035],[-149.97691005299998,59.71967372100005],[-149.95801506399997,59.73644872300008],[-149.96799707299996,59.75105872100005],[-150.04132208899998,59.777329707000035],[-150.07792407899996,59.76207270300006],[-150.06021710799996,59.807823703000054],[-150.07946912999998,59.84426069700004],[-150.04155911399997,59.81810170500006],[-150.05106709699996,59.79138470500004],[-150.01600910399998,59.80160771000004],[-149.97073108499998,59.770449719000055],[-149.90857808499996,59.76973172900006],[-149.88671106699996,59.74034073400003],[-149.84571106699997,59.73938274100004],[-149.84012605199996,59.71481974300008],[-149.81279305499996,59.71865574800006],[-149.82978704399997,59.70145274600003],[-149.79128305199998,59.714520751000066],[-149.76632604699998,59.70528975600007],[-149.82574603299997,59.684000748000074],[-149.79484803499997,59.68711975200006],[-149.81053502899996,59.67812175000006],[-149.78153802999998,59.679141755000046],[-149.79472901699998,59.657536754000034],[-149.76620702099996,59.66419975800005],[-149.78130001299996,59.65033175700006],[-149.73994400599997,59.63856076400003],[-149.76418703699997,59.68933975700003],[-149.72247404199996,59.69641576300006],[-149.74945103999997,59.69425675900004],[-149.73031805599996,59.71973376100004],[-149.76977307199996,59.74525175300005],[-149.75634408399998,59.76476575400005],[-149.78165708199998,59.761174750000066],[-149.76739608999998,59.77415975100007],[-149.78914309599998,59.78474674700004],[-149.76026510199998,59.79317875100003],[-149.87221313799998,59.853512730000034],[-149.80114613799998,59.85136374100006],[-149.74873812099997,59.82347875100004],[-149.75301614599996,59.864074748000064],[-149.71581915999997,59.88512975200007],[-149.74291519699997,59.94369074400004],[-149.69217020299996,59.952081752000026],[-149.66519418799996,59.927913758000045],[-149.66376717399996,59.90676675900005],[-149.63857316899998,59.89806576400008],[-149.66875915099996,59.86944376100007],[-149.61646915699998,59.87868976900006],[-149.63774114899996,59.865983766000056],[-149.62989814299996,59.85619876800007],[-149.66899613699997,59.84760376200006],[-149.63714712399997,59.82742076900007],[-149.67101712299996,59.82604676300008],[-149.64487211799997,59.81696676800004],[-149.66970911499996,59.81254476400005],[-149.64534711199997,59.807704769000054],[-149.66436210799998,59.80232476600003],[-149.65853810299998,59.79317876700003],[-149.60803210699996,59.79927677500007],[-149.65544909299996,59.777868769000065],[-149.63821708399996,59.76267077300008],[-149.60185209899998,59.786480777000065],[-149.61088408499998,59.764525777000074],[-149.57344908099998,59.75686578300008],[-149.61801407999997,59.75692577600006],[-149.60862607299998,59.74501177800005],[-149.64095006799997,59.73794577400008],[-149.61456806199996,59.72686377900004],[-149.58129307399997,59.74650878300008],[-149.57238006399996,59.730398785000034],[-149.58557105799997,59.719613784000046],[-149.54290706299997,59.72764279000006],[-149.55217705499996,59.71458078900008],[-149.52508104899997,59.705109794000066],[-149.53126106099998,59.723688792000075],[-149.51165206799996,59.73596879400003],[-149.54599706399998,59.72997878900003],[-149.53872007299998,59.744463789000065],[-149.56572507699997,59.751058785000055],[-149.53530208199996,59.757822789000045],[-149.55443509099996,59.77362078500005],[-149.53458809399996,59.777688788000034],[-149.58984908699998,59.76691978000008],[-149.59602911199997,59.80740577600005],[-149.62621411899997,59.818161771000064],[-149.59329514199996,59.854228774000035],[-149.57273614099998,59.85231877700005],[-149.58426415499997,59.87493177400006],[-149.55514815699996,59.87845077800006],[-149.56358517399997,59.90515777500008],[-149.50761219099996,59.93124778300006],[-149.46423518299997,59.91856279000007],[-149.43048522199996,59.97896779200005],[-149.38651422599997,59.98384279900006],[-149.44498325699996,60.03386078600005],[-149.43488228099997,60.07070278600003],[-149.44534029699997,60.09678078200005],[-149.42430531399998,60.122838784000066],[-149.36179530999996,60.11531979500006],[-149.36856929599998,60.09346279500005],[-149.34290028499996,60.07663080000003],[-149.33529424099996,60.00713880600006],[-149.28847124499998,60.01272281300004],[-149.32376722899997,59.987884809000036],[-149.32352921899997,59.97272381000005],[-149.29809722299996,59.97938381300003],[-149.28526221499996,59.96558681600004],[-149.30059321199997,59.96136381400004],[-149.30368318799998,59.923685816000045],[-149.28621315199996,59.86723682200005],[-149.23475617899996,59.90938882800003],[-149.27349718199997,59.91415482100007],[-149.21716719999998,59.941785828000036],[-149.24806620399997,59.948094823000076],[-149.20742222399997,59.978967828000066],[-149.22821922399996,59.980275824000046],[-149.20243122999997,59.98871782800006],[-149.20849224099996,60.00654482600004],[-149.18068323899996,60.00321783100003],[-149.16630425599996,60.02875583100007],[-149.07076027299996,60.05540284500006],[-149.03746126399997,60.04053185100008],[-149.09321723999997,60.00345484400003],[-149.08489823199997,59.99061984700006],[-149.12506622499998,59.980632841000045],[-149.12482921499998,59.96475384200005],[-149.08204620899997,59.954283849000035],[-149.04164121799997,59.96814485500005],[-149.01822920599997,59.94886886000006],[-148.95762122199997,59.973734868000065],[-148.91840421999996,59.971177874000034],[-148.88465319399998,59.929461882000055],[-148.85957819099997,59.92439988700005],[-148.75761321299996,59.95868690100008],[-148.71970419999997,59.938035908000074],[-148.68060520399996,59.94416691400005],[-148.66788919999996,59.93779791600008],[-148.67572218999996,59.92264591600008],[-148.63479918599998,59.91574892300008],[-148.55522921099998,59.955413933000045],[-148.54607925999997,60.032079930000066],[-148.51161524099996,60.00208893800004],[-148.47418024199996,60.00369294300003],[-148.49390822799998,59.98146494200006],[-148.47477522199998,59.97308094500005],[-148.48047921299997,59.95815094500006],[-148.44458920299996,59.94261895200003],[-148.40168822499996,59.97783795700008],[-148.39777824599997,60.00960895500003],[-148.44779825699996,60.02756894600003],[-148.40133225899996,60.030714954000075],[-148.39788527699997,60.05884195200008],[-148.36568029499998,60.08652995600005],[-148.38671430899996,60.108864951000044],[-148.34476432899996,60.13911495600007],[-148.35973833699998,60.15266195300006],[-148.34725933599998,60.15011895500004],[-148.33430635299996,60.17601595600007],[-148.33216734299998,60.16135495700007],[-148.28011534599997,60.16561196500004],[-148.30388331499998,60.11804396400004],[-148.29247429599997,60.08872296800007],[-148.18314228399996,60.070465986000045],[-148.30602227299997,60.05255396700005],[-148.19181726199997,60.035285987000066],[-148.31614325699996,60.02809696700007],[-148.23032124699998,60.012484982000046],[-148.15046126199996,60.03534499300008],[-148.08533630799997,60.108273],[-148.10042931399997,60.11727399700004],[-148.06168733499996,60.14899500100006],[-148.04282636599996,60.19688200100006],[-148.08239936199996,60.19168399500006],[-148.08893532899998,60.13971599700005],[-148.11781432299998,60.13107599300008],[-148.11306033799997,60.15355899200006],[-148.13813534299996,60.16160098800003],[-148.12081234699997,60.16731099000003],[-148.13207435799998,60.18447598800003],[-148.08679637699996,60.21418399300006],[-148.14134439299997,60.23955898300005],[-148.14752437199996,60.20674498400007],[-148.18068035299996,60.176379980000036],[-148.16998435099998,60.17348398200005],[-148.21478733299998,60.14640097700004],[-148.18769137699996,60.21371197700006],[-148.22607738399998,60.22516297000004],[-148.29512337399996,60.20857496000008],[-148.24727238599996,60.22783596700003],[-148.25709439199997,60.23714096400005],[-148.18305739899998,60.247462976000065],[-148.21502540699996,60.26055297000005],[-148.27577439999996,60.249271961000034],[-148.35062136499997,60.195405952000044],[-148.36856637199998,60.206153948000065],[-148.45496235399997,60.17844893600005],[-148.33945039099996,60.23542995100007],[-148.40742641599996,60.273165938000034],[-148.34515442399996,60.28648094700003],[-148.34016339799996,60.245575951000035],[-148.31592039699996,60.24498595400007],[-148.32709140799997,60.26155495200004],[-148.20932043299996,60.30032096800005],[-148.21954046299996,60.34527396400006],[-148.17117345499997,60.33439397200004],[-148.12773246699996,60.35261497800008],[-148.15322849199998,60.39069297200007],[-148.09822747999996,60.371649982000065],[-148.07788349199998,60.390692984000054],[-147.95928150999998,60.418220002000055],[-147.93622652299996,60.437457004000066],[-147.95559753899997,60.462835],[-147.99921152599998,60.44267499400007],[-147.98709053799996,60.460432995000076],[-148.00966953899996,60.46172199100005],[-147.96011356499997,60.50136199700006],[-147.98098457699996,60.519932992000065],[-148.01287857599996,60.51704098700003],[-148.00396558999998,60.53844098700006],[-148.03498259499997,60.54597998200006],[-148.09309557799997,60.52072597400007],[-148.07871559499998,60.54580497500007],[-148.03628960399996,60.560410981000075],[-148.07063460499998,60.561753975000045],[-148.08655962899996,60.59736297100005],[-148.14728661899997,60.582423962000064],[-148.16950959199997,60.54171396000004],[-148.15715056299996,60.49831896500007],[-148.18365156799996,60.505691960000036],[-148.19113860499996,60.560293956000066],[-148.25234056999997,60.50773994900004],[-148.23094954399997,60.46933795500007],[-148.24271452799996,60.44537195400005],[-148.28228851899996,60.43118294900006],[-148.26137253899998,60.461897950000036],[-148.26624555699996,60.487782948000074],[-148.35882154799998,60.47490193400006],[-148.32673456399996,60.49837793800003],[-148.39708755899997,60.49199792700006],[-148.40540656299996,60.49808492500006],[-148.36749657299998,60.51177693000005],[-148.43844457499998,60.51610491900004],[-148.42892858599998,60.53156491900006],[-148.44770559499997,60.54549591500006],[-148.56976256799996,60.50504889800004],[-148.66816152899997,60.44654388600003],[-148.70607152699998,60.44326088000008],[-148.71593553799997,60.459553877000076],[-148.55894759899996,60.551764897000055],[-148.49857661099998,60.56969690600005],[-148.42941261599998,60.57740391600004],[-148.44082060699998,60.56344791500004],[-148.40850959499997,60.54582692200006],[-148.32388258099996,60.525052937000055],[-148.29678660999997,60.56759393800007],[-148.13849264599997,60.62209196100008],[-148.15465465499997,60.63561395700003],[-148.08976767199997,60.66118596600006],[-148.11115970299997,60.70709596000006],[-148.10343472299996,60.73708496000006],[-148.15572373799998,60.75897795000003],[-148.26954573699996,60.75739093100003],[-148.34990869199996,60.69051992200008],[-148.36191167899997,60.67090892200008],[-148.35180966899998,60.65594492400004],[-148.38936366599998,60.65111091800003],[-148.43012564099996,60.614977914000065],[-148.42251965699998,60.63817791400004],[-148.44937766599998,60.65175190900004],[-148.38140068699997,60.68237491800005],[-148.40172269499996,60.695173914000065],[-148.39100669999996,60.70173191500004],[-148.40184170799998,60.714130913000076],[-148.36298072499997,60.73905991700008],[-148.37652873699997,60.757583914000065],[-148.36214874299998,60.76634891600003],[-148.39601875199997,60.77928891000005],[-148.44961473399997,60.75247490300006],[-148.52402174199997,60.76415689000004],[-148.68705766199997,60.64656787100006],[-148.67992667699997,60.66811487000007],[-148.71106267399998,60.66403986600005],[-148.65164268699996,60.683596874000045],[-148.62127471199997,60.72079887700005],[-148.68230368699997,60.68347986900005],[-148.66994471099997,60.71918786900005],[-148.58770674299998,60.76634887900008],[-148.46720375399997,60.782131898000046],[-148.45244276599996,60.79980389900004],[-148.49501177099998,60.80671889200005],[-148.56679175499997,60.78329188200007],[-148.54991576699996,60.80115288300004],[-148.55966077099998,60.807181881000076],[-148.66590375099997,60.77783886600008],[-148.71462774899996,60.77516985800003],[-148.71843075599998,60.78607585700007],[-148.60529578299997,60.825377873000036],[-148.53755677999996,60.82074288400008],[-148.51355078999998,60.835803887000054],[-148.42703578599998,60.82896890200004],[-148.38805576899998,60.80358790900004],[-148.33529177199998,60.80857291800004],[-148.40160379699998,60.84553090500003],[-148.37331980599998,60.85884390900003],[-148.30629478999998,60.83499292100004],[-148.29013180899997,60.86312692200005],[-148.31009681199998,60.86671391800007],[-148.26541384399997,60.91435192300003],[-148.29227084799996,60.92047491800008],[-148.31841587099996,60.95349591200005],[-148.24544885899996,60.93606592500004],[-148.23926887499996,60.95868792400006],[-148.21859086999996,60.95187992800004],[-148.19244588199996,60.96918593100003],[-148.16487495199996,61.07017993000005],[-148.28691893599998,61.046940911000036],[-148.37427089299996,60.98579090100003],[-148.43202688299996,60.97149289200007],[-148.44129689199997,60.98371589000004],[-148.35757192699998,61.03508090000008],[-148.40897193899997,61.051087891000066],[-148.29358194999998,61.06692890900007],[-148.30272895799996,61.07857190700008],[-148.29108295999998,61.08190490900006],[-148.19553596199998,61.08454792400005],[-148.17866098299996,61.11510292500003],[-148.14110699099996,61.12623793000006],[-148.15322897199997,61.09982893000006],[-148.12209294999997,61.06845493700007],[-148.12114193299996,61.04395493800007],[-148.09011290599997,61.005111946000056],[-148.06745790599996,61.00406995000003],[-148.00111393999998,61.05407895700006],[-147.99279496899996,61.09569395600005],[-147.73063409299996,61.27383198900003],[-147.69712108499996,61.26343499500007],[-147.76343804499996,61.20588898700004],[-147.62058906099998,61.22890500900007],[-147.68595004199997,61.201209],[-147.76352403099997,61.18547798800006],[-147.94906195199997,61.07167396500006],[-147.90889394899997,61.06695997200006],[-147.94026793299997,61.04395496800004],[-147.94668491299996,61.015634969000075],[-148.10402884199996,60.91180994900003],[-148.09618582799996,60.89169795200007],[-148.14704878499998,60.82827394700007],[-148.14437776399998,60.79709094900005],[-148.03391375399997,60.782131968000044],[-147.99068975999998,60.791985975000046],[-147.97763378099998,60.82319597500003],[-147.96467976699998,60.80256197800003],[-147.91792577299998,60.81054398500004],[-147.91342178199997,60.82515398500004],[-147.94763580099996,60.85213097800005],[-147.93004782699998,60.88996397900007],[-147.90960681299998,60.87006898300007],[-147.91191579999997,60.85087398400003],[-147.87815978199998,60.82532099100007],[-147.85256377999997,60.82143799500005],[-147.81359379799997,60.849016],[-147.80052479599996,60.84565400200006],[-147.83640177999996,60.82259699800005],[-147.82825277399996,60.813739],[-147.77728277099996,60.80890100800008],[-147.75417278399996,60.82771801100006],[-147.75013277299996,60.812770012000044],[-147.73254377499998,60.81566701500003],[-147.75023479999996,60.85214301000008],[-147.81335581099998,60.86818399900005],[-147.78703881399997,60.872755003000066],[-147.76567183499998,60.90237400500007],[-147.80943384399998,60.91645499700007],[-147.76101984199997,60.91288100500003],[-147.73337585999997,60.93978400800006],[-147.71650085599998,60.93343401100003],[-147.73337583499998,60.90333901000008],[-147.71947183099996,60.897097013000064],[-147.73884282599997,60.88935101000004],[-147.69843681699996,60.87709201700005],[-147.66028082699998,60.892331022000064],[-147.66278481499998,60.87460502300007],[-147.68239381299998,60.87107602000003],[-147.66364080099996,60.85326302400006],[-147.67312479299997,60.84207502300006],[-147.60039479799997,60.85012803500007],[-147.59064981999998,60.88299103400004],[-147.64115682799996,60.89380302500007],[-147.59944382799998,60.894207032000054],[-147.59777184199996,60.913907031000065],[-147.61394184499997,60.91801502800007],[-147.59468986999997,60.954558029000054],[-147.66920286599998,60.949422018000064],[-147.67324287299996,60.95882701600004],[-147.62523187699998,60.96442302400004],[-147.59564090099997,61.00085502700006],[-147.58399491399996,61.01963102700006],[-147.60265192099996,61.029476024000076],[-147.55178896499996,61.09261502800007],[-147.57127899099996,61.130105023000056],[-147.54834300499996,61.14972302600006],[-147.51685,61.14381603100003],[-147.54382699499996,61.13567102700006],[-147.51162095499998,61.07894003600006],[-147.48072294799996,61.06968604100007],[-147.54240093599998,61.05082403200004],[-147.52302992499997,61.03574903600003],[-147.54477691199997,61.01652203400005],[-147.52100990899996,61.01208803800006],[-147.55036288599996,60.979358035000075],[-147.53146685299998,60.93170204100005],[-147.55202683199997,60.90091204000004],[-147.51780082699997,60.89316704600003],[-147.51221483999996,60.91171804500004],[-147.49284383699998,60.907558049000045],[-147.50924384899997,60.92581204500004],[-147.47763288899998,60.984431047000044],[-147.44958690399997,61.006501050000054],[-147.40846790799998,61.01139605700007],[-147.45624189399996,60.990771050000035],[-147.47214886999998,60.956766049000066],[-147.45184485899998,60.940592054000035],[-147.40870587899997,60.970594059000064],[-147.39135487599998,60.96592206200006],[-147.45624184599998,60.92176905400004],[-147.40276384599997,60.92228906300005],[-147.43829684199997,60.915820057000076],[-147.45327082799997,60.89490105600004],[-147.38874082999996,60.89912006600008],[-147.36960781999997,60.884032070000046],[-147.38315481099997,60.871365069000035],[-147.32908283499998,60.907558075000054],[-147.30317583399997,60.906171080000036],[-147.33217285099997,60.92996907400004],[-147.28171684099996,60.916368083000066],[-147.26692984999997,60.92898808400008],[-147.25944284199997,60.91737908600004],[-147.25563986199998,60.94786408500005],[-147.28237888099997,60.97457207900004],[-147.25278788199998,60.97653308400004],[-147.22212690399996,61.008229087000075],[-147.21618486199998,60.94780709100007],[-147.18611885999997,60.945729096000036],[-147.18029584999996,60.93106609800003],[-147.13858285699996,60.94111210400007],[-147.14868388099998,60.97612910100008],[-147.08486691499996,61.02602210800006],[-147.08815292499997,61.04001210700005],[-147.10982392199998,61.03655510400006],[-147.09199793099998,61.04927110600005],[-147.10590195099996,61.07721610200008],[-147.13252195899997,61.08916809700003],[-147.09532497499998,61.11271510200004],[-147.12788698999998,61.13291709500004],[-147.08688700499997,61.15528510100006],[-146.99728199699996,61.145078116000036],[-147.06204997899997,61.11862810700006],[-146.99027092099996,61.03632512300004],[-146.99347890499996,61.01289412400007],[-147.04735788999997,60.99094911700007],[-147.07238887099996,60.96263411400008],[-147.06014886499997,60.95409611700006],[-147.02556587699996,60.97209312100006],[-147.02235689199998,60.99451712000007],[-146.99847089999997,61.00569412400006],[-146.97280089099996,60.99394112900006],[-146.98777488199997,60.980223127000045],[-146.97146287499996,60.970443130000035],[-147.05741485699997,60.94295911800003],[-146.97838684699997,60.929969131000064],[-146.86715287399997,60.97030514700003],[-146.78527192199996,61.04104315600006],[-146.80154992299998,61.04183015400008],[-146.79602993799998,61.06413715300005],[-146.76720792299997,61.04369015900005],[-146.69614193099997,61.05600017000006],[-146.64717996599998,61.10777717500008],[-146.59180098199997,61.13119618300004],[-146.60677398999997,61.14203818000004],[-146.57124098499997,61.13635918600005],[-146.58443297099996,61.11547118500005],[-146.42304798299998,61.135843210000075],[-146.29683997499998,61.12695023100008],[-146.26125095999998,61.10735523800008],[-146.26653594499996,61.084974239000076],[-146.61105294999996,61.085319182000035],[-146.65704393899998,61.06778817600008],[-146.65432192599997,61.04915417700005],[-146.57397491599997,61.037246191000065],[-146.61378591699997,61.03695818500006],[-146.56125890399997,61.01980419400007],[-146.66714491599998,61.03505917600006],[-146.72014786999998,60.96667217100003],[-146.68140585499998,60.94682517900003],[-146.62174785799996,60.95155718800004],[-146.59500884699997,60.93672419300003],[-146.60166383699996,60.921769193000046],[-146.65882585199998,60.94168918300005],[-146.70232184499997,60.93089317600004],[-146.74153886499997,60.96026916800008],[-146.76340485799997,60.94844116500008],[-146.73500284499997,60.93037417100004],[-146.73737882999998,60.90906017200007],[-146.69709281699997,60.89114317900004],[-146.70422280499997,60.87310117900006],[-146.66203479699996,60.86193518600004],[-146.63577081399998,60.887038189000066],[-146.61497379999997,60.867258194000044],[-146.63838578599996,60.84700219100006],[-146.63993076699998,60.818796192000036],[-146.57575679099998,60.854643201000044],[-146.55389077999996,60.83930220500008],[-146.58015376899996,60.821925202000045],[-146.54675976299998,60.81410320800006],[-146.55852475899997,60.80824920600003],[-146.44729075999996,60.81248022400007],[-146.45608476399997,60.81844922200003],[-146.39203077899998,60.842081231000066],[-146.38359277599997,60.83652223300004],[-146.41544176099998,60.81433422900005],[-146.35388276199998,60.81763723900008],[-146.28959077499997,60.837796248000075],[-146.24134180399997,60.881025254000065],[-146.22280279799998,60.872754257000054],[-146.24704578799998,60.858578254000065],[-146.19630179999996,60.87616626100004],[-146.09195977099998,60.836522280000054],[-146.24561777699998,60.84189025500007],[-146.25144276099996,60.81827525600005],[-146.19356775999998,60.81850726500005],[-146.43683273799996,60.77995122800007],[-146.44443872999997,60.76782422700006],[-146.55186973299996,60.770203209000044],[-146.50017471299998,60.74256821900008],[-146.52168470799998,60.73402921600007],[-146.51396071399998,60.74320721700008],[-146.53594571799997,60.74860821300007],[-146.57551970599997,60.72990420800005],[-146.57623272099997,60.752673206000054],[-146.59714772699996,60.76045220300006],[-146.62685771999998,60.74884119800004],[-146.62638269899998,60.718746200000055],[-146.70101371699997,60.74344018700003],[-146.65537969099998,60.706770196000036],[-146.66512468299996,60.693510195000044],[-146.62281767399998,60.681409203000044],[-146.59607868299997,60.69513920600008],[-146.52881467799997,60.68990421800004],[-146.49447066399998,60.669361224000056],[-146.38085968399997,60.701828241000044],[-146.38442469299997,60.71456124000008],[-146.32987770799997,60.73792224700003],[-146.32239072599998,60.76544424700006],[-146.27426073299998,60.77687625400006],[-146.30587172199998,60.759756250000066],[-146.31656669699996,60.72188525000007],[-146.25559768999997,60.71351026100007],[-146.23215869399996,60.720400264000034],[-146.22589271099997,60.74495026400007],[-146.18679371799996,60.75696926900008],[-146.17693071599996,60.75325427100006],[-146.20319370399997,60.73554026800008],[-146.17182069499998,60.72345427400006],[-146.13878270899997,60.74436927800008],[-146.12143170699997,60.74256828100005],[-146.13747569899996,60.73007927900005],[-146.12357170199996,60.73461028100007],[-146.05012873799998,60.78934829000008],[-146.04394872699996,60.773975292000046],[-146.06149771599996,60.75720729000005],[-146.02291370799998,60.74576329700005],[-146.07330171099997,60.74860828800007],[-146.08767370199996,60.73516628700003],[-146.05737770199997,60.73693429100007],[-146.17467267599997,60.69490727500005],[-146.26870664199998,60.64124226200005],[-146.25429462899996,60.622348266000074],[-146.14864663299997,60.63208328200005],[-145.92962467599997,60.701188314000035],[-145.91156067199998,60.69664931700004],[-145.97858665499996,60.668837308000036],[-145.96313764899998,60.66068631100006],[-146.00354263799997,60.64233830500007],[-146.00698961999996,60.61578930600007],[-145.93746762499998,60.62517631700007],[-145.92665364099997,60.64953331700008],[-145.88363365499998,60.67201032300005],[-145.89836965699996,60.67422132100006],[-145.84456266699996,60.690171328000076],[-145.90264764199998,60.652096321000045],[-145.87483963999998,60.649242326000035],[-145.89896362599998,60.62750732300003],[-145.83883063799996,60.64743633200004],[-145.81268563299997,60.64108633600006],[-145.90276661599998,60.61357332300008],[-145.83343761599997,60.61467233400003],[-145.62765264599997,60.66595536500006],[-145.62337463599997,60.650931366000066],[-145.67055362499997,60.63286936000003],[-145.71286059099998,60.58212635500007],[-145.77346857099997,60.549948347000054],[-145.76277356299997,60.53738335000003],[-145.96349351999996,60.46693032100006],[-145.87757250399997,60.44519033600005],[-145.75576151399997,60.46464635500007],[-145.59544649899996,60.44700738100005],[-145.49443247699998,60.41751039900004],[-145.50881246499998,60.39790939800008],[-145.49680945899996,60.39010140000005],[-145.21943739499997,60.30149344900008],[-145.12507838899998,60.29666446500005],[-145.10059742699997,60.35567446600004],[-145.05318045499996,60.400375471000075],[-144.92067346799996,60.42560649100005],[-144.88736448799997,60.456050495000056],[-144.80718148899996,60.461921508000046],[-144.96666439099997,60.306291490000035],[-144.95121537699998,60.28473849300008],[-144.88133737899997,60.29062850400004],[-144.73183735699996,60.26399653000004],[-144.92934933899997,60.228255500000046],[-144.71234732099998,60.209721536000075],[-144.59041729599997,60.17593155700007],[-144.52909629899997,60.18349656600003],[-144.47704428599997,60.16529157600007],[-144.23389828799998,60.18101461400005],[-144.31233227899997,60.16351760200007],[-144.28523727399997,60.156658607000054],[-144.29902226699997,60.14459160500007],[-144.27810625999996,60.13536160900003],[-144.11032223099997,60.09894163700005],[-144.04161519299996,60.04350965100008],[-144.21685019699996,60.040191623000055],[-144.25528918799998,60.02380261800005],[-144.01047917499997,60.017151657000056],[-143.88118115099996,59.98661167900008],[-143.622823176,60.039118718000054],[-142.698441173,60.09333586400004],[-141.99186509199995,60.01881498000006],[-141.73626204299995,59.961908023000035],[-141.59539803499996,59.961908046000076],[-141.36816006299995,60.024012079000045],[-141.40764808899996,60.06154507200006],[-141.46231509999996,60.07447206200004],[-141.46730610599997,60.08383806100005],[-141.44757810699997,60.08656406400007],[-141.47728812499997,60.11180105900007],[-141.52815213699995,60.127313050000055],[-141.55572315799998,60.15748704400005],[-141.54930516599995,60.17025804500008],[-141.43854713599995,60.13252106400006],[-141.38007714999998,60.158906072000036],[-141.36676714199996,60.14719507500007],[-141.37563511899998,60.11071607500003],[-141.3438511,60.083806081000034],[-141.18470511699996,60.12518210500008],[-141.15927313499998,60.15559410800006],[-141.16854214899996,60.17522310500004],[-141.141447132,60.15169111100005],[-141.15570811299995,60.12115711000007],[-141.22130710699997,60.10623410000005],[-141.29071008,60.05834209000005],[-141.32850108199995,60.058224084000074],[-141.25933604,59.99838009800004],[-141.28999702599998,59.97258009400008],[-141.288333,59.93283109600003],[-141.38197900299997,59.928782081000065],[-141.44234897999996,59.88778807300008],[-141.46041299099994,59.90376206900004],[-141.43997299699998,59.91436807200006],[-141.47158400799998,59.92830606700005],[-141.48618100099998,59.917412065000065],[-141.45756098299995,59.890888070000074],[-141.42315597299995,59.87733207600007],[-140.87500785499998,59.73875916900005],[-140.31479679299997,59.69273325900008],[-139.78025484199998,59.82650033900006],[-139.76230987599996,59.88340534000008],[-139.70823789899998,59.924911347000034],[-139.61245290799997,59.94887336200003],[-139.605084939,59.99962836100008],[-139.57537494499996,60.01162836600008],[-139.55469695699998,60.03264936800008],[-139.560876964,60.04368836700007],[-139.53591996199998,60.04321437100003],[-139.48945392699994,59.99211038000004],[-139.50799292399995,59.98551237700008],[-139.53341789399997,59.93667537500005],[-139.62718887899996,59.90242236100005],[-139.63574586199996,59.873744361000035],[-139.582135796,59.774645373000055],[-139.48196673999996,59.695462391000035],[-139.58678371699995,59.64655337600004],[-139.60567869799996,59.61416937400003],[-139.58262369299996,59.60725537800005],[-139.65535367799998,59.57507436800006],[-139.63788467299997,59.568935371000066],[-139.67650767699996,59.57170336400003],[-139.67436870299997,59.61338736300007],[-139.71287270799996,59.618196357000045],[-139.72237969799994,59.601483356000074],[-139.702058686,59.58367836000008],[-139.715249675,59.56363735900004],[-139.73806668099996,59.57170335500007],[-139.75339667299994,59.556894353000075],[-139.73200566499997,59.54647535700008],[-139.84145767999996,59.55876033900006],[-139.86522567099996,59.54195733600005],[-139.85702566599997,59.53466833700003],[-139.32129551599996,59.346757428000046],[-138.88660941899997,59.23694749900005],[-138.61027633099997,59.12299354600003],[-138.20713624399997,59.02564361200007],[-137.943228138,58.88062765700005],[-137.92373811399995,58.841481661000046],[-137.945248097,58.808015658000045],[-137.93826308599995,58.79070966000006],[-137.68764799399997,58.66499270200006],[-137.66704396399996,58.61452570700004],[-137.16137981499998,58.42431478900005],[-137.09328478499998,58.381413801000065],[-137.01461279499995,58.409874812000055],[-136.91609477799994,58.395304828000064],[-136.92987976999996,58.37923282600008],[-136.89161376899995,58.382098832000054],[-136.90599274799996,58.34201583000004],[-136.87105374699996,58.34731683600006],[-136.87164775699995,58.36446283500004],[-136.842651752,58.35953784000003],[-136.85180173099997,58.31967983900006],[-136.876163728,58.311439836000034],[-136.82328072099995,58.306507844000066],[-136.80129472699997,58.32167684700005],[-136.81721973599997,58.33440584400006],[-136.80735574299996,58.34893884500008],[-136.80034473299997,58.33141084700003],[-136.77087172799997,58.327916851000055],[-136.79309472199998,58.31393684800008],[-136.79131270999994,58.29170784900003],[-136.76029570299994,58.285085854000044],[-136.74175671299997,58.30450985600004],[-136.73617070199998,58.28571085800007],[-136.68590170299996,58.29657886500007],[-136.683286695,58.28183686600005],[-136.73224868799997,58.26158785900003],[-136.67984065499996,58.20960086800005],[-136.59510765099998,58.21673688100003],[-136.567061664,58.244767884000055],[-136.57217168499994,58.281087883000055],[-136.63634571699998,58.32953887200006],[-136.62719472299995,58.34114287300008],[-136.58025272199995,58.347067880000054],[-136.56183670399997,58.31815088400003],[-136.51964869699998,58.311849890000076],[-136.47864467699998,58.28177489700005],[-136.50787969299995,58.30619589200006],[-136.45499568699995,58.30304290000004],[-136.44158269199994,58.31546190200004],[-136.36897367899996,58.303070913000056],[-136.35970669899996,58.34071191400005],[-136.38179071499997,58.36580291000007],[-136.36824271599994,58.369916912000065],[-136.30953571499998,58.377394921000075],[-136.276973705,58.36580292600007],[-136.30514168699995,58.32869492300006],[-136.27388367699996,58.31530992800003],[-136.19259668399997,58.34120494000007],[-136.106675678,58.34382495300008],[-136.03299568999995,58.37804896300008],[-136.05628770099997,58.394556959000056],[-136.063299724,58.43445595700007],[-136.08587873299996,58.44664695400007],[-136.07042974299998,58.46697695600005],[-136.10085275499995,58.48487195100006],[-136.09871677099994,58.512813950000066],[-136.13793078499998,58.53068694400008],[-136.15540080499994,58.56410994100003],[-136.17940581299996,58.57408793700006],[-136.18083180499997,58.560917937000056],[-136.20721481799995,58.57913693200004],[-136.19033981599995,58.57740193500007],[-136.19651882199997,58.587685934000035],[-136.21505782199995,58.58508393100004],[-136.22313883299995,58.60353792900003],[-136.186298825,58.59400293500005],[-136.27994486899996,58.65698791900007],[-136.32153888099998,58.67182091300003],[-136.32641086299998,58.64001591300007],[-136.30929785299998,58.62368391600006],[-136.34316787199998,58.65232091000007],[-136.393792857,58.61873390300008],[-136.45677886,58.61254489300006],[-136.46901884599998,58.587282892000076],[-136.53188485899994,58.60003988200003],[-136.49052885999998,58.60827388800004],[-136.34899089199996,58.68701790800003],[-136.39014591399996,58.71860890100004],[-136.53224195299998,58.76524487800003],[-136.43598194199996,58.76043789300007],[-136.47305995799996,58.78360388700003],[-136.50205595699998,58.776457883000035],[-136.48850896699997,58.79665888400007],[-136.55791099299995,58.83099687300006],[-136.66486700999997,58.84427985600007],[-136.74377703599998,58.87721884300004],[-136.820785039,58.87070783100006],[-136.923225066,58.900675815000056],[-137.015920075,58.90386780000006],[-137.10077204199996,58.83370278900003],[-137.124302049,58.84194278500007],[-137.034697086,58.91920879700007],[-136.93109407599997,58.91798681300003],[-136.91657008399994,58.93441981500007],[-136.922037096,58.953792813000064],[-136.98264511899998,58.983688803000064],[-137.00688813999994,59.01710779900003],[-137.04515514599996,59.021756793000065],[-137.067497162,59.045481789000064],[-137.05870216899996,59.05917179000005],[-137.02804216699997,59.05929379400004],[-136.87592709799998,58.96310782000006],[-136.71311605799997,58.91933084700008],[-136.670433039,58.89322785400003],[-136.62897703299996,58.88950186000005],[-136.62279804099995,58.90349886100006],[-136.71121510599994,59.001932845000056],[-136.658687086,58.97646285400003],[-136.59037403999997,58.90761086600003],[-136.55862406799997,58.959920870000076],[-136.53057805799995,58.94790887400006],[-136.53176604199996,58.92006787500003],[-136.48898399099994,58.83825388300005],[-136.42814097399997,58.81794989300005],[-136.40104297799996,58.82964389700004],[-136.39075296599998,58.81038489900004],[-136.234903918,58.750821924000036],[-136.15147891199996,58.75402693700005],[-136.15219193699994,58.79678193600006],[-136.105130971,58.86382594200006],[-136.137217997,58.90337693600003],[-136.108221,58.91454594000004],[-136.15052802199995,58.944291933000045],[-136.16193703999994,58.97395093100005],[-136.11178603599996,58.97615593800003],[-136.12604702799996,58.95961493700008],[-136.05331699699997,58.918287949000046],[-136.06829098099996,58.88686194700006],[-136.060209962,58.85479194900006],[-136.01314895699994,58.85528395600005],[-136.07946194899995,58.829458947000035],[-136.086354939,58.81063194600006],[-135.99175788499997,58.73275396200006],[-136.01885388199997,58.72312995800007],[-135.98884886099995,58.690720964000036],[-135.955392863,58.698811969000076],[-135.94778684099998,58.66273697000008],[-135.910710812,58.61709397700008],[-135.84439679599996,58.59914198800004],[-135.90524278799995,58.57461397900005],[-135.937566802,58.59505597300006],[-135.96870279599995,58.57957096900003],[-135.99579880599998,58.59233096500003],[-135.95467976199996,58.520541972000046],[-135.93091175799998,58.516941976000055],[-135.93628174799994,58.49882797600003],[-135.99990774399998,58.481789966000065],[-135.996554737,58.46918096700006],[-135.939707721,58.44984597600006],[-135.87268072199998,58.46302998600004],[-135.89882471699997,58.44960098200005],[-135.92259268199996,58.383001980000074],[-135.67445566699996,58.397702018000075],[-135.61883867699999,58.425590026000066],[-135.47527963599998,58.375775049000026],[-135.458166652,58.40803805100006],[-135.51520969499995,58.47521104100008],[-135.47884467799997,58.45034704700004],[-135.48431169199995,58.47558404500006],[-135.51330870599998,58.49508904100003],[-135.497621709,58.50328604300006],[-135.45270067799999,58.45569405100008],[-135.45293766299994,58.428079051000054],[-135.39732059999994,58.32489106100007],[-135.314370549,58.24580007600008],[-135.22619153499994,58.236292089000074],[-135.16986151499998,58.21038309800008],[-135.05434849299996,58.19059411600006],[-135.10772053899996,58.265038107000066],[-135.09047654299997,58.276058109000076],[-135.09665555499998,58.296923108000044],[-135.07193755699996,58.30366711100004],[-135.05350854799997,58.29050211400005],[-135.054111579,58.34822211300008],[-135.09285263099997,58.43542010600004],[-135.135872663,58.484655098000076],[-135.12375167099998,58.500554100000045],[-135.16534569799995,58.54163509300008],[-135.18626173299998,58.60124808900008],[-135.21406974599995,58.61907408400003],[-135.16344373899994,58.614619092000055],[-135.14466771599996,58.57721709500004],[-135.14157773999995,58.62093109500006],[-135.194342786,58.69288508600005],[-135.22642880299998,58.717947080000044],[-135.24686980099995,58.70992407700004],[-135.23202581199996,58.732446079000056],[-135.24140284099997,58.78218707700006],[-135.31888688899994,58.85184106400004],[-135.33908991299995,58.88968606000003],[-135.32435292599996,58.915343061000044],[-135.37569193699994,58.92577305300006],[-135.401123967,58.97333904800007],[-135.389330971,58.98291805000008],[-135.40112398899998,59.01080604800006],[-135.37569199499995,59.02622205100005],[-135.398985004,59.03784104700003],[-135.379733037,59.097827049000045],[-135.440817053,59.11369203900006],[-135.46791207299998,59.14442503500004],[-135.47028909099998,59.17439903400003],[-135.54705913199996,59.23171602100007],[-135.63405015999996,59.26355700600004],[-135.563222151,59.260034017000066],[-135.45579011599995,59.219433035000066],[-135.38496208199996,59.173547047000056],[-135.40104708399997,59.17363304400004],[-135.376643071,59.15539404900005],[-135.36951304499996,59.11259405100003],[-135.30042202199996,59.08518806200004],[-135.34669506199998,59.145034053000074],[-135.329479065,59.15270405600006],[-135.364081103,59.21140704900006],[-135.43772711999998,59.22819003800004],[-135.42441712799996,59.24460203900003],[-135.44454714999995,59.27769303600007],[-135.54444517899998,59.31005101900007],[-135.53256118599995,59.32460502100008],[-135.40112415099998,59.28735804200005],[-135.36238226299997,59.48163404400003],[-135.32150123899999,59.44745905100007],[-135.35772519799997,59.37284604700005],[-135.373169137,59.26824604700005],[-135.32815610899996,59.22879805500003],[-135.32460009099998,59.19801605600003],[-135.28371008699997,59.19887106200008],[-135.20622700799998,59.07682607700008],[-135.20384997999997,59.03001407800008],[-135.17699195999995,58.99881108300008],[-135.17493092299998,58.93630408400003],[-135.14062688399997,58.874087091000035],[-135.15354187399998,58.85406708900007],[-135.02582779099998,58.731397111000035],[-135.03224480199998,58.74965011000006],[-135.015606806,58.76000611200004],[-135.02844182399997,58.78883910900004],[-135.00301381499997,58.77747511400008],[-134.99207684299995,58.82798311400006],[-134.96070284099994,58.83007411900007],[-134.98922483099994,58.808293115000026],[-134.93574680999996,58.781325124000034],[-134.92980478199996,58.73324712600004],[-134.94769177399996,58.71501412300006],[-134.92053575199998,58.68053212800004],[-134.99052175599996,58.67634811700003],[-134.94174271499998,58.61210312600008],[-134.83116765999995,58.53295114400004],[-134.84121065,58.513950143000045],[-134.78731563399998,58.494779152000035],[-134.75903159199999,58.42403415700005],[-134.76982658599997,58.41163315600005],[-134.74904957499996,58.39539815900008],[-134.77756057599998,58.393192155000065],[-134.72551855899997,58.37147516300007],[-134.645896559,58.385183175000066],[-134.645896543,58.35726317500007],[-134.66491054199997,58.351901173000044],[-134.66918853099997,58.33144217200004],[-134.60834252999996,58.34104918100007],[-134.60358952099995,58.32570218200004],[-134.68606451899996,58.306602170000076],[-134.67037750299994,58.27936917300008],[-134.58958246799995,58.23019918600005],[-134.50689645199998,58.216517199000066],[-134.46026845399996,58.22959820600005],[-134.27939441399997,58.19103323400003],[-134.18503541399997,58.20844224800004],[-134.14748140599994,58.20067825400008],[-134.13131942099994,58.23235125600007],[-134.10160942,58.23660526000003],[-134.14558044399996,58.27112125300005],[-134.14367846199997,58.303854253000054],[-134.05787646799996,58.333189265000044],[-134.04052550499995,58.401999267000065],[-134.013430503,58.40399127100005],[-133.99251447199998,58.352025275000074],[-134.003923467,58.341673273000026],[-133.96684545,58.31783827900006],[-134.00416044099995,58.29323827400003],[-134.08116944199998,58.279744262000065],[-134.05882742999995,58.262620266000056],[-134.05431141199995,58.23122526700007],[-134.08544740599996,58.21357626300005],[-134.08639838299996,58.171359263000056],[-134.06429336099995,58.13498926700004],[-134.082595358,58.125452264000046],[-134.05264731999995,58.06176227000003],[-133.88769725599997,57.973514296000076],[-133.78549526399996,58.00992231100008],[-133.807599273,58.02314130700006],[-133.810451286,58.04541330700005],[-133.769333287,58.05685831300008],[-133.76010927099998,58.02882131500007],[-133.70159424099995,57.984226324000076],[-133.69161221999997,57.94678232600006],[-133.72583722499996,57.949053321000065],[-133.76053925399998,57.995691315000045],[-133.85299623799995,57.94716130200004],[-133.719182145,57.80003732400007],[-133.631479131,57.790916337000056],[-133.64027314099997,57.80864833500004],[-133.625299139,57.80814233800004],[-133.63504414899995,57.825105336000036],[-133.62458615499997,57.837507337000034],[-133.65168117999997,57.88011933300004],[-133.60360816499997,57.86047034000006],[-133.60509619099997,57.90955233900007],[-133.58323019799997,57.92697334200005],[-133.568493161,57.86040034500007],[-133.57918914599998,57.83092734400003],[-133.55470812699997,57.79927734800003],[-133.55589611599999,57.77824634800004],[-133.59677711799998,57.77279634200005],[-133.58489311099999,57.761513344000036],[-133.52547310399996,57.76176735300004],[-133.42374707199997,57.72244136900008],[-133.32843703099996,57.66311838400003],[-133.25665801699995,57.65053039500003],[-133.05938292999997,57.52517142500005],[-133.05629392099996,57.508321426000066],[-133.071266923,57.510364424000045],[-133.22266898799995,57.602170400000034],[-133.39828503799998,57.661619373000065],[-133.529514066,57.687774353000066],[-133.57800109699997,57.737415346000034],[-133.58584408499996,57.71228634500005],[-133.65215709399996,57.71622133500006],[-133.67449905099994,57.628140332000044],[-133.61872701899995,57.57824434100007],[-133.56183800399998,57.562033350000036],[-133.47722400699996,57.584719362000044],[-133.46225100099997,57.576946365000026],[-133.51676898999995,57.54391535700006],[-133.527374964,57.49223135600005],[-133.50574593999994,57.44915936000007],[-133.46236291999998,57.42004136600008],[-133.44489992099994,57.425621369000055],[-133.44721891399996,57.41158136900003],[-133.42208291199995,57.412438372000054],[-133.42160690599997,57.401428373000044],[-133.47175790499995,57.38721236500004],[-133.46629489199995,57.36312436600008],[-133.35672086399995,57.33272938300007],[-133.19034484199994,57.325287408000065],[-133.18963183499994,57.31129840800003],[-133.27115583299997,57.28869939600003],[-133.33010084499995,57.299615387000074],[-133.36385083999994,57.28433238200006],[-133.42596784799997,57.28599937300004],[-133.47590986499995,57.30798636600008],[-133.52262086899998,57.305650359000026],[-133.48887085799998,57.29178136400003],[-133.501942859,57.29152536200007],[-133.49386185099996,57.27726636300008],[-133.53022685399998,57.275338358000056],[-133.51240084499995,57.262230361000036],[-133.53405284699994,57.26068835700005],[-133.49742682399994,57.22197636300007],[-133.52467981299998,57.19529035900007],[-133.57443481299998,57.184770352000044],[-133.31536474599994,57.106244391000075],[-133.272906746,57.11554139800006],[-133.26164875399996,57.13553339900005],[-133.19890074899996,57.13791940800007],[-133.19224574299994,57.127858409000055],[-133.20864573899996,57.11676240700007],[-133.18677972299997,57.089782411000044],[-133.07911070799997,57.082938426000055],[-133.00923268599996,57.054123437000044],[-132.99926866399994,57.01203443900005],[-132.98593968299997,57.05347744000005],[-132.90512865999995,57.025675453000076],[-132.87232965899994,57.030849457000045],[-132.87042768199996,57.077900457000055],[-132.82479369199996,57.10747046400007],[-132.81314667499998,57.076350466000065],[-132.83643966999995,57.061361462000036],[-132.79056763799997,57.00704347000004],[-132.78795262199998,56.97557947000007],[-132.81599862399997,56.97363646600007],[-132.82122763899997,57.002901465000036],[-132.84689765299998,57.024123461000045],[-132.86020764299997,57.00121845900003],[-132.953377645,56.98477544600007],[-132.905364626,56.95593345300006],[-132.88492660599996,56.921264456000074],[-132.81576158399997,56.89115646700003],[-132.789141557,56.84334947100007],[-132.64368151099995,56.78142149300004],[-132.53054548499995,56.75419751000004],[-132.54097647699996,56.73588850800007],[-132.56667248099996,56.73855750400003],[-132.53411045699994,56.697211509000056],[-132.543380448,56.67515050800006],[-132.59210445399998,56.67671750100004],[-132.58514144499998,56.65917050200005],[-132.55526443899998,56.65425250700008],[-132.56572242799996,56.62863650500003],[-132.48039540599996,56.60313351800005],[-132.31948540399998,56.63765654100007],[-132.36654638899995,56.59489053400006],[-132.36203035799997,56.53150353500007],[-132.28906232699995,56.48389254600005],[-132.262918325,56.48664855000004],[-132.20967730599995,56.45908055800004],[-132.17046025899998,56.368357564000064],[-132.23796127999998,56.397570554000026],[-132.23201928799995,56.41532355500004],[-132.25341230699996,56.44954355200008],[-132.38888834099998,56.489798532000066],[-132.38144131899998,56.44489753300007],[-132.33564829099998,56.396649540000055],[-132.36425028399998,56.37404153600005],[-132.34069726599995,56.34175854000006],[-132.365439241,56.28302753600008],[-132.32915321499996,56.23603354200003],[-132.23582218599995,56.19750355500008],[-132.31853519299995,56.19208154300003],[-132.39758722399995,56.23808553200007],[-132.38199522999997,56.25563953400007],[-132.39435524499999,56.284411532000036],[-132.37831125499997,56.30877753400006],[-132.419430278,56.347915528000044],[-132.529379286,56.338559512000074],[-132.57332727099998,56.29690950600008],[-132.59935324799994,56.24042050300005],[-132.693356258,56.23929748900008],[-132.71688624999996,56.21690248600004],[-132.68943424199995,56.20593149000007],[-132.70892423899994,56.19442848700004],[-132.68943422499996,56.16869949000005],[-132.69608921999998,56.15797948900007],[-132.72781922999997,56.17028748400003],[-132.71510322399996,56.16062648600007],[-132.722549217,56.14383548500007],[-132.642136156,56.03249149700008],[-132.59685814299996,56.015556504000074],[-132.59317415099997,56.032292504000054],[-132.616585161,56.04968450100006],[-132.60921717099995,56.071580502000074],[-132.586756166,56.06799850500005],[-132.59234217199997,56.078014504000066],[-132.541597154,56.05287051200003],[-132.53862616199996,56.07025351200008],[-132.49097115299998,56.06322151900008],[-132.466609157,56.07602452300006],[-132.46138014899998,56.060103523000066],[-132.48598013499998,56.025519520000046],[-132.472670135,56.02877352200005],[-132.47338312999995,56.016419522000035],[-132.40184212099996,56.015821532000075],[-132.37985612699998,56.03428453500004],[-132.40398111599995,56.004062532000034],[-132.46589611999997,55.99615452300003],[-132.43749311299996,55.98884352700003],[-132.46375710999996,55.97508052300003],[-132.43511710499996,55.97082452800004],[-132.452230102,55.96098052500008],[-132.43357209399994,55.947807528000055],[-132.40172309199994,55.950867532000075],[-132.36393207699996,55.92810453800007],[-132.39922707,55.903463533000036],[-132.37792604499998,55.85508553600005],[-132.33802504099998,55.85426654200006],[-132.33339004599998,55.86727154300007],[-132.32340703699998,55.84986354400007],[-132.31247403199995,55.84159054600008],[-132.32114903999997,55.856534544000056],[-132.308433042,55.86507154600008],[-132.341946055,55.88580454100003],[-132.29037005599997,55.901264549000075],[-132.30760206699995,55.92058054600005],[-132.27634707099998,55.93616055100006],[-132.23974405999996,55.92251255600007],[-132.208133074,55.96098056000005],[-132.181394056,55.92883756400005],[-132.19161405299997,55.91891656300004],[-132.16879704999997,55.917118566000056],[-132.12601405699996,55.94494557200005],[-132.13558906999998,55.97003457100004],[-132.16558807999996,55.98452256600007],[-132.15596208999995,56.00804956800005],[-132.173788103,56.031893565000075],[-132.20135911199998,56.04424256100003],[-132.16796510799998,56.04563656600004],[-132.22655313099995,56.08013655700006],[-132.19399113099996,56.088027562000036],[-132.18448312299995,56.07350456300003],[-132.149069119,56.07277456800006],[-132.14514712999994,56.09843556900006],[-132.126846119,56.07821357200004],[-132.09915611999998,56.08895557500006],[-132.109733125,56.096048574000065],[-132.09915612699996,56.10334057500006],[-132.18840516799997,56.16883156200004],[-132.14574215699997,56.155530569000064],[-132.12019115799995,56.16506057200007],[-132.07384312999994,56.11599657900007],[-132.05890813199994,56.12426258100004],[-132.06172214299994,56.14626358100003],[-132.02696113199994,56.13312158600007],[-132.00111315699996,56.193304589000036],[-131.92089715299994,56.203486601000066],[-131.91222115799997,56.216308602000026],[-131.929928169,56.235533599000064],[-131.806335145,56.21650661700005],[-131.76402814399995,56.22489762300006],[-131.64827811899994,56.19985064000008],[-131.65457611199997,56.183980639000026],[-131.76343413499995,56.20494062400007],[-131.82439913599995,56.19125461500005],[-131.87110614699998,56.20331560800008],[-131.89498913899996,56.18110360500003],[-131.97318614499994,56.173099593000074],[-131.98174309399997,56.06212759200008],[-131.955122062,55.998513596000066],[-131.97318605699996,55.98375759400005],[-131.95856905099998,55.97285259600005],[-132.06683204999996,55.94404758100006],[-132.07087204199996,55.92394358000007],[-132.03914202099998,55.88770458500005],[-132.09654201099994,55.85056457700006],[-132.02880297899998,55.79769258600004],[-132.07871599099997,55.81065057900008],[-132.186028,55.80330356400003],[-132.18840497399998,55.74588756400004],[-132.21264797199996,55.73464756000004],[-132.28727999299997,55.76173655000008],[-132.22465095899997,55.70184855900004],[-132.18567190299996,55.58777256500008],[-131.969026838,55.49686559600008],[-131.95392483899997,55.50297459800004],[-131.958092852,55.531114597000055],[-131.936707851,55.53515560000005],[-131.951319873,55.58058559800003],[-131.93206787199995,55.583541601000036],[-132.03545792699998,55.67820158600006],[-131.98091090999998,55.65460859400008],[-131.94882388999997,55.617782598000076],[-131.88571987499995,55.60066560700005],[-131.89201888399998,55.62073460600004],[-131.85707988499996,55.631939611000064],[-131.83616390099996,55.67223761400004],[-131.81703089799998,55.67150061700005],[-131.87252893399994,55.73812660900006],[-131.82522991999997,55.71805061600003],[-131.76212695499999,55.81365562500008],[-131.79908596999996,55.835751619000064],[-131.89082998499998,55.844492606000074],[-131.91744999599996,55.86390360200005],[-131.84151199099995,55.87223961300003],[-131.821902997,55.89063661600005],[-131.81096998899994,55.87603961700006],[-131.75832398399996,55.87823962500005],[-131.616784995,55.939654645000076],[-131.60989298699997,55.92201264600004],[-131.56508998199996,55.92301165300006],[-131.59931597499997,55.900032648000035],[-131.56651596199998,55.878772652000066],[-131.56211894899997,55.85216565300004],[-131.487249938,55.84629466400003],[-131.71138195999998,55.836218632000055],[-131.70092393699997,55.78833963300008],[-131.67454193799995,55.79876163700004],[-131.61432092499996,55.78432564600007],[-131.551755921,55.79155465500003],[-131.54643192599997,55.805975655000054],[-131.49010191099995,55.786268663000044],[-131.58148991899998,55.78098865000004],[-131.62035091599995,55.76320764500008],[-131.67121392599995,55.771163638000075],[-131.73275591499998,55.731989629000054],[-131.69735889299994,55.69073063400003],[-131.72326587099997,55.63455663000008],[-131.69996485899998,55.61348763400008],[-131.63033284399995,55.59959164400004],[-131.699616839,55.56923163400006],[-131.68488083399996,55.56210863600006],[-131.71831781799995,55.51791663100005],[-131.83414280499994,55.456723615000044],[-131.73954676799997,55.396974628000066],[-131.71993775299995,55.36834963100006],[-131.851374793,55.425579612000035],[-131.83426176999996,55.37773661500006],[-131.880847776,55.37942460800008],[-131.85493976199996,55.353488612000035],[-131.86694276199995,55.34957061000006],[-131.86908174499996,55.309346610000034],[-131.83152868999997,55.193585615000075],[-131.78125966099998,55.14016462200004],[-131.76313165399995,55.12769062500007],[-131.72302765399996,55.14023263100006],[-131.71934365799996,55.15048763100003],[-131.74715266599998,55.160536627000056],[-131.71031167599995,55.19372163200006],[-131.747984692,55.21969362700003],[-131.75879870699998,55.25188062600006],[-131.68938068699998,55.223930635000045],[-131.68844569799995,55.25093263500003],[-131.67050069899994,55.257231638000064],[-131.69212972199995,55.30589663500007],[-131.64899070999996,55.28945664100007],[-131.642810699,55.265357642000026],[-131.63342270599998,55.284921643000075],[-131.61357670499996,55.28708764600003],[-131.69876174499996,55.35487763400005],[-131.63746372999998,55.337946643000066],[-131.540733699,55.29267865600008],[-131.51410771199994,55.33105166000007],[-131.48225870699997,55.32631966500003],[-131.45742071099994,55.344299668000076],[-131.38837470799996,55.354299678000075],[-131.385165702,55.34193467800003],[-131.48344669499994,55.30001166400007],[-131.46086668299995,55.27727366800008],[-131.40381966899997,55.261943676000044],[-131.36710266899996,55.27239968100008],[-131.35105866199996,55.25960168300003],[-131.29912566299998,55.276664690000075],[-131.25503667699996,55.32084369700004],[-131.29330270799994,55.38097669100006],[-131.247668708,55.39353269800006],[-131.23602670199995,55.38233069900008],[-131.23459571299998,55.40817670000007],[-131.19875670099998,55.39150270500005],[-131.18931768699997,55.36091970600006],[-131.24020866099994,55.287160699000026],[-131.32669665199995,55.243074687000046],[-131.20417261399996,55.18985470400003],[-131.15485461199995,55.19874071100003],[-131.06358562799994,55.260143724000045],[-131.05312765599996,55.32841572500007],[-131.022347659,55.344569730000046],[-131.033875686,55.403588728000045],[-131.00874468399996,55.40482273200007],[-130.99097266999996,55.37848773400003],[-130.970640673,55.391438737000044],[-130.99439471199997,55.472400734000075],[-130.97354673099994,55.52208073700007],[-130.98776573799995,55.53407373500005],[-130.98313075099998,55.56587173600008],[-130.97528775399996,55.57500973700007],[-130.94224974099996,55.55458074100005],[-130.92917774999995,55.57749574300004],[-130.95948175899997,55.58864573900007],[-130.93987376999996,55.619191742000055],[-130.97100980099998,55.680346737000036],[-130.959956805,55.693208739000056],[-131.05253385199995,55.77283472600004],[-131.04730486299997,55.798694727000054],[-131.07392488099998,55.830879723000066],[-131.253680966,55.97098469700006],[-131.35581297199997,55.95602468300007],[-131.30863398199995,55.99140268900004],[-131.21268297899996,56.01046570300008],[-131.11809898899998,56.05805471700006],[-131.09329597899995,56.043279720000044],[-131.21451196499999,55.98016770300006],[-131.07772790599995,55.88537172200006],[-131.00357186099995,55.80590873300008],[-130.94569685599998,55.81098474100003],[-130.96934584599995,55.78172373800004],[-130.89661580599994,55.71282874800005],[-130.90422179499996,55.686375747000056],[-130.87629373599998,55.56036175100007],[-130.80938672199994,55.548597760000064],[-130.87011672799997,55.544383752000044],[-130.87249070399997,55.488449751000076],[-130.92335468799996,55.43764874400006],[-130.89875466599995,55.39454574700005],[-130.89162467199998,55.41141474800003],[-130.88282966699995,55.40169874900005],[-130.87760063599995,55.33071375000003],[-130.85514061699996,55.29378675300006],[-130.94403262799995,55.29534374100007],[-130.986339612,55.24524273500003],[-131.09262360199995,55.192715719000034],[-131.07273556999996,55.12358772200008],[-130.99418254399995,55.08510673300003],[-130.89827954099997,55.10407974700007],[-130.81616054799997,55.144850758000075],[-130.795482527,55.102923761000056],[-130.77337852,55.09272476400008],[-130.74129151999995,55.10136076900005],[-130.733567532,55.13106177000003],[-130.70623352499996,55.12399477400004],[-130.72001951399994,55.093880771000045],[-130.79417551499995,55.073133761000065],[-130.82317252699994,55.094628757000066],[-130.82699553699996,55.11631375700006],[-130.85109954099994,55.11937375300005],[-130.87462953499994,55.09707675000004],[-130.98954853599997,55.06796273400005],[-130.99228152599994,55.04393473300007],[-131.01260352999998,55.04665773000005],[-131.00036252299998,55.03310673200008],[-131.010582506,54.991539730000056],[-130.99211450499996,54.99277173300004],[-130.94631047999997,54.94756173900004],[-130.94749947399998,54.932690739000066],[-130.97545847199996,54.92138773500005],[-130.95463845899997,54.89580873800003],[-130.95344844299996,54.85714273800005],[-130.93773343799995,54.84947874000005],[-130.94819142999995,54.82922173900005],[-130.93464441699996,54.80073474000005],[-130.84266239,54.76208075300008],[-130.791312394,54.78708776000008],[-130.78038940899995,54.82579876200003],[-130.73784539599995,54.807446768000034],[-130.73523038499997,54.78196076800003],[-130.75163038299996,54.77250176600006],[-130.73837837099995,54.74860676800006],[-130.687694352,54.71844877500007],[-130.68650635799997,54.731625775000055],[-130.64341135099994,54.72842378100006],[-130.62808835399994,54.73934578300003],[-130.65905636699995,54.76306277900005],[-130.45940637799998,54.84846980700007],[-130.27334640799995,54.97396883300007],[-130.18758043499997,55.06284584600007],[-130.10286047899996,55.19260685800003],[-129.97418550099997,55.281923877000054],[-130.021125531,55.33792087100005],[-130.04123458299995,55.45172986800003],[-130.08987161,55.49798286200007],[-130.12792265099995,55.581039857000064],[-130.11167569399998,55.68290585900007],[-130.14805871299995,55.71504585400004],[-130.15242473599994,55.76629185400003],[-130.00386577999996,55.90729287500005],[-130.01769778399995,55.911949873000026],[-130.00350382599999,56.00807987600007],[-130.10381689099995,56.12280286200007],[-130.246248897,56.096419841000056],[-130.42602494099998,56.14156581600008],[-130.46788899299997,56.24305781000004],[-130.623327024,56.26688278800003],[-130.78200008999994,56.36684876500004],[-131.08736814699995,56.40600972100003],[-131.47204726299998,56.55267066500005],[-131.58108630499999,56.61223664900007],[-131.83534632899995,56.59920761200004],[-131.86068838199998,56.702988608000055],[-131.90109141099998,56.753679602000034],[-131.87289543299994,56.80599960500007],[-132.12358749599997,56.87365256800007],[-132.04521057099998,57.04506357900004],[-132.369002632,57.09151753100008],[-132.24794067699997,57.21125754800005],[-132.36300375699994,57.34201553000008],[-132.55370485699996,57.49651850100008],[-132.86933807399998,57.84294545100005],[-133.07644117999996,57.999766418000036],[-133.172331274,58.15368040200008],[-133.34545235999997,58.27633637400004],[-133.46152443399995,58.38772735500004],[-133.37732344799997,58.430552367000075],[-133.707138585,58.61227831500008],[-133.84052766599996,58.729448293000075],[-134.25809478599996,58.86104022600006],[-134.33648482999996,58.92341821300005],[-134.31375184999996,58.96222321600004],[-134.40716986899997,58.97921420200004],[-134.38189790099995,59.03876720400007],[-134.483415966,59.13160718700004],[-134.56558697399998,59.13112817500007],[-134.67913802199996,59.19227915600004],[-134.70073705799996,59.24901515100004],[-134.959926103,59.28093011100003],[-135.03054614899997,59.34635209800007],[-134.98976616899995,59.38713310400004],[-135.10104120499994,59.427535086000034],[-135.027583226,59.47474209600006],[-135.02892427899997,59.56366309400005],[-135.117854325,59.62307407900005],[-135.15761132999995,59.62572407300007],[-135.21986635899998,59.66278006300007],[-135.23368938099998,59.696147060000044],[-135.36013041899997,59.73761903900004],[-135.47918246799998,59.79804501900003],[-135.95266643099995,59.66216994800004],[-136.19292543999995,59.64003091100005],[-136.35395742999998,59.59983088600006],[-136.23985139499996,59.55941590500004],[-136.23852537299996,59.52432990600005],[-136.30504334299997,59.464521897000054],[-136.36252833999998,59.45037788900004],[-136.47717735999998,59.465827870000055],[-136.46926824999997,59.28408287600007],[-136.49577824699998,59.27513587200008],[-136.48842323699995,59.259293874000036],[-136.58154219,59.16491286100006],[-136.82665420799998,59.15839282300004],[-137.26477315399995,59.00235575900007],[-137.44740411499998,58.90951673300003],[-137.52644511999995,58.906837721000045],[-137.50002116399997,58.98539872300006],[-137.60737732499996,59.24380669900006],[-138.62622372399994,59.768583524000064],[-138.66867075299996,59.809660516000065],[-138.70739981599996,59.90632850700007],[-139.05369289699996,59.99484044900004],[-139.19886796699996,60.08829942300008],[-139.07214910699997,60.319432436000056],[-139.074841129,60.35250843400007],[-139.69300316099998,60.33522733600006],[-139.98111608099998,60.181969295000044],[-140.45822819299997,60.308088214000065],[-140.52044713899994,60.21982220700005],[-141.00200222399997,60.30637212700003],[-141.00063857099997,69.64628869600006],[-141.137325627,69.67665966900006],[-141.29324365499997,69.68780164000003],[-141.32378465,69.68280863500007],[-141.20648962599995,69.67277965700004],[-141.24974756499995,69.63021565100007],[-141.377749581,69.63463362800007],[-141.47685069099998,69.70293560600004],[-141.35468364899998,69.68115862900004],[-141.62682679699998,69.76558657500004],[-141.95874690699998,69.82337851100004],[-142.33237907799997,69.91895343700008],[-142.40273306999995,69.91087342400004],[-142.37706309799995,69.92984542800008],[-142.35626608999996,69.92556343200005],[-142.40320811599997,69.94077242200007],[-142.42376712199996,69.94354441800004],[-142.37837010099997,69.93196642700008],[-142.504103139,69.95165240300008],[-142.51277815099996,69.95865840100004],[-142.49756716499996,69.96822740300007],[-142.44848614299997,69.95617441300004],[-142.62900424199995,70.01238937700003],[-143.263133499,70.15327325200008],[-143.42523146199994,70.12493022300004],[-143.588041504,70.14641319200007],[-143.764760481,70.12684316100007],[-143.80159745199995,70.10787315500005],[-143.90724547599996,70.12016213500004],[-143.95319144499996,70.09932012800004],[-144.12151342299998,70.08120909800004],[-144.28539436599996,70.04072307000007],[-144.45545336299998,70.03524603900007],[-144.61826426499997,69.96908201300005],[-144.88791230099997,69.98584596200004],[-144.90157829899996,69.98434096000005],[-144.83609828699997,69.97823897200004],[-144.96016625899998,69.95800695100007],[-145.01982429699996,69.98063893800008],[-145.22517933899996,70.00340889900008],[-145.21175037099997,70.02412490000006],[-145.18013936699998,70.02217590600003],[-145.19059737599997,70.02757490400006],[-145.29731535399998,70.01217388500004],[-145.42607838999996,70.03220186000004],[-145.51580245399998,70.07161184100005],[-145.62333847699998,70.08437682000005],[-145.85449660699996,70.16230777300007],[-145.87327258399998,70.14790577000008],[-145.85889355799998,70.13195877400005],[-145.98057857999996,70.14373075000003],[-146.00031256199998,70.13211974800004],[-146.25597063399997,70.17422369800005],[-146.51750366199997,70.18923064800003],[-146.66177564099996,70.17440362300005],[-146.85239465399997,70.18121358700006],[-146.86855663899996,70.17186358400005],[-146.85833663299996,70.16811458700005],[-147.06119659899997,70.14596855100007],[-147.17314361099997,70.15282852900003],[-147.21877765199997,70.17790951900008],[-147.22780962999997,70.16444551900008],[-147.23517766699996,70.18729651600006],[-147.26262969099997,70.20235651000007],[-147.30422365099997,70.17730450400006],[-147.32395167399997,70.19104249900005],[-147.53548669599996,70.20428845900005],[-147.67987668899997,70.19941743300006],[-147.85617575099997,70.23775039700007],[-147.80826475999996,70.24389440600004],[-147.78347982999998,70.28689740800007],[-147.89753182199996,70.28174338700006],[-147.90097884399998,70.29533138500005],[-147.88398485499997,70.30202138800007],[-147.88030086199996,70.30662738800004],[-147.88291488599998,70.32131938700007],[-147.86045388899996,70.32316039100004],[-147.90965389699997,70.32808138100006],[-147.95909094499996,70.35730437000007],[-147.96206193099997,70.34859437000006],[-147.90775289299998,70.32564138200007],[-147.88576688599997,70.32115938600003],[-147.88576685599998,70.30306338800006],[-147.94269083699996,70.29144337800005],[-147.95350584299996,70.29513037600003],[-147.93781885699997,70.30334337800008],[-148.01613386399998,70.30774836300003],[-148.10979991899998,70.34168034300006],[-148.20153784099998,70.29411033000008],[-148.22798285499996,70.30286232400005],[-148.23081888899998,70.32374032200005],[-148.20003292999996,70.34835632600004],[-148.35447185399997,70.30270230100007],[-148.48317486299996,70.30846927700003],[-148.46095191299997,70.33888027900008],[-148.47782694999998,70.36177827400007],[-148.52880997799997,70.37878526300005],[-148.51347899099997,70.38672526600004],[-148.52808703399998,70.41326826100004],[-148.51995599199998,70.38746326400008],[-148.54730997099998,70.37511326000003],[-148.58959601199996,70.40022425000006],[-148.625724,70.39288724400006],[-148.71841903099997,70.41210022600006],[-148.78725101399996,70.40217121400008],[-148.88241805999996,70.43105619400006],[-148.95947604799997,70.42394518000003],[-149.16156714999997,70.48773113800007],[-149.29117615099997,70.48935411400004],[-149.32627617299997,70.50269510700008],[-149.42070115199996,70.49090609000007],[-149.46200019299997,70.51645408100006],[-149.56531115799996,70.49645106300005],[-149.71610816899997,70.50496903400006],[-149.77859813799998,70.48670602400006],[-149.86397317599997,70.51097700700006],[-150.10952903499998,70.42934096700003],[-150.18989904299997,70.43502095200006],[-150.36091299499998,70.40915192200004],[-150.38705802599998,70.42826991600003],[-150.37539004299998,70.43853091700004],[-150.41439107699998,70.45969490800007],[-150.51897011299997,70.48313288700007],[-150.66157809899997,70.47757386100005],[-150.69841804899997,70.44776685700003],[-150.74238906999997,70.46128484800005],[-150.95070105999997,70.45956180900004],[-151.14644391899998,70.37764777900003],[-151.19992190999997,70.37325776900008],[-151.24626990699997,70.37245976100007],[-151.34323496299996,70.40887774000004],[-151.57211400299997,70.43932369600003],[-151.87615497599998,70.43076164000007],[-151.95231201799996,70.45840862400007],[-151.91630304799997,70.47529562900007],[-151.72931909099998,70.49638166200003],[-151.79924610099997,70.50419064900007],[-151.70393618199998,70.55065966300003],[-151.98344819299996,70.56474161000006],[-152.05350215799996,70.54519859900006],[-152.32469413599998,70.54001354900004],[-152.43227415499996,70.55473652800003],[-152.51531312399996,70.53874651400008],[-152.56225516199996,70.56268650300007],[-152.51495719499997,70.58158051100008],[-152.41864317699998,70.56781653000007],[-152.25600518799996,70.56952655900005],[-152.21334121299998,70.58272656600008],[-152.06883218899998,70.56458459400005],[-152.05623521599998,70.58007959600008],[-152.31613824899998,70.60779554500004],[-152.32124823799998,70.60140554500003],[-152.34881922899996,70.59662854000004],[-152.42214324599996,70.60878452600008],[-152.46445028899998,70.63575551600007],[-152.47942437999998,70.69049150900008],[-152.42867937899996,70.68829051800003],[-152.38185642599998,70.71476252500008],[-152.42119244899996,70.72939751700005],[-152.36735844799998,70.72688652700003],[-152.28868655499997,70.78775053700008],[-152.19171258699998,70.80334855300003],[-152.22807762399998,70.82646754500007],[-152.58840070099998,70.88177547400005],[-152.78103968999997,70.88138643800005],[-152.81526562999997,70.84800143400008],[-152.84010362799998,70.84729943000008],[-152.92519269699997,70.89018041100007],[-153.21587473199997,70.92054235500007],[-153.46936065499997,70.88500531000005],[-153.94365060899997,70.87644222300008],[-153.93984758699997,70.86355122500004],[-154.00009950499998,70.81819121800004],[-154.18189640799997,70.76832518800006],[-154.25709042499997,70.78202117300003],[-154.22072544799997,70.79359617900008],[-154.25495148399997,70.81618017100004],[-154.34437850599997,70.83317915300006],[-154.56345946999997,70.82164611300004],[-154.60266552799996,70.85686010300003],[-154.59744757199996,70.88261210200005],[-154.61408560499996,70.90245109700004],[-154.60695472699996,70.97247009300008],[-154.57772075399998,70.98672309700004],[-154.56060773299998,70.97409710200003],[-154.57724477499997,70.99872109600005],[-154.75817888499998,71.07007705700005],[-155.07221300599997,71.15292599200006],[-155.09621898899996,71.14424798900006],[-155.07786697099996,71.13324599300006],[-155.11224295599996,71.12667098700007],[-155.06850992799997,71.10847899700008],[-155.07457085999997,71.07027199900006],[-155.11937286199998,71.07339499000005],[-155.14527991499997,71.10497698300003],[-155.12769192499997,71.10959498600005],[-155.24641286599996,71.08156496600003],[-155.26459583699997,71.06606896400007],[-155.16084775799996,71.01618598700003],[-155.17487069499998,70.98004498800003],[-155.20957269099998,70.97965798100006],[-155.25793974899997,71.01564396900005],[-155.36299470799997,70.99680795200004],[-155.45283761699997,70.94868793900008],[-155.51190060199997,70.94294592900008],[-155.48432952099998,70.89488893800007],[-155.48944045499996,70.85626694000007],[-155.57548042599998,70.84406492500005],[-155.61232045199998,70.86074791700008],[-155.60804238999998,70.82408792100006],[-155.64809139099998,70.82724991300006],[-155.66484741899998,70.84402590900004],[-155.87685737399997,70.82920087100007],[-155.93461438099996,70.83634186000006],[-155.92379941799996,70.85735786000004],[-155.95636148199998,70.89640585100005],[-156.00651247799996,70.89667884100004],[-155.97204850299997,70.90962584700003],[-156.01376158499997,70.95950783500007],[-155.85689261899998,70.97055386300008],[-155.82373660299996,70.95962387000003],[-155.79046164599998,70.98287187400007],[-155.72771365199998,70.98318188500008],[-155.70287671599996,71.01865988700007],[-155.54422580399998,71.06078591300007],[-155.51146685299997,71.08749491700007],[-155.56977593399998,71.13650890200006],[-155.56751797999996,71.16246590000003],[-155.74435801799996,71.19274986500005],[-155.88755399299998,71.18601183900006],[-155.93235703499997,71.21178782900006],[-155.95861998499998,71.18489982600005],[-156.08506594499997,71.16937080400004],[-156.09005696099996,71.17861380200003],[-156.02921100799998,71.20148881200004],[-156.09397904099998,71.22380179800007],[-156.07936206899998,71.23894379900008],[-156.36873708199997,71.26182474400008],[-156.44122912699996,71.29051272800007],[-156.53321112699996,71.29584871100008],[-156.56208915999997,71.31580770400006],[-156.56868422499997,71.35256069900004],[-156.80968708299997,71.28688566000005],[-157.24462862299998,71.05190660100004],[-157.42103447399998,70.97680457500007],[-157.88177421199998,70.85343450100004],[-158.21422611399998,70.81751744400003],[-158.56332711099998,70.84024337800008],[-158.36223109699998,70.81788741700007],[-158.39940806099997,70.79907941100004],[-158.45202006699998,70.80655140100004],[-158.66775100599997,70.78555236400007],[-158.93371498999997,70.79536631400003],[-159.06892700799997,70.81611128800006],[-159.04970297799997,70.79677329300006],[-158.95094697299996,70.78641231200004],[-158.99206493099996,70.76465630700005],[-159.04554294299996,70.77577129600007],[-159.19813789799997,70.76006627000004],[-159.25838591499996,70.77475425700004],[-159.29974188099996,70.75811625100005],[-159.34567291399998,70.78124924100007],[-159.34484195399997,70.80474623900005],[-159.11500500399998,70.81740127900008],[-159.16503702999998,70.83644826900007],[-159.15327203599998,70.83937427100005],[-159.16753306799998,70.85910026600004],[-159.22398103699996,70.84526225700006],[-159.31560703399998,70.85040924000003],[-158.76621019399997,70.90413433500004],[-159.17184309399997,70.87510226400008],[-159.64895289799998,70.79505318400004],[-160.32443835399997,70.51988108700004],[-160.80181705699997,70.37638801500003],[-161.29345785699996,70.29464693400007],[-161.50178382899998,70.29689089700008],[-161.87929782399996,70.32926782600003],[-162.04630772199997,70.28069780100003],[-162.34245653499997,70.19015775700007],[-162.46676342099997,70.12925274000008],[-162.82620901999996,69.90271569800007],[-163.00970385599996,69.81269967500003],[-163.14664656599996,69.62999766800004],[-163.14783326199998,69.41882868900007],[-163.20737213899997,69.33796568600008],[-163.53632080899996,69.13968264800008],[-163.69407968999997,69.07112062800007],[-163.93134354699998,68.99490059400006],[-164.30842239099997,68.92552653500007],[-165.56683507399998,68.85101532500005],[-166.21662599599998,68.88149421000003],[-166.22857998199999,68.87272420900007],[-166.19041387099998,68.78271122500007],[-166.19671175499997,68.69485723300005],[-166.23399669199998,68.65132023100006],[-166.21789068099997,68.64046123500003],[-166.23712962099998,68.59659423600004],[-166.22815659299997,68.57392024000006],[-166.30339850599998,68.51672523300005],[-166.30247444999998,68.47220623800007],[-166.32764940999996,68.44427323700006],[-166.44215234799998,68.41136722100003],[-166.74265723199997,68.36407917400004],[-166.84125018199998,68.33809416000008],[-166.58744422399997,68.33388820400006],[-166.23707721199997,68.27311227000007],[-166.07652117199999,68.21776730300007],[-165.96537809099996,68.13591833100003],[-165.33609506399998,68.02413645000007],[-164.53483183599997,67.72440261800006],[-164.14370977199997,67.61717369600007],[-164.03342571899998,67.55753972100007],[-163.86440556799997,67.40597076500006],[-163.75893340299996,67.24845179900007],[-163.73898832299997,67.17552581000007],[-163.74797126999997,67.12929981300005],[-163.68994225199998,67.10603782500004],[-163.02590126699997,67.03298994600004],[-162.84300624599996,66.99117598100008],[-162.81650525799998,66.99791098500003],[-162.89795127199997,67.02128696900007],[-162.92689826099996,67.01484796500006],[-162.93931127999997,67.03342996100008],[-162.74916832199997,67.04687299200003],[-162.75297029399997,67.02229799400004],[-162.77555028599997,67.01840099000003],[-162.75511028599996,67.01524599400005],[-162.73609532499998,67.04807799400004],[-162.71137633099997,67.05030299800006],[-162.73110431899997,67.04168199600008],[-162.72611330699996,67.03083299700006],[-162.70411831299998,67.03348200100004],[-162.62272227799997,66.99221801900006],[-162.50174327799996,66.97716304100004],[-162.23246133299997,66.99331308600006],[-162.12490237999998,67.02218210100006],[-161.83914744899997,67.04954214800006],[-161.78680244699999,67.04170515800007],[-161.71668740399997,66.99600317400007],[-161.69802942499996,67.01192717600003],[-161.71026943399997,67.02190417300005],[-161.69173043999996,67.02473417600004],[-161.65477144199997,67.02195018200007],[-161.66511042399998,67.00784318200004],[-161.62149643199996,67.00956018900007],[-161.58798340699997,66.98373919700003],[-161.51323341599996,66.98308921000006],[-161.47888838699998,66.95314621900008],[-161.48623237199996,66.94082521900003],[-161.56754335799997,66.93764820500007],[-161.64265036899997,66.95579719100004],[-161.70745534199997,66.93964018100007],[-161.71740031399997,66.91510618200005],[-161.78714427499997,66.88896317200005],[-161.78080723599996,66.85300417700006],[-161.85111018199999,66.81256716900003],[-161.84764816899997,66.80039717100004],[-161.86404816999996,66.80269016700004],[-161.84610312699996,66.76155617500007],[-161.88514207399996,66.71808017200004],[-161.68594099199998,66.61861021600004],[-161.53604996999997,66.58143224500003],[-161.54805293799998,66.55279224600008],[-161.48363091699997,66.52562525900004],[-161.29349793699998,66.52203729200005],[-161.28050592099999,66.50595629600008],[-161.32637588599997,66.47837029100003],[-161.57885181299997,66.43964825100005],[-161.90706788199998,66.54380618500005],[-161.96830992999998,66.59577317000003],[-162.07047297399998,66.64812814700008],[-162.07854702499998,66.69614714100004],[-162.02915607099996,66.73268914600004],[-162.01098012599996,66.78005814400007],[-162.11733113199998,66.79848112400003],[-162.22702819199998,66.86644909900008],[-162.28509925299997,66.92824308300004],[-162.33410026899998,66.94824607300006],[-162.41594122399997,66.91853106200006],[-162.46992925299998,66.95051604900004],[-162.49152524199997,66.94319904600007],[-162.50892619999996,66.90814804700005],[-162.60107917699997,66.89845403200007],[-162.62308114699997,66.87432403000008],[-162.62098312499998,66.85404903300008],[-162.51315105499998,66.77688505900005],[-162.50016300999997,66.73401806500004],[-162.21598001399997,66.70259011700006],[-162.12437496999996,66.65129013800004],[-162.09295692499998,66.60577814700008],[-161.98114190199996,66.57118017000005],[-161.89139985999998,66.52169619000006],[-161.86874182699998,66.48757419700007],[-161.87052278199997,66.44633320100007],[-161.94286964199998,66.32216320100008],[-161.90372663499997,66.31080420800004],[-161.89570260699998,66.28398721200006],[-161.90725658699998,66.26570521200006],[-161.82190460299998,66.27115222600008],[-161.87541461399996,66.28815221500008],[-161.85879464699997,66.31667321500004],[-161.91555464399997,66.32160620500008],[-161.89467766599998,66.33906120700004],[-161.91361466999996,66.34542920300004],[-161.89940250699996,66.35629724500006],[-161.69443575299996,66.39721023600003],[-161.51662977399997,66.39654226600004],[-161.11300875199998,66.32837934200006],[-160.99021866799998,66.23427937200006],[-161.01683864099996,66.21223936900003],[-161.01826461399997,66.18638937100008],[-161.09907560199997,66.18432635800008],[-161.07732761599996,66.19531336000006],[-161.08624063399998,66.21348535700008],[-161.06008565399998,66.22912236000008],[-161.22541061299998,66.20971533400007],[-161.31638261399996,66.22070131700008],[-161.34958964599997,66.25491230800003],[-161.33057565199996,66.25921831100004],[-161.49742663299998,66.26022328200008],[-161.55365860699996,66.24223927500003],[-161.68960645299998,66.11062426400008],[-161.77539338499997,66.05520025500005],[-161.82233436899998,66.04555224800004],[-161.79238735899997,66.03228025400006],[-161.82958431999998,65.99880325100008],[-161.77765130899996,65.98129826200005],[-161.81746228999998,65.96813825600003],[-161.90041228299998,65.97123524200003],[-161.86820731799997,66.00131724400006],[-161.93309334099996,66.03199023000008],[-161.92394334399998,66.03396923200006],[-161.89078633999998,66.02542423800003],[-161.83804434299998,66.02258124700006],[-162.03293836799998,66.07083221000005],[-162.11423335199999,66.06546719600004],[-162.13478536299996,66.07872319200004],[-162.37221227999999,66.02773615600006],[-162.45257830199998,66.05972614000007],[-162.62687425599998,66.03700811200008],[-162.73884028599997,66.08118208900004],[-162.74616230499998,66.10114908600008],[-162.86617126899998,66.08164606800005],[-162.95416827099996,66.09522705100005],[-163.01227723999997,66.07303904400004],[-163.14741320699997,66.05855802200006],[-163.28552719799998,66.06816099800005],[-163.33778521099998,66.08823798700007],[-163.49993618599999,66.08632896000006],[-163.63557413699996,66.05739894000004],[-163.77708714299996,66.08325491400007],[-163.84916117699998,66.12669789700004],[-163.90486823999998,66.19578288100007],[-163.97381120499998,66.17126987200004],[-163.96171923199998,66.19639287100006],[-164.00791820799998,66.17895086500005],[-164.03311221899997,66.19320186000004],[-163.99639123299997,66.20140386500003],[-164.04119422799997,66.20370485700005],[-163.92842325899997,66.21732787500008],[-163.83627731799996,66.26141688600006],[-163.83453136199998,66.30367488200005],[-163.87933437499998,66.32176987200006],[-163.85520942199997,66.36406687200008],[-163.87058544499996,66.38811386700007],[-163.85101147599997,66.41502286800005],[-163.76199353199996,66.45487287900005],[-163.72728858499997,66.50011788000006],[-163.75324563599997,66.55227187000008],[-163.90821261799996,66.55633784400004],[-163.92758363399997,66.57401483900003],[-163.60398266399997,66.55808789500003],[-163.85972566399997,66.59304784800008],[-164.40104156999996,66.58143175800006],[-165.15174333499996,66.46910564300003],[-165.92538203099997,66.29747853200007],[-166.13588493499998,66.23799750300003],[-166.16771390799997,66.21640850000006],[-166.59755773599997,66.11748743900006],[-167.52747927799996,65.81795731900007],[-167.98429910699997,65.72427125500008],[-168.08757105399997,65.68853024200007],[-168.120206009,65.64787924100006]]],[[[-168.40283151099996,52.99922167900007],[-168.40746650899996,52.99392867900008],[-168.39760251099997,52.99578868000003],[-168.40283151099996,52.99922167900007]]],[[[-168.43990952399997,53.049328668000044],[-168.44787252099997,53.04261366800006],[-168.43919652299996,53.04639966900004],[-168.43990952399997,53.049328668000044]]],[[[-168.48649549399997,52.98040767100008],[-168.46878749499996,52.97518367400005],[-168.44442549899998,52.97890467600007],[-168.46997649999997,52.99206867200007],[-168.48649549399997,52.98040767100008]]],[[[-168.953480962,65.75813009300003],[-168.93779394999999,65.74290109800006],[-168.89501195899996,65.74368310400007],[-168.89952798199997,65.76886210100008],[-168.953480962,65.75813009300003]]],[[[-169.11587135699997,52.82213161100003],[-169.05157836899997,52.83117961800008],[-169.02685938299996,52.86161161700005],[-168.98930638599998,52.85694762300005],[-168.81853343099996,52.92398763600005],[-168.75744943299998,52.90664664600007],[-168.78965543999996,52.93795663800006],[-168.78490244499997,52.94919963700005],[-168.72857144999998,52.94304164500005],[-168.70456646099998,52.965951645000075],[-168.68044145699997,52.94518965100008],[-168.68578946399998,52.96838564700005],[-168.65298947099998,52.97468365100008],[-168.58810349699996,53.02774965200007],[-168.52309750599997,53.02767766000005],[-168.51430351299996,53.04625665900005],[-168.49849751099998,53.03489566300004],[-168.45892452299998,53.05440066500006],[-168.41756754699998,53.10754666400004],[-168.363139562,53.13079766800007],[-168.37668757299997,53.16486766200006],[-168.34032257399997,53.15517666800008],[-168.34293658399997,53.18409966400003],[-168.30894859199998,53.195634667000036],[-168.33129059299998,53.20617066300008],[-168.29516260599996,53.22894066500004],[-168.11464564499997,53.274908682000046],[-168.10810865099998,53.29025468100008],[-168.00162867499998,53.317666692000046],[-167.84095671899996,53.38619070400006],[-167.85913973599997,53.43931569500006],[-167.78985576199997,53.48813269900006],[-167.78522177099998,53.51047069600003],[-167.79603577399996,53.52333069400004],[-167.93995075799998,53.52749967500006],[-167.97916776499997,53.562593665000065],[-168.07031774999996,53.55327565500005],[-168.08398475299998,53.56478165200008],[-168.22671172199998,53.530819637000036],[-168.28696269999998,53.49127963400008],[-168.34448168899996,53.479434628000035],[-168.40734765999997,53.42232262700003],[-168.38560064799998,53.38243363500004],[-168.41150762999996,53.341229637000026],[-168.43622562399997,53.33211163500005],[-168.37110162699997,53.31734764500004],[-168.36658561899998,53.29291864800007],[-168.34234262299998,53.29519165100004],[-168.34614560999998,53.260657655000045],[-168.43812759599996,53.25425964400006],[-168.45238860099997,53.27373564000004],[-168.48352459799997,53.274872635000065],[-168.53628958199997,53.25045563200007],[-168.61436657999997,53.273131619000026],[-168.64336356399997,53.23978861900008],[-168.69268255299997,53.22719761500008],[-168.76529352799997,53.18135761100007],[-168.77658351799997,53.158205613000064],[-168.79678551599997,53.15970161000007],[-168.80510449699997,53.10715461500007],[-168.76505549099997,53.075681624000026],[-168.80451047399998,53.042255623000074],[-168.80047046999996,53.02896462500007],[-168.87248645199998,53.00479961900004],[-168.86107843199997,52.94039162900003],[-168.95947741699996,52.93673861700006],[-168.97290640799997,52.913812618000065],[-168.95306040499997,52.89962162200004],[-168.96732139699998,52.87961662300006],[-169.06738437899998,52.86577261200006],[-169.05086537699998,52.85500961500003],[-169.06667136899998,52.836563616000035],[-169.11587135699997,52.82213161100003]]],[[[-169.25942931799997,52.763240601000064],[-169.20309932799998,52.77021560700007],[-169.154018346,52.80270160900005],[-169.19062133899996,52.79630660500004],[-169.25942931799997,52.763240601000064]]],[[[-169.76307232499997,52.98216051000003],[-169.74465231699998,52.95231451600006],[-169.71743831899997,52.94794652000007],[-169.661227345,53.00104552100004],[-169.66823835199997,53.02413951700004],[-169.68178635399997,53.035574514000075],[-169.74001734399997,53.02871350700008],[-169.76307232499997,52.98216051000003]]],[[[-169.78688075099998,56.614246054000034],[-169.75051574399998,56.58762106200004],[-169.68218375099997,56.579505073000064],[-169.65449373799999,56.54342308100007],[-169.57629674499998,56.53175909300006],[-169.46553778899997,56.59534210000004],[-169.78688075099998,56.614246054000034]]],[[[-169.79931934599998,53.05707949600003],[-169.74809934899997,53.046292504000064],[-169.74025535499996,53.06122150300007],[-169.76699435899997,53.082213497000055],[-169.79931934599998,53.05707949600003]]],[[[-170.01097223999997,52.831574499000055],[-169.96058423199997,52.78732351000008],[-169.92303123699998,52.78890451500007],[-169.85766925899998,52.82740951800008],[-169.77400626499997,52.80931053100005],[-169.71933925899998,52.77179654200006],[-169.70032526399999,52.778698544000065],[-169.71173427099998,52.802701539000054],[-169.67489328099998,52.81836154200005],[-169.69010528399997,52.83157453800004],[-169.66847629699998,52.86387153700008],[-169.70365229899997,52.88395553000004],[-169.77899729199999,52.89241652000004],[-169.86575027499998,52.87793151100004],[-169.86218526899998,52.85784451400008],[-169.87597026499998,52.85138551300008],[-169.98791725099997,52.85727049800005],[-170.01097223999997,52.831574499000055]]],[[[-170.12149324699996,52.89958547600003],[-170.09772524199997,52.87334048200006],[-170.05042724299997,52.85784449000005],[-170.00051425599997,52.875922494000065],[-169.99457226899997,52.91177049000004],[-170.08774325999997,52.922662477000074],[-170.12149324699996,52.89958547600003]]],[[[-170.18376617899997,52.724390491000065],[-170.07776019299996,52.72079150400003],[-170.05945919999996,52.73360250500008],[-170.05209121299998,52.76913650100005],[-170.12696020999996,52.791420489000075],[-170.16950520199998,52.785670485000026],[-170.18376617899997,52.724390491000065]]],[[[-170.42148590499997,57.16176489900005],[-170.35125190699998,57.14390991100004],[-170.30145791899997,57.15319291700007],[-170.27875990599998,57.11688492400003],[-170.30110189899997,57.10881892200007],[-170.28945489999998,57.107528924000064],[-170.26033991199998,57.12443392600005],[-170.254872921,57.140556925000055],[-170.17441794299998,57.16086293300003],[-170.14268797299997,57.21566493100005],[-170.09812299599997,57.249496933000046],[-170.22409295899996,57.21180292000008],[-170.39070693099998,57.20658989800006],[-170.41673291999996,57.19178289600006],[-170.42148590499997,57.16176489900005]]],[[[-170.84237603299997,52.56156743100007],[-170.78961103399996,52.54335843900003],[-170.70642306399998,52.597385443000064],[-170.60849907899998,52.60171645400004],[-170.56405309899998,52.64139645400007],[-170.56001310799996,52.66792545200008],[-170.66411610399996,52.700632435000045],[-170.68146709499996,52.68204843500007],[-170.72615108899998,52.682192429000054],[-170.75348407399997,52.64903943000007],[-170.81979605999996,52.635194424000076],[-170.84237603299997,52.56156743100007]]],[[[-171.17774198499998,52.56243439000008],[-171.16775998499998,52.557666391000055],[-171.11499499299998,52.55954439800007],[-171.119986,52.58193539400003],[-171.13947599799997,52.58641239100007],[-171.17774198499998,52.56243439000008]]],[[[-171.31488293899997,52.482606383000075],[-171.30585192999996,52.45002638900007],[-171.23621093899996,52.44828739700006],[-171.19556795999998,52.49432939600007],[-171.25498796299996,52.53034738400004],[-171.29372995299997,52.51545138200004],[-171.31488293899997,52.482606383000075]]],[[[-171.84694445599996,63.48683890600006],[-171.82198844299998,63.462530912000034],[-171.82341442299997,63.43692791500007],[-171.73499738499999,63.36498793800007],[-171.46237839499997,63.30877998600005],[-171.32238543999998,63.333111005000035],[-171.28055346799997,63.35859400800007],[-171.28150448499997,63.38192500500003],[-171.07329755699996,63.42406403200005],[-170.86794158899997,63.41459906500006],[-170.57131760299998,63.36136511700005],[-170.35502858099997,63.280153160000054],[-170.28562654799998,63.220031178000056],[-170.27778253599996,63.20149918100003],[-170.29251952199996,63.18745718100007],[-170.07860755399997,63.177914215000044],[-169.86944953399998,63.10252925600008],[-169.79149050499998,63.04505427500004],[-169.77580347799997,63.00494828200004],[-169.74490546799998,62.98498228900007],[-169.76296844799998,62.96154628900007],[-169.64317845099998,62.937658311000064],[-169.61584447799999,62.96705631100008],[-169.53099350099998,62.97861232300005],[-169.58043052999997,63.028781310000056],[-169.54691756599996,63.06820931000004],[-169.45255860399996,63.09650732100005],[-169.37887865599998,63.14926532700008],[-169.10887472599998,63.17866536500003],[-168.86026174399998,63.14690340800007],[-168.72688382799998,63.227405419000036],[-168.71955486199997,63.26882341600003],[-168.68770588699996,63.29511141800003],[-169.00667187099998,63.34473636200005],[-169.17352283799997,63.339724336000074],[-169.48749779899998,63.361045285000046],[-169.54715579799998,63.37255227400004],[-169.56949781599997,63.400768268000036],[-169.64935782399996,63.42948725200006],[-169.86231879599998,63.442667217000064],[-169.93695080399996,63.47028220200008],[-170.00706579599998,63.47622719100008],[-170.06101980499997,63.50073517900006],[-170.04034082499996,63.52130118000008],[-170.070050838,63.545558173000074],[-170.05602784599998,63.551911174000054],[-170.09405688599998,63.61229216100003],[-170.17700688099998,63.62507114700003],[-170.28942990899998,63.68751012200005],[-170.48789187899996,63.69625309000003],[-170.53542785999997,63.68361208400006],[-170.54517284499997,63.66622008400003],[-170.64262182899998,63.66854006900007],[-170.89123470899997,63.57519004200003],[-170.94803969499998,63.57159403300005],[-171.37348665899998,63.62982196100006],[-171.61283065299997,63.68192591800005],[-171.64943266699999,63.70899490900007],[-171.64919569099996,63.73908690500008],[-171.63184470199997,63.74949690600005],[-171.63968771599997,63.76925290300005],[-171.67438972299996,63.78700089500006],[-171.74022670799997,63.78343188600007],[-171.72287567299998,63.734774894000054],[-171.75520062899997,63.686877895000066],[-171.73975060699996,63.65504190100006],[-171.79560557499997,63.62813289600007],[-171.79655654999996,63.59612490000006],[-171.82911853099998,63.57963189700007],[-171.83886349799997,63.53888690000008],[-171.82721748699998,63.52140690400006],[-171.84694445599996,63.48683890600006]]],[[[-172.63222267499998,52.27113025300008],[-172.60679167199999,52.25236425800006],[-172.53513068199996,52.24690826800003],[-172.453487705,52.281601273000035],[-172.41094270999997,52.27600227900007],[-172.29519274299997,52.32650928600003],[-172.32549775099997,52.36578527700004],[-172.45146773999997,52.39001525800006],[-172.57719970799997,52.35068824800004],[-172.57208970599999,52.34008925100005],[-172.63222267499998,52.27113025300008]]],[[[-172.96093356199998,52.07339924100006],[-172.96568755999996,52.06916224100007],[-172.95546756099998,52.06886924200006],[-172.96093356199998,52.07339924100006]]],[[[-173.06382020999996,60.502587101000074],[-172.93880021999996,60.47917312200008],[-172.72916718899998,60.36137716700006],[-172.598443187,60.316799192000076],[-172.39903023499997,60.33609621800008],[-172.32083324299998,60.32621423100005],[-172.29397522999997,60.295371239000076],[-172.21886825299998,60.31173824700005],[-172.38072826699997,60.38499421500006],[-172.55851323599998,60.38710818900006],[-172.77646523399997,60.45187414900005],[-172.89958325099997,60.51955212200005],[-172.93143226999996,60.56198411200006],[-172.91289329899996,60.60506011000007],[-172.951160293,60.60622710400003],[-173.04076524999996,60.56186709700006],[-173.03981424099996,60.54784609900008],[-173.05668923699997,60.54527509700006],[-173.04528121599998,60.507502103000036],[-173.06382020999996,60.502587101000074]]],[[[-173.12133829399997,60.66135807200004],[-173.07570428499997,60.63246308300006],[-173.04433028699998,60.625586088000034],[-173.07427832899998,60.70465007300004],[-173.12133829399997,60.66135807200004]]],[[[-174.05378540799998,52.130629104000036],[-174.01575640499996,52.101147112000035],[-173.97962941199998,52.105527116000076],[-173.93114240299997,52.05323412900003],[-173.82751441599999,52.04139314300005],[-173.68942244699997,52.07003815500008],[-173.68395544199998,52.05074915800003],[-173.56345146199996,52.05264917200003],[-173.57295945599998,52.04095517300004],[-173.55085445499998,52.025601178000045],[-173.49547546299996,52.02136018500005],[-173.47764947299999,52.045340183000064],[-173.39398648099998,52.02867319600006],[-173.33385349799997,52.054841199000066],[-173.16129752599997,52.05878721900007],[-172.95261556999998,52.09618323800004],[-173.12208054799999,52.109030217000054],[-173.15892153499996,52.086253215000056],[-173.15416754099996,52.103045214000076],[-173.16866554099997,52.109906211000066],[-173.23283952699998,52.094869205000066],[-173.27348252499996,52.109322199000076],[-173.34027050799997,52.088881194000066],[-173.37996350999998,52.11647418500007],[-173.40919750099997,52.10129318400004],[-173.42013150399998,52.11603618000004],[-173.44698849599996,52.104213179000055],[-173.47717449599998,52.11822617300004],[-173.50854748599997,52.10202317200003],[-173.54419948599997,52.12056116500003],[-173.51520249699996,52.14259216500005],[-173.52993949999998,52.159363161000044],[-173.56107548999998,52.14127916000007],[-173.60290648699998,52.15469715300003],[-173.71485346099996,52.127857144000075],[-173.77165945299998,52.131650137000065],[-173.80279543999998,52.10640313700003],[-173.79661543599997,52.09005014000007],[-173.835832435,52.10581913300007],[-173.82965344299998,52.128441130000056],[-173.89929342699998,52.111658125000076],[-173.878377442,52.14973812200003],[-173.94492742399999,52.12698111700007],[-174.05378540799998,52.130629104000036]]],[[[-174.49729529999996,52.01294906900006],[-174.47637930399998,52.01565607100008],[-174.480539307,52.026698069000076],[-174.493849306,52.03108506600006],[-174.49729529999996,52.01294906900006]]],[[[-174.65511432199997,52.16840202800006],[-174.63134632599997,52.16840203100003],[-174.62564232999998,52.180354030000046],[-174.63705132799998,52.179188028000056],[-174.65511432199997,52.16840202800006]]],[[[-175.14152625899996,52.22667496300005],[-175.137723256,52.21524496500007],[-175.12405725899998,52.21844896600004],[-175.12548326099997,52.223835965000035],[-175.14152625899996,52.22667496300005]]],[[[-175.34200916299997,52.023553969000034],[-175.323707161,52.00731697300006],[-175.27617217299996,52.01872697700003],[-175.09292019799997,52.00044000100007],[-175.01496221299996,52.00965800900008],[-175.01757621999997,52.03379100500007],[-174.97954722199998,52.018874012000026],[-174.96766322999997,52.03810401000004],[-174.90277723999998,52.03634901800007],[-174.89089324599996,52.04957901700004],[-174.71346526299996,52.008853044000034],[-174.69029127099998,52.02209104500008],[-174.70550327299998,52.03861504100007],[-174.64786527899997,52.02443104900004],[-174.604607293,52.04877605100006],[-174.54673229899998,52.038104059000034],[-174.53781930399998,52.05001805900008],[-174.56919330599996,52.07171805200005],[-174.48921430999997,52.04336706500004],[-174.530689318,52.08902705400004],[-174.506089316,52.07113405900003],[-174.461049324,52.07149906400008],[-174.44666931899997,52.04848306900004],[-174.42278232199996,52.04709507200005],[-174.44001431499998,52.032840072000056],[-174.41505831799998,52.028380076000076],[-174.40816532799997,52.056814073000055],[-174.38974533299998,52.063317074000054],[-174.39853933499998,52.07705107100003],[-174.37881233999997,52.08062907300007],[-174.39699433999996,52.092021069000054],[-174.32996935999998,52.12172807300004],[-174.244998365,52.09355408700003],[-174.13317039399996,52.128149095000026],[-174.09953839099998,52.09910310300006],[-174.08444539599998,52.108592103000035],[-174.08456440399996,52.134860100000026],[-174.20708840999998,52.21823007300003],[-174.17678441999996,52.23468207500008],[-174.05996443599997,52.22529209000004],[-174.03595944699998,52.24683508900006],[-174.03667245299997,52.26858508600003],[-173.99507846699998,52.28952508800006],[-173.98901747699998,52.31888208500004],[-174.01587548099997,52.34640507800003],[-174.00375348699998,52.357874078000066],[-174.14873848299996,52.420176052000045],[-174.25759545799997,52.39610704200004],[-174.28243345599998,52.40386503800005],[-174.27447045099998,52.38189104200006],[-174.33222743899998,52.37383903700004],[-174.32117442999999,52.33972604300004],[-174.34541841899997,52.318301043000076],[-174.45986139999997,52.318229029000065],[-174.41886139899998,52.29134203800004],[-174.37453340599998,52.29279604300007],[-174.37013640299998,52.27949204600003],[-174.23905642299997,52.27578406100008],[-174.23073741499996,52.24676206700008],[-174.27625340199998,52.22944106400007],[-174.283027394,52.20723506600007],[-174.29562439799997,52.22500106200005],[-174.34066438199997,52.19725706100007],[-174.38011938199998,52.21728405300007],[-174.460692369,52.21757504400006],[-174.45558236399998,52.20111704700008],[-174.40780936699997,52.18297705500004],[-174.41089836199998,52.170151056000066],[-174.55802234099997,52.17926103800005],[-174.55992433299997,52.15506104100007],[-174.50811033799997,52.144488049000074],[-174.60353832099997,52.13996603800007],[-174.59878431699997,52.12289604100005],[-174.61447131299997,52.11997704000004],[-174.58452431199999,52.10070904600008],[-174.63015830899997,52.114139039000065],[-174.71120729299997,52.10465103000007],[-174.71572329699998,52.11997702800005],[-174.73521229399998,52.12085302500003],[-174.75351428899998,52.11486902400003],[-174.74139228599998,52.09968702800006],[-174.77181527599998,52.082309027000065],[-174.85001226799997,52.097643015000074],[-174.83622627299997,52.107133016000034],[-174.88304926299998,52.10085501100008],[-174.89136825599996,52.081287013000065],[-174.90586726399997,52.117058006000036],[-174.94484624799998,52.08450000600004],[-174.97146624299998,52.08318500300004],[-174.97859723599998,52.064048005000075],[-175.03159923199996,52.07909599700008],[-175.09387120799997,52.03627599600003],[-175.13261319999998,52.03086599200003],[-175.11003320899997,52.04607099300006],[-175.14235820699997,52.05951798700005],[-175.197975196,52.051040982000075],[-175.21675218699997,52.03320598200003],[-175.26119818299998,52.04592497500005],[-175.29994016899997,52.01975097400003],[-175.34200916299997,52.023553969000034]]],[[[-175.497689123,51.97819195800008],[-175.48735012399996,51.974385959000074],[-175.43113913499997,51.98170596500006],[-175.45169813399997,51.99026896100003],[-175.497689123,51.97819195800008]]],[[[-175.52965717899997,52.17853192500007],[-175.51373217599996,52.16089392900005],[-175.49115318399998,52.17357693000008],[-175.51064318399997,52.18516292600003],[-175.52965717899997,52.17853192500007]]],[[[-175.74511407299997,51.952051933000064],[-175.72277207099998,51.93175893800003],[-175.70387608099998,51.953516937000074],[-175.59751509899996,51.95380995000005],[-175.57838110499998,51.96384295000007],[-175.732517082,51.97504493100007],[-175.74511407299997,51.952051933000064]]],[[[-175.87655104799998,51.94377491900008],[-175.79134205399998,51.91490193300007],[-175.75937406199998,51.92413793500003],[-175.78290505899997,51.92728893200007],[-175.79823506599996,51.95930292600008],[-175.87655104799998,51.94377491900008]]],[[[-175.96045104599997,51.98455990300005],[-175.88344305299998,51.96391591500003],[-175.87821405999998,51.982364913000026],[-175.80702907299997,51.98756092100007],[-175.96045104599997,51.98455990300005]]],[[[-176.01880202899997,51.961499900000035],[-176.00287702699998,51.945166904000075],[-175.99111203199996,51.95564090400006],[-176.00584803199996,51.964061901000036],[-176.01880202899997,51.961499900000035]]],[[[-176.05516701499997,51.93388390000007],[-176.02593201999997,51.93344390300007],[-176.02997302499998,51.95446890000005],[-176.05029401999997,51.94773089900008],[-176.05516701499997,51.93388390000007]]],[[[-176.11375500499997,51.93593589300008],[-176.09925600599996,51.92978089600007],[-176.09272000999997,51.94106389500007],[-176.11375500499997,51.93593589300008]]],[[[-176.11625098999997,51.88795490000007],[-175.96354100399998,51.84620092400007],[-175.95344001299998,51.86858692100003],[-175.96413601299997,51.87599791900004],[-175.95058801799996,51.884727919000056],[-176.01618700699998,51.88399391200005],[-176.022486008,51.89286891000006],[-175.98766601799997,51.90650791200005],[-175.99753001799996,51.91266691000004],[-176.11625098999997,51.88795490000007]]],[[[-176.134552008,51.95856988700007],[-176.12742100699998,51.948096890000045],[-176.08784801399997,51.95175889400008],[-176.09485901699998,51.96398889100004],[-176.134552008,51.95856988700007]]],[[[-176.16438100299996,51.956812884000044],[-176.16865899899997,51.948023885000055],[-176.14346500299996,51.946997888000055],[-176.16438100299996,51.956812884000044]]],[[[-176.212511026,52.06163686300005],[-176.17876001899998,52.01836187300006],[-176.18803001199998,51.99963487500003],[-176.09996902599997,51.99714688600005],[-176.06657502299998,51.967137894000075],[-176.02296103499998,51.98236489700008],[-176.03686603799997,52.00014689200003],[-176.06015803399998,51.999488890000066],[-176.05029404099997,52.01828888800003],[-175.97209805999998,52.03803089400003],[-176.00953205699997,52.04709488900005],[-176.00240206399997,52.06879588600003],[-176.05599906799998,52.109467874000075],[-176.14952605399998,52.11756886200004],[-176.212511026,52.06163686300005]]],[[[-176.23497195199997,51.82901789500005],[-176.16949095599998,51.80242290600006],[-176.18648494899998,51.78853190700005],[-176.15820094799997,51.76889991300004],[-176.13538396099997,51.80139391100005],[-176.09497796599996,51.79161891700005],[-176.09058096999996,51.804112915000076],[-176.11993497199998,51.82945890800005],[-176.05374098,51.81675091800008],[-176.02628898799998,51.826006919000065],[-176.02367398199996,51.804627923000055],[-175.99610298599998,51.803965926000046],[-176.01440498499997,51.80910992300005],[-176.02854699199997,51.843997916000035],[-176.07097298799997,51.853834910000046],[-176.13894897099996,51.83533390500003],[-176.13395797799998,51.855743903000075],[-176.18517797699997,51.88311389300003],[-176.21845296899997,51.87570389000007],[-176.20478596099997,51.84032689700007],[-176.23497195199997,51.82901789500005]]],[[[-176.99198076199997,51.62924883900007],[-176.97950275599996,51.60091184500004],[-176.93565076099998,51.59279185100007],[-176.83523181599998,51.72107284300006],[-176.82370381099997,51.69551884800006],[-176.83653880399999,51.68100584900003],[-176.81312779799998,51.64739285700006],[-176.83178479199998,51.637509856000065],[-176.80837378799998,51.609326863000035],[-176.75881780499998,51.638173864000066],[-176.72364080799997,51.62452687000007],[-176.71912481599998,51.649309867000056],[-176.73445581499996,51.65786186400004],[-176.722808825,51.68240586200005],[-176.67040083099997,51.674446869000064],[-176.65982383799997,51.690435868000066],[-176.59802684899998,51.68992087500004],[-176.63581783799998,51.675330873000064],[-176.65637782799996,51.65520787300005],[-176.63165883299996,51.65719887600005],[-176.63379783599999,51.668845874000056],[-176.55631486099998,51.70656687700006],[-176.52078086599997,51.70281088100006],[-176.53230886799997,51.71783287800008],[-176.50794687199996,51.71665488100007],[-176.51519587399997,51.72916987800005],[-176.48239588499996,51.74697887900004],[-176.47728588099997,51.727844883000046],[-176.42547189299998,51.73976788700003],[-176.41964889999997,51.76000088400008],[-176.44139589999997,51.77309188000004],[-176.42095590999998,51.79375087900007],[-176.39231590899996,51.77456288500008],[-176.39706889599998,51.73299789100008],[-176.34810690299997,51.726078898000026],[-176.31863491,51.73498490000003],[-176.31388091699998,51.75418989700006],[-176.29201491599997,51.73998890200005],[-176.29629292399997,51.76912089700005],[-176.26527593299997,51.77985689900004],[-176.28179393299996,51.788972896000075],[-176.26670194399998,51.817999893000035],[-176.35357393099997,51.82652088200007],[-176.29035094499997,51.837168888000065],[-176.28072495399996,51.86080788500004],[-176.29177695599998,51.873209882000026],[-176.39980193499997,51.86785287100008],[-176.42452092699997,51.85354187000007],[-176.42131192299996,51.837609873000076],[-176.44852691899996,51.84194186900004],[-176.44912091499998,51.82725487100004],[-176.47443391799996,51.85302786400007],[-176.50663891099998,51.847007862000055],[-176.51590890299997,51.827254863000064],[-176.54775790299996,51.84429185700003],[-176.59149089199997,51.83525985400007],[-176.58863889999998,51.85809185100004],[-176.65186188599998,51.85075184400006],[-176.62726189499998,51.86484384500005],[-176.61692290799996,51.90269584100008],[-176.54906492399996,51.91706484600007],[-176.56546493099998,51.94893884000004],[-176.55298693899996,51.97090783800007],[-176.56475194499998,51.998061832000076],[-176.61620993499997,51.99374482700006],[-176.62821292399997,51.96226783000003],[-176.65649691599998,51.95230882900006],[-176.77117689899998,51.96512381400004],[-176.80944288099997,51.92629981500005],[-176.76285787599997,51.882306827000036],[-176.76594786899997,51.858312830000045],[-176.80278785599998,51.83680182900008],[-176.77699985499999,51.81954283500005],[-176.80243185199998,51.822700832000066],[-176.79577685099997,51.81484083400005],[-176.82524884199998,51.805068832000075],[-176.83843984399996,51.81866082800008],[-176.84770983899998,51.80609682900007],[-176.86648684099998,51.82607982400003],[-176.88110383599997,51.81689782400008],[-176.89037283799996,51.82909082100008],[-176.90689183499998,51.82923781900007],[-176.88906583199997,51.80918382400006],[-176.91045682799998,51.80844882200006],[-176.92150881999999,51.78728182300006],[-176.84200582299997,51.74940683800003],[-176.85531581799998,51.739399838000054],[-176.88775881599997,51.751172833000055],[-176.86446581099997,51.72136684000003],[-176.96940177999997,51.67739483500003],[-176.98437577099997,51.65631383600004],[-176.97320476699997,51.63551884100008],[-176.99198076199997,51.62924883900007]]],[[[-177.46682775699998,51.90400174400003],[-177.45254575599998,51.88972774800004],[-177.42018176499997,51.90209875000005],[-177.44207776699997,51.92113374500008],[-177.46682775699998,51.90400174400003]]],[[[-177.70527665699998,51.707238748000066],[-177.67090165699997,51.684935755000026],[-177.67186364899996,51.65878375900007],[-177.651401651,51.65360276200005],[-177.63589865599997,51.659539763000055],[-177.64191666299996,51.68752575800005],[-177.61676867199998,51.70397675800007],[-177.50576568999998,51.69847377100007],[-177.39829471999997,51.73358577800008],[-177.36454372599997,51.73296078200008],[-177.32299272699998,51.71141479000005],[-177.32488272099997,51.69202679300008],[-177.27755372499996,51.67861080000006],[-177.24428373399996,51.68931380200007],[-177.255924737,51.70487279800005],[-177.24475374099998,51.71105879900006],[-177.14647275699997,51.705830810000066],[-177.12282376799996,51.72935381000008],[-177.13542777299998,51.75567180400003],[-177.11521778099998,51.770003804000055],[-177.13767878899998,51.81021179600003],[-177.13268779599997,51.830853793000074],[-177.06768181599998,51.85933979600003],[-177.07474182199996,51.88414679200008],[-177.04759883099996,51.90027579200006],[-177.10071983199998,51.935385781000036],[-177.18128681999997,51.943165771000054],[-177.19977981099998,51.92481477100006],[-177.20569077999997,51.82063778600008],[-177.23108676899997,51.801320786000076],[-177.50450770399996,51.74507876400003],[-177.53699269099997,51.721468764000065],[-177.64025267899999,51.741276750000054],[-177.70527665699998,51.707238748000066]]],[[[-178.22696461099997,51.877721663000045],[-178.20961460699996,51.85409166900007],[-178.09885561699997,51.81825668700003],[-178.05844961399998,51.78033469700006],[-178.02255962299998,51.79115569900006],[-177.95909962999997,51.77239370900003],[-177.95958261499996,51.72124671700004],[-178.04536459399998,51.70355371000005],[-178.110739584,51.70910770200004],[-178.12048457299997,51.676694706000035],[-178.05631057799997,51.65546571700003],[-178.03919758499998,51.67006171600008],[-178.03373158099998,51.65207472000003],[-178.00877458399998,51.646322723000026],[-178.00948757899997,51.62847372600004],[-177.98928558799997,51.64853472500005],[-177.96480459299997,51.647355728000036],[-177.93485658299997,51.59659373900007],[-177.90063058999996,51.59866074300004],[-177.92796359899998,51.64706073200006],[-177.90348261599996,51.68995672800003],[-177.86616761899998,51.677136734000044],[-177.829326631,51.693934736000074],[-177.83455563199996,51.70380473400007],[-177.80959963699996,51.70262673700006],[-177.84025963999997,51.73178272900003],[-177.77846366199998,51.770186730000034],[-177.82077065899998,51.78724472300007],[-177.75552167699996,51.808841726000026],[-177.65106669899998,51.81678773700003],[-177.61452671599997,51.85303173600005],[-177.73492468599997,51.82584872600006],[-177.78622668199998,51.84375371800007],[-177.85676766399996,51.826580712000066],[-177.87153166799996,51.84967270700008],[-177.92226465999997,51.85452970100005],[-177.90414767099998,51.87856669900003],[-177.963738671,51.91791768600007],[-178.17039763199998,51.91321566400006],[-178.22696461099997,51.877721663000045]]],[[[-178.310509482,51.48080371600008],[-178.28828648299998,51.471994719000065],[-178.27295548799998,51.479100720000076],[-178.281868488,51.483763718000034],[-178.310509482,51.48080371600008]]],[[[-178.68663744699998,51.602572655000074],[-178.67641744399998,51.587512659000026],[-178.59370445799996,51.58190066900005],[-178.57350146199997,51.583525671000075],[-178.56589646899997,51.60183466900003],[-178.65074745699997,51.61497165700007],[-178.68663744699998,51.602572655000074]]],[[[-178.86156940699996,51.57584464000007],[-178.820213404,51.54052765000006],[-178.73369842099999,51.543188659000066],[-178.76174442099997,51.562400653000054],[-178.86156940699996,51.57584464000007]]],[[[-178.87060146499996,51.78537060600007],[-178.80939946499998,51.74572861900003],[-178.75710947599998,51.75212962400008],[-178.73369848899998,51.781914622000045],[-178.76305149499998,51.82130561200006],[-178.81748048999998,51.83775660400005],[-178.85954947599998,51.81924860200007],[-178.87060146499996,51.78537060600007]]],[[[-179.00251332699997,51.38530365500003],[-178.97304132699998,51.36497766100007],[-178.98979731799997,51.34367766300005],[-178.989916307,51.30550666900007],[-178.95355132099996,51.332986668000046],[-178.95580932499996,51.34790866600008],[-178.90720433199996,51.339149672000076],[-178.92728833999996,51.38367166300003],[-178.96519833799996,51.40065365600003],[-179.00251332699997,51.38530365500003]]],[[[-179.02033931599996,51.35829965700003],[-179.02022031399997,51.350729658000034],[-179.01237731599997,51.35377265900007],[-179.02033931599996,51.35829965700003]]],[[[-179.05884337299997,51.58658961700007],[-179.05896236899997,51.57248461900008],[-179.03186737299998,51.57004662200006],[-179.04101737599999,51.58511261900003],[-179.05884337299997,51.58658961700007]]],[[[-179.14821126799998,51.27012865700004],[-179.13026625599997,51.21418166800004],[-179.05694227899997,51.248932670000045],[-179.09520828599997,51.300379658000054],[-179.14821126799998,51.27012865700004]]]]}},{"type":"Feature","properties":{"adm0_a3":"USA","shape_name":"Nevada","ihme_name":"Nevada"},"geometry":{"type":"Polygon","coordinates":[[[-114.04148933899995,41.99387899300007],[-119.99924741099994,41.99494948000006],[-120.00102698599994,38.99957923000005],[-118.92253071699997,38.24992424200008],[-117.50012935899997,37.22038524200008],[-116.250881043,36.276984224000046],[-114.63349863099995,35.00186217500004],[-114.63690463399996,35.02837217800004],[-114.60291963099996,35.068593185000054],[-114.64677064199998,35.10187718700007],[-114.57853563199996,35.128755194000064],[-114.56924963499995,35.18348520100005],[-114.60432565599996,35.35358922000006],[-114.62714866599998,35.40950922500008],[-114.66213667499994,35.444246227000065],[-114.67921668399998,35.499997233000045],[-114.65691668299996,35.534396238000056],[-114.67567868999998,35.58003824200006],[-114.65341768899998,35.61079424700006],[-114.68941869899999,35.651417250000065],[-114.68061870099996,35.68549325500004],[-114.70542070799996,35.70829225600005],[-114.69572070999999,35.755991262000066],[-114.712121718,35.806190267000034],[-114.69526071699994,35.83229027100003],[-114.70654372099995,35.849032272000045],[-114.66164771499996,35.87107227800004],[-114.70852772699999,35.91231828000008],[-114.74060673899999,35.97566128500006],[-114.74279074299994,36.00996828900003],[-114.72210774099995,36.028957293000076],[-114.74211674599997,36.03979729300005],[-114.75320775199998,36.08951829800003],[-114.66435473899998,36.11630530700006],[-114.63172773499997,36.14231131200006],[-114.61670573099997,36.13010631100008],[-114.57110172499995,36.15110431700003],[-114.50811571299994,36.14971832100008],[-114.49886070899998,36.12661731800006],[-114.37211768699996,36.14311932800007],[-114.30695066899995,36.08249232500003],[-114.31360266799999,36.05905332200007],[-114.27087365799997,36.04552832300004],[-114.25266265299996,36.020198321000066],[-114.15280663399994,36.02369932800008],[-114.112220633,36.094987339000056],[-114.12218263699998,36.10899834000003],[-114.04395562999997,36.19335535500005],[-114.04148933899995,41.99387899300007]]]}},{"type":"Feature","properties":{"adm0_a3":"USA","shape_name":"Illinois","ihme_name":"Illinois"},"geometry":{"type":"Polygon","coordinates":[[[-89.13269075899996,36.982206889000054],[-89.17898077499996,37.02093489400005],[-89.17573077699996,37.06207590200006],[-89.11119476299996,37.11905891600003],[-89.07622675799996,37.17513192800004],[-88.98326573499997,37.22869194300006],[-88.91693971599994,37.224297945000046],[-88.80572568199995,37.18860194400003],[-88.73211065799995,37.14396293900006],[-88.61144562199996,37.11275193800003],[-88.56606660599994,37.07521093300005],[-88.45895357599994,37.07380293800003],[-88.42440857199995,37.15243495500005],[-88.51594460699994,37.28404997600006],[-88.47022960299995,37.396261999000046],[-88.40881358799999,37.425223008000046],[-88.36547657399996,37.40167000500003],[-88.28167255399995,37.45260301900004],[-88.08523449899997,37.471547032000046],[-88.06784949499996,37.48587403600004],[-88.06331649599997,37.51576204100007],[-88.13339852099995,37.57424204900008],[-88.16019253499996,37.65759906400007],[-88.12241752799997,37.70969207500008],[-88.05959351199994,37.74261508500007],[-88.02803550799996,37.799231097000074],[-88.09004452699998,37.81677809700005],[-88.08085952499994,37.83090910000004],[-88.04383651399996,37.82153210000007],[-88.02592650999998,37.83270110300003],[-88.06504152199994,37.85317910500004],[-88.09776553599994,37.904033113000025],[-88.01336051099997,37.89486111600007],[-88.02251851499994,37.91476311900004],[-88.06961852899997,37.92685511900004],[-88.03535051899996,37.92553512000006],[-88.03679852199997,37.956800126000076],[-88.01293451599997,37.96655112900004],[-88.02583652299995,38.007252136000034],[-88.00763651999995,38.029152141000054],[-88.04213753099998,38.046352143000036],[-87.96723151099997,38.06711215000007],[-87.96046851199998,38.09909315700003],[-88.00470252299993,38.08397215200006],[-88.01312352699995,38.103534155000034],[-87.97530451699998,38.11006015800007],[-87.96576051599999,38.13262816300005],[-87.94547750899994,38.12662316300003],[-87.91143350199997,38.16174717100006],[-87.92290650699994,38.173298173000035],[-87.93430450899996,38.156466169000055],[-87.97582452399996,38.197841175000065],[-87.98762353199999,38.257388185000025],[-87.96023052199996,38.237125183000046],[-87.93356151899997,38.29590319500005],[-87.90954151199998,38.29606819600008],[-87.91111551099993,38.26803819100007],[-87.87054250299997,38.31222720100004],[-87.85965649699995,38.27671819500006],[-87.83898449099996,38.28233419700007],[-87.82341649199998,38.34597521000006],[-87.74525947399997,38.40900322500005],[-87.73037447299998,38.447891233000064],[-87.75536048099997,38.46396723500004],[-87.67238746099997,38.50740324700007],[-87.650097454,38.504613248000055],[-87.67007646299999,38.54524425500006],[-87.63763245799998,38.59266126500006],[-87.61196544999996,38.589255266000066],[-87.62735345599998,38.605447268000034],[-87.62012545699997,38.639496275000056],[-87.59725245199996,38.66532128100005],[-87.53123643499998,38.684043287000065],[-87.49652542899997,38.73934329900004],[-87.49822143199998,38.76831430500005],[-87.51455343699996,38.77182830500004],[-87.49591043299995,38.78544130800003],[-87.52734744399999,38.818128312000056],[-87.52589844599999,38.848802318000025],[-87.55339945499998,38.86241731900003],[-87.53492445099994,38.87888132300003],[-87.54409445499994,38.89510032600003],[-87.53570845199994,38.88721432500006],[-87.51673344799997,38.904130329000054],[-87.52770745299995,38.91845633100007],[-87.51219245099998,38.95442433900007],[-87.57653647199999,38.98671834100003],[-87.56043246799999,38.992432343000075],[-87.57865947399995,38.999509344000046],[-87.57259347699994,39.05729335500007],[-87.61596949199998,39.08257335700006],[-87.61488649299997,39.10266236100006],[-87.65280150399997,39.10684636000008],[-87.63510549999995,39.122305363000066],[-87.65875050799997,39.136004365000076],[-87.57456349099994,39.218411384000035],[-87.57133849299998,39.251388390000045],[-87.60495250299994,39.26021939000003],[-87.59732850399996,39.29696439700007],[-87.62049051199995,39.30714039800006],[-87.58485750399996,39.33733640500003],[-87.53165148899996,39.34806941000005],[-87.53106670799997,41.748075837000044],[-87.57286572299995,41.77935084000006],[-87.60945574099998,41.84524084900005],[-87.61654274599994,41.882403855000064],[-87.60237474399997,41.896342858000025],[-87.62405775099995,41.90423985800004],[-87.64074376099995,41.953858866000076],[-87.63148575899999,41.96348586800008],[-87.64991276599994,41.978525870000055],[-87.68147078499999,42.07844888500006],[-87.73616780599997,42.12081888900008],[-87.82857484799996,42.26992990900004],[-87.83200985499997,42.32835391900005],[-87.80326585299997,42.39048593100006],[-87.80209686299997,42.49258394800006],[-90.64284969299996,42.508488784000065],[-90.65653369499995,42.489210780000064],[-90.64673368999996,42.47191177700006],[-90.47728563199996,42.38380177300007],[-90.41903360899994,42.32851276800005],[-90.43089060699998,42.278237759000035],[-90.39111458999997,42.22548075200007],[-90.21611353199995,42.156737752000026],[-90.20141052499997,42.13094474800005],[-90.16290151199996,42.11672574800008],[-90.16449150499994,42.042112736000036],[-90.14006749399994,42.00325973100007],[-90.16414149599996,41.956185721000054],[-90.15359048699997,41.90662171400004],[-90.18190748899997,41.843223702000046],[-90.18096048499996,41.80936169600005],[-90.31071451499997,41.74222167700003],[-90.31344151099995,41.69808967000006],[-90.34345851499995,41.64696665900004],[-90.34323450799997,41.58784064900004],[-90.41283652599998,41.56534064200008],[-90.46143853599995,41.52354063200005],[-90.55624156299996,41.52423962600005],[-90.65584558499995,41.462139610000065],[-90.84656463799996,41.45514859800005],[-90.93002265799998,41.42141158700008],[-90.97982167399994,41.43432858600005],[-91.04589669099994,41.414092579000055],[-91.07484768699999,41.305585559000065],[-91.11365469199995,41.24140854600006],[-91.04154266399996,41.16614553800008],[-90.99496664999998,41.160631540000054],[-90.94663362999995,41.09663953200004],[-90.95223961699998,40.95405450700008],[-90.96535061699996,40.92164050100007],[-91.00954262799996,40.90057249500006],[-91.09299964299998,40.82108647700005],[-91.123934637,40.66915944900006],[-91.18698665099998,40.63730444000004],[-91.25308066999997,40.63796943600005],[-91.33972569199994,40.61349542700003],[-91.40637970499995,40.55183841300004],[-91.36421768799994,40.50005040700006],[-91.38177568699996,40.44256239600003],[-91.37256067999994,40.401207389000035],[-91.44483969699996,40.363177379000035],[-91.49273370199995,40.27822436100007],[-91.51298069799998,40.181069344000036],[-91.49488467899994,40.03646032000006],[-91.41936664799994,39.92772430500003],[-91.44785065099995,39.87795829500004],[-91.43292564299998,39.84056128900005],[-91.363450619,39.79281128500003],[-91.36775961499995,39.729036274000066],[-91.22932356599995,39.620860263000054],[-91.18194255099996,39.602684262000025],[-91.15363453799995,39.548255254000026],[-91.10031352199996,39.53870225500003],[-91.03827649699997,39.44844324300004],[-90.94077246499995,39.40399124100003],[-90.72996639299998,39.25590122600005],[-90.70790837699997,39.15086720800008],[-90.68109236499998,39.10059720100003],[-90.71158636899997,39.04680519000004],[-90.67819935499995,38.991858182000044],[-90.66337834499996,38.928049171000055],[-90.62512833099998,38.88866116600008],[-90.58339431799999,38.869037165000066],[-90.54587830799994,38.87401516800003],[-90.50012329799995,38.91041517700006],[-90.47212829399996,38.958845187000065],[-90.44008428599994,38.96737119000005],[-90.25025422799996,38.91935119100003],[-90.11333318399994,38.849313186000074],[-90.12311318199994,38.79805517600005],[-90.20991620099994,38.72605715900005],[-90.18111618699999,38.65955714800003],[-90.18451618399996,38.61155813900007],[-90.26032019799999,38.52835912000006],[-90.28522119799999,38.44346010400005],[-90.34974920999997,38.377616088000025],[-90.37082521299999,38.33356107900005],[-90.37393520899997,38.28186007000005],[-90.35390819799994,38.213862058000075],[-90.27493417099998,38.15762205200008],[-90.21871414999998,38.09437204300008],[-90.13079412299999,38.06234804200005],[-90.11052611399998,38.02655403600005],[-90.05937309899997,38.015550037000025],[-89.99710907799994,37.96323203000003],[-89.92509105699997,37.96002803300007],[-89.97492406799995,37.92672602500005],[-89.95060005799996,37.88153301800003],[-89.90183804299994,37.869829018000075],[-89.84265502999995,37.90520302700003],[-89.79933901599998,37.88152402500003],[-89.78637500899998,37.85174102000008],[-89.73987899599996,37.84693702200008],[-89.669649973,37.79992901700007],[-89.66335796699997,37.75005900800005],[-89.61728395399996,37.74972701000007],[-89.58332194199994,37.71326800500003],[-89.51669092099996,37.69276900400007],[-89.51772391699996,37.641223995000075],[-89.47593790199994,37.593004988000075],[-89.51981391299995,37.582754984000076],[-89.51705690899996,37.537284975000034],[-89.43977487999996,37.437206960000026],[-89.42105987099995,37.387674952000054],[-89.43284187099994,37.34706294400007],[-89.48901088599996,37.33337493800008],[-89.51703788999998,37.28192692700003],[-89.48992087999994,37.251321923000035],[-89.45883287099997,37.248667924000074],[-89.46186786799996,37.19952391400005],[-89.37871583699996,37.09459289800003],[-89.37828283199997,37.039611888000024],[-89.27863380099996,36.98867688300004],[-89.26000879799994,37.023294891000035],[-89.304757812,37.047571893000054],[-89.30829581499995,37.06837789700006],[-89.25493579999994,37.07202090000004],[-89.20079878099995,37.01617089200005],[-89.18549677299995,36.973524885000074],[-89.13269075899996,36.982206889000054]]]}},{"type":"Feature","properties":{"adm0_a3":"USA","shape_name":"Vermont","ihme_name":"Vermont"},"geometry":{"type":"Polygon","coordinates":[[[-72.45852007199994,42.72686169600007],[-72.49112308599996,42.77247370400005],[-72.51608309399995,42.76595770100005],[-72.50885909199997,42.779927704000045],[-72.53960110399998,42.80484070800003],[-72.55621511299995,42.86695871900008],[-72.52443110599995,42.91558372900005],[-72.53218711099998,42.95495373600005],[-72.47382809299995,42.972053741000025],[-72.44376308499994,43.00625374900005],[-72.46736409599998,43.05265675700008],[-72.43619108699994,43.08173876300003],[-72.43297308899997,43.119663770000045],[-72.45714109899995,43.14850177500006],[-72.43869409899997,43.25291379500004],[-72.39546308899997,43.31300280700003],[-72.41035409499995,43.33168381000007],[-72.39010408999997,43.356934815000045],[-72.41597909999996,43.376539818000026],[-72.38172409499998,43.48009983800006],[-72.39856410299996,43.51344384400005],[-72.37944110099994,43.57407785600003],[-72.32851508599998,43.60081386200005],[-72.33440208899998,43.61925886600005],[-72.31408408399994,43.64281887100003],[-72.29971608299996,43.70656688300005],[-72.20476105599994,43.771271898000066],[-72.18333405099997,43.80818590500007],[-72.18478905599994,43.863401915000054],[-72.09035803099994,43.96541793700004],[-72.11427403899995,43.96752193700007],[-72.11698604199995,43.99448894100004],[-72.10247603799996,44.01489094600004],[-72.09006003399998,44.009911945000056],[-72.09510103599996,44.021839947000046],[-72.05249502599997,44.07672495800006],[-72.03018301899994,44.07969196000005],[-72.04413202399996,44.087643961000026],[-72.03048001999997,44.10023296300005],[-72.05483202899995,44.110145964000026],[-72.03370402299998,44.13154996900005],[-72.06616703799995,44.18978197800004],[-72.04789003499997,44.23850198800005],[-72.06777504399997,44.27098499300007],[-72.03346603499995,44.301887],[-72.03313703599997,44.32037400300004],[-71.81435196499996,44.354550017000065],[-71.81438896699996,44.381941022000035],[-71.79392496099996,44.39928002500005],[-71.69943493099998,44.41607803200003],[-71.66183091999994,44.44030203700004],[-71.64589091699997,44.47515004400003],[-71.57764389599998,44.50270105100003],[-71.59425990299997,44.521689054000035],[-71.57308389699995,44.53798905800005],[-71.59613790599997,44.56090706100008],[-71.55984689399997,44.564128063000055],[-71.53454388699998,44.58825306800003],[-71.56148389699996,44.60078806900003],[-71.54722689399995,44.630364075000045],[-71.58657890999996,44.65948707900003],[-71.58198390899997,44.67354208200004],[-71.63188393099995,44.75247209400004],[-71.57324791399998,44.79189110300007],[-71.54953391099997,44.862601116000064],[-71.49491089499998,44.904308126000046],[-71.52184490699995,44.938157131000025],[-71.51622390699998,44.96457813600006],[-71.53629891499997,44.994168140000056],[-71.46455589299995,45.01364614600004],[-72.31007417599994,45.003831115000025],[-73.05968642799996,45.01587808900007],[-73.34312552199998,45.010849078000035],[-73.35463452399995,44.987361073000045],[-73.33824451699996,44.96475907000007],[-73.33898051399996,44.91769006200008],[-73.38136052199997,44.84503004700008],[-73.33315550199995,44.78876803900005],[-73.36556250899997,44.74179503000005],[-73.36130950499995,44.69453202200003],[-73.39023250899999,44.61836200700003],[-73.37439049999995,44.575464],[-73.30670847199997,44.500342989000046],[-73.29361446399997,44.440567979000036],[-73.33494047199997,44.36444996400007],[-73.31285345699996,44.26535494700005],[-73.39058447799994,44.19089493100006],[-73.43774148299997,44.04501490300004],[-73.40774047099995,44.021320900000035],[-73.40859046499997,43.93294188400006],[-73.37405244999997,43.87557187500005],[-73.37224844699995,43.84534586900003],[-73.39249345199994,43.82078786400007],[-73.35059443499995,43.77194785700004],[-73.42646445099996,43.64260683100008],[-73.41766944699998,43.62169582700005],[-73.43123044899994,43.588293821000036],[-73.39576843599997,43.568095818000074],[-73.37189043199999,43.62449782900006],[-73.30623540999994,43.628026832000046],[-73.29462240299995,43.578978824000046],[-73.25863238999995,43.56495782300004],[-73.24159038299996,43.53498181800006],[-73.27867434799998,42.83341868700006],[-73.29094534899997,42.80192868100005],[-73.27642234099994,42.746027671000036],[-72.45852007199994,42.72686169600007]]]}},{"type":"Feature","properties":{"adm0_a3":"USA","shape_name":"Montana","ihme_name":"Montana"},"geometry":{"type":"Polygon","coordinates":[[[-111.05244613599996,44.47841750200007],[-111.05456822899998,45.00096155400007],[-104.03970461999995,44.998077168000066],[-104.04874738599995,48.99988461100003],[-116.04910011299995,49.000852388000055],[-116.04912186499996,47.97684831600003],[-116.01977185599998,47.96324631900006],[-115.91878581099996,47.85366232100006],[-115.85232579199999,47.827863326000056],[-115.83195777099996,47.75598932300005],[-115.79734576499999,47.757134327000074],[-115.77397075099998,47.71791032600004],[-115.72280273599995,47.69473133000008],[-115.73651072899997,47.65474432600007],[-115.69445771399995,47.62376732800004],[-115.68856370599997,47.59433932600007],[-115.75567670899994,47.54830631600004],[-115.69873769399999,47.531659320000074],[-115.71141169299995,47.51677731800004],[-115.68627768099998,47.48494631800003],[-115.62998766899995,47.47963932400006],[-115.64014666599996,47.45972032100008],[-115.71705267999994,47.45258131300005],[-115.75931768099997,47.42386830600003],[-115.72144867399999,47.42572031000003],[-115.65731765599998,47.40021431500003],[-115.642934648,47.37737331500006],[-115.57765263299996,47.36741032100008],[-115.549087623,47.34721132200008],[-115.52852460799994,47.29932032100004],[-115.48365059599996,47.28214032400007],[-115.32016055799994,47.25670633900006],[-115.29159254199999,47.210007338000025],[-115.30051753899994,47.18814533500006],[-115.26243552999995,47.18169333900005],[-115.24527851999994,47.15175733800004],[-115.14435448899997,47.101983345000065],[-115.131147479,47.06896234300007],[-115.07174145799996,47.025861346000056],[-115.04839644199996,46.96982534400007],[-115.00128743299996,46.97190734900005],[-114.960977416,46.930414350000035],[-114.92530840599994,46.91875535200006],[-114.94805239799996,46.859646346000034],[-114.89824937999998,46.82200734800006],[-114.89520237499994,46.801636346000066],[-114.86579237199999,46.81453535000003],[-114.82962635799998,46.78297335100007],[-114.78485134899995,46.78002535600007],[-114.76559133699999,46.74562935500006],[-114.78856833499998,46.71366735000004],[-114.76728532799996,46.69720135100005],[-114.71393632099995,46.715067357000066],[-114.69860732299998,46.74045736100004],[-114.66458531599994,46.73909036400005],[-114.62153930099998,46.70788536600003],[-114.64225929799994,46.673624361000066],[-114.60528228199996,46.63582836200004],[-114.54131727199996,46.649662369000055],[-114.46710825399998,46.63177037500003],[-114.42443725099997,46.660654382000075],[-114.35854123999997,46.67070338900004],[-114.32113122799996,46.64752039100006],[-114.32255022099997,46.61129038800004],[-114.34374621999996,46.590462384000034],[-114.32980121499997,46.577226385000074],[-114.34723421299998,46.55242738100003],[-114.34280720499999,46.51826337800003],[-114.40256321299995,46.50021337100003],[-114.36855419399996,46.43796536900004],[-114.42222519399996,46.38733736000006],[-114.41050618699995,46.36514935900004],[-114.43280917899995,46.30610635200003],[-114.42545417399998,46.28786235100006],[-114.47073317899998,46.26604734500006],[-114.44857716799999,46.23297034400008],[-114.44410415399994,46.16927933900007],[-114.51499016699995,46.16742133200006],[-114.52710916499996,46.14622432900006],[-114.52052615999997,46.12491632800004],[-114.46048814199997,46.09779633200003],[-114.46945113699996,46.06183632800003],[-114.50743213799996,46.03186732200004],[-114.48051813299998,46.030430324000065],[-114.480005125,45.99290832100007],[-114.41176810899998,45.97787632700005],[-114.40253710299999,45.95795032600006],[-114.43140910399995,45.93604632100005],[-114.38731308599995,45.88775632100004],[-114.41071908299995,45.851830316000076],[-114.438361091,45.86256131400006],[-114.50931610099997,45.84553730600004],[-114.56647809799995,45.77331629400004],[-114.49539806999996,45.703061295000055],[-114.51500607099996,45.68503829200006],[-114.49906206599996,45.678746293000074],[-114.509078064,45.65681229000006],[-114.56400007099995,45.63762728300003],[-114.53848405999997,45.60577028300003],[-114.56498705599995,45.55781327600005],[-114.527573051,45.57083028100004],[-114.498273042,45.55549428200004],[-114.45783703499995,45.56171728700008],[-114.463955033,45.545371285000044],[-114.43058702399998,45.529516287000035],[-114.42469601899995,45.50991728500003],[-114.36615100299997,45.49098828900003],[-114.32959098999999,45.459979290000035],[-114.27046198299996,45.484429298000066],[-114.24836699099995,45.545414305000065],[-114.19223897799998,45.53708731000006],[-114.086596967,45.59118632500008],[-114.06697497,45.62797333000003],[-114.01879596499998,45.648502336000035],[-114.02741197199998,45.675759338000034],[-114.01549497299999,45.695907341000066],[-113.98808796999998,45.70572734400008],[-113.961892961,45.68972434500006],[-113.93527295699994,45.694347348000065],[-113.91949294699998,45.65786634700004],[-113.89524993899994,45.643397348000065],[-113.90369693599996,45.621597345000055],[-113.86124492799996,45.62359534900003],[-113.80741791299994,45.60278935300005],[-113.79714590699996,45.58212135200006],[-113.82088590899997,45.56606634800005],[-113.83447190299995,45.52109834300006],[-113.76656788899999,45.52091234900007],[-113.75999887999996,45.48074134600006],[-113.78355387899995,45.45198434200006],[-113.76015886999994,45.42744234200006],[-113.77605587,45.40848333900004],[-113.73441485799998,45.39235934100003],[-113.73806884699997,45.328378335000025],[-113.680846826,45.27931033600004],[-113.69249782499998,45.26344633400004],[-113.59192378999995,45.18419333600008],[-113.59071978399999,45.15589233400004],[-113.56541977799998,45.14874933500005],[-113.56983377399996,45.12430533300005],[-113.51027475999996,45.11548233700006],[-113.52251475799994,45.09174233400006],[-113.45205673799995,45.05918033800003],[-113.43789472599997,45.007349334000025],[-113.44440071799994,44.95875132900005],[-113.49838572599998,44.94169132300004],[-113.45508370299996,44.86543032000003],[-113.42159169099995,44.83756032000008],[-113.37712768199998,44.83483532400004],[-113.34183466499996,44.78495032300003],[-113.24761565299997,44.82286733500007],[-113.13184362099997,44.77304434100006],[-113.13429261699997,44.752273339000055],[-113.06777358999994,44.67879233900004],[-113.04982057799998,44.629072336000036],[-113.08755457999996,44.59951632900004],[-113.03780456399994,44.56508933100008],[-113.04423256099994,44.54337632800008],[-113.00796455099999,44.52718633000006],[-113.02651254899996,44.49459932500008],[-113.005071537,44.45372632300007],[-112.939592517,44.41250832500003],[-112.889166505,44.40521132900005],[-112.85509848999999,44.35997632800007],[-112.81316548499996,44.37670333300008],[-112.81111848799998,44.39888433600004],[-112.839439498,44.425125336000065],[-112.77985649699997,44.484619347000034],[-112.71912248799998,44.50435035400005],[-112.66358247299996,44.48625535700006],[-112.54172444799997,44.48377736800006],[-112.50020143599994,44.46296937000005],[-112.47205343299999,44.479106374000025],[-112.38735140999995,44.44760337900004],[-112.35849541099998,44.48574238500004],[-112.35422241899994,44.53564439000007],[-112.31921041199996,44.539116394000075],[-112.28605340999997,44.568611400000066],[-112.24279740099996,44.56809740400007],[-112.22171039299997,44.54352540300005],[-112.13708737399998,44.539773410000066],[-112.10676736499994,44.520835411000064],[-112.06959536,44.536907416000076],[-112.03239835099998,44.52873141900005],[-112.032719354,44.54664842100004],[-111.97746733999998,44.53584342500005],[-111.94705933799997,44.55698442900007],[-111.86876832299998,44.56584043700008],[-111.82154230299994,44.50894743600003],[-111.70175728699996,44.559958452000046],[-111.61268126699997,44.54877445900007],[-111.58651926299996,44.562663463000035],[-111.515282244,44.53702246600005],[-111.46828123399996,44.538982471000054],[-111.46933023799994,44.55755847300003],[-111.50742024699997,44.562085470000056],[-111.50135224699994,44.57249647100008],[-111.52265825499995,44.59025647100003],[-111.52159725899998,44.615027474000044],[-111.50250125699995,44.626826477000066],[-111.51617926299997,44.64406547700003],[-111.49194625799998,44.64314047900007],[-111.47226725799999,44.66690248300006],[-111.48879626799999,44.70564948600003],[-111.44274526099997,44.72023849100003],[-111.41428525299995,44.71074549300005],[-111.38511825499995,44.754904500000066],[-111.35516524399998,44.727201500000035],[-111.32306423699998,44.72856150300004],[-111.26681621499995,44.667518502000064],[-111.278489214,44.651271499000075],[-111.25319520899995,44.65117950100006],[-111.220157197,44.62300250200008],[-111.240344199,44.61369349900008],[-111.22751618999996,44.577178496000045],[-111.18104217899997,44.56923750000004],[-111.17376717399998,44.54933949800005],[-111.131394162,44.532435501000066],[-111.12739515499999,44.497626497000056],[-111.05244613599996,44.47841750200007]]]}},{"type":"Feature","properties":{"adm0_a3":"USA","shape_name":"Iowa","ihme_name":"Iowa"},"geometry":{"type":"Polygon","coordinates":[[[-95.76565290299999,40.58521515600006],[-94.29482050499996,40.571348245000024],[-91.72912180099996,40.61364740500005],[-91.68636378599996,40.58088240200004],[-91.68870678399998,40.557397398000035],[-91.62007776399997,40.54082439900003],[-91.62135976099995,40.51007939300007],[-91.57475274299998,40.46567138900008],[-91.52509672899998,40.45785239000003],[-91.52461872399994,40.41077238200006],[-91.48848771299998,40.40432438300007],[-91.48451370999999,40.38390738000004],[-91.46390170299998,40.37566638000004],[-91.39700268499996,40.38313438500006],[-91.37256067999994,40.401207389000035],[-91.38177568699996,40.44256239600003],[-91.36421768799994,40.50005040700006],[-91.40413170299996,40.53913441100008],[-91.40148870399997,40.559465415000034],[-91.33972569199994,40.61349542700003],[-91.25308066999997,40.63796943600005],[-91.18698665099998,40.63730444000004],[-91.123934637,40.66915944900006],[-91.09299964299998,40.82108647700005],[-91.00954262799996,40.90057249500006],[-90.96535061699996,40.92164050100007],[-90.95223961699998,40.95405450700008],[-90.94663362999995,41.09663953200004],[-90.99496664999998,41.160631540000054],[-91.04154266399996,41.16614553800008],[-91.11365469199995,41.24140854600006],[-91.07484768699999,41.305585559000065],[-91.04589669099994,41.414092579000055],[-90.97982167399994,41.43432858600005],[-90.93002265799998,41.42141158700008],[-90.84656463799996,41.45514859800005],[-90.65584558499995,41.462139610000065],[-90.59524357199996,41.511039622000055],[-90.46143853599995,41.52354063200005],[-90.41283652599998,41.56534064200008],[-90.34323450799997,41.58784064900004],[-90.34345851499995,41.64696665900004],[-90.31344151099995,41.69808967000006],[-90.31071451499997,41.74222167700003],[-90.18096048499996,41.80936169600005],[-90.18190748899997,41.843223702000046],[-90.15359048699997,41.90662171400004],[-90.16414149599996,41.956185721000054],[-90.14006749399994,42.00325973100007],[-90.16449150499994,42.042112736000036],[-90.16290151199996,42.11672574800008],[-90.20141052499997,42.13094474800005],[-90.21611353199995,42.156737752000026],[-90.39111458999997,42.22548075200007],[-90.43089060699998,42.278237759000035],[-90.41620660699994,42.32132176700003],[-90.44388061899997,42.35522577100005],[-90.55502465799998,42.41614577400003],[-90.56797466399996,42.440396777000046],[-90.65403369299997,42.47851077800004],[-90.63673369299994,42.518709786000045],[-90.70921072699997,42.636085800000046],[-90.94921980099997,42.68558079300004],[-91.06468684199996,42.750921797000046],[-91.10057186699999,42.88308581600006],[-91.14556688299996,42.90798781700005],[-91.14543688899994,42.958218825000074],[-91.17946391099997,43.06743484000003],[-91.17525991799994,43.13467285100006],[-91.05792489799995,43.25537387800006],[-91.10724391899998,43.31365288400008],[-91.20662695199997,43.35253188400003],[-91.20036595799996,43.41270889400005],[-91.23337397199998,43.45517589800005],[-91.21771297299995,43.50055790600004],[-96.59893647699994,43.50046454400007],[-96.581005469,43.48139154300003],[-96.60286847099997,43.450914537000074],[-96.59426246699996,43.434160535000046],[-96.52158044099997,43.38564753300005],[-96.53040043199996,43.300041520000036],[-96.58850044699994,43.29634651600003],[-96.58522844199996,43.268885512000054],[-96.55322543199998,43.25914851300007],[-96.57120243499998,43.23896850800003],[-96.56044842999995,43.224226507000026],[-96.47557940699994,43.22106151200006],[-96.46654539499997,43.15028850300007],[-96.436597383,43.12084950000008],[-96.46286338599998,43.091426494000075],[-96.46085838199997,43.064040490000025],[-96.51843939499997,43.042075483000076],[-96.49167838299996,43.00971448000007],[-96.52078138799999,42.98039247400004],[-96.50031637899997,42.95939847200003],[-96.54169738599995,42.92258346400007],[-96.52636537799998,42.89185946100008],[-96.54966738099995,42.870288456000026],[-96.55129337699998,42.83661345100006],[-96.58161238599996,42.83752844900005],[-96.59529138399995,42.79298944100003],[-96.63215039099998,42.77087043500006],[-96.61950238499998,42.75479943400006],[-96.63971238799996,42.737078430000054],[-96.62471238299997,42.72550442900007],[-96.63062538199995,42.70588742600006],[-96.57530736399997,42.68267242600007],[-96.57858936399998,42.67208642400004],[-96.54237435299996,42.66074342500008],[-96.51634634199996,42.630442422000044],[-96.52990234299995,42.610439419000045],[-96.50947633799996,42.61273742000003],[-96.48580432699998,42.57500841600006],[-96.49855232799996,42.55812341300003],[-96.47696032199997,42.55608641400005],[-96.49297832099995,42.51728940700008],[-96.47542131299997,42.48962840400003],[-96.38601528699996,42.474502408000035],[-96.38071528199998,42.44640140400003],[-96.41361728699997,42.40790139600006],[-96.41817628099994,42.354685388000064],[-96.32891324499997,42.25474137900005],[-96.32373124099996,42.22989437500007],[-96.35987824799997,42.21055237000007],[-96.34776023899997,42.16681336400006],[-96.26890821199999,42.113597361000075],[-96.27143520399994,42.04499535100007],[-96.22566419099996,42.03522435200006],[-96.23649518899998,41.996435346000055],[-96.19456417899994,42.00866935000005],[-96.18627317299996,41.97742434600008],[-96.12951315699996,41.97168034900005],[-96.14459115799997,41.94155134400006],[-96.13675115299998,41.92083334100005],[-96.16176415799998,41.90182733600005],[-96.11025413799996,41.84885733200008],[-96.10760013299995,41.820692328000064],[-96.064887119,41.79623732700003],[-96.10643312299999,41.737897315000055],[-96.073071111,41.70501131200007],[-96.12140912199999,41.68852930600008],[-96.09505410999998,41.647372302000065],[-96.11583810999997,41.60576729400003],[-96.08185109799996,41.58041429200006],[-96.09659409799997,41.545404286000064],[-96.04070907899995,41.50708328400003],[-96.02666507899994,41.54037329000005],[-96.005120074,41.54325729100003],[-95.99260706699994,41.51418128800003],[-96.01923207099998,41.48930328200004],[-96.01176506799999,41.476219281000056],[-95.92028903999994,41.45157328300007],[-95.93749803799994,41.39310227300007],[-95.92879803299996,41.37010327000007],[-95.95669903799995,41.34550326400006],[-95.92569802699995,41.32220426200007],[-95.88309701499998,41.316704264000066],[-95.87149700899994,41.29580426200005],[-95.902498015,41.273405256000046],[-95.90429801899995,41.29960426000008],[-95.92749902499997,41.29840425800006],[-95.91089901299995,41.23180524900005],[-95.92749901399998,41.20220524300004],[-95.91459800799998,41.18510524200008],[-95.84129598799996,41.17500524500008],[-95.88349699699995,41.15490523900007],[-95.86259498399994,41.08840623000003],[-95.88242298599994,41.060418224000045],[-95.85966197699997,41.035702222000054],[-95.86729397499994,41.00160621600003],[-95.82908196199998,40.97569521400004],[-95.83975095999995,40.93278720700005],[-95.80948194799998,40.891235202000075],[-95.84859795499995,40.86106819500003],[-95.83523994199999,40.77915818300005],[-95.88891495099995,40.731862172000035],[-95.84280893299996,40.677503166000065],[-95.77625891199995,40.64747016500007],[-95.74863389999996,40.603362160000074],[-95.76565290299999,40.58521515600006]]]}},{"type":"Feature","properties":{"adm0_a3":"USA","shape_name":"South Carolina","ihme_name":"South Carolina"},"geometry":{"type":"MultiPolygon","coordinates":[[[[-79.50237073299996,33.020588443000065],[-79.50310873299998,33.017569442000024],[-79.50097273199998,33.018197443000076],[-79.50237073299996,33.020588443000065]]],[[[-79.54873674499999,32.99298443500004],[-79.55218274599997,32.98879743400005],[-79.54522174399995,32.99072143500007],[-79.54873674499999,32.99298443500004]]],[[[-80.18465191399997,32.55336331600006],[-80.18337691299996,32.53999531300008],[-80.17151990999997,32.54688431500006],[-80.18465191399997,32.55336331600006]]],[[[-83.10860989899999,35.00066574900006],[-83.09838489599997,34.99112974700006],[-83.12211390099998,34.964335740000024],[-83.11402489799997,34.95091873800004],[-83.12703890199998,34.953784738000024],[-83.112804897,34.93472973400003],[-83.15572790899995,34.930949732000045],[-83.20563092099997,34.88014871900003],[-83.24312993199999,34.87739871700006],[-83.23470692899997,34.870749716000034],[-83.25053293199994,34.84449171000006],[-83.26665493699994,34.84891371000003],[-83.26816293599995,34.82139970500003],[-83.30666694699994,34.81485670200004],[-83.30118594499999,34.80401470000004],[-83.32386994999996,34.78971869600008],[-83.32078294799999,34.75842668900003],[-83.35324195599998,34.72865468200007],[-83.34262094999997,34.682997672000056],[-83.23178391399995,34.61130366100008],[-83.15917989199994,34.603504663000024],[-83.17100889499994,34.595598660000064],[-83.15887488999994,34.579191657000024],[-83.03471584899995,34.48350164200008],[-83.00292783899994,34.472138640000026],[-82.90155480999994,34.48677064700007],[-82.85884079599998,34.45522664200007],[-82.83500778399997,34.366075624000075],[-82.79405777099998,34.33977862000006],[-82.78031176399998,34.296707611000045],[-82.74665975299996,34.26641360600007],[-82.71751073799999,34.15051058200004],[-82.64155671299994,34.092218572000036],[-82.64398371299995,34.07224356800003],[-82.59455869599998,34.02872356000006],[-82.55683867999994,33.94535954400004],[-82.52451867099995,33.94336654400007],[-82.45510864699997,33.88165653300007],[-82.32448360599994,33.82003952500003],[-82.29828959599996,33.783524518000036],[-82.24747557999996,33.75259751300007],[-82.23457957299996,33.70022250200003],[-82.18615755499997,33.620886486000074],[-82.04633851099999,33.56383647900003],[-81.98594148999996,33.486542464000024],[-81.92633947099995,33.462943461000066],[-81.91335946599997,33.43742445500004],[-81.93113746999995,33.42398445200007],[-81.90963246399997,33.41260945000005],[-81.94489647399996,33.40796844800008],[-81.92484046599998,33.37414644100005],[-81.94634047199997,33.37064644000003],[-81.93974046899996,33.34494743400006],[-81.90877745999995,33.34731543600003],[-81.91374045999999,33.32004843000004],[-81.90195745799997,33.33588243400004],[-81.88175744999995,33.30368342700007],[-81.84729943999997,33.30678942900005],[-81.86323944399999,33.28885042500008],[-81.82794143199999,33.26367142000004],[-81.84783943799994,33.26565142000004],[-81.83963943499998,33.25525141800006],[-81.85213943899998,33.247550416000024],[-81.80523942299999,33.21145340900006],[-81.76893841299994,33.217453412000054],[-81.75693840799994,33.19785440800007],[-81.77350341199997,33.18050940400008],[-81.74383840199994,33.141456396000024],[-81.64643637099994,33.09455838900004],[-81.61272836099994,33.093959390000066],[-81.59925135599997,33.07181938600007],[-81.49225632099996,33.00934837500006],[-81.49983332099998,32.963822365000055],[-81.51135032499997,32.966727365000054],[-81.50243032099996,32.93535935800003],[-81.48081531299994,32.898620351000034],[-81.46407230799997,32.897820351000064],[-81.47944831199999,32.88108834700006],[-81.45288630299996,32.872970346000045],[-81.45550330299994,32.84697834000008],[-81.42647829399993,32.84077934000004],[-81.41798729099997,32.818202335000024],[-81.43094929299997,32.783360327000025],[-81.41439728799998,32.77893632700005],[-81.43194329199997,32.76891732400003],[-81.40494328299997,32.746237320000034],[-81.42752028799998,32.70190230900005],[-81.40831328199994,32.69491430800008],[-81.40719627999994,32.660525300000074],[-81.39303627599998,32.65154929900007],[-81.41866328199995,32.629398293000065],[-81.36696726399998,32.577065283000024],[-81.28132723799996,32.55647028100003],[-81.27966023699997,32.536808277000034],[-81.23466322299998,32.51627627400006],[-81.23358822199998,32.49849427000004],[-81.18683220599996,32.464092263000055],[-81.20449921099998,32.45278526000004],[-81.20513320999999,32.42379425400003],[-81.16049719299997,32.34175223700004],[-81.14253518799995,32.35089923900006],[-81.12863318299998,32.33703823700006],[-81.13763618599995,32.328200234000064],[-81.11963617899994,32.28760222600005],[-81.15659018799994,32.24391621500007],[-81.15206718499996,32.222048210000025],[-81.11519817299995,32.19411820500005],[-81.11113517099994,32.17270920000004],[-81.12963717599996,32.16560819800003],[-81.11223916999995,32.150810195000076],[-81.11723716999995,32.11761118700008],[-81.05023714899994,32.08531418200005],[-81.00230013599997,32.10005418700007],[-80.91784810799999,32.03758117600006],[-80.88552009899996,32.03460617600007],[-80.90538110499995,32.051949179000076],[-80.84242708999994,32.117843196000024],[-80.81250607999993,32.109752195000056],[-80.74679706199998,32.141830205000076],[-80.66916904299995,32.216789224000024],[-80.71779905899996,32.26698023400007],[-80.74236406599994,32.263772232000065],[-80.76541907399996,32.28597823700005],[-80.73364006599996,32.319475245000035],[-80.70814805899994,32.323740247000046],[-80.64479703899997,32.29150324200003],[-80.64539103799996,32.26085823500006],[-80.63297303399997,32.256931234000035],[-80.45295898399996,32.32250025500008],[-80.42232897799994,32.40154127400007],[-80.46153698999996,32.41289927500003],[-80.47941199699994,32.44576028200004],[-80.47207099699995,32.49697029400005],[-80.43092098499994,32.500912296000024],[-80.41348997799997,32.47067829000002],[-80.36041296399998,32.499819298000034],[-80.33244095499998,32.47811029400003],[-80.24620793199995,32.53619431000004],[-80.16563390899995,32.559836318000066],[-80.12137089699996,32.59052932600002],[-80.00080386199994,32.605898334000074],[-79.97430185599995,32.64103034200008],[-79.88558483199995,32.684874355000034],[-79.87093282999996,32.742440369000064],[-79.92854884699994,32.75423936900006],[-79.92320084699998,32.781819376000044],[-79.87804183399999,32.78571537800008],[-79.84879982399997,32.753636372000074],[-79.72639178999998,32.806002388000024],[-79.69811778299999,32.85133139900006],[-79.58106075099994,32.90642341500006],[-79.57408874999999,32.93251542100006],[-79.60619675899994,32.92595941900004],[-79.61761376399994,32.95273242400003],[-79.57111075299997,33.013817439000036],[-79.52522373999994,33.03729244600004],[-79.48327372699998,33.00979144100006],[-79.40442470299996,33.019623446000026],[-79.42314070899994,33.01018944300006],[-79.36229468999994,33.009093445000076],[-79.32816168399995,33.09041246500004],[-79.24642566099999,33.126013475000036],[-79.19152164699995,33.17327548800006],[-79.16145564399994,33.31093451900006],[-79.17036864799996,33.32791552300006],[-79.13544364099994,33.40387354100005],[-79.08459062899993,33.48367556100004],[-78.93807859299994,33.639832600000034],[-78.81293355999998,33.74347862800005],[-78.71411853299998,33.80014464300007],[-78.54203248399995,33.85193066100004],[-79.67530186999994,34.804750832000025],[-80.79754620599994,34.81979279600006],[-80.78204520799994,34.935788821000074],[-80.93495326299995,35.10741585200003],[-81.04149229099994,35.04470983500005],[-81.05803229799994,35.073196841000026],[-81.03280929199997,35.10805584900004],[-81.05104029899996,35.13166085300003],[-81.04287329699997,35.149254857000074],[-82.27492366499996,35.200077822000026],[-82.37130169299996,35.18145581500005],[-82.39293370099995,35.21540882100004],[-82.43959871199996,35.16586980900007],[-82.45713171699998,35.16395680800008],[-82.46009571899998,35.178149811000026],[-82.52997673799996,35.155623803000026],[-82.54637774299994,35.16373780400005],[-82.66238477499996,35.11812979000007],[-82.68144678099998,35.127924792000044],[-82.69768078399994,35.09573278400006],[-82.72701379199998,35.09414878300004],[-82.75770779999993,35.06802577600007],[-82.77737980599994,35.06414977500003],[-82.78787080999996,35.08503077900008],[-83.10860989899999,35.00066574900006]]]]}},{"type":"Feature","properties":{"adm0_a3":"USA","shape_name":"New Hampshire","ihme_name":"New Hampshire"},"geometry":{"type":"MultiPolygon","coordinates":[[[[-70.61456647999995,42.978607804000035],[-70.61398647999994,42.973357803000056],[-70.61062147899997,42.976415804000055],[-70.61456647999995,42.978607804000035]]],[[[-70.62678248399999,42.969501802000025],[-70.62613148399998,42.96771280200005],[-70.62268148199996,42.96720880200007],[-70.62678248399999,42.969501802000025]]],[[[-70.62685248399998,42.978163804000076],[-70.62775948499996,42.975391803000036],[-70.62427848299996,42.97666980300005],[-70.62685248399998,42.978163804000076]]],[[[-70.81729654099996,42.87229877800007],[-70.79399653699994,42.939898791000076],[-70.70381951499996,43.059833817000026],[-70.70650351599994,43.075337819000026],[-70.75639753299998,43.07999681900003],[-70.82680055899993,43.12709482500003],[-70.82830156299997,43.186693836000074],[-70.80964055999993,43.225415844000054],[-70.90600559499995,43.291690853000034],[-70.93273560699998,43.33676886100005],[-70.96722961899997,43.34378586100007],[-70.98764962799999,43.38952986900006],[-70.98681262999997,43.41427287300007],[-70.96115062299998,43.43832987900004],[-70.97424562899994,43.47742888500005],[-70.95083862599995,43.55103490000005],[-70.97271663499998,43.57026390200008],[-71.03103972299994,44.65546409700005],[-71.08392478399998,45.305460210000035],[-71.14790680099998,45.23928919600007],[-71.23112282999995,45.24972119500006],[-71.28439685199999,45.30244320300005],[-71.36066487499994,45.26984419400003],[-71.35725387299993,45.25334519200004],[-71.38491788099998,45.23336018700007],[-71.44229890099996,45.23855618600004],[-71.39781088299998,45.20356218200004],[-71.43721689199998,45.142342169000074],[-71.42882888799994,45.12389016700007],[-71.50454290899995,45.05238815100006],[-71.49114890299995,45.04178315000007],[-71.50108890499996,45.01335814500004],[-71.46455589299995,45.01364614600004],[-71.52501691199996,45.001890142000036],[-71.54112191599995,44.98490313800005],[-71.51622390699998,44.96457813600006],[-71.52184490699995,44.938157131000025],[-71.49491089499998,44.904308126000046],[-71.54953391099997,44.862601116000064],[-71.57324791399998,44.79189110300007],[-71.63188393099995,44.75247209400004],[-71.58198390899997,44.67354208200004],[-71.58657890999996,44.65948707900003],[-71.54722689399995,44.630364075000045],[-71.56148389699996,44.60078806900003],[-71.53454388699998,44.58825306800003],[-71.55984689399997,44.564128063000055],[-71.59613790599997,44.56090706100008],[-71.57308389699995,44.53798905800005],[-71.59425990299997,44.521689054000035],[-71.57764389599998,44.50270105100003],[-71.64589091699997,44.47515004400003],[-71.66183091999994,44.44030203700004],[-71.69943493099998,44.41607803200003],[-71.79392496099996,44.39928002500005],[-71.81438896699996,44.381941022000035],[-71.81435196499996,44.354550017000065],[-72.02906203499998,44.32240700400007],[-72.06777504399997,44.27098499300007],[-72.04789003499997,44.23850198800005],[-72.06616703799995,44.18978197800004],[-72.03370402299998,44.13154996900005],[-72.05483202899995,44.110145964000026],[-72.03048001999997,44.10023296300005],[-72.04413202399996,44.087643961000026],[-72.03018301899994,44.07969196000005],[-72.05249502599997,44.07672495800006],[-72.09510103599996,44.021839947000046],[-72.09006003399998,44.009911945000056],[-72.10247603799996,44.01489094600004],[-72.11698604199995,43.99448894100004],[-72.11427403899995,43.96752193700007],[-72.09035803099994,43.96541793700004],[-72.18478905599994,43.863401915000054],[-72.18333405099997,43.80818590500007],[-72.20476105599994,43.771271898000066],[-72.29971608299996,43.70656688300005],[-72.31408408399994,43.64281887100003],[-72.33440208899998,43.61925886600005],[-72.32851508599998,43.60081386200005],[-72.37944110099994,43.57407785600003],[-72.39856410299996,43.51344384400005],[-72.38172409499998,43.48009983800006],[-72.41597909999996,43.376539818000026],[-72.39010408999997,43.356934815000045],[-72.41035409499995,43.33168381000007],[-72.39546308899997,43.31300280700003],[-72.43869409899997,43.25291379500004],[-72.45714109899995,43.14850177500006],[-72.43297308899997,43.119663770000045],[-72.43619108699994,43.08173876300003],[-72.46736409599998,43.05265675700008],[-72.44376308499994,43.00625374900005],[-72.47382809299995,42.972053741000025],[-72.53218711099998,42.95495373600005],[-72.52443110599995,42.91558372900005],[-72.55283511299996,42.88497672200003],[-72.55724811299996,42.85302771600004],[-72.53960110399998,42.80484070800003],[-72.50885909199997,42.779927704000045],[-72.51608309399995,42.76595770100005],[-72.49112308599996,42.77247370400005],[-72.45852007199994,42.72686169600007],[-71.29420568799998,42.696998730000075],[-71.24550467499995,42.742597740000065],[-71.18180365299997,42.737598741000056],[-71.18610465799998,42.79069775100004],[-71.16560365199996,42.808697755000026],[-71.13250364199996,42.821397758000046],[-71.06420161899996,42.80629775800003],[-71.03120161099997,42.85909776800003],[-70.91489957399995,42.88659777700008],[-70.84862555099994,42.86094777500006],[-70.81729654099996,42.87229877800007]]]]}},{"type":"Feature","properties":{"adm0_a3":"USA","shape_name":"Arizona","ihme_name":"Arizona"},"geometry":{"type":"Polygon","coordinates":[[[-109.04523371,36.99908977500007],[-114.05061171199998,37.00040145000003],[-114.04395562999997,36.19335535500005],[-114.12218263699998,36.10899834000003],[-114.112220633,36.094987339000056],[-114.14764163299998,36.02519132800006],[-114.25266265299996,36.020198321000066],[-114.27087365799997,36.04552832300004],[-114.31360266799999,36.05905332200007],[-114.30695066899995,36.08249232500003],[-114.37211768699996,36.14311932800007],[-114.40915169399995,36.147005327000045],[-114.44374769799998,36.12559832200003],[-114.463648703,36.13970032200007],[-114.50472670999994,36.127193318000025],[-114.50024771099999,36.14323132000004],[-114.51429171399997,36.15080032000003],[-114.57110172499995,36.15110431700003],[-114.61670573099997,36.13010631100008],[-114.63172773499997,36.14231131200006],[-114.75480975199997,36.084709297000074],[-114.73626474599996,36.05847529500005],[-114.74211674599997,36.03979729300005],[-114.72210774099995,36.028957293000076],[-114.74279074299994,36.00996828900003],[-114.74060673899999,35.97566128500006],[-114.70852772699999,35.91231828000008],[-114.66164771499996,35.87107227800004],[-114.70654372099995,35.849032272000045],[-114.69526071699994,35.83229027100003],[-114.712121718,35.806190267000034],[-114.69572070999999,35.755991262000066],[-114.70542070799996,35.70829225600005],[-114.68061870099996,35.68549325500004],[-114.68941869899999,35.651417250000065],[-114.65341768899998,35.61079424700006],[-114.67567868999998,35.58003824200006],[-114.65691668299996,35.534396238000056],[-114.67921668399998,35.499997233000045],[-114.66213667499994,35.444246227000065],[-114.62714866599998,35.40950922500008],[-114.60432565599996,35.35358922000006],[-114.56924963499995,35.18348520100005],[-114.57853563199996,35.128755194000064],[-114.64677064199998,35.10187718700007],[-114.60291963099996,35.068593185000054],[-114.63690463399996,35.02837217800004],[-114.63439361999997,34.87289515900005],[-114.58685360799996,34.83567715800007],[-114.552693595,34.766876151000076],[-114.47048857599998,34.71137314900005],[-114.45819356899995,34.65789014300003],[-114.42421355799996,34.61045813900006],[-114.43647755899997,34.59540513700006],[-114.38084954399994,34.52972913200006],[-114.38671053899998,34.457916123000075],[-114.33538352899996,34.450043125000036],[-114.22611850099997,34.36592112000005],[-114.17692049099998,34.34931112100003],[-114.13829347999996,34.30323511700004],[-114.13122247499996,34.262735113000076],[-114.16183747999997,34.25704311000004],[-114.229726487,34.186933098000054],[-114.41591951599997,34.10764107700004],[-114.43419251699999,34.087384074000056],[-114.43827751299995,34.02261406500003],[-114.53548952399996,33.93465604900007],[-114.50793151599999,33.90381204700003],[-114.525883519,33.90101304500007],[-114.50302851299995,33.868003042000055],[-114.528462516,33.85493403900006],[-114.52806151299995,33.81496803400006],[-114.49420849899997,33.707927023000025],[-114.53153450299999,33.67511301600007],[-114.51406849899996,33.66018401600007],[-114.53320550099994,33.65166501300007],[-114.52208249599994,33.611282009000035],[-114.540628498,33.59141700500004],[-114.52461049199997,33.55223600100004],[-114.591565501,33.49944799100007],[-114.643313504,33.41674997800004],[-114.72529351799994,33.40505297200008],[-114.698046509,33.35244696700005],[-114.73123451099997,33.30243895900003],[-114.67209949699998,33.25850395600003],[-114.6895525,33.246432954000056],[-114.67363749499998,33.22312595200003],[-114.67537149199995,33.185493947000055],[-114.70649949099999,33.08816493300003],[-114.68903148799996,33.08404093300004],[-114.66232847899994,33.03267592800006],[-114.64599147699994,33.04890793100003],[-114.61879947099999,33.027206929000045],[-114.571664463,33.03662893300003],[-114.51135444999994,33.02345993400007],[-114.49294944299999,32.97178592900008],[-114.46767543799996,32.96686592900005],[-114.48093143799997,32.93525692500003],[-114.46294043299997,32.90794892200006],[-114.46898242999998,32.84515991400008],[-114.528860437,32.79631190400005],[-114.52686743399994,32.75709889900003],[-114.53923543599996,32.74981689800006],[-114.61838444899996,32.728249891000075],[-114.70192946599997,32.745552889000066],[-114.76439346999996,32.64267087300004],[-114.80940447599994,32.61712386700003],[-114.79974847299997,32.59218286400005],[-114.813628473,32.56133586000004],[-114.79282946999996,32.569349862000024],[-114.79156246899998,32.55702786000006],[-114.813624469,32.49428185100004],[-111.07483567999998,31.332243865000066],[-109.05005426899999,31.332506953000063],[-109.04523371,36.99908977500007]]]}},{"type":"Feature","properties":{"adm0_a3":"USA","shape_name":"District of Columbia","ihme_name":"District of Columbia"},"geometry":{"type":"Polygon","coordinates":[[[-77.03900828899998,38.79165276400005],[-76.90939725499999,38.89281978900004],[-77.04100130199998,38.99511780500006],[-77.11976132299998,38.93435079000005],[-77.04060129399994,38.87121978000005],[-77.03900828899998,38.79165276400005]]]}},{"type":"Feature","properties":{"adm0_a3":"USA","shape_name":"New Jersey","ihme_name":"New Jersey"},"geometry":{"type":"Polygon","coordinates":[[[-75.41506384099995,39.801927026000044],[-75.40541583799995,39.79640402500007],[-75.459440853,39.765821017000064],[-75.47764185599993,39.715021007000075],[-75.55944787599998,39.629819987000076],[-75.55350387299995,39.60200798100004],[-75.51153285799995,39.57718497800005],[-75.53401586299998,39.54070997000008],[-75.52783685899993,39.498137961000054],[-75.54269486299995,39.496575961000076],[-75.54289586199997,39.47045495500004],[-75.46521383499999,39.43893795200006],[-75.42782781999995,39.38779994300006],[-75.39930581099998,39.37949794200006],[-75.36439079799999,39.34158193600007],[-75.33374478799993,39.345342938000044],[-75.29740877399996,39.29680692900007],[-75.25170075999995,39.30034893200008],[-75.24164075499993,39.27410492700005],[-75.17044572999998,39.234650921000025],[-75.16735372799997,39.20330691500004],[-75.13691571699997,39.18209591200008],[-75.10742870999997,39.21836192000006],[-75.02979668599994,39.22547392400003],[-75.02888668299994,39.194567918000075],[-74.89985364199998,39.173317918000066],[-74.88716863699995,39.15883291600005],[-74.89254863599996,39.11319090600006],[-74.94947164799999,39.01564488500003],[-74.97199665099998,38.94037786800004],[-74.93357263799999,38.92852686700007],[-74.86445961699997,38.94041787200007],[-74.79272459699996,38.991998885000044],[-74.79224959799996,39.012502889000075],[-74.70587757599998,39.102944911000066],[-74.71434257999994,39.119811914000024],[-74.61353555499994,39.24468694300003],[-74.56053253999994,39.27781195100005],[-74.55259853899997,39.30015095600004],[-74.41269349799995,39.36082397300004],[-74.32856247599995,39.439657992000036],[-74.31191947299999,39.479903001000025],[-74.32383447899997,39.50781600600004],[-74.29499246899996,39.501766006000025],[-74.24050745499994,39.55491901800008],[-74.09403341999996,39.75799006400007],[-74.06380842299995,39.978868109000075],[-73.97744341499998,40.299381176000054],[-73.98101842399996,40.44306120400006],[-74.00505843399998,40.483004211000036],[-74.02076143899995,40.475230209000074],[-73.99168342799999,40.44291620400003],[-74.00079642899993,40.41155819700003],[-74.13365947399996,40.456786202000046],[-74.18067448899995,40.45798520000005],[-74.20591649599999,40.43929319600005],[-74.26189051499995,40.46471419900007],[-74.27269151999997,40.48841320300005],[-74.24917251499994,40.523305211000036],[-74.25226151799995,40.552748216000055],[-74.21447050599994,40.56502722000005],[-74.20222450599994,40.631061233000025],[-74.18602850199994,40.646084237000025],[-74.09325447299994,40.64893424100006],[-74.02454445399997,40.70944425500005],[-74.01378545399996,40.756609265000066],[-73.92900743499996,40.889586294000026],[-73.89398042999994,40.99720531600008],[-74.69491570999998,41.35743135700005],[-74.79504173899994,41.32041534600006],[-74.85715275499996,41.248983330000044],[-74.88214075799993,41.18084431600005],[-74.99171978799995,41.09229229500005],[-74.96839077999994,41.08780529500007],[-75.01310079299998,41.066495289000045],[-75.02710379499996,41.03953728300007],[-75.13057682499993,40.99110127000006],[-75.13378182499997,40.97098126600008],[-75.05103079199995,40.86567024900006],[-75.06601579599999,40.847599245000026],[-75.09578580499993,40.847090243000025],[-75.08393079999996,40.82447923900003],[-75.10850680599998,40.79110223200007],[-75.13440181299995,40.77377322800004],[-75.17158882499996,40.77775322700006],[-75.19653483099995,40.75163922100006],[-75.18208582499994,40.731530218000046],[-75.20392182999996,40.69150620900007],[-75.17680481999997,40.67572320700003],[-75.20045382599994,40.64922720100003],[-75.18858082099996,40.62463619700003],[-75.20181382399994,40.617196195000076],[-75.18315281499997,40.567362186000025],[-75.11729379499997,40.57321918900004],[-75.06861677699999,40.54223118500005],[-75.05884976599998,40.41807316100005],[-74.96813173599998,40.399137161000056],[-74.93971272399995,40.33801415000005],[-74.86821069799998,40.29521514400005],[-74.84230968699995,40.250516136000044],[-74.77172066299994,40.21529513100006],[-74.72219064299998,40.14994812000003],[-74.78210765999995,40.12081811200005],[-74.82253267299996,40.12685211200005],[-74.86210768299998,40.08329110200003],[-74.93258170499996,40.068818097000076],[-75.04709173799995,40.00994908100006],[-75.07560674499996,39.97804907300008],[-75.12692175999996,39.96112006800007],[-75.14374776099999,39.88500605300004],[-75.24343278999999,39.85460504300005],[-75.34176682099996,39.84609003800006],[-75.41506384099995,39.801927026000044]]]}},{"type":"Feature","properties":{"adm0_a3":"USA","shape_name":"Maryland","ihme_name":"Maryland"},"geometry":{"type":"MultiPolygon","coordinates":[[[[-75.99390691499997,37.953496630000075],[-75.98630191699993,38.021953644000064],[-76.01312992599998,38.03976964700007],[-76.04100193399995,38.031963645000076],[-76.04653193099995,37.95359362800008],[-75.99390691499997,37.953496630000075]]],[[[-76.05420294199996,38.09428065700007],[-76.01273292799993,38.07211265400008],[-76.01472293199998,38.131604666000044],[-76.04798394099998,38.108709660000045],[-76.03352493499995,38.091007657000034],[-76.05420294199996,38.09428065700007]]],[[[-76.06544594699994,38.12980266400007],[-76.06448494699998,38.12549166300005],[-76.06110494599994,38.12688766400004],[-76.06544594699994,38.12980266400007]]],[[[-76.08881495599996,38.163134670000034],[-76.06371094899998,38.17093267300004],[-76.05115694399996,38.14753666800004],[-76.03225893799998,38.14827266900005],[-76.04029894099995,38.16570067200007],[-76.02237893599994,38.17377467500006],[-76.06380595099995,38.205054680000046],[-76.05883794899995,38.19101667700005],[-76.08724095799994,38.19195067600003],[-76.08881495599996,38.163134670000034]]],[[[-76.08441295399996,38.14536266700003],[-76.09022695599998,38.144774666000046],[-76.08564895399996,38.138587665000045],[-76.08441295399996,38.14536266700003]]],[[[-76.08653395399995,38.12436666200006],[-76.08591595299998,38.11668766100007],[-76.08446695299995,38.12274166200007],[-76.08653395399995,38.12436666200006]]],[[[-76.09006803799997,39.53661094900008],[-76.09030703799993,39.53383394800005],[-76.08821803699993,39.53603294900006],[-76.09006803799997,39.53661094900008]]],[[[-76.24909004999995,38.91335481800007],[-76.24576504799995,38.90508981600004],[-76.24309204799994,38.91209981800006],[-76.24909004999995,38.91335481800007]]],[[[-76.25456701799999,38.34068070100005],[-76.25766901799994,38.32486269700007],[-76.25449501699995,38.32493969700005],[-76.25456701799999,38.34068070100005]]],[[[-76.27225707899998,39.27456289000003],[-76.25799007499995,39.287795893000066],[-76.26035707599993,39.292460894000044],[-76.26641307799997,39.290546893000055],[-76.27225707899998,39.27456289000003]]],[[[-76.38591326299996,39.24928002100006],[-76.37147910799996,39.237958879000075],[-76.34382809999994,39.257263883000064],[-76.35661110499996,39.26086388400006],[-76.38591326299996,39.24928002100006]]],[[[-76.39069608599993,38.76628878300005],[-76.38362708199998,38.745473779000065],[-76.36326307599995,38.74661878000006],[-76.37524308199994,38.78258578700007],[-76.39069608599993,38.76628878300005]]],[[[-76.39586811499998,39.23345887700003],[-76.39289711399994,39.231525876000035],[-76.38945611299994,39.23547887700005],[-76.39586811499998,39.23345887700003]]],[[[-76.74233916199995,38.20905565600003],[-76.74754516399997,38.212153657000044],[-76.74503216299996,38.20724665600005],[-76.74233916199995,38.20905565600003]]],[[[-76.79407117999995,38.23919666000006],[-76.79312017999996,38.23518266000008],[-76.78979217899996,38.23844966000007],[-76.79407117999995,38.23919666000006]]],[[[-76.81219518599994,38.25231366200006],[-76.80892618499996,38.25086366200003],[-76.81087318599998,38.25293766300007],[-76.81219518599994,38.25231366200006]]],[[[-75.24226768499994,38.027216671000076],[-75.19379767299995,38.09602068700008],[-75.10294865699996,38.31153273500007],[-75.08551965199996,38.324277738000035],[-75.04894064799998,38.45127076600005],[-75.69367184999999,38.46008774500007],[-75.78859795399995,39.72220699700006],[-79.47666510499994,39.721085853000034],[-79.48765407799993,39.27994076600004],[-79.48687607299996,39.20596875100006],[-79.47321806899998,39.20211475100007],[-79.34601403599999,39.293967774000066],[-79.29023901899996,39.29933077800007],[-79.28204001799998,39.32305578300003],[-79.25389400999995,39.33722978700007],[-79.25631101199997,39.357234790000064],[-79.214283,39.36348979300004],[-79.17864199099995,39.39663980100005],[-79.16205498499994,39.38832880000007],[-79.16015098699995,39.416387806000046],[-79.14375398099997,39.40520980400004],[-79.11060497199998,39.43270781100006],[-79.09455196999994,39.46519181800005],[-79.10319297299998,39.47601182000005],[-79.05809595899996,39.47081882100008],[-79.04705295599996,39.48335882400005],[-78.95675392499999,39.44027181900003],[-78.95921692799999,39.461900823000065],[-78.91649091599999,39.48655183000005],[-78.89331991099994,39.523763838000036],[-78.87474690499994,39.52261883800003],[-78.83855589699994,39.56730784900003],[-78.81676688999994,39.56169884800005],[-78.82601189499997,39.58883685300003],[-78.79585988699995,39.60694185800003],[-78.79528488899996,39.63677386400008],[-78.76584287999998,39.64849486800006],[-78.77751888199998,39.62171986200008],[-78.73355586799994,39.615540862000046],[-78.77686288099994,39.604034858000034],[-78.76749287699994,39.587494856000035],[-78.73398186599997,39.58662585700006],[-78.72501286199997,39.56398085300003],[-78.67563184499994,39.540378850000025],[-78.59163581899998,39.536898853000025],[-78.56593180999994,39.51945185000005],[-78.47116877999997,39.51611085300004],[-78.44864477499993,39.53996785900006],[-78.46022677899998,39.55119186100006],[-78.43835977099997,39.538760859000035],[-78.43739977199994,39.553479862000074],[-78.41758876499995,39.54716286200005],[-78.45718977999996,39.58738686800007],[-78.39531976099994,39.584222870000076],[-78.43025277399994,39.62329787600004],[-78.37473475599995,39.608642875000044],[-78.38248975999994,39.628223879000075],[-78.35577275199995,39.62626588000006],[-78.35522075199998,39.640583882000044],[-78.26509072299996,39.61928188200005],[-78.22359971299994,39.661104892000026],[-78.23156671599997,39.67438989400006],[-78.17662770099997,39.69597490000007],[-78.08226266999998,39.67117389900005],[-78.00998764299999,39.60290088900007],[-77.95764462699998,39.60862189200003],[-77.94618462099999,39.58482188800008],[-77.94194262199994,39.61879789500006],[-77.88847960399994,39.597350892000065],[-77.88512660399994,39.61578289600004],[-77.83801058899996,39.60613289600008],[-77.83633258599997,39.566377888000034],[-77.88894760199997,39.555957884000065],[-77.86535359299995,39.53838888200005],[-77.86368259099999,39.51503987700005],[-77.82535957999994,39.52918488100005],[-77.84566858499994,39.49863587500005],[-77.76599555999996,39.495731877000026],[-77.79669756799996,39.48050587300003],[-77.77781756099995,39.46193187000006],[-77.79847056699998,39.46067786900005],[-77.78558256199995,39.445374866000066],[-77.80325156699996,39.43714386400006],[-77.75309255099995,39.42326986300003],[-77.74001454499995,39.40170186000006],[-77.73808654399994,39.386218857000074],[-77.75339154799997,39.38210185500003],[-77.74593254399997,39.35322885000005],[-77.76111754799996,39.33976484600004],[-77.72738153599994,39.32167384400003],[-77.56659848499999,39.306128847000025],[-77.54058347499995,39.26495484000003],[-77.46021244699995,39.22836683600008],[-77.47859844999994,39.18917582700004],[-77.51063345999995,39.17849182400005],[-77.52728446299994,39.14624381700003],[-77.51993145899996,39.120932812000035],[-77.48580244799996,39.10931081100006],[-77.46261943799993,39.07625580500007],[-77.29310738399994,39.04651580600006],[-77.24600536799994,39.02491680300005],[-77.25570536899994,39.00241679800007],[-77.24462336499994,38.98254279500003],[-77.14818133399996,38.96500979500007],[-77.11976132299998,38.93435079000005],[-77.04100130199998,38.99511780500006],[-76.90939725499999,38.89281978900004],[-77.03900828899998,38.79165276400005],[-77.04619828699998,38.71443874800008],[-77.07956529699999,38.712842746000035],[-77.13250331099994,38.67382373700008],[-77.13020230799998,38.635024729000065],[-77.11054130099996,38.62682772800008],[-77.18320932199998,38.60038872000007],[-77.23772633599998,38.55187770800006],[-77.27422234299996,38.48177769200004],[-77.25017432999994,38.38278867300005],[-77.20731431499996,38.35987467000007],[-77.12332729199994,38.41065368300008],[-77.09107528199996,38.40755368400005],[-77.05063627199996,38.439792692000026],[-77.01637326099996,38.44557969500005],[-76.97825324299998,38.34229067500007],[-76.93026622699995,38.32309867300006],[-76.92394522299998,38.28973266600008],[-76.84214119599994,38.25449866200006],[-76.83371619399998,38.27327866600007],[-76.86929620899997,38.33872267800007],[-76.85610520599994,38.35857468300003],[-76.82710819699997,38.34739168100003],[-76.84160720099999,38.33676567900005],[-76.80234918499997,38.28075066900004],[-76.80595118499997,38.252282663000074],[-76.77779017499995,38.24292966200005],[-76.77862717499994,38.22847765900008],[-76.75228816599997,38.22212865800003],[-76.73206616099998,38.24601066400004],[-76.59433211699996,38.21582166300004],[-76.55295910199999,38.18721665800007],[-76.52987009199995,38.13409064800004],[-76.50211708399996,38.13888965000007],[-76.47326807299999,38.10304264400003],[-76.46966807399997,38.15336565500007],[-76.43888806499996,38.16084165700005],[-76.42121605699998,38.10604664600004],[-76.39233704699996,38.10290364700006],[-76.36123903499998,38.05954963900007],[-76.32216002199993,38.03790963600005],[-76.34132003299999,38.11934165200006],[-76.32013802699998,38.138346657000056],[-76.38524605199996,38.21775867100007],[-76.39932205899999,38.25929167900006],[-76.37502505299994,38.29942668800004],[-76.40008606199996,38.30948568900004],[-76.44185907399998,38.29163568400003],[-76.47632308599998,38.31355168700003],[-76.46824108399994,38.32893469100003],[-76.42137906899995,38.31893869000004],[-76.38148405999993,38.38525970500007],[-76.50602510599998,38.50461772500006],[-76.51128011399999,38.615752748000034],[-76.53240012499998,38.678370760000064],[-76.52620012499995,38.72429476900004],[-76.54942813299994,38.73140077000005],[-76.56001313799999,38.76263377600003],[-76.51008012499994,38.80122378500005],[-76.48988012099994,38.838722794000034],[-76.49658112399999,38.85312279600004],[-76.53764413599998,38.84855979400004],[-76.53847613699998,38.86142379700004],[-76.48938212399997,38.88742180400004],[-76.50912213199996,38.91988280900006],[-76.48951412599996,38.92737181200005],[-76.46025811599998,38.907152809000024],[-76.45028211499994,38.94112081600008],[-76.48024412599995,38.97773882200005],[-76.45458311799996,38.97451982200005],[-76.43128211199996,39.001477829000066],[-76.42266710899997,38.986579826000025],[-76.39450010099995,39.01269183200003],[-76.43893011799997,39.052795839000055],[-76.42193811399994,39.07699884400006],[-76.43104511999996,39.13213085500007],[-76.47830113699996,39.16707486000007],[-76.50092214299997,39.15544885700007],[-76.53340815599995,39.19042086300004],[-76.53428715699994,39.21321586800008],[-76.56450216699994,39.22462186900003],[-76.58648717699998,39.26134487500008],[-76.51720315399996,39.24155887400008],[-76.49735714699995,39.226922872000046],[-76.49570714499998,39.20188386700005],[-76.44685012999997,39.21826887200007],[-76.44248412699994,39.195415867000065],[-76.39812611599996,39.23704887700006],[-76.42248812299994,39.232538876000035],[-76.43663012899998,39.253430879000064],[-76.40192911799994,39.24836988000004],[-76.38282211399996,39.27755688600007],[-76.40882212399998,39.31175089200008],[-76.38327111499996,39.29832489000006],[-76.36817811199995,39.32177189600003],[-76.34004610199997,39.30454089300008],[-76.32918609899997,39.31504389600008],[-76.35177810699997,39.32646089700006],[-76.34940210699995,39.33923690000006],[-76.33061610099998,39.33543190000006],[-76.35712611299994,39.394086910000055],[-76.30709509699994,39.38545391100007],[-76.30590609499995,39.36441690600003],[-76.32368109999999,39.35721590400004],[-76.29568009099995,39.35001590400003],[-76.29661808799995,39.302039894000075],[-76.28174908399996,39.29966789400004],[-76.25658807799994,39.338869903000045],[-76.28689208899993,39.369009908000066],[-76.24149508099998,39.461280928000065],[-76.22462007299998,39.42567292200005],[-76.25337907899996,39.366713909000055],[-76.22697806899998,39.349915906000035],[-76.10031303499994,39.44320393000004],[-76.06046602299995,39.448348932000044],[-76.07197702799994,39.47505493700004],[-76.12812204699998,39.48669093700005],[-76.09607403999996,39.53691994900004],[-76.03685302199995,39.55287995400005],[-76.00665901199994,39.538880952000056],[-75.99967101099998,39.56049595700006],[-75.94891099699998,39.593184965000034],[-75.97033900099996,39.557644957000036],[-75.96233999799995,39.53610895300005],[-75.98050300299997,39.52910295100003],[-76.01231400799998,39.45312293500007],[-75.983731,39.47073093900008],[-75.96661799499998,39.462840939000046],[-76.04096401399994,39.39424492200004],[-75.98610799599999,39.37948292100003],[-76.02299200599998,39.361903916000074],[-76.11052903399997,39.37226491500007],[-76.14071904099995,39.32774790500008],[-76.17042405099994,39.33210190500006],[-76.18670305499995,39.314457901000026],[-76.16888404799994,39.29032289700007],[-76.21934006199996,39.262004889000025],[-76.27463907299995,39.165497868000045],[-76.27607707199996,39.14623286400007],[-76.24486106199998,39.130651862000036],[-76.23176705099996,39.01852583900006],[-76.20149404099999,39.013515840000025],[-76.21261804599999,39.04116584500008],[-76.20338504599994,39.08563385400004],[-76.14517602799998,39.09283185800007],[-76.18420903799995,39.04627184700007],[-76.16399002899993,38.99954883800007],[-76.20236203899998,38.973086831000046],[-76.25658805599994,38.97542983000005],[-76.27748006299998,38.98249983100004],[-76.30184907399996,39.03965884100006],[-76.31176807699995,39.035264840000025],[-76.36172908699996,38.93918281900005],[-76.37620408599997,38.850468800000044],[-76.36819708299998,38.83613279800005],[-76.33103207299996,38.86432780500007],[-76.33395207699994,38.91812581500005],[-76.31802607099996,38.911295815000074],[-76.30507406799995,38.92432081800007],[-76.29960806499997,38.90268281400006],[-76.29331006299998,38.90324881400005],[-76.29591306599997,38.92867081900005],[-76.27073005799997,38.942069823000054],[-76.26222805499998,38.91998381800005],[-76.24967605099994,38.920914819000075],[-76.26086605499995,38.932733821000056],[-76.25337905399994,38.964896828000064],[-76.23484004699998,38.94253182400007],[-76.21000203999995,38.94632182600003],[-76.19681103299996,38.89509881600003],[-76.20608303299997,38.85301080700003],[-76.19109202699997,38.82966780300006],[-76.20025802799995,38.803008797000075],[-76.15652501299996,38.76891979200008],[-76.17518201799999,38.754370788000074],[-76.21642003199997,38.78670779300006],[-76.21154703199994,38.80550979700007],[-76.26507305099994,38.84536180300006],[-76.25501804899994,38.86227580700006],[-76.27741305399996,38.83142680000003],[-76.30223706099997,38.82516779800005],[-76.33462106799993,38.77291878600005],[-76.34423306599996,38.678790767000066],[-76.32315805899998,38.679681767000034],[-76.33401906399996,38.703134772000055],[-76.31339305999995,38.74908778200006],[-76.29663705499996,38.74593678200006],[-76.29917305399994,38.71929477600003],[-76.27136204499999,38.70913577500005],[-76.25480504199999,38.74918078400003],[-76.22462003299995,38.76039478700005],[-76.20548702599996,38.739170784000066],[-76.23816703599994,38.73694578200008],[-76.23872703499995,38.71285277700008],[-76.21281002499995,38.681899772000065],[-76.19772501999995,38.67108577000005],[-76.17720301499998,38.69299277500005],[-76.14716000199996,38.63684776500003],[-76.11077098899995,38.61271476100006],[-76.08308098099997,38.623485765000055],[-76.02651395999999,38.56682775500008],[-76.04719196599996,38.56283175400006],[-76.08830998099995,38.59274775800003],[-76.11433598799994,38.582993755000075],[-76.14131299799999,38.606028759000026],[-76.16127800399994,38.595124756000075],[-76.17016800899995,38.628680763000034],[-76.21242901999995,38.606745757000056],[-76.23626602799999,38.61243675700007],[-76.23543702899997,38.62703676000007],[-76.26989803899994,38.61002175500005],[-76.28456304399998,38.62641475800007],[-76.27488903999995,38.603591754000036],[-76.26229203599996,38.60231375400008],[-76.26621403599995,38.58605975000006],[-76.30500904699994,38.57250174600006],[-76.28130503899996,38.561126745000024],[-76.27405903499994,38.53121473900006],[-76.26740203399999,38.542571742000064],[-76.22022301899995,38.53188174100006],[-76.24730202699999,38.52382573800003],[-76.26538203099994,38.49747673200005],[-76.32834004999995,38.49802773000005],[-76.33156104999995,38.47355572500004],[-76.28284603099996,38.415786715000024],[-76.27807002799995,38.38239970800004],[-76.23293901199997,38.34524770200005],[-76.22637800799998,38.309995695000055],[-76.17173598699998,38.24787668500005],[-76.14055797599997,38.23184568200003],[-76.12662497299993,38.242956685000024],[-76.16325098399994,38.24892068500003],[-76.18100599099995,38.27064568900005],[-76.17779699099998,38.29051569300003],[-76.16047598599994,38.29099069400007],[-76.17209298999995,38.29723169500005],[-76.19883099799995,38.28986269200004],[-76.22034200599995,38.31019469600005],[-76.21071500399995,38.32921470000008],[-76.23388901299995,38.36528370600007],[-76.23103701399998,38.393325712000035],[-76.21380500799995,38.38689871200006],[-76.21868500799997,38.36506970700003],[-76.18243199699998,38.35959970700003],[-76.15949598799995,38.32744370100005],[-76.18266899599996,38.33676570200004],[-76.19716799899999,38.31690769800008],[-76.17470699199998,38.32464670000007],[-76.13204297799996,38.30776969800007],[-76.14918698099996,38.271918690000064],[-76.12354397399997,38.28109669300005],[-76.12883497699994,38.30264069700007],[-76.10577996999996,38.30161469800004],[-76.11588097199996,38.291541696000024],[-76.07702095899998,38.269246692000024],[-76.10759396799995,38.26253269000006],[-76.07488195699995,38.25487668900007],[-76.03204594199997,38.21669168300008],[-76.05848195199997,38.25020968900003],[-76.04059794599993,38.250266690000046],[-76.02696394399999,38.28141769700005],[-76.06275995599998,38.30459970000004],[-76.01724394399997,38.33294370800007],[-76.01142094399995,38.37683771700006],[-75.95734892599995,38.34757771300008],[-75.96531092699996,38.32250270700007],[-76.01736594199997,38.30911370300004],[-75.96194992199997,38.25139569300006],[-75.97026192299995,38.233813689000044],[-75.94069891499998,38.24690969300008],[-75.95490991999998,38.26400569600003],[-75.93857891599998,38.27233669800006],[-75.93833491799995,38.30683770500008],[-75.91218991199997,38.34319771300005],[-75.86358389699996,38.359506718000034],[-75.86536689899998,38.381215723000025],[-75.84932289299996,38.36500472000006],[-75.92033690999995,38.26438369700003],[-75.89143089899994,38.22756769000006],[-75.87665689499994,38.25478269600006],[-75.86962689299997,38.24360769400005],[-75.82187087899996,38.26187470000008],[-75.80131187199999,38.253662699000074],[-75.86132588899994,38.232662692000076],[-75.82032687699996,38.23079569300006],[-75.82638687799994,38.21688469000003],[-75.94237691199999,38.187073680000026],[-75.95961791499997,38.137148669000055],[-75.94178190799994,38.11192066500007],[-75.92061990199994,38.131425669000066],[-75.92573690499995,38.15102967300004],[-75.86863788599999,38.13438867200006],[-75.83292387599994,38.15168367700005],[-75.78847686199998,38.14579567700008],[-75.83825387599995,38.12620567100004],[-75.87882488599996,38.07609265900004],[-75.87098988299994,38.05923365600006],[-75.82424786899998,38.072205661000055],[-75.81291486499998,38.05893965800004],[-75.78823985799994,38.086143665000066],[-75.77374085299994,38.07706966300003],[-75.84349987199994,38.02747265100004],[-75.870751881,38.03499165100004],[-75.89843088699996,37.97483563800006],[-75.86191987499996,37.97343863900005],[-75.86572287499996,37.95151363400004],[-75.88991688299996,37.95369263400005],[-75.89728688399998,37.926345628000036],[-75.88503387899993,37.91172462500003],[-75.82095085999998,37.93890363300005],[-75.81866286099995,37.96725563900003],[-75.80927385799998,37.95516863700004],[-75.78381685099998,37.97260164100004],[-75.74652683899996,37.969784642000036],[-75.74676483999997,37.98767664600007],[-75.73651583499998,37.96323464100004],[-75.71610383099994,37.988987647000044],[-75.65692180999997,37.95329464200006],[-75.62434280199994,37.99421865100004],[-75.24226768499994,38.027216671000076]]]]}},{"type":"Feature","properties":{"adm0_a3":"USA","shape_name":"Maine","ihme_name":"Maine"},"geometry":{"type":"MultiPolygon","coordinates":[[[[-67.35437148099999,44.644641206000074],[-67.35389648099994,44.64108920500007],[-67.35223247999994,44.644810206000045],[-67.35437148099999,44.644641206000074]]],[[[-67.35555947799998,44.58373119500004],[-67.35528247799994,44.57618719300007],[-67.35058447699998,44.58416719500008],[-67.35555947799998,44.58373119500004]]],[[[-67.36102648399998,44.65208120700004],[-67.35674848199994,44.64683920600004],[-67.35674848199994,44.65394120700006],[-67.36102648399998,44.65208120700004]]],[[[-67.36245247999994,44.57391219300007],[-67.36719848099995,44.567427191000036],[-67.36142347999998,44.573066193000045],[-67.36245247999994,44.57391219300007]]],[[[-67.36411648599994,44.667634210000074],[-67.35603548299997,44.66357720900004],[-67.35033048099996,44.66932521000007],[-67.36411648599994,44.667634210000074]]],[[[-67.37267248499995,44.598626197000044],[-67.36666448299997,44.59967019700008],[-67.36855748399995,44.601935198000035],[-67.37267248499995,44.598626197000044]]],[[[-67.38835948999997,44.60319519700005],[-67.39026149099993,44.59574919600004],[-67.38360648899999,44.60167219700003],[-67.38835948999997,44.60319519700005]]],[[[-67.39430149099996,44.57645219200003],[-67.39588249099995,44.57246119200005],[-67.39216248999998,44.57442019200005],[-67.39430149099996,44.57645219200003]]],[[[-67.39335049099998,44.58965619500003],[-67.39605049199997,44.58322219400003],[-67.39263749099996,44.58491619400007],[-67.39335049099998,44.58965619500003]]],[[[-67.40355449399993,44.57513319200007],[-67.40804349499996,44.56902119100005],[-67.40618549499999,44.567986191000045],[-67.40355449399993,44.57513319200007]]],[[[-67.42947850399997,44.597441195000044],[-67.42780050299996,44.595267195000076],[-67.42686350299994,44.598795196000026],[-67.42947850399997,44.597441195000044]]],[[[-67.43342750299996,44.55893018800003],[-67.43518250399995,44.55562418800008],[-67.43161750299998,44.55731718800007],[-67.43342750299996,44.55893018800003]]],[[[-67.45768151199997,44.57547319100007],[-67.46056151299996,44.569661189000044],[-67.45372151099997,44.57238819000003],[-67.45768151199997,44.57547319100007]]],[[[-67.47137551699996,44.56910418900003],[-67.47424151799999,44.56665718800008],[-67.46964651599995,44.56798618900007],[-67.47137551699996,44.56910418900003]]],[[[-67.48104451999995,44.56505518800003],[-67.48155651999997,44.56007518700005],[-67.47844051899995,44.56510718800007],[-67.48104451999995,44.56505518800003]]],[[[-67.49032452499995,44.60438019500003],[-67.49151252499996,44.60167219400006],[-67.48652152299996,44.60015619400008],[-67.49032452499995,44.60438019500003]]],[[[-67.50743753199998,44.62282219800005],[-67.50387152999997,44.61707019700003],[-67.49769252799996,44.62146919800006],[-67.50743753199998,44.62282219800005]]],[[[-67.53687153699997,44.53212418100003],[-67.53381653599996,44.529168180000056],[-67.52919553399994,44.53199818100006],[-67.53687153699997,44.53212418100003]]],[[[-67.54161054199994,44.58934919100005],[-67.51840953199996,44.55425018500006],[-67.48913552199997,44.55968818700006],[-67.52003453399993,44.57966819000006],[-67.48152852099997,44.58042319100008],[-67.51424353299996,44.59767719300004],[-67.52312453499997,44.58423919000006],[-67.54161054199994,44.58934919100005]]],[[[-67.56376754499996,44.51055617600008],[-67.53904853399996,44.47206817000006],[-67.51062752599995,44.496423175000075],[-67.53474453599995,44.51962817800006],[-67.56376754499996,44.51055617600008]]],[[[-67.60274655499995,44.44424616300006],[-67.59995455399996,44.44176216200003],[-67.59562355199995,44.44408516300007],[-67.60274655499995,44.44424616300006]]],[[[-67.60559855599996,44.44594216300004],[-67.61421655899994,44.44885016300003],[-67.60868855699994,44.44356716300007],[-67.60559855599996,44.44594216300004]]],[[[-67.62128556399995,44.50784417400007],[-67.60491855799995,44.50206517300006],[-67.61469156099997,44.48704617000004],[-67.58919854999994,44.44730016400007],[-67.56660554299998,44.455777166000075],[-67.56265054199997,44.47211316900007],[-67.59062655299994,44.494159172000025],[-67.57731454999998,44.52174117800007],[-67.60274655799998,44.50903017500008],[-67.59918155799994,44.52258917700004],[-67.61795856399993,44.52157217600006],[-67.62128556399995,44.50784417400007]]],[[[-67.61653255999994,44.463417166000056],[-67.61843356099996,44.460194165000075],[-67.61581955999998,44.46138216600008],[-67.61653255999994,44.463417166000056]]],[[[-67.63293256799994,44.499198172000035],[-67.63150556699998,44.48766917000006],[-67.62960456699994,44.49869017200007],[-67.63293256799994,44.499198172000035]]],[[[-67.64481657299996,44.517504175000056],[-67.64505357199994,44.50462317300003],[-67.62556356599998,44.51326717500007],[-67.64481657299996,44.517504175000056]]],[[[-67.65931457799996,44.51597917400005],[-67.66097857799997,44.511573173000045],[-67.65860157699996,44.51309817400005],[-67.65931457799996,44.51597917400005]]],[[[-67.66499957999997,44.53150217700005],[-67.66523757999994,44.521674175000044],[-67.65858257799994,44.530825177000054],[-67.66499957999997,44.53150217700005]]],[[[-67.66428657799997,44.49506317000004],[-67.67189257999996,44.48777216900004],[-67.66286057799994,44.494385170000044],[-67.66428657799997,44.49506317000004]]],[[[-67.67667558099998,44.47038816600008],[-67.67379357999994,44.46555516500007],[-67.67264457999994,44.47329816600006],[-67.67667558099998,44.47038816600008]]],[[[-67.67688358099997,44.46301116400008],[-67.66951557799996,44.46063616400005],[-67.66856457799997,44.462672164000026],[-67.67688358099997,44.46301116400008]]],[[[-67.67379358099998,44.481668168000056],[-67.67317057999998,44.47589316700004],[-67.66389857699994,44.484801169000036],[-67.67379358099998,44.481668168000056]]],[[[-67.69304558699997,44.48641616800006],[-67.69857758899997,44.48506216800007],[-67.69265358699994,44.48365516800004],[-67.69304558699997,44.48641616800006]]],[[[-67.70863759099996,44.46074216300008],[-67.70683158999998,44.45690416200006],[-67.70435258999998,44.460608163000074],[-67.70863759099996,44.46074216300008]]],[[[-67.73416459999999,44.469287164000036],[-67.73772960099996,44.46301116300003],[-67.73321359999994,44.465216163000036],[-67.73416459999999,44.469287164000036]]],[[[-67.74674460399996,44.465250163000064],[-67.74509760399997,44.46233216200005],[-67.74295860299998,44.465216163000036],[-67.74674460399996,44.465250163000064]]],[[[-67.75672360999994,44.49775916800007],[-67.75154760799995,44.494858168000064],[-67.75300360899996,44.50509617000006],[-67.75672360999994,44.49775916800007]]],[[[-67.75959661199994,44.53302717500003],[-67.76221061299998,44.52930017400007],[-67.75888361199998,44.53133317400005],[-67.75959661199994,44.53302717500003]]],[[[-67.76339961399998,44.53844917600003],[-67.76743961499994,44.53438317500007],[-67.76126061299993,44.53743217500005],[-67.76339961399998,44.53844917600003]]],[[[-67.79215862099994,44.48082016400008],[-67.78902361899998,44.472364163000066],[-67.77979961599993,44.47708916400006],[-67.79215862099994,44.48082016400008]]],[[[-67.80594362699998,44.51726817100007],[-67.80239762599996,44.51295817000005],[-67.80404262699994,44.51913217100008],[-67.80594362699998,44.51726817100007]]],[[[-67.81949163099995,44.51065816900007],[-67.80618162599995,44.48590716500007],[-67.79667462199995,44.482855165000046],[-67.79120762099996,44.49387616700005],[-67.81949163099995,44.51065816900007]]],[[[-67.82168562899994,44.447110157000054],[-67.82380262899994,44.44125315600007],[-67.82139362799995,44.44231215700006],[-67.82168562899994,44.447110157000054]]],[[[-67.82567163499994,44.54082117400003],[-67.83280163699999,44.51998017000005],[-67.82424563299998,44.517607170000076],[-67.82567163499994,44.54082117400003]]],[[[-67.82614663299995,44.49065516500008],[-67.83208863399994,44.479633163000074],[-67.82258163099993,44.48726316500006],[-67.82614663299995,44.49065516500008]]],[[[-67.83612963899998,44.55217017600006],[-67.82590863599995,44.54505617500007],[-67.82590863599995,44.549460176000025],[-67.83612963899998,44.55217017600006]]],[[[-67.84207163699995,44.462332160000074],[-67.83874363499996,44.45181415800005],[-67.84067863499996,44.44736315700004],[-67.83063363199994,44.45666415900007],[-67.84207163699995,44.462332160000074]]],[[[-67.84991463899996,44.45300215800006],[-67.84920163799995,44.447572157000025],[-67.84516063699994,44.449778157000026],[-67.84991463899996,44.45300215800006]]],[[[-67.87130564199998,44.374905143000035],[-67.86536363899995,44.365900141000054],[-67.86346263899998,44.36777014200004],[-67.87130564199998,44.374905143000035]]],[[[-67.87558364699998,44.44570615600003],[-67.86892864299995,44.420418151000035],[-67.85514363899995,44.41872015100006],[-67.86298664299994,44.45452915800007],[-67.87558364699998,44.44570615600003]]],[[[-68.02912569299997,44.33598813100008],[-68.03435469399994,44.32782713000006],[-68.03150169299994,44.32510712900006],[-68.02912569299997,44.33598813100008]]],[[[-68.09710171699999,44.36199213400005],[-68.10328171899994,44.35825413300006],[-68.09472471599997,44.35145613200007],[-68.09710171699999,44.36199213400005]]],[[[-68.13822073399996,44.41736214300005],[-68.12799972999994,44.40666614200006],[-68.11777972699997,44.40955214200005],[-68.12609872999997,44.41855014400005],[-68.13822073399996,44.41736214300005]]],[[[-68.13465473499997,44.45011814900005],[-68.13394173299997,44.42737714500004],[-68.12491073099994,44.44536714900005],[-68.13465473499997,44.45011814900005]]],[[[-68.14777373599998,44.392446138000025],[-68.13394173099994,44.37932213600004],[-68.12942573099997,44.40479814100007],[-68.14777373599998,44.392446138000025]]],[[[-68.15414474199997,44.46504715100008],[-68.15176774099996,44.458261150000055],[-68.14558873899995,44.457413150000036],[-68.15414474199997,44.46504715100008]]],[[[-68.15937374099997,44.412099142000045],[-68.16579074299995,44.40038313900004],[-68.15461973999999,44.41345714200003],[-68.15937374099997,44.412099142000045]]],[[[-68.17838774699999,44.407345140000075],[-68.17648674599997,44.40259113900004],[-68.17577374599995,44.40564714000004],[-68.17838774699999,44.407345140000075]]],[[[-68.17872974599999,44.38839713700003],[-68.18195374699997,44.385268136000036],[-68.17791274599995,44.38645713600005],[-68.17872974599999,44.38839713700003]]],[[[-68.17387274899994,44.467252151000025],[-68.19169875499995,44.46742115100005],[-68.16626674599996,44.463011151000046],[-68.17387274899994,44.467252151000025]]],[[[-68.19478775199997,44.40157213900005],[-68.19169875099993,44.398855138000044],[-68.19086075099995,44.40123813900004],[-68.19478775199997,44.40157213900005]]],[[[-68.19769574499998,44.24635911000007],[-68.19898474499996,44.236707109000065],[-68.19306774299997,44.239019109000026],[-68.19769574499998,44.24635911000007]]],[[[-68.20096775999997,44.494046155000035],[-68.20643476099997,44.49302815500005],[-68.19977975899997,44.49167215500006],[-68.20096775999997,44.494046155000035]]],[[[-68.20453275999995,44.47742815200007],[-68.20976176199997,44.473867151000036],[-68.20381975999999,44.47505415200004],[-68.20453275999995,44.47742815200007]]],[[[-68.20263175499997,44.40038313800005],[-68.21095075799997,44.39681713700003],[-68.20217575499998,44.39744513800008],[-68.20263175499997,44.40038313800005]]],[[[-68.24018475999998,44.264714113000025],[-68.24045975999996,44.251413110000044],[-68.21047474999995,44.25688411200008],[-68.21464075199998,44.26316511300007],[-68.24018475999998,44.264714113000025]]],[[[-68.24201975599993,44.17666509700007],[-68.24547775699995,44.17023709500006],[-68.23923375499999,44.17460509600005],[-68.24201975599993,44.17666509700007]]],[[[-68.24232375499997,44.15738509300007],[-68.24980475699994,44.143960090000064],[-68.24360775499997,44.142797090000045],[-68.24232375499997,44.15738509300007]]],[[[-68.24826576399994,44.276968115000045],[-68.26323976799995,44.270331113000054],[-68.24565176299996,44.27424511400005],[-68.24826576399994,44.276968115000045]]],[[[-68.26561676999995,44.28496511600008],[-68.27060777199995,44.283264115000065],[-68.26609176999995,44.28275311500005],[-68.26561676999995,44.28496511600008]]],[[[-68.27471877199997,44.258684111000036],[-68.27442676999993,44.23710810700004],[-68.23899675899997,44.240029108000044],[-68.25064276299997,44.257565111000076],[-68.27471877199997,44.258684111000036]]],[[[-68.29342477899996,44.27866911400008],[-68.30293278199997,44.276968113000066],[-68.29104877799995,44.27594711300003],[-68.29342477899996,44.27866911400008]]],[[[-68.33335578899994,44.20868910000007],[-68.33644478899998,44.19028609600008],[-68.31434078199999,44.19761409800003],[-68.33335578899994,44.20868910000007]]],[[[-68.33715880199998,44.435694141000056],[-68.34167380399998,44.42856513900006],[-68.33454380099994,44.43263914000005],[-68.33715880199998,44.435694141000056]]],[[[-68.34832879199996,44.18636609500004],[-68.34880479199995,44.16744509200004],[-68.33478178699994,44.17682109400005],[-68.34832879199996,44.18636609500004]]],[[[-68.37185979799995,44.14527708700007],[-68.37185979799995,44.137943086000064],[-68.36853179699995,44.13913708600006],[-68.37185979799995,44.14527708700007]]],[[[-68.37659079799994,44.11377108100004],[-68.36829479399995,44.09733207800008],[-68.32978978199998,44.11047408200005],[-68.34999278999999,44.12873108500003],[-68.37659079799994,44.11377108100004]]],[[[-68.36033779699994,44.198825097000054],[-68.37043379999994,44.18023009400008],[-68.34975579299999,44.19539909700006],[-68.36033779699994,44.198825097000054]]],[[[-68.37708879999997,44.14476608700005],[-68.38339080199995,44.14176808600007],[-68.38089180099996,44.13913708600006],[-68.37708879999997,44.14476608700005]]],[[[-68.38920981899997,44.413287135000076],[-68.39063581899995,44.403270133000035],[-68.38421881699998,44.40632613400004],[-68.38920981899997,44.413287135000076]]],[[[-68.40722180799997,44.111131080000064],[-68.40370880699999,44.10774407900004],[-68.40133180599997,44.11132708000008],[-68.40722180799997,44.111131080000064]]],[[[-68.43009082599997,44.28819811100004],[-68.43659382799996,44.291957112000034],[-68.43205282599996,44.285911111000075],[-68.43009082599997,44.28819811100004]]],[[[-68.44815483299993,44.31201311500007],[-68.45576083499998,44.29976611300003],[-68.44886783199996,44.297555113000044],[-68.44815483299993,44.31201311500007]]],[[[-68.45687883799997,44.34429712100007],[-68.43175482799995,44.32425711800005],[-68.42082182699994,44.375245128000074],[-68.45009383599995,44.35733212300005],[-68.45687883799997,44.34429712100007]]],[[[-68.45504783199993,44.258927105000055],[-68.45837483299994,44.25416010400005],[-68.45338383199999,44.256203105000054],[-68.45504783199993,44.258927105000055]]],[[[-68.46788183399997,44.21618509700005],[-68.46978383499999,44.21311809700006],[-68.46502983299996,44.20988209600006],[-68.46788183399997,44.21618509700005]]],[[[-68.46479283299993,44.20698509600004],[-68.45918182999998,44.19769009400005],[-68.45384282899994,44.201692095000055],[-68.46479283299993,44.20698509600004]]],[[[-68.47272782999994,44.10296507700008],[-68.47301082999996,44.098209076000046],[-68.46978382899994,44.101429076000045],[-68.47272782999994,44.10296507700008]]],[[[-68.47596283799999,44.23117410000003],[-68.47952883899995,44.21976209800005],[-68.46764483499999,44.22470209900007],[-68.47596283799999,44.23117410000003]]],[[[-68.49069984099998,44.20272609400007],[-68.47833983699996,44.198125094000034],[-68.47120983499997,44.20732609600003],[-68.48142983899999,44.216866097000036],[-68.49069984099998,44.20272609400007]]],[[[-68.49331384699997,44.28258310900003],[-68.48656784399998,44.26910610600004],[-68.46883283699998,44.26352310600004],[-68.46930783799996,44.27050110700003],[-68.49331384699997,44.28258310900003]]],[[[-68.50377184299998,44.145618083000045],[-68.50094984099997,44.141569083000036],[-68.49782983999995,44.14306008300008],[-68.50377184299998,44.145618083000045]]],[[[-68.50115784199994,44.15397508500007],[-68.48402583599994,44.14263908300006],[-68.45576082699995,44.160284087000036],[-68.43851781899997,44.11618908000003],[-68.38326780299997,44.155851089000066],[-68.42444081799994,44.190762094000036],[-68.42177181699998,44.17494609100004],[-68.44815482499996,44.17290009000004],[-68.45148182699995,44.19165009300008],[-68.50115784199994,44.15397508500007]]],[[[-68.51870284599994,44.11323107700008],[-68.50361083999996,44.09657607400004],[-68.49092983699995,44.12344808000006],[-68.50697884299996,44.12724608000008],[-68.51870284599994,44.11323107700008]]],[[[-68.53039386199998,44.33359211700008],[-68.49142284799996,44.31179211400007],[-68.47878484399996,44.319572116000074],[-68.50136385499997,44.38229012700003],[-68.51857286099994,44.38103112600004],[-68.53039386199998,44.33359211700008]]],[[[-68.54988186299994,44.228449097000066],[-68.54489086099994,44.22027309600003],[-68.52828385499998,44.22521309700005],[-68.54988186299994,44.228449097000066]]],[[[-68.55504285399996,44.04924406400005],[-68.55918985499994,44.04062606300005],[-68.55595685399999,44.039479063000044],[-68.55504285399996,44.04924406400005]]],[[[-68.56794586799998,44.217718095000066],[-68.56461786699998,44.211926094000034],[-68.55962686499998,44.21311809400004],[-68.56794586799998,44.217718095000066]]],[[[-68.57573586399997,44.10152607300006],[-68.57650186399997,44.09519907200007],[-68.57127286299993,44.099978073000045],[-68.57573586399997,44.10152607300006]]],[[[-68.58245186899995,44.14955308200007],[-68.58505786999996,44.14246308100007],[-68.57866286799998,44.148203082000066],[-68.58245186899995,44.14955308200007]]],[[[-68.58149287399993,44.23236609700007],[-68.58719787499996,44.226405096000065],[-68.57602687199994,44.22930009700008],[-68.58149287399993,44.23236609700007]]],[[[-68.58814786699998,44.072321068000065],[-68.59055386699998,44.05866806500006],[-68.58410086599997,44.07159806800007],[-68.58814786699998,44.072321068000065]]],[[[-68.59855287399995,44.14595908100006],[-68.59504087299996,44.14229208000006],[-68.59337687299995,44.14519208100006],[-68.59855287399995,44.14595908100006]]],[[[-68.59670487599993,44.17758808700006],[-68.60692487899996,44.17605408600008],[-68.59682387599997,44.175572086000045],[-68.59670487599993,44.17758808700006]]],[[[-68.60240887599997,44.142122080000036],[-68.60549887599996,44.13547007900007],[-68.60145787499994,44.138711079000075],[-68.60240887599997,44.142122080000036]]],[[[-68.61334187999995,44.157641082000055],[-68.61762088099994,44.14536308000004],[-68.60956187799997,44.148204081000074],[-68.61334187999995,44.157641082000055]]],[[[-68.61762088099994,44.14229208000006],[-68.62356288299998,44.140587079000056],[-68.61714487999996,44.13666407900007],[-68.61762088099994,44.14229208000006]]],[[[-68.61880887999996,44.130352077000055],[-68.61897887999999,44.11955907500004],[-68.60811287699994,44.12864607700004],[-68.61880887999996,44.130352077000055]]],[[[-68.62688988299993,44.13529907800006],[-68.63449588599997,44.136152078000066],[-68.62688988299993,44.13376407800007],[-68.62688988299993,44.13529907800006]]],[[[-68.63093088599999,44.15286608100007],[-68.63378288599995,44.14502108000005],[-68.62379988299995,44.14792108000006],[-68.63093088599999,44.15286608100007]]],[[[-68.63378288499996,44.13001107700006],[-68.63982588699997,44.12361107600003],[-68.62974188399994,44.128817077000065],[-68.63378288499996,44.13001107700006]]],[[[-68.64471588899994,44.13598107800004],[-68.64447788899997,44.13103407700004],[-68.64115088799997,44.135470078000026],[-68.64471588899994,44.13598107800004]]],[[[-68.64780589099996,44.15201408000007],[-68.64400288999997,44.14860308000004],[-68.64067588899997,44.152696081000045],[-68.64780589099996,44.15201408000007]]],[[[-68.64851889099998,44.145533079000074],[-68.65255989199994,44.141099078000025],[-68.64899389099998,44.14297507900005],[-68.64851889099998,44.145533079000074]]],[[[-68.65137089099994,44.129670076000025],[-68.65160889099997,44.126428076000025],[-68.65041989099996,44.12813407600004],[-68.65137089099994,44.129670076000025]]],[[[-68.65879389299994,44.11022107300005],[-68.65126688999999,44.101431071000036],[-68.63717388499998,44.09941707100006],[-68.64123088699995,44.108589073000076],[-68.65879389299994,44.11022107300005]]],[[[-68.67109889499994,44.07590706600007],[-68.65065788799996,44.06514806500007],[-68.66082488999996,44.04790106100006],[-68.64091288299994,44.05063006200004],[-68.65703088599997,44.00383205300005],[-68.62784087699998,44.021582057000046],[-68.60169586799998,44.01252305600008],[-68.60858887499995,44.09434507100008],[-68.67109889499994,44.07590706600007]]],[[[-68.73161792399998,44.22269909100004],[-68.71719091799997,44.21280609000007],[-68.73166592199993,44.202255087000026],[-68.71287391599998,44.19654008700007],[-68.72064591699996,44.16681408100004],[-68.66623589699998,44.13496207700007],[-68.66800889799998,44.15227008000005],[-68.61453088199994,44.18091208700008],[-68.62047288499997,44.20017009000003],[-68.60240887899994,44.21039309200006],[-68.58862387399995,44.197784091000074],[-68.60098287799997,44.19199008900006],[-68.56414286499995,44.19165009000005],[-68.62475088999997,44.258756101000074],[-68.67062290599995,44.27986110300003],[-68.69510391199998,44.23560109400006],[-68.73161792399998,44.22269909100004]]],[[[-68.74361793199995,44.30143110500006],[-68.71128691999996,44.27418410100006],[-68.68274490999994,44.27322410100004],[-68.68203191099997,44.288028104000034],[-68.73289492899994,44.30946210700006],[-68.74361793199995,44.30143110500006]]],[[[-68.74988193399997,44.30128610500003],[-68.74782493299995,44.29867010400005],[-68.74734593299996,44.30073710500005],[-68.74988193399997,44.30128610500003]]],[[[-68.73173290499994,43.893498031000036],[-68.74183590799998,43.883019029000025],[-68.73314490499996,43.888185030000045],[-68.73173290499994,43.893498031000036]]],[[[-68.73931292899994,44.26896909900006],[-68.75396293299997,44.26260109700007],[-68.73051792499996,44.26267209800005],[-68.73931292899994,44.26896909900006]]],[[[-68.75999093499996,44.24769109500005],[-68.76070393399993,44.239858093000066],[-68.74977093099994,44.24292309400005],[-68.75999093499996,44.24769109500005]]],[[[-68.78732394199994,44.211415087000034],[-68.77995593899993,44.20102208600008],[-68.76836593599995,44.21844708900005],[-68.77441993799994,44.21940908900007],[-68.78732394199994,44.211415087000034]]],[[[-68.78637393799994,44.14412607500003],[-68.79222093899995,44.13684407400007],[-68.78114393599998,44.14493607500003],[-68.78637393799994,44.14412607500003]]],[[[-68.79374094799994,44.28700710100003],[-68.79522994799999,44.28049610000005],[-68.78518494499997,44.284115100000065],[-68.79374094799994,44.28700710100003]]],[[[-68.78795894299998,44.23482609100006],[-68.79705894599994,44.22382808900005],[-68.78118893999994,44.22627109000007],[-68.78795894299998,44.23482609100006]]],[[[-68.80087194199996,44.144083075000026],[-68.80253494299996,44.13743107300007],[-68.79136393899995,44.14698307500004],[-68.80087194199996,44.144083075000026]]],[[[-68.80439595199994,44.29355510200003],[-68.81346895499996,44.29466310200007],[-68.80039594999994,44.288708101000054],[-68.80439595199994,44.29355510200003]]],[[[-68.82558995899996,44.29245110100004],[-68.81917295699998,44.29041010100008],[-68.81750895599998,44.29330210100005],[-68.82558995899996,44.29245110100004]]],[[[-68.82392694999999,44.139649073000044],[-68.80800194399995,44.13726107300005],[-68.80562494399999,44.14288907400004],[-68.82392694999999,44.139649073000044]]],[[[-68.82654093499997,43.847683020000034],[-68.80966592899995,43.856938022000065],[-68.81115692999998,43.86022202200007],[-68.81584493199995,43.861566022000034],[-68.82654093499997,43.847683020000034]]],[[[-68.82438395699995,44.262180095000076],[-68.82390295699997,44.25714309400007],[-68.81632095399993,44.25841609500003],[-68.82438395699995,44.262180095000076]]],[[[-68.82602195499999,44.22019408800003],[-68.82226295399994,44.218229087000054],[-68.82487695499998,44.22606408900003],[-68.82602195499999,44.22019408800003]]],[[[-68.83143895799998,44.23375209000005],[-68.81869795299997,44.226405089000025],[-68.81560795299998,44.23781509100007],[-68.81822195399997,44.24326409200006],[-68.83143895799998,44.23375209000005]]],[[[-68.85068296399999,44.23672009000006],[-68.85233096499996,44.22867008800006],[-68.84816996299998,44.22930008900005],[-68.85068296399999,44.23672009000006]]],[[[-68.86304396999998,44.25901309400007],[-68.86005396899998,44.25586309300007],[-68.85886596899996,44.26062909400008],[-68.86304396999998,44.25901309400007]]],[[[-68.88905096599996,44.03943905300008],[-68.89142796599998,44.02987105100004],[-68.88430896399996,44.03078705100006],[-68.88905096599996,44.03943905300008]]],[[[-68.89910795699996,43.82193401300003],[-68.88672495299994,43.82220401300003],[-68.87622395099999,43.836606016000076],[-68.89109095499998,43.83553101500007],[-68.89910795699996,43.82193401300003]]],[[[-68.90592596099998,43.85385301800005],[-68.87883095299998,43.858309020000036],[-68.88168295399998,43.86859102200003],[-68.90237696099996,43.86917802100004],[-68.90592596099998,43.85385301800005]]],[[[-68.89427996899997,44.064892057000066],[-68.90854097399995,44.058060056000045],[-68.89523096899995,44.04934805500005],[-68.89427996899997,44.064892057000066]]],[[[-68.91184697699998,44.09640806300007],[-68.89570596999994,44.06830805800007],[-68.89546797099996,44.08691906100006],[-68.87978096499995,44.07513806000003],[-68.86284495699994,44.02504605100006],[-68.84412895099996,44.04046505400004],[-68.80657593799998,44.035339055000065],[-68.77448892899997,44.064380061000065],[-68.80610094299993,44.11678806900005],[-68.83723695299994,44.11661706900003],[-68.83961295499995,44.13197307100006],[-68.86599596199994,44.10074606500007],[-68.86361896199998,44.119347068000025],[-68.89903297399997,44.12344206800003],[-68.91184697699998,44.09640806300007]]],[[[-68.91044197399998,44.053107055000055],[-68.91210597399999,44.041490053000075],[-68.90633397199997,44.044875053000055],[-68.91044197399998,44.053107055000055]]],[[[-68.94229099799998,44.28437009600003],[-68.92731699299998,44.28998409700006],[-68.92161298999997,44.27228809400003],[-68.93024399099994,44.23096508700007],[-68.88643597999999,44.30444410100006],[-68.89728798499993,44.32664310500007],[-68.86043997499996,44.36491611300005],[-68.88008498299996,44.39309911700008],[-68.91163399199996,44.36503611100005],[-68.91804799199997,44.324512104000064],[-68.90259898699998,44.324512104000064],[-68.94229099799998,44.28437009600003]]],[[[-68.94426898899997,44.112706065000054],[-68.88809997199996,44.144936072000064],[-68.87526496699996,44.14237807200004],[-68.90354897599997,44.12736606900006],[-68.85815196099998,44.12617207000005],[-68.86219296299998,44.139990072000046],[-68.80205994299996,44.15056407600008],[-68.82471195299996,44.18614208200006],[-68.84612095999995,44.18444008100005],[-68.91590898099997,44.149029072000076],[-68.94426898899997,44.112706065000054]]],[[[-68.95194199799994,44.21963208400007],[-68.93967699399997,44.22649008500008],[-68.93183299199995,44.24862709000007],[-68.94038999499998,44.244881089000046],[-68.95194199799994,44.21963208400007]]],[[[-68.96439500099996,44.20076608000005],[-68.95868699799996,44.19210307900005],[-68.95346199699998,44.20826308200003],[-68.96439500099996,44.20076608000005]]],[[[-68.96558400399994,44.255437090000044],[-68.94585599699997,44.24828708900003],[-68.93325899399997,44.27279809400005],[-68.948096,44.27768509500004],[-68.96558400399994,44.255437090000044]]],[[[-68.98127100499994,44.17690607500003],[-68.98409600599996,44.17210407400006],[-68.98008200399994,44.17264507500005],[-68.98127100499994,44.17690607500003]]],[[[-69.00780199899998,43.90728702500007],[-69.012882,43.900968024000065],[-69.00480099699996,43.901310024000054],[-69.00780199899998,43.90728702500007]]],[[[-69.03165900699997,43.916893026000025],[-69.03546200799997,43.911414025000056],[-69.02975700599995,43.91535202600005],[-69.03165900699997,43.916893026000025]]],[[[-69.03809401899997,44.08584705700008],[-69.03617501799994,44.07437005500003],[-69.03203601599995,44.07934905600007],[-69.03809401899997,44.08584705700008]]],[[[-69.04996002199994,44.06890505400003],[-69.04805902099997,44.06036605200006],[-69.04283001899995,44.068222054000046],[-69.04996002199994,44.06890505400003]]],[[[-69.04904401799996,44.01113604300008],[-69.05471401899996,43.992862040000034],[-69.04259201599996,44.00705304200005],[-69.04904401799996,44.01113604300008]]],[[[-69.06264902299995,44.01494004300008],[-69.07158902599997,44.00483004100005],[-69.05614002099998,44.012181043000055],[-69.06264902299995,44.01494004300008]]],[[[-69.07135102799998,44.04294204800004],[-69.07228502799995,44.03662504700003],[-69.06683502599998,44.04055004800006],[-69.07135102799998,44.04294204800004]]],[[[-69.07753102599997,43.98414103700003],[-69.07848202599996,43.97302403500004],[-69.07254002399998,43.978668036000045],[-69.07753102599997,43.98414103700003]]],[[[-69.09607003299993,43.98397003700006],[-69.06963502399998,43.98592103800007],[-69.06540902299997,43.99440103900008],[-69.06659802299998,43.996966040000075],[-69.09607003299993,43.98397003700006]]],[[[-69.13247003799995,43.871272015000045],[-69.12055103399996,43.87167601500005],[-69.11893803499999,43.89827102000004],[-69.12791903799996,43.894974019000074],[-69.13247003799995,43.871272015000045]]],[[[-69.22251607199996,43.925453022000056],[-69.22019506999999,43.91494602000006],[-69.21293906799997,43.92141302200008],[-69.22251607199996,43.925453022000056]]],[[[-69.28348008899997,43.87373201100007],[-69.29536409199994,43.86259400900008],[-69.28250108799995,43.864588009000045],[-69.28348008899997,43.87373201100007]]],[[[-69.29298809599999,43.94239802300007],[-69.29933609799997,43.932924021000076],[-69.28585709299995,43.93144402100006],[-69.29298809599999,43.94239802300007]]],[[[-69.30740109999994,43.91811901800003],[-69.31552010199994,43.91362201700008],[-69.30986309999997,43.90627701600005],[-69.30740109999994,43.91811901800003]]],[[[-69.31410110099995,43.90228101500003],[-69.31366609999998,43.89120501300005],[-69.30796109799996,43.89103401300008],[-69.31410110099995,43.90228101500003]]],[[[-69.32350810199995,43.86058200700006],[-69.31082909699995,43.85949500700008],[-69.30588209699994,43.877427011000066],[-69.31856510099993,43.879720011000074],[-69.32350810199995,43.86058200700006]]],[[[-69.31363109299997,43.77277099100007],[-69.31432509299998,43.75671598900004],[-69.30037608899994,43.77215299200003],[-69.31363109299997,43.77277099100007]]],[[[-69.34313811299995,43.93486702000007],[-69.34646511299997,43.92254201800006],[-69.34057611199995,43.93385502000007],[-69.34313811299995,43.93486702000007]]],[[[-69.37956112399996,43.91388201500007],[-69.38354412399997,43.89565901200007],[-69.37090512099996,43.912754015000075],[-69.37956112399996,43.91388201500007]]],[[[-69.39482813199999,43.964876024000034],[-69.39328813099996,43.956429023000055],[-69.38734612899998,43.96720802500005],[-69.39482813199999,43.964876024000034]]],[[[-69.42204813799998,43.92305601600003],[-69.42894013999995,43.91655001400005],[-69.42727713999994,43.91227001400006],[-69.42204813799998,43.92305601600003]]],[[[-69.44189414499994,43.91634001400007],[-69.42014613799995,43.935894018000056],[-69.43298114399994,43.952152021000074],[-69.43939814499998,43.93914601800003],[-69.44189414499994,43.91634001400007]]],[[[-69.58292418399998,43.77910498500006],[-69.58818618499998,43.77049798300004],[-69.58153118299998,43.77187098300004],[-69.58292418399998,43.77910498500006]]],[[[-69.59960219099997,43.80327198800006],[-69.59959418999995,43.790746986000045],[-69.59389018899998,43.80412898900005],[-69.59960219099997,43.80327198800006]]],[[[-69.61076519299996,43.77890798400006],[-69.61395619299998,43.75109297800003],[-69.60529919099997,43.78027998400006],[-69.61076519299996,43.77890798400006]]],[[[-69.62873520099998,43.81439499000004],[-69.63412720199995,43.803499987000066],[-69.62480719999996,43.807335988000034],[-69.62873520099998,43.81439499000004]]],[[[-69.75432423699993,43.71005296700008],[-69.76002823899995,43.70558596600006],[-69.75717623799994,43.70335196500008],[-69.75432423699993,43.71005296700008]]],[[[-69.93733729999997,43.730837965000035],[-69.93900929999995,43.72383396300006],[-69.93115829699997,43.724138964000076],[-69.93733729999997,43.730837965000035]]],[[[-69.99034032399999,43.84253998400004],[-69.99034032299994,43.83191098200007],[-69.98653732299994,43.84356898400006],[-69.99034032399999,43.84253998400004]]],[[[-69.99984732599995,43.829510981000055],[-70.01315732999996,43.810303977000046],[-69.99675732499998,43.824708980000025],[-69.99984732599995,43.829510981000055]]],[[[-70.02884432999997,43.72637196100004],[-70.03122132999994,43.71469195900005],[-70.02100132699996,43.724654961000056],[-70.02884432999997,43.72637196100004]]],[[[-70.03383533599998,43.80927397600004],[-70.04239233799996,43.78251097100008],[-70.02701633399994,43.80913697600005],[-70.03383533599998,43.80927397600004]]],[[[-70.04286733499998,43.728261961000044],[-70.04667033499999,43.72018895900004],[-70.04001533399997,43.72877696100005],[-70.04286733499998,43.728261961000044]]],[[[-70.04999733899996,43.761057967000056],[-70.06132534199998,43.74210896300008],[-70.04476933699993,43.76483396800006],[-70.04999733899996,43.761057967000056]]],[[[-70.06021834299997,43.76723696800008],[-70.05332533999996,43.76517696800005],[-70.05498934099995,43.77066996800005],[-70.06021834299997,43.76723696800008]]],[[[-70.07162634799994,43.78748697100008],[-70.07447834799996,43.77993697000005],[-70.06307034499997,43.78765897100004],[-70.07162634799994,43.78748697100008]]],[[[-70.07091334799998,43.80327097400004],[-70.06996334799999,43.79675197300003],[-70.06663534699999,43.80429997400006],[-70.07091334799998,43.80327097400004]]],[[[-70.08160934699998,43.71262995700005],[-70.07928534499996,43.706997956000066],[-70.07209834399998,43.71896495800007],[-70.08160934699998,43.71262995700005]]],[[[-70.08374834799997,43.72053195800004],[-70.08422334799997,43.714175957000066],[-70.07970734599996,43.72087595900007],[-70.08374834799997,43.72053195800004]]],[[[-70.09040335099996,43.73135296000004],[-70.09587035199996,43.72156295800005],[-70.08636234899996,43.73238396000005],[-70.09040335099996,43.73135296000004]]],[[[-70.09285034899995,43.687844952000034],[-70.09603934899997,43.67228494900007],[-70.08725734699993,43.691037953000034],[-70.09285034899995,43.687844952000034]]],[[[-70.11464636199997,43.78062396800004],[-70.10202035699996,43.77681896800004],[-70.08965335399995,43.785195970000075],[-70.09603935599995,43.78838897000003],[-70.11464636199997,43.78062396800004]]],[[[-70.11817435699999,43.68638395100004],[-70.09370434899995,43.69180895300008],[-70.09311334999995,43.710532956000065],[-70.10068335299997,43.705970955000055],[-70.11817435699999,43.68638395100004]]],[[[-70.11583535799997,43.70970895500005],[-70.12225235899996,43.70008695300004],[-70.11179435599996,43.71005295600003],[-70.11583535799997,43.70970895500005]]],[[[-70.15646337099997,43.71049095400008],[-70.12724136199995,43.72065095700003],[-70.12418536099995,43.70893595500007],[-70.09468735399997,43.75992096500005],[-70.15646337099997,43.71049095400008]]],[[[-70.16028137499995,43.74972696100008],[-70.14150436899996,43.74955496200005],[-70.11535936099995,43.76466196600006],[-70.13389836699997,43.76397596500004],[-70.12653036599994,43.77959396800003],[-70.14554537199996,43.77581796700008],[-70.16028137499995,43.74972696100008]]],[[[-70.17357137599998,43.68374294900008],[-70.15172436799998,43.68169794900007],[-70.13366136299999,43.702320953000026],[-70.14055336599995,43.70764795400004],[-70.17357137599998,43.68374294900008]]],[[[-70.18428738299997,43.74251495900006],[-70.17977138099997,43.739252959000055],[-70.17668137999993,43.74543496000007],[-70.18428738299997,43.74251495900006]]],[[[-70.19046638299994,43.72224995500005],[-70.19712138499995,43.711255953000034],[-70.18666338199995,43.72328095600005],[-70.19046638299994,43.72224995500005]]],[[[-70.20116238299994,43.651953942000034],[-70.17959237599996,43.65539294300004],[-70.18309837799995,43.67516594700004],[-70.20068638299995,43.66295994400008],[-70.20116238299994,43.651953942000034]]],[[[-70.20342638299996,43.647194941000066],[-70.20593438299994,43.63364193900003],[-70.19070437899995,43.64559094100008],[-70.20342638299996,43.647194941000066]]],[[[-70.21394838799995,43.666169944000046],[-70.19308138099996,43.67344694600007],[-70.18214737899996,43.69493195100006],[-70.20189338499995,43.68549194800005],[-70.21394838799995,43.666169944000046]]],[[[-70.23800238899997,43.547303922000026],[-70.24549939099995,43.53964392000006],[-70.22440138399998,43.54720792200004],[-70.23800238899997,43.547303922000026]]],[[[-70.61243047999994,42.99182280700006],[-70.60783447799997,42.97777280400004],[-70.60134947599994,42.98109180500006],[-70.61243047999994,42.99182280700006]]],[[[-70.70381951499996,43.059833817000026],[-70.66595850299996,43.07624282100005],[-70.62251049199995,43.13458183300003],[-70.61897349299994,43.163633839000056],[-70.59039148299996,43.16517684000007],[-70.60878348999995,43.17560884100004],[-70.57578748199995,43.22186785100007],[-70.59390748899995,43.24930385500005],[-70.55385448099997,43.32189487000005],[-70.51769546999998,43.34404587500006],[-70.46597545199995,43.340254876000074],[-70.41631143699993,43.36106788200004],[-70.42767244299995,43.38926288700003],[-70.39846543299996,43.39292788800003],[-70.37051442599994,43.434141897000075],[-70.33283641399998,43.44644090000003],[-70.32730341299998,43.458529902000066],[-70.36736442599994,43.452272900000025],[-70.38292843299996,43.469682903000034],[-70.38488543499994,43.496048908000034],[-70.36121442899997,43.52919891400006],[-70.32879641899996,43.540757918000054],[-70.30740541099993,43.52904091600004],[-70.30776441199998,43.54432391900008],[-70.27249740099995,43.562624923000044],[-70.24433139099995,43.55185792200007],[-70.19691137599995,43.56515492600005],[-70.21708738499996,43.59672593100004],[-70.20749138299993,43.62349193700004],[-70.25296140099994,43.67501894500003],[-70.24254839899999,43.69334194800007],[-70.22611839299998,43.68874494800008],[-70.23199039599996,43.704830951000076],[-70.21471038999994,43.697337950000076],[-70.19426938699996,43.76860996400006],[-70.17544038199998,43.77712196600004],[-70.17602338099994,43.76079896300007],[-70.07994535299997,43.82676697800008],[-70.06473434799994,43.82728097900008],[-70.07067634899994,43.80841697500006],[-70.01919733399995,43.85874198600004],[-69.98772532399994,43.86293598700007],[-70.02619333499996,43.82259597900003],[-69.99271732499994,43.848368985000036],[-69.95064731199994,43.86327898900004],[-70.04500633599997,43.736676963000036],[-70.02337732899997,43.74886896500004],[-70.02646732899996,43.72894896200006],[-69.99461831899998,43.74354596500007],[-70.00127331999994,43.710396959000036],[-69.95563930799995,43.771870972000045],[-69.87340128099999,43.77839297600008],[-69.86151727599997,43.759340972000075],[-69.87078727699998,43.72671596600003],[-69.84868327099997,43.74217197000007],[-69.85508127099996,43.70475496300003],[-69.83679926399998,43.69974396200007],[-69.83347126399997,43.71778396600007],[-69.75409123899993,43.74387497300006],[-69.72155922999997,43.78200898100005],[-69.69157622799997,43.917235007000045],[-69.67707822399996,43.92699300900006],[-69.69038822299996,43.82539499000006],[-69.65561120799998,43.781047983000065],[-69.63881220699994,43.84785399500004],[-69.62108619899993,43.826822992000075],[-69.59470519199994,43.85888699900005],[-69.59237318999993,43.83090399400004],[-69.60631119399994,43.823442992000025],[-69.59291618899994,43.81139099000006],[-69.57269718399994,43.84402099700003],[-69.55170317699998,43.83463699600003],[-69.54391217699998,43.88162400500005],[-69.51925916799996,43.87116200300005],[-69.51488916399995,43.83130699600008],[-69.50329016099994,43.83768199800005],[-69.45963714999993,43.90332501100005],[-69.43773414699996,43.975760025000056],[-69.42680114299998,43.97832602600005],[-69.42822714199997,43.957285022000065],[-69.40612313699995,43.98585102800007],[-69.39423913199994,43.96943102500006],[-69.37902812799996,43.99542703000003],[-69.36239012199997,43.99388803100004],[-69.36670212199994,43.96476402500008],[-69.35050611799994,43.98345702900008],[-69.34575211499998,43.96908902700005],[-69.33006610999996,43.97182602700008],[-69.37522512299995,43.92459701700005],[-69.32768910799996,43.94582002300007],[-69.32533410899998,43.97095002700007],[-69.30430110099996,43.96207702600003],[-69.31746910399994,43.940515022000056],[-69.28399809399997,43.958578026000055],[-69.26751508799998,43.94367602400007],[-69.27394908799994,43.91422401900007],[-69.21205806799998,43.93110202400004],[-69.16255905599996,43.99901203700006],[-69.14408104799998,43.97952303400007],[-69.12350204099994,43.979024035000066],[-69.14194204799998,43.98653503600008],[-69.13219704599999,44.00329203900003],[-69.10985503799998,43.99833403900004],[-69.12805204499995,44.017318042000056],[-69.07705602999994,44.04225904800006],[-69.04340302099996,44.09217305800007],[-69.10343803999996,44.077956054000026],[-69.10082304199994,44.116873061000035],[-69.07634203399994,44.12489306300006],[-69.09298003999999,44.13529906400004],[-69.07420303699996,44.18355407400003],[-69.05454602899994,44.17155107200006],[-69.05923003299995,44.20792207900007],[-69.04557702799997,44.209260079000046],[-69.00368201899994,44.29459109600003],[-68.96344300599998,44.308326100000045],[-68.94988300399996,44.34000210600004],[-68.99838402499995,44.425595120000025],[-68.94373300699993,44.42837612200003],[-68.92161300099997,44.45664912800004],[-68.87515298399995,44.42990712400007],[-68.81109196399996,44.466149133000044],[-68.83509797299996,44.481413135000025],[-68.80776396499994,44.49836913900003],[-68.80586296599995,44.52430114300006],[-68.77781695399995,44.48497413700005],[-68.78328295399996,44.44714813000007],[-68.79745195899994,44.45100413000006],[-68.82176696399995,44.40894912200008],[-68.80966595799998,44.373971116000064],[-68.82719696099997,44.31216910400008],[-68.79506294999999,44.307869105000066],[-68.73931293199996,44.33318311100004],[-68.68939991399998,44.29670410600005],[-68.63003589299996,44.28624410500004],[-68.52278585399995,44.228108098000064],[-68.53300685799996,44.25433010200004],[-68.55511086599995,44.26131010300003],[-68.55273386599998,44.274926106000066],[-68.51898385399994,44.26522510500007],[-68.53086685999995,44.30044711100004],[-68.55011986599999,44.29194110900005],[-68.56620287299995,44.31301611200007],[-68.54543386799998,44.355009120000034],[-68.56516087699998,44.39907912800004],[-68.49968585599999,44.41418813200005],[-68.47976585199996,44.45418914000004],[-68.48331684899995,44.38816612800008],[-68.46215184199997,44.37940512700004],[-68.47120984799994,44.44027613800006],[-68.45837484399993,44.45385014100003],[-68.47311085099994,44.486755146000064],[-68.43722183899996,44.48268514700004],[-68.42533783599998,44.498284150000075],[-68.43080383199998,44.39698713100006],[-68.39255881999998,44.418079136000074],[-68.39277582099999,44.435354139000026],[-68.35427080599999,44.40055313400006],[-68.39803481999996,44.37620012800005],[-68.43094582599997,44.29863311300005],[-68.40822481799995,44.28156211100003],[-68.41964982099995,44.274621109000066],[-68.40454381499995,44.25387810600006],[-68.33383078899993,44.221295102000056],[-68.28985977599996,44.250926109000034],[-68.31719278799994,44.294323116000044],[-68.23091575799998,44.28785811700004],[-68.18893074499994,44.30732412200007],[-68.17449574299997,44.34519012900006],[-68.19693675199994,44.38636113600006],[-68.24995577199996,44.41481814000008],[-68.24743777199996,44.433285143000035],[-68.31885679699997,44.44434814300007],[-68.33787180199994,44.42194513800007],[-68.36734381199994,44.43111113900005],[-68.35498380999996,44.458091144000036],[-68.28057178399996,44.45158214500003],[-68.26799377999998,44.46131514700005],[-68.29413778999998,44.47166214900005],[-68.26800378099995,44.47147914900006],[-68.26442878099994,44.487263152000025],[-68.22378476599994,44.46555514900007],[-68.21142576499994,44.520149160000074],[-68.18052775199993,44.47505415200004],[-68.19455375599995,44.47189915100006],[-68.15438274299999,44.478785154000036],[-68.16721774799998,44.48387215400004],[-68.16175074699999,44.501166158000046],[-68.12134473199995,44.478954155000054],[-68.11228972499998,44.401597141000025],[-68.09298271599994,44.37095813600007],[-68.09329871799997,44.390193140000065],[-68.07761171199996,44.38849514000003],[-68.07606570899998,44.347934132000034],[-68.04933369899999,44.33073913000004],[-68.04576269999995,44.357914135000044],[-68.02545669299997,44.35661713500008],[-68.01415169099994,44.38594714100003],[-68.02318369499994,44.40819414500004],[-68.00749668999998,44.413118146000045],[-67.98372867999996,44.38441814200007],[-67.95877167299994,44.39885514500003],[-67.98158968299998,44.44909915300008],[-68.01462669399996,44.454020153000045],[-68.02746169999995,44.48251615800007],[-67.99276068699999,44.46080615500006],[-67.97041867999997,44.47081415800005],[-67.93738066599997,44.40989214700005],[-67.91694066199994,44.46131515700006],[-67.89957065199997,44.39408714600006],[-67.87724764799998,44.45486815700008],[-67.89150865399995,44.48098916200007],[-67.86869164599995,44.46504715900005],[-67.85164764099994,44.48491016300005],[-67.86560164799994,44.52608017000006],[-67.84207164099996,44.544039174000034],[-67.84777564399997,44.56300917800007],[-67.80451762799999,44.54268417500003],[-67.80254062599994,44.52394317200003],[-67.78236261899997,44.51497917100005],[-67.77400061799995,44.54744717700004],[-67.75484261199995,44.54691917700006],[-67.74335260499998,44.49742716900005],[-67.71307659499996,44.49356216900003],[-67.68805458799994,44.53726317700006],[-67.56471754599994,44.532077180000044],[-67.57505555099993,44.560668185000054],[-67.54336754399998,44.62656319700005],[-67.53263153999995,44.614363196000056],[-67.50580353199996,44.636846200000036],[-67.49363152699993,44.62887219900006],[-67.49103752499997,44.607257195000045],[-67.45844751399994,44.59670319400004],[-67.43256850599994,44.60691819700003],[-67.44896751299996,44.63550820200004],[-67.42733950599995,44.641089203000035],[-67.40549149599997,44.59424519500004],[-67.39144949299998,44.625360201000035],[-67.36826848499999,44.62468120200003],[-67.36839448599994,44.65580020700003],[-67.38907249399995,44.67270521000006],[-67.37576248999994,44.677269211000066],[-67.40499749999998,44.68166321100006],[-67.39477649699995,44.69501221400003],[-67.36031348499995,44.687239213000055],[-67.35769848499996,44.703797216000055],[-67.29917546499996,44.705714218000026],[-67.30683546599994,44.66290121000003],[-67.32205747199998,44.67390921200007],[-67.32618147199997,44.65672420900006],[-67.29844846299994,44.65438620900005],[-67.28734545699996,44.62400620400007],[-67.24637244299998,44.626393205000056],[-67.26951945199994,44.64007520700005],[-67.27284745399999,44.664084211000045],[-67.24076044399999,44.665775213000074],[-67.23427443999998,44.637210208000056],[-67.18942642499997,44.64554221000003],[-67.18661142499997,44.66265921300004],[-67.15447841399998,44.66812321500004],[-67.10435139999998,44.71685722500007],[-67.10409440099994,44.739937230000066],[-67.07343839099997,44.74196623100005],[-67.06891839099995,44.768968236000035],[-67.01971837399998,44.769643237000025],[-66.95056835299994,44.81454824700006],[-66.98240236299995,44.81147524600004],[-66.99652236999998,44.84466325100004],[-66.98003236499994,44.85597925400003],[-66.99476137199997,44.89184926000007],[-66.98446536899996,44.91256626400008],[-67.03347338699996,44.939932267000074],[-67.08207340899997,45.02961728200006],[-67.10623341699994,45.03311628200004],[-67.09601341399997,45.03933128300008],[-67.11768742199996,45.05673928600004],[-67.09078541399998,45.06873028900003],[-67.15791844099994,45.16101330300006],[-67.22732346499998,45.16366130200004],[-67.28361848599997,45.19203130600005],[-67.29617348799997,45.14796129700005],[-67.34558450399999,45.126401292000025],[-67.40462852599995,45.15993529700006],[-67.40033752499994,45.177385300000026],[-67.42888853599999,45.19322230200004],[-67.43997954099996,45.227056308000044],[-67.48933256099997,45.28129131600008],[-67.46055355199996,45.30038832000008],[-67.41874654199995,45.37726933500005],[-67.47255956299995,45.42333034100005],[-67.50377057699995,45.48853135200005],[-67.46440056399996,45.49662235400007],[-67.46288156499998,45.508700357000066],[-67.41646154799997,45.50215635700005],[-67.43504355599998,45.52879236100006],[-67.42097555299995,45.550038365000034],[-67.42971555699995,45.58378237100004],[-67.45540556699996,45.60467437400007],[-67.49388957999997,45.60119137200007],[-67.49944358099998,45.587023369000065],[-67.60850461999996,45.60620737000005],[-67.63889063099998,45.62508437200006],[-67.64580963299994,45.61360637000007],[-67.70946565899999,45.68138938000004],[-67.73460466799997,45.68899638100004],[-67.71805566099994,45.66799537700007],[-67.73034966499995,45.66324837600007],[-67.80331269099997,45.67789537700003],[-67.81789169699994,45.69371437900003],[-67.80314769199998,45.69613638000004],[-67.80983269599994,45.72928338600008],[-67.78189168599994,45.73119838700006],[-67.80630769599998,45.755414390000055],[-67.80659769899995,45.794732397000075],[-67.75506768199995,45.823679404000075],[-67.80390770299994,45.88290441200007],[-67.75042168599998,45.91790742000006],[-67.78109469799995,45.94304142400006],[-67.79051476799998,47.06793061500008],[-67.88130180199994,47.10392261800007],[-67.95226883299995,47.19615163200007],[-68.13705890299997,47.29607764300005],[-68.15514991099997,47.32542964700008],[-68.23460394099993,47.35504465000008],[-68.36155898499999,47.35561464600005],[-68.38428099199996,47.32695264100005],[-68.37867798699995,47.287570634000076],[-68.57855105699997,47.28756062800005],[-68.61241106599994,47.24481262000006],[-68.71786710199996,47.240928616000076],[-68.90008516099994,47.17772860000008],[-69.05025221899996,47.255885609000075],[-69.05450322899998,47.377976629000045],[-69.03098922199996,47.40906463400006],[-69.04270222799994,47.426660637000055],[-69.10783824999999,47.42772063500007],[-69.12247125699997,47.44242263700005],[-69.22442029299998,47.45969563700004],[-69.99708650799994,46.69523948500006],[-70.05695050999998,46.415164435000065],[-70.09628652299995,46.409439433000045],[-70.12973453199999,46.369393425000055],[-70.19149855199998,46.349970420000034],[-70.20873355599997,46.32897041600006],[-70.20571955299994,46.299874411000076],[-70.23126856099998,46.29120240900005],[-70.29273657499994,46.191608390000056],[-70.23671455299996,46.144946384000036],[-70.25241355499998,46.10063437500003],[-70.28547156699995,46.10006337400006],[-70.30107657099995,46.083263371000044],[-70.30896757199997,46.06247336700005],[-70.27833456099995,46.05702836700004],[-70.31759657199996,46.01950135900006],[-70.28457155899997,45.99539335600008],[-70.31693656799996,45.963465350000035],[-70.27624955499994,45.96688235200003],[-70.24017754099998,45.94373834900006],[-70.26331354699994,45.92384134500003],[-70.25911754399993,45.89076433900004],[-70.34244056899996,45.85220133000007],[-70.41767459099998,45.79457931700006],[-70.38355257599994,45.73487830800008],[-70.40040457999999,45.71984330500004],[-70.46598260199994,45.70626530100003],[-70.52675161999997,45.666473292000035],[-70.55840062999994,45.666680291000034],[-70.68772066799994,45.56936426900006],[-70.67716666299998,45.55217526700005],[-70.72284567599996,45.512781258000075],[-70.68115665799996,45.45218524900008],[-70.62745963699996,45.42164224600003],[-70.63466163699997,45.383617239000046],[-70.71228666399998,45.390620237000064],[-70.75397768099998,45.42779824300004],[-70.79802869599996,45.42671524100007],[-70.82603370299995,45.39841723500007],[-70.80274569299996,45.36656523000005],[-70.81982869699993,45.340118225000026],[-70.80861369099995,45.31161522000008],[-70.83553669899999,45.293813216000046],[-70.84926170199998,45.25640720900003],[-70.83752969599993,45.23497920600005],[-70.85704270199994,45.22916920400007],[-70.89689871699994,45.24204020500008],[-70.92170072799996,45.27945421100003],[-70.91790472799994,45.311933217000046],[-70.95237774199995,45.339106220000076],[-70.98559575299998,45.33219721800003],[-71.01081076199995,45.34725922000007],[-71.00905075999998,45.31903121500005],[-71.08392478399998,45.305460210000035],[-71.03103972299994,44.65546409700005],[-70.97271663499998,43.57026390200008],[-70.95083862599995,43.55103490000005],[-70.97424562899994,43.47742888500005],[-70.96115062299998,43.43832987900004],[-70.98681262999997,43.41427287300007],[-70.98764962799999,43.38952986900006],[-70.96722961899997,43.34378586100007],[-70.93273560699998,43.33676886100005],[-70.90600559499995,43.291690853000034],[-70.80964055999993,43.225415844000054],[-70.82830156299997,43.186693836000074],[-70.82680055899993,43.12709482500003],[-70.75639753299998,43.07999681900003],[-70.70650351599994,43.075337819000026],[-70.70381951499996,43.059833817000026]]],[[[-67.32259446799998,44.611604201000034],[-67.30802646299998,44.59717019800007],[-67.26098444699994,44.608665202000054],[-67.30140046199995,44.62362020300003],[-67.32259446799998,44.611604201000034]]],[[[-67.33131647399995,44.652757208000025],[-67.33440647399993,44.64853020700008],[-67.32723447199999,44.65128320800005],[-67.33131647399995,44.652757208000025]]],[[[-67.33797147699994,44.67980421300007],[-67.33393047599998,44.677945212000054],[-67.33012847499998,44.68386021300006],[-67.33797147699994,44.67980421300007]]]]}},{"type":"Feature","properties":{"adm0_a3":"USA","shape_name":"Hawaii","ihme_name":"Hawaii"},"geometry":{"type":"MultiPolygon","coordinates":[[[[-156.06077348699998,19.730552481000075],[-156.02685448899996,19.676201483000057],[-156.02899648999997,19.65010148400006],[-155.99131649099996,19.636159484000075],[-155.97822049199996,19.608162485000037],[-155.95043949599997,19.486651490000042],[-155.91977449699996,19.475349490000042],[-155.92778149699998,19.458815491000053],[-155.88673650099997,19.34555549600003],[-155.91819750499997,19.134378506000076],[-155.90679350699997,19.079897509000034],[-155.87960650899998,19.03353751000003],[-155.72362751499998,18.96644051000004],[-155.68399651599998,18.93419651000005],[-155.68280751699996,18.91036451100007],[-155.63812951699998,18.93624950900005],[-155.61958451699996,18.96769150700004],[-155.59920251799997,18.968399506000026],[-155.55390651699997,19.045527502000027],[-155.55493651599997,19.07779450000004],[-155.51000851499998,19.129006497000034],[-155.45008851599997,19.149057495000022],[-155.29325051699996,19.263904486000058],[-155.15711151999997,19.26527448300004],[-154.97188752199997,19.34994747500002],[-154.83524152199996,19.461680468000054],[-154.80678752099996,19.51604446500005],[-154.90264851799998,19.568365465000056],[-154.94712051599998,19.60485946400007],[-154.94528751599998,19.62227946300004],[-154.97958851499996,19.637887463000027],[-154.97808751399998,19.688981461000026],[-155.00353851199998,19.736333460000026],[-155.08713250999998,19.728016462000028],[-155.08076550799998,19.847788456000046],[-155.20450050299996,19.96944145300006],[-155.43783749499997,20.09268545200007],[-155.55612449099996,20.129224452000074],[-155.58908249099997,20.119189453000047],[-155.72493248599997,20.201635452000062],[-155.75720148399998,20.238759451000078],[-155.83821348199996,20.268562451000037],[-155.88831748099997,20.252060452000023],[-155.90489648199997,20.19717345500004],[-155.88420448399998,20.10675345900006],[-155.82309248699997,20.027631462000045],[-155.83241048799997,19.973930465000024],[-155.89069448699996,19.928619468000022],[-155.92211448799998,19.857173472000056],[-155.97300648699996,19.848032473000046],[-156.04606948599996,19.783256478000055],[-156.06077348699998,19.730552481000075]]],[[[-156.69743244699998,20.916371431000073],[-156.68927444799996,20.88195143300004],[-156.62293945099998,20.808978436000075],[-156.53768945399997,20.77459043600004],[-156.49972345499998,20.796469435000063],[-156.46405745599998,20.781670435000024],[-156.44187645799997,20.660092441000074],[-156.45373345899998,20.637033442000075],[-156.43691145999998,20.599738444000025],[-156.40143046099996,20.579278444000067],[-156.29962746399997,20.58308644300007],[-156.19132646599996,20.628506439000034],[-156.13904546799998,20.618126438000047],[-156.11076246799996,20.63970243700004],[-156.04663646999998,20.652598435000073],[-155.98336546999997,20.721755431000076],[-155.97896246899998,20.764614429000062],[-156.00049246799998,20.791477428000064],[-156.11487846499998,20.82663542800003],[-156.13037146399998,20.859455426000068],[-156.16676046299997,20.86564942600006],[-156.24029745999997,20.935904424000057],[-156.32177745699997,20.947102424000036],[-156.38371345599998,20.915986427000064],[-156.47970445399997,20.898078429000066],[-156.52517345099997,20.964265426000054],[-156.52541945099998,20.987309425000035],[-156.58854844799998,21.030820423000023],[-156.66552844599997,21.007057426000074],[-156.69743244699998,20.916371431000073]]],[[[-156.70001545299996,20.52792745200003],[-156.66632345499997,20.50091645300006],[-156.64611945499996,20.515917452000053],[-156.64030945499997,20.505011452000076],[-156.54521745799997,20.512034450000044],[-156.53180045799996,20.528260449000072],[-156.55405845699997,20.536885449000067],[-156.53904245699997,20.576179447000072],[-156.56841945599996,20.60309344600006],[-156.67747145299998,20.55497845000008],[-156.70001545299996,20.52792745200003]]],[[[-157.06025643599997,20.90192743700004],[-157.04967943699998,20.870199438000043],[-157.01121143799998,20.85401243900003],[-156.99184843899997,20.826606440000035],[-156.99153643999998,20.779869443000052],[-156.96335244199997,20.731930445000046],[-156.89039844399997,20.73502544400003],[-156.83688344499998,20.760288441000057],[-156.80624844499997,20.80660743800007],[-156.82883044399998,20.85588643600005],[-156.90040344099998,20.914903434000053],[-157.00146643699998,20.927734435000048],[-157.06025643599997,20.90192743700004]]],[[[-157.25138942499999,21.177819424000063],[-157.30410642499996,21.095173429000056],[-157.24971542699998,21.084805429000028],[-157.06688043299997,21.10050542600004],[-156.87451043899998,21.045481426000038],[-156.77495844199998,21.082167423000044],[-156.70912044299996,21.158658418000073],[-156.77017444099997,21.176223418000063],[-156.90140343699997,21.16198342000007],[-156.94392243499996,21.17295242000006],[-156.97062743399997,21.215522418000035],[-156.99822643399997,21.17919142100004],[-157.25411842499997,21.224148421000052],[-157.25138942499999,21.177819424000063]]],[[[-157.65658540899997,21.331684420000045],[-157.65960140899998,21.32702142000005],[-157.65409840999996,21.325995420000027],[-157.65658540899997,21.331684420000045]]],[[[-157.78722740299997,21.435825415000068],[-157.79044840299997,21.431593415000066],[-157.78804840299998,21.431152415000042],[-157.78722740299997,21.435825415000068]]],[[[-158.27756938299999,21.576993412000036],[-158.22979538599998,21.53432941400007],[-158.23115838599998,21.482688417000077],[-158.18986538799996,21.446530419000055],[-158.17921438899998,21.404303421000066],[-158.14114139099996,21.376386423000042],[-158.10831239299998,21.297617427000034],[-157.97832739799998,21.31593242400004],[-157.97024939799996,21.328349424000066],[-157.94719439899998,21.303772425000034],[-157.88670240099998,21.306649424000057],[-157.80621540499996,21.255046426000035],[-157.71942540799998,21.28436242300006],[-157.69873340899997,21.26068542400003],[-157.65104640999996,21.298819422000065],[-157.64906940999998,21.310572421000074],[-157.69381440799998,21.332903420000036],[-157.70590140699997,21.380301417000055],[-157.73861440499996,21.40430341600006],[-157.74371340499997,21.422524415000055],[-157.72252040499998,21.459228413000062],[-157.77222340399996,21.457744413000057],[-157.77893340299997,21.446407414000078],[-157.76310040399997,21.437816415000043],[-157.77805840399998,21.41181941600007],[-157.81660140199997,21.454645414000026],[-157.84100440099996,21.459486414000025],[-157.85263939999996,21.49997441200003],[-157.83484340099997,21.50897241100006],[-157.83681439999998,21.53193041000003],[-157.85055339999997,21.55492140800004],[-157.87565239899996,21.559752408000065],[-157.91938539599997,21.626273405000063],[-157.91415639599998,21.649692403000074],[-157.96739739299997,21.710430400000064],[-158.02776739099997,21.689671402000045],[-158.12283738899998,21.583516410000072],[-158.27756938299999,21.576993412000036]]],[[[-159.78795731299996,22.030105395000078],[-159.75941931499997,21.97951339900004],[-159.66872931999998,21.953588400000058],[-159.60329332299997,21.892251404000035],[-159.59443332399997,21.904179403000057],[-159.44488233099997,21.868630404000044],[-159.32989633499997,21.960180396000055],[-159.33547133399998,22.04601339000004],[-159.29664733499996,22.105110386000035],[-159.29329333499996,22.144344383000032],[-159.33997833199996,22.208522379000044],[-159.40248032899999,22.23260637800007],[-159.42900832799998,22.21763437900006],[-159.48795332499998,22.229515379000077],[-159.51077032499998,22.203551381000068],[-159.54903632299997,22.224895380000078],[-159.58107232099997,22.22349138000004],[-159.72208731499998,22.150326386000074],[-159.74526131499996,22.097511390000022],[-159.78376031299996,22.064900393000073],[-159.78795731299996,22.030105395000078]]],[[[-160.10018129799997,22.02901539800007],[-160.09610229899997,22.014844399000026],[-160.08781429899997,22.023880398000074],[-160.10018129799997,22.02901539800007]]],[[[-160.24751729299996,21.830406414000038],[-160.23344229399999,21.79247441700005],[-160.20355129599997,21.779163417000063],[-160.15904829699997,21.86528441100006],[-160.07485730099998,21.894796408000047],[-160.08299129999997,21.927916405000076],[-160.05304330099997,21.992283400000076],[-160.09202329899998,22.00550540000006],[-160.11175029799998,21.993605401000025],[-160.12553629799996,21.95371040400005],[-160.22536129399998,21.88998741000006],[-160.24751729299996,21.830406414000038]]],[[[-160.54016327999997,21.660190430000057],[-160.53698528099997,21.649646431000065],[-160.53782928099997,21.65905943000007],[-160.54016327999997,21.660190430000057]]],[[[-161.91644419299996,23.06086232800004],[-161.92578719299996,23.054251328000078],[-161.91560019299996,23.05835232800007],[-161.91644419299996,23.06086232800004]]],[[[-166.17312889299998,23.73626927300006],[-166.17234089299998,23.725539275000074],[-166.16973789299996,23.726051274000042],[-166.17312889299998,23.73626927300006]]],[[[-166.21209588999997,23.78728626800006],[-166.21191288999998,23.781970269000055],[-166.20916588999998,23.78168426900004],[-166.21209588999997,23.78728626800006]]],[[[-166.21909388899996,23.86135126000005],[-166.22586088799997,23.861638260000063],[-166.21685188899997,23.855306261000067],[-166.21909388899996,23.86135126000005]]],[[[-166.25009488599997,23.87189225900005],[-166.24690788699996,23.86815025900006],[-166.24525588699998,23.870921259000056],[-166.25009488599997,23.87189225900005]]],[[[-166.28264788399997,23.87047725900004],[-166.29092388299998,23.865033260000075],[-166.28157788399997,23.867803259000027],[-166.28264788399997,23.87047725900004]]],[[[-167.99772473799996,25.004434127000025],[-167.99851873799997,24.997119128000065],[-167.99557373799996,25.001874128000054],[-167.99772473799996,25.004434127000025]]],[[[-171.74521336399997,25.770903007000072],[-171.73310636499997,25.75730800900004],[-171.72556736599998,25.77931800600004],[-171.73507336499998,25.781775006000032],[-171.74521336399997,25.770903007000072]]],[[[-173.96472810799997,26.076479947000053],[-173.96995110699999,26.064556949000064],[-173.96417010799996,26.06232994900006],[-173.96472810799997,26.076479947000053]]],[[[-175.73632591099997,27.92949264200007],[-175.73949590999996,27.92097864300007],[-175.73283991099999,27.927867642000024],[-175.73632591099997,27.92949264200007]]],[[[-175.74140690999997,27.91492964400004],[-175.74067490999997,27.907435645000078],[-175.73708691099998,27.913471644000026],[-175.74140690999997,27.91492964400004]]],[[[-175.80744689899998,27.781157664000034],[-175.81806689699997,27.779793664000067],[-175.80755389899997,27.77872366500003],[-175.80744689899998,27.781157664000034]]],[[[-175.85777389199998,27.786718663000045],[-175.86386789099998,27.782703663000063],[-175.856995892,27.783621663000076],[-175.85777389199998,27.786718663000045]]],[[[-175.89519988699996,27.765074665000043],[-175.90496588499997,27.762663666000037],[-175.895718887,27.762030666000044],[-175.89519988699996,27.765074665000043]]],[[[-175.93029788199996,27.749856667000074],[-175.94386087999996,27.756892666000056],[-175.93591088099998,27.747885667000048],[-175.93029788199996,27.749856667000074]]],[[[-178.33304656199996,28.394466523000062],[-178.30451656499997,28.385407525000062],[-178.28812556799997,28.392376524000042],[-178.28893956799996,28.402125522000063],[-178.33304656199996,28.394466523000062]]]]}},{"type":"Feature","properties":{"adm0_a3":"USA","shape_name":"Delaware","ihme_name":"Delaware"},"geometry":{"type":"MultiPolygon","coordinates":[[[[-75.56554787099998,39.514857963000054],[-75.56744887199994,39.50862396200006],[-75.56174487099997,39.520541965000064],[-75.56554787099998,39.514857963000054]]],[[[-75.55944787599998,39.629819987000076],[-75.57176087999994,39.623591985000076],[-75.56193587599995,39.60522398200004],[-75.55587187399993,39.60583198200004],[-75.55944787599998,39.629819987000076]]],[[[-75.58036488099998,39.599462980000055],[-75.57542787899996,39.588127978000045],[-75.56460587599997,39.58934497800004],[-75.58036488099998,39.599462980000055]]],[[[-75.78859795399995,39.72220699700006],[-75.69367184999999,38.46008774500007],[-75.04894064799998,38.45127076600005],[-75.09201568099996,38.80390983600006],[-75.11333268599998,38.783005831000025],[-75.15902370099997,38.79020083100005],[-75.30407975399999,38.913167851000026],[-75.31835576299994,38.98819886600006],[-75.40203679299998,39.06689287900008],[-75.41335880199995,39.15330389600007],[-75.39458179899998,39.20323490700008],[-75.40468980599996,39.25784291800005],[-75.43902881999998,39.313391928000044],[-75.49168983799996,39.34397093200005],[-75.59233087699994,39.467585953000025],[-75.56303587399998,39.56224797300007],[-75.61187489099996,39.59741597800007],[-75.61315489299994,39.62096798300007],[-75.56224787899998,39.656719992000035],[-75.46850385699997,39.78648202100004],[-75.42341784399997,39.80662302700006],[-75.51844587599999,39.83631902900004],[-75.63470791199995,39.830172024000035],[-75.71697093599994,39.79200601300005],[-75.77378794999998,39.722207997000055],[-75.78859795399995,39.72220699700006]]]]}},{"type":"Feature","properties":{"adm0_a3":"USA","shape_name":"Rhode Island","ihme_name":"Rhode Island"},"geometry":{"type":"MultiPolygon","coordinates":[[[[-71.27817162199995,41.647317530000066],[-71.28534662299995,41.636861527000065],[-71.27212961899994,41.63707252800003],[-71.27817162199995,41.647317530000066]]],[[[-71.29856262499999,41.58493051700003],[-71.30081262499993,41.58061851600007],[-71.29715662399997,41.57977651600004],[-71.29856262499999,41.58493051700003]]],[[[-71.32882762899999,41.49234249800003],[-71.32782262899997,41.48299349600006],[-71.32536562799999,41.48760949700005],[-71.32882762899999,41.49234249800003]]],[[[-71.34126763399996,41.50050249900005],[-71.34312663399999,41.49493449800008],[-71.33866563299995,41.49493449800008],[-71.34126763399996,41.50050249900005]]],[[[-71.34312663699995,41.535845506000044],[-71.34591363699997,41.52958550500006],[-71.34256863599995,41.52902850500004],[-71.34312663699995,41.535845506000044]]],[[[-71.35381964599998,41.64747452700004],[-71.32555863599998,41.62414552400003],[-71.33594963699994,41.58590651600008],[-71.31670063099995,41.583142516000066],[-71.30812362999995,41.62624752500005],[-71.34366664299995,41.639908526000056],[-71.33244863899995,41.64379752700006],[-71.34482164499997,41.667013531000066],[-71.35381964599998,41.64747452700004]]],[[[-71.19564059599998,41.67509853800004],[-71.21182259999995,41.63911153000004],[-71.22033160299998,41.655580533000034],[-71.27523461899995,41.61945252400005],[-71.31212362599996,41.52212650400003],[-71.33083163199996,41.51837250300008],[-71.31651962499996,41.47756849600006],[-71.36152063899993,41.46483949200007],[-71.35603363599995,41.449340489000065],[-71.30439461899994,41.454510492000054],[-71.28574061499995,41.48848449900004],[-71.24071059999994,41.47488049700007],[-71.24666660299994,41.494273501000066],[-71.22798959899995,41.528305508000074],[-71.24070960799997,41.61923352500003],[-71.21616059999997,41.62549852700005],[-71.20374159499994,41.59611152200006],[-71.22061659799994,41.55930751500006],[-71.19016758399994,41.484293501000025],[-71.19397958399998,41.45640449500007],[-71.12057056199995,41.49745650600005],[-71.14091057499996,41.60741352600007],[-71.13288857499998,41.66011053700004],[-71.19564059599998,41.67509853800004]]],[[[-71.36070964899994,41.661131530000034],[-71.36000664899996,41.64989052800007],[-71.35339864699995,41.657874529000026],[-71.36070964899994,41.661131530000034]]],[[[-71.36731764799998,41.605960519000064],[-71.36478664699996,41.60143951800006],[-71.36338064699999,41.606696519000025],[-71.36731764799998,41.605960519000064]]],[[[-71.37019464799994,41.57397151300006],[-71.39956864999994,41.44860448700007],[-71.38159464499995,41.468063492000056],[-71.38624064799995,41.487695495000025],[-71.37509064299996,41.47377249300007],[-71.35431563699996,41.478899495000064],[-71.37019464799994,41.57397151300006]]],[[[-71.39627665199998,41.50370349800005],[-71.40296665399995,41.503007498000045],[-71.40408165399998,41.49632649600005],[-71.39627665199998,41.50370349800005]]],[[[-71.61313370299996,41.16028942400004],[-71.59999369799993,41.14694042200006],[-71.54705168099997,41.15369242500003],[-71.56634568899995,41.184285430000045],[-71.56254668999998,41.224225438000076],[-71.57769169599999,41.23124043900003],[-71.61313370299996,41.16028942400004]]],[[[-71.79924281299998,42.008073582000065],[-71.78699478799996,41.65600051500007],[-71.79768377799996,41.41671746800006],[-71.84256379199996,41.40986346600005],[-71.82938478399996,41.34242145300004],[-71.86277279299998,41.30979944500007],[-71.55156669499996,41.37443146800007],[-71.48087567199997,41.360256468000046],[-71.45297466499994,41.40968447800003],[-71.45584566699995,41.43299448300007],[-71.41840465799999,41.472660491000056],[-71.41551365999999,41.52986650300005],[-71.44641267299994,41.583223512000075],[-71.40377065899997,41.58932951500003],[-71.41693966499997,41.60490951700007],[-71.40244165999997,41.61557152000006],[-71.40862166499994,41.663176529000054],[-71.44446867699997,41.66441752800006],[-71.44931867999998,41.68740953200006],[-71.39055165999997,41.68410453300004],[-71.37791065499994,41.66665453000007],[-71.35728265099993,41.71660054100005],[-71.38105065999997,41.727332542000056],[-71.39055766599995,41.783716552000044],[-71.36512565699996,41.77751355200007],[-71.33945664599997,41.72484954300006],[-71.30713163499996,41.72165654300005],[-71.29121762899996,41.70267454000003],[-71.30139662899995,41.649986530000035],[-71.28550262599998,41.68243853600006],[-71.25956061499994,41.64260352900004],[-71.23535260899996,41.67214253600008],[-71.24581061399994,41.69717054000006],[-71.22479860799996,41.710506544000054],[-71.26139262199996,41.75230955100005],[-71.34069765099997,41.79830855700004],[-71.33869865599996,41.89840757600007],[-71.38170066899994,41.89320757400003],[-71.38140167699999,42.018806598000026],[-71.79924281299998,42.008073582000065]]]]}},{"type":"Feature","properties":{"adm0_a3":"USA","shape_name":"Kentucky","ihme_name":"Kentucky"},"geometry":{"type":"MultiPolygon","coordinates":[[[[-81.96801571499998,37.53804231700008],[-82.01396972899994,37.53357131400003],[-82.04282873899996,37.54836831600005],[-82.04665673799997,37.528200312000024],[-82.07503374899994,37.555831316000024],[-82.13325076599995,37.55283931300005],[-82.14465176999994,37.568322316000035],[-82.12732476599996,37.58667432000004],[-82.15672177599998,37.592797320000045],[-82.16419477999995,37.620199325000044],[-82.18143378499997,37.62184932500003],[-82.17526778499996,37.64797833000006],[-82.19075978899997,37.64514432900006],[-82.18730178699997,37.62694232600006],[-82.21344679499998,37.625227324000036],[-82.24041380499995,37.661574330000064],[-82.30395682499994,37.67576733100003],[-82.29663782499995,37.70241033600007],[-82.33403883899996,37.74323434300004],[-82.31236683299994,37.76478134800004],[-82.33399783999994,37.765087347000076],[-82.32369983799998,37.77503535000005],[-82.38658985899997,37.81821935600004],[-82.40165586299997,37.81009835300006],[-82.42467787399994,37.861904363000065],[-82.40751686899995,37.86730436500005],[-82.41993287399998,37.88487736800005],[-82.46288488899995,37.914839372000074],[-82.47441089099993,37.89996236800005],[-82.48034189499998,37.92584337300008],[-82.50220190199997,37.93305937400004],[-82.46426089399995,37.98341938500005],[-82.51919691099994,38.00113838600004],[-82.55126292599994,38.07080639900005],[-82.62035494999998,38.121484406000036],[-82.64474295999997,38.16549441400008],[-82.61134694999998,38.17155541600005],[-82.59844094999994,38.21740042600004],[-82.61226395499995,38.23609442900005],[-82.57465994599994,38.26388043600008],[-82.58305995099994,38.29683644200003],[-82.57175994899995,38.31720244700006],[-82.59798295799999,38.344916451000074],[-82.60409296799997,38.45984847300008],[-82.72485001099994,38.55760748700004],[-82.78978003099996,38.55995848500004],[-82.84431005,38.59086948800007],[-82.87759606699996,38.69018450600004],[-82.87949607199994,38.75148351800004],[-83.03070611499999,38.725727506000055],[-83.05310812,38.695838500000036],[-83.11237613599997,38.671692492000034],[-83.14284014099997,38.625083482000036],[-83.24557617199997,38.62794347800008],[-83.29419718399998,38.59659547000007],[-83.35644920699997,38.654016478000074],[-83.46806324199997,38.67547747700007],[-83.52095725999999,38.70305248000005],[-83.62692628999997,38.67939447100008],[-83.64974129299998,38.63276046100003],[-83.67948830199998,38.630043459000035],[-83.76935132999995,38.65522746000005],[-83.78711733899996,38.699496467000074],[-83.83670035499995,38.71786446900006],[-83.87317236899997,38.76242547600003],[-83.96212739699996,38.78739147600004],[-84.07149542899998,38.77048246800007],[-84.21290847299997,38.805714468000076],[-84.23131048099998,38.83055947200006],[-84.23445748599994,38.89323348400006],[-84.28816850699997,38.955796494000026],[-84.30470251599996,39.00646250300008],[-84.34604352999997,39.036970507000035],[-84.42573455499996,39.05306650600005],[-84.43554556199996,39.10226851500005],[-84.45534656899997,39.120367517000034],[-84.50974758299998,39.093667510000046],[-84.55084859599998,39.09936750900005],[-84.62011661399998,39.073464501000046],[-84.75445365999997,39.14666550800007],[-84.89691569499996,39.05748148500004],[-84.82986166799998,38.96939247100005],[-84.87703367799998,38.909023457000046],[-84.78523864799996,38.88044645600007],[-84.82996265799994,38.83063944500003],[-84.81288164899996,38.78609443700003],[-84.88728967199995,38.794783435000056],[-84.94364568699996,38.77543442900003],[-84.99193170199999,38.77854442700004],[-85.17305274799998,38.68802940100005],[-85.21326175999997,38.695453401000066],[-85.26849977999996,38.740172407000045],[-85.43630382899994,38.72849139700003],[-85.45648583099995,38.68507638800003],[-85.41582580999994,38.563565366000034],[-85.42244580999994,38.53293836000006],[-85.46686882099993,38.51084735400008],[-85.49887082699996,38.46824934400007],[-85.60446185599994,38.44082733400006],[-85.65136886099998,38.330749311000034],[-85.68356586799996,38.295476303000044],[-85.74508188399994,38.26719729400003],[-85.78103189599994,38.28848329700003],[-85.82922090899996,38.276515292000056],[-85.84438590999997,38.231055283000046],[-85.90387792299998,38.174149269000054],[-85.90527091699994,38.08894025300003],[-85.92565891799995,38.02179123900004],[-85.94711892299995,38.00509223500006],[-86.02951394599995,37.99264722800007],[-86.03819494599998,37.959595222000075],[-86.10417196999998,38.01263422900007],[-86.17656198999998,38.010237225000026],[-86.26720801999994,38.056805230000066],[-86.27285202799999,38.140842245000044],[-86.35772205699999,38.19881425300008],[-86.37743906099996,38.171386246000054],[-86.32393804399999,38.15238124500007],[-86.32385204299999,38.138419243000044],[-86.37978005799994,38.12928123800003],[-86.40188406299995,38.10433623200004],[-86.42954607199994,38.12528823500003],[-86.46325308199994,38.11928523200004],[-86.46386308099994,38.10118422900007],[-86.43009606899994,38.07864522600005],[-86.45219707299998,38.05049722000007],[-86.52183009299995,38.03833421400003],[-86.52517908799996,37.96823520100003],[-86.50662507999994,37.930726194000044],[-86.53416108699997,37.91701419000003],[-86.58858610299995,37.921166189000076],[-86.59811310199996,37.86738917800005],[-86.63827011199999,37.84272517100004],[-86.66164211899996,37.849721171000056],[-86.64708611899994,37.908628183000076],[-86.68093412899998,37.91501718300003],[-86.73146514299998,37.89434717700004],[-86.79551516799995,37.989460192000024],[-86.82007617599999,37.999399193000045],[-86.91795419999994,37.93724717600003],[-87.03417123099996,37.906272165000075],[-87.06591323299995,37.80759514400006],[-87.10433924199998,37.783409138000025],[-87.12963424899993,37.78661513700007],[-87.16232426299996,37.84016614600006],[-87.22034727999994,37.84908814500005],[-87.41333034299998,37.944721154000035],[-87.44779135299996,37.94243415200003],[-87.51150436799998,37.906433142000026],[-87.56207538499996,37.93329814500004],[-87.57573439099997,37.967785151000044],[-87.59617639799995,37.97486715100007],[-87.62839440299996,37.92757014000006],[-87.58393038599996,37.87249213200005],[-87.61540439199996,37.83198112300005],[-87.64586339999994,37.82590612000007],[-87.68069441199998,37.84062712100007],[-87.66346440999996,37.88663813100004],[-87.67573541499996,37.90193713300005],[-87.83058345699999,37.87652312100005],[-87.87254547299995,37.921006127000055],[-87.90479448199994,37.92489912700006],[-87.94084448899997,37.88334511700003],[-87.91028147699996,37.84342311100005],[-87.90681547399998,37.80763110400005],[-87.95259548399997,37.771749095000075],[-88.02803550799996,37.799231097000074],[-88.05959351199994,37.74261508500007],[-88.12241752799997,37.70969207500008],[-88.15821253499996,37.664549065000074],[-88.13997852299997,37.58645805100008],[-88.07224749999995,37.52883304300008],[-88.06784949499996,37.48587403600004],[-88.08523449899997,37.471547032000046],[-88.28167255399995,37.45260301900004],[-88.36547657399996,37.40167000500003],[-88.41311358899998,37.42447500700007],[-88.47659760399995,37.386881997000046],[-88.51594460699994,37.28404997600006],[-88.42440857199995,37.15243495500005],[-88.45895357599994,37.07380293800003],[-88.56606660599994,37.07521093300005],[-88.625894626,37.11946493900007],[-88.73211065799995,37.14396293900006],[-88.80572568199995,37.18860194400003],[-88.93175072099996,37.227599945000065],[-89.00097373999995,37.22440794100004],[-89.08653175999996,37.16560892600006],[-89.18137477799996,37.046311899000045],[-89.16645276999998,37.00334389100004],[-89.09901274799995,36.96139588600005],[-89.13797475099994,36.847355863000075],[-89.17889376099998,36.83137485800006],[-89.17107475599994,36.798125852000055],[-89.12353574199994,36.78531585200005],[-89.11920373899994,36.759808847000045],[-89.17955075599997,36.75613884300003],[-89.20105275999998,36.725778837000064],[-89.15908574299993,36.66635882700007],[-89.23654775799997,36.56683080400006],[-89.27171576799998,36.571393804000024],[-89.32673678799995,36.632192813000074],[-89.36555379799995,36.625065810000024],[-89.41728080399997,36.499017783000056],[-88.05321041999997,36.49713584600005],[-88.03249441699995,36.540668855000035],[-88.07053743699998,36.67812488000004],[-87.84957237299994,36.663707887000044],[-87.85320937199998,36.63325388100003],[-86.58991101299995,36.65249294200004],[-86.56414800399995,36.63347893900004],[-86.50777598899998,36.65245194600004],[-85.67779374699995,36.61816397500007],[-85.19537660799995,36.62550499800005],[-84.54314241599997,36.59628402000004],[-83.69071816499996,36.58258805300005],[-83.64831815499997,36.62269006200006],[-83.52961612299998,36.666191076000075],[-83.42371109199996,36.66739208100006],[-83.31140706199994,36.71029409400006],[-83.13639901199997,36.743095108000034],[-83.13323501399998,36.784592117000045],[-83.072594,36.85459613300003],[-83.00922598099999,36.847302134000074],[-82.87857294499997,36.88959214800008],[-82.85796894099997,36.92953615700003],[-82.86753894699996,36.97752516700007],[-82.72247590899997,37.04510818600005],[-82.72210091299996,37.12017520200004],[-82.49886185399998,37.227051232000065],[-82.35095181199995,37.26708424700007],[-81.96801571499998,37.53804231700008]]],[[[-89.53923783799996,36.49794077700005],[-89.48543282299994,36.49749777900007],[-89.46589381999996,36.52995278700007],[-89.47909882599998,36.56821279300004],[-89.52758883999996,36.581153793000055],[-89.56682284999994,36.56422278800005],[-89.57007684999996,36.54439378400008],[-89.53923783799996,36.49794077700005]]]]}},{"type":"Feature","properties":{"adm0_a3":"USA","shape_name":"Ohio","ihme_name":"Ohio"},"geometry":{"type":"MultiPolygon","coordinates":[[[[-82.73571125299998,41.603369060000034],[-82.68874823699997,41.58590405900003],[-82.67328923599996,41.62416606700003],[-82.69112723999996,41.61133906400005],[-82.71880624899995,41.619637064000074],[-82.73571125299998,41.603369060000034]]],[[[-82.73328324399995,41.50276504200008],[-82.73708624399995,41.48941403900005],[-82.72734124199997,41.50258704200007],[-82.73328324399995,41.50276504200008]]],[[[-82.78801427599996,41.678119071000026],[-82.78669227499995,41.676787071000035],[-82.78387427399997,41.67861307100003],[-82.78801427599996,41.678119071000026]]],[[[-82.82644728799994,41.68478207000004],[-82.80862828099998,41.670672069000034],[-82.80363728099996,41.688779072000045],[-82.77994227499994,41.69573507500007],[-82.82644728799994,41.68478207000004]]],[[[-82.82611528899997,41.693495072000076],[-82.82964728999997,41.69081807100008],[-82.82250428699996,41.69183407200006],[-82.82611528899997,41.693495072000076]]],[[[-82.83558129299996,41.710831075000044],[-82.80887328499995,41.70834107500008],[-82.81049128599994,41.720532078000076],[-82.82572429099997,41.722818077000056],[-82.83558129299996,41.710831075000044]]],[[[-82.83409628799996,41.65712906500005],[-82.83466628599996,41.62933906000006],[-82.79307327599997,41.66470006800006],[-82.83409628799996,41.65712906500005]]],[[[-82.85657929699994,41.68203606800006],[-82.85030529499994,41.67753206800006],[-82.84461929299994,41.67845706800006],[-82.85657929699994,41.68203606800006]]],[[[-82.86328029599997,41.64671406200006],[-82.868334297,41.64451506100005],[-82.86206929499997,41.645135061000076],[-82.86328029599997,41.64671406200006]]],[[[-83.10500737799998,41.74273606700007],[-83.10584137799998,41.736504066000066],[-83.10128837699995,41.741971067000065],[-83.10500737799998,41.74273606700007]]],[[[-80.51899449399997,40.638808984000036],[-80.51942859999997,41.977531233000036],[-80.800529682,41.91011020700006],[-80.90034570899996,41.868920195000044],[-81.00368773999998,41.85283718800008],[-81.24867580799997,41.76129915900003],[-81.28413281999997,41.763527158000045],[-81.44683386299994,41.67462513400005],[-81.59975089999995,41.560657106000065],[-81.73875893699994,41.48855808700006],[-81.79805495599999,41.49757608600004],[-81.87736397899994,41.48345307900007],[-82.01197002399994,41.515647079000075],[-82.18696407399995,41.474355063000075],[-82.26848309499997,41.43085005100005],[-82.36388312399998,41.42811604600007],[-82.48121815599995,41.38135003200006],[-82.65975221599996,41.43471503300003],[-82.67773922199996,41.44457403400003],[-82.664590219,41.455380037000054],[-82.70072123099999,41.46430503600004],[-82.73066223899997,41.45002503200004],[-82.73066323999996,41.462048035000066],[-82.75467524499999,41.44399703000005],[-82.81171826499997,41.47534703300005],[-82.92318929499999,41.41922801700008],[-82.95052330299995,41.42279201700006],[-82.97710031399998,41.454167021000046],[-83.00957432199993,41.42876001500008],[-83.02489732799995,41.44875501800004],[-83.00352932199996,41.44869101900008],[-83.03820233399995,41.46314802000006],[-82.99309931999994,41.45953502100008],[-82.95904631199994,41.48750302800005],[-82.84451727799996,41.50169703600005],[-82.82407727099996,41.490304035000065],[-82.80720226699998,41.505969039000036],[-82.74635624899997,41.51202104300006],[-82.72078324099994,41.50894004400004],[-82.71424123699995,41.48573004000008],[-82.71093923999996,41.536656049000044],[-82.78550026299996,41.54068304600003],[-82.83410528199994,41.58759505200004],[-82.85953528899995,41.576379049000025],[-82.85146628499996,41.56127504700004],[-82.87523328999998,41.52969204000004],[-82.93437330599994,41.514361034000046],[-83.02807633799995,41.55566403700004],[-83.08604036099996,41.60668804300008],[-83.22274940499994,41.63845904300007],[-83.33561344499998,41.70603004900005],[-83.35695544999999,41.68673704500003],[-83.43016047299994,41.69082004200004],[-83.428021474,41.712115046000065],[-83.47249348599996,41.69301704000003],[-83.45383648399996,41.73265504800003],[-84.80597689099994,41.69612597300005],[-84.82016167599994,39.10548749700007],[-84.74415365699997,39.14746550900003],[-84.68485163599996,39.100466503000064],[-84.60793261099997,39.07324550100003],[-84.45534656899997,39.120367517000034],[-84.43554556199996,39.10226851500005],[-84.42573455499996,39.05306650600005],[-84.34604352999997,39.036970507000035],[-84.30470251599996,39.00646250300008],[-84.28816850699997,38.955796494000026],[-84.23445748599994,38.89323348400006],[-84.23131048099998,38.83055947200006],[-84.21290847299997,38.805714468000076],[-84.07149542899998,38.77048246800007],[-83.96212739699996,38.78739147600004],[-83.87317236899997,38.76242547600003],[-83.83670035499995,38.71786446900006],[-83.78711733899996,38.699496467000074],[-83.76935132999995,38.65522746000005],[-83.67948830199998,38.630043459000035],[-83.64974129299998,38.63276046100003],[-83.62692628999997,38.67939447100008],[-83.52095725999999,38.70305248000005],[-83.46806324199997,38.67547747700007],[-83.35644920699997,38.654016478000074],[-83.29419718399998,38.59659547000007],[-83.24557617199997,38.62794347800008],[-83.14284014099997,38.625083482000036],[-83.11237613599997,38.671692492000034],[-83.05310812,38.695838500000036],[-83.03070611499999,38.725727506000055],[-82.97939909999997,38.72598350900006],[-82.88919707499997,38.75608351900007],[-82.87129606799994,38.73938351600003],[-82.87759606699996,38.69018450600004],[-82.84431005,38.59086948800007],[-82.80011603399998,38.563190485000064],[-82.69662500199996,38.54211948500006],[-82.61046197099995,38.47146447500006],[-82.58758995999995,38.41274846500005],[-82.54020294499998,38.403673465000054],[-82.33033888499995,38.44450748200006],[-82.30422688099998,38.496315493000054],[-82.29127488299997,38.57899051000004],[-82.26207387499994,38.598190515000056],[-82.20517485799996,38.59172651600005],[-82.17727084999996,38.60379152000007],[-82.18247085899998,38.708789540000055],[-82.22156987699998,38.78719455400005],[-82.14487085699994,38.84048756800007],[-82.14317086099999,38.89808657900005],[-82.03596683799998,39.025485608000054],[-82.00226482799997,39.027885610000055],[-81.97937481799994,38.99320060500003],[-81.93318980399994,38.98766660500007],[-81.89847378899998,38.92961059600003],[-81.92800379599998,38.893499587000065],[-81.89854478499996,38.87458958500008],[-81.85597477399995,38.89274159000007],[-81.82735776899995,38.94590560200004],[-81.76266274799997,38.924128600000074],[-81.75697874699995,38.937159603000055],[-81.78182375599994,38.96494260800006],[-81.76425675499996,39.01528661800006],[-81.80335876899994,39.04768562300006],[-81.81385877399998,39.07928562800004],[-81.74725675499997,39.095385634000024],[-81.75575776399995,39.180983651000076],[-81.72697675799998,39.215075659000036],[-81.69239874799996,39.22645066200005],[-81.68363074899997,39.27094667100005],[-81.57025071399994,39.26768267600005],[-81.55755071499993,39.338781690000076],[-81.45614668999997,39.40928170800004],[-81.41270967499997,39.394625707000046],[-81.37596465999997,39.34170469800006],[-81.27071963099996,39.38592171200003],[-81.21731861499995,39.38759771400004],[-81.18594960899998,39.43073872400004],[-81.13253759399998,39.446282729000075],[-81.07059757999997,39.51599874500005],[-80.97043955499998,39.59013476400003],[-80.92584454299998,39.617403771000056],[-80.88036352899996,39.62071377400008],[-80.86370152899997,39.69173178800003],[-80.82976751999996,39.71184679400005],[-80.86909553599997,39.76637180200004],[-80.82608252499995,39.79859181000006],[-80.82612752899996,39.84424581900004],[-80.79076451999998,39.86728782500006],[-80.80602152799997,39.91713783400007],[-80.75643551299999,39.91393783600006],[-80.76448251799997,39.95025784200004],[-80.74012951199995,39.97080084700008],[-80.73860751899997,40.075679867000076],[-80.70910551199995,40.10147987400006],[-80.70460551399998,40.154830884000035],[-80.65210150499996,40.24497790400005],[-80.61930049599994,40.265177909000045],[-80.59989849399994,40.31767692000005],[-80.60969850199996,40.37497593000006],[-80.63359950999995,40.390474932000075],[-80.61219850399993,40.40267493500005],[-80.59549750499997,40.47527395000003],[-80.66796053499996,40.58250396700004],[-80.62717452499999,40.61994397600006],[-80.57673950899994,40.61423197700003],[-80.51899449399997,40.638808984000036]]]]}},{"type":"Feature","properties":{"adm0_a3":"USA","shape_name":"Wisconsin","ihme_name":"Wisconsin"},"geometry":{"type":"MultiPolygon","coordinates":[[[[-86.95617293199996,45.35549746200007],[-86.89707990699998,45.296069457000044],[-86.90317491299999,45.33312046200007],[-86.86646090299996,45.33569246500008],[-86.86356890499997,45.364896470000076],[-86.82438889799994,45.40614347800005],[-86.80542089299996,45.407332480000036],[-86.81006089599998,45.42262748200005],[-86.92350392799995,45.397310471000026],[-86.93739893499998,45.42097447400005],[-86.95617293199996,45.35549746200007]]],[[[-86.94760692399996,45.31232945600004],[-86.95722792699996,45.304764454000065],[-86.94416592199997,45.300640455000064],[-86.94760692399996,45.31232945600004]]],[[[-87.20669898799997,45.18051542000006],[-87.21385898899996,45.17865141900006],[-87.20788798699994,45.176159419000044],[-87.20669898799997,45.18051542000006]]],[[[-87.26778300499996,45.17398141500007],[-87.26326700199996,45.15672041300007],[-87.25780000299994,45.17984541700008],[-87.26778300499996,45.17398141500007]]],[[[-87.37661804099997,45.198181412000054],[-87.37678403899997,45.177307409000036],[-87.32729202099995,45.15737240900006],[-87.33416602999995,45.21167841700003],[-87.37661804099997,45.198181412000054]]],[[[-87.50619006399995,45.05957338300004],[-87.49015705799997,45.055047383000044],[-87.49642106099998,45.061080383000046],[-87.50619006399995,45.05957338300004]]],[[[-90.46547221999998,47.00260147900008],[-90.44108821199995,46.99835348000005],[-90.40882420499997,47.01734148500003],[-90.39537420999994,47.07718349500004],[-90.44908222499998,47.066021489000036],[-90.46547221999998,47.00260147900008]]],[[[-90.51706421699998,46.87598045800007],[-90.47442420399994,46.87503846100003],[-90.44773819899996,46.89621846500006],[-90.45854220299998,46.89733046500004],[-90.51706421699998,46.87598045800007]]],[[[-90.57551325799994,47.033872476000056],[-90.56332324899995,46.99657147200003],[-90.55868124699998,46.99619047200008],[-90.54488324599998,47.017392476000055],[-90.56220725499998,47.03993447800008],[-90.57551325799994,47.033872476000056]]],[[[-90.58958726799995,47.07240948100008],[-90.58473926499994,47.06260048000007],[-90.58652426799995,47.07568848100004],[-90.58958726799995,47.07240948100008]]],[[[-90.62499426799997,47.003970468000034],[-90.61745426399995,46.98943446700008],[-90.60317926099998,46.99538146900005],[-90.60597926299994,47.00705047000008],[-90.62499426799997,47.003970468000034]]],[[[-90.64363027999997,47.041184472000054],[-90.64184527699996,47.02512447000004],[-90.63648927699995,47.03642747200007],[-90.64363027999997,47.041184472000054]]],[[[-90.65427026499998,46.922348455000076],[-90.63909425799994,46.90649545400004],[-90.56890123999995,46.923191461000044],[-90.54452222999998,46.908601461000046],[-90.54441523299994,46.93148846400004],[-90.52540622799995,46.93260546500005],[-90.50710522599996,46.95775647000005],[-90.52881123399999,46.968505470000025],[-90.57647224699997,46.95847246500006],[-90.63713226299996,46.94194745900006],[-90.65427026499998,46.922348455000076]]],[[[-90.67845027699997,46.956435458000044],[-90.66120927199995,46.95324945900006],[-90.63412926799998,46.979637464000064],[-90.65492927299994,46.97694146300006],[-90.67845027699997,46.956435458000044]]],[[[-90.68868629299999,47.043230470000026],[-90.67932128699994,47.018582467000044],[-90.646787282,47.05450747400005],[-90.68868629299999,47.043230470000026]]],[[[-90.70271527399996,46.886979446000055],[-90.68968126899995,46.87897544600003],[-90.66744826399997,46.89136345000003],[-90.67791326799994,46.89586644900004],[-90.70271527399996,46.886979446000055]]],[[[-90.71178014699996,46.987599904000035],[-90.69478528599996,46.98288846100007],[-90.66921228099994,47.00013846500008],[-90.69657129099994,47.00846946400003],[-90.71178014699996,46.987599904000035]]],[[[-90.73087231199997,47.08001447200007],[-90.73004630899999,47.06562247000005],[-90.72198030599998,47.06321747000004],[-90.72077930799998,47.07329847200003],[-90.73087231199997,47.08001447200007]]],[[[-90.76325710299994,46.83330054800007],[-90.75167028099997,46.833179435000034],[-90.72051727699994,46.86568544200003],[-90.73599028199999,46.87284544200003],[-90.76325710299994,46.83330054800007]]],[[[-90.76529630199997,46.94702945100005],[-90.73670328799994,46.91345044800005],[-90.68899527499997,46.917469452000034],[-90.715652289,46.958371456000066],[-90.74055429699996,46.964215455000044],[-90.76529630199997,46.94702945100005]]],[[[-90.77693131699994,47.02433146100003],[-90.76798931099995,47.00233545800006],[-90.74003130399996,47.00915746100003],[-90.75891731299998,47.03472746300008],[-90.77693131699994,47.02433146100003]]],[[[-90.79156928599997,46.78499142600003],[-90.78790127999997,46.752781421000066],[-90.76365427299999,46.75493542300006],[-90.71646326399997,46.785426431000076],[-90.65718624599998,46.78880843600007],[-90.67385425599997,46.81967843900003],[-90.57001322899998,46.84970445000005],[-90.62205524799998,46.872880450000025],[-90.73300827099996,46.80022743200004],[-90.79156928599997,46.78499142600003]]],[[[-90.80495431799994,46.97331345200007],[-90.78972631299996,46.969979452000075],[-90.78450331199997,46.97824245400005],[-90.79723031699996,46.979965453000034],[-90.80495431799994,46.97331345200007]]],[[[-90.87859834299996,46.99132644900004],[-90.859687335,46.97640344800004],[-90.851027333,46.98305745000005],[-90.85127433399998,46.98539645000005],[-90.87859834299996,46.99132644900004]]],[[[-90.98210837299996,46.98586344100005],[-90.96188336299997,46.96147243900003],[-90.93196335399995,46.963125441000045],[-90.92380035599996,46.987919445000045],[-90.93749236199994,47.00311344600004],[-90.98210837299996,46.98586344100005]]],[[[-91.03784338299994,46.94461443100005],[-91.03641738199997,46.940882431000034],[-91.03427838199997,46.94429043100007],[-91.03784338299994,46.94461443100005]]],[[[-90.41814314199996,46.56610242000005],[-90.50591617199996,46.58962241800003],[-90.55814818699997,46.586392414000045],[-90.78443227599996,46.729383418000054],[-90.80111528099997,46.73159441800004],[-90.71222324499996,46.66593441400005],[-90.74809725599994,46.66982541200008],[-90.76094825899997,46.66038841000005],[-90.73765525099998,46.65533141100008],[-90.770199258,46.63613540600005],[-90.90557929,46.58353238900003],[-90.94792130399998,46.59152438700005],[-90.91128830399998,46.66309140000004],[-90.85383629099994,46.693465408000066],[-90.88502830999994,46.756349415000045],[-90.81380129599995,46.808416428000044],[-90.77116829399995,46.882546441000045],[-90.75103828899995,46.887971443000026],[-90.79211530799995,46.93379144700003],[-90.824883318,46.93255844400005],[-90.83172632299994,46.95387944700008],[-90.85588133099998,46.96224044600007],[-90.92181834699994,46.93133043700004],[-90.96842636199995,46.94391843600005],[-91.05299837799998,46.88133342100008],[-91.09092338999994,46.88267841900006],[-91.10549739099997,46.85762841400003],[-91.13495539999997,46.85899441200007],[-91.14017240299995,46.87320941400003],[-91.17829940999997,46.844267407000075],[-91.20444641999995,46.85882440700004],[-91.18656841899997,46.885740412000075],[-91.25671243299996,46.83689540100005],[-91.31482244799997,46.82683339500005],[-91.368826459,46.793844387000036],[-91.40940747199994,46.79381438400003],[-91.51108449599997,46.75746137100003],[-91.59069151899996,46.75433936500008],[-91.79013956999995,46.694683343000065],[-91.96189661799997,46.682547329000045],[-92.03399764399995,46.70894732800008],[-92.08949766599994,46.74924832900007],[-92.116597674,46.74864832700007],[-92.14329767999999,46.734648323000044],[-92.14629867799994,46.71594832100004],[-92.18909869099997,46.71754931800007],[-92.20469869299995,46.70404931500008],[-92.17609868199997,46.68634931400004],[-92.20709968599994,46.65194930700005],[-92.27059970499994,46.650749303000055],[-92.29129971299994,46.66815030300006],[-92.29404062599997,46.07438521900008],[-92.33291963599999,46.06270521500005],[-92.35176763399994,46.01569320700003],[-92.42856265799998,46.02424920300007],[-92.46936166299997,45.973819193000054],[-92.52705968099997,45.98325319000003],[-92.55194068299994,45.95165918400005],[-92.63883170599996,45.93417417500007],[-92.70770971999997,45.89490916500006],[-92.76515372799997,45.830191151000065],[-92.75782272199996,45.806582149000064],[-92.78462872399996,45.76420414100005],[-92.86920074199998,45.717576128000076],[-92.88793673599997,45.639014115000066],[-92.88375672499996,45.57549110700006],[-92.77023069099994,45.566947113000026],[-92.72608967499997,45.541120113000034],[-92.72668467099999,45.51447010900006],[-92.64660963799997,45.441643104000036],[-92.65042963299999,45.39851509700003],[-92.70272764299995,45.35848008800008],[-92.70997563899994,45.321310082000025],[-92.76187564999998,45.28702107300006],[-92.75171563699996,45.21867406400003],[-92.76681563699998,45.18547405800007],[-92.73959161899995,45.11560605000005],[-92.80308662999994,45.06098603800007],[-92.76206761299994,45.02432803500005],[-92.76945260799994,44.972158027000035],[-92.75065259799999,44.93730702300007],[-92.77457859999998,44.89809201600008],[-92.76528558899997,44.83719400700005],[-92.80799558899997,44.75147799200005],[-92.63211252499997,44.64903498900003],[-92.62146351799998,44.61502498400006],[-92.56944150099997,44.603546986000026],[-92.54806748999994,44.567799982000054],[-92.33612142799996,44.554011994000064],[-92.29101240599994,44.48547198700004],[-92.23247938399999,44.44544198500006],[-92.05649332799999,44.40273699000005],[-91.97027329799994,44.36584999100006],[-91.91863227699997,44.322678987000074],[-91.92462027499994,44.29182298200004],[-91.89639526499997,44.27469798200008],[-91.87516524899996,44.20058297200006],[-91.72155919599999,44.130349971000044],[-91.70749818899998,44.10391396800003],[-91.59207714599995,44.03137996400005],[-91.44054309899997,44.00150897000003],[-91.36664906999994,43.937470965000045],[-91.28414503499994,43.847072956000034],[-91.24414201399998,43.77467494700005],[-91.27325900899996,43.666630929000064],[-91.26875500199998,43.61535592100006],[-91.23187198699998,43.58182991800004],[-91.24318998499996,43.54031691100005],[-91.21829897499998,43.51444190800004],[-91.21604197099998,43.48114990300007],[-91.23337397199998,43.45517589800005],[-91.19767695499996,43.395341891000044],[-91.21499695699998,43.36801388600003],[-91.20185395099998,43.34911088300004],[-91.10724391899998,43.31365288400008],[-91.05792489799995,43.25537387800006],[-91.17825791699994,43.12498984900003],[-91.14556688299996,42.90798781700005],[-91.10057186699999,42.88308581600006],[-91.05373983699997,42.73824579500007],[-90.94921980099997,42.68558079300004],[-90.70921072699997,42.636085800000046],[-90.64563369799998,42.544107789000066],[-90.64284969299996,42.508488784000065],[-87.80209686299997,42.49258394800006],[-87.81713088299995,42.635459971000046],[-87.77802387999998,42.718917988000044],[-87.77817988399994,42.76282699500007],[-87.75791888099997,42.78214399900003],[-87.82448690599995,42.83475200400005],[-87.84649591799996,42.88415101100003],[-87.84502392499996,42.96114002400003],[-87.89748594699995,43.02009903100003],[-87.89500594899994,43.04254303500005],[-87.86381194299997,43.07063004100007],[-87.90049095999996,43.125918048000074],[-87.88109095899995,43.17061705700007],[-87.91179297699995,43.250414068000055],[-87.87250997899997,43.38018609200003],[-87.79169596799994,43.49225211500004],[-87.79014097499999,43.563062126000034],[-87.70269096299995,43.68760415200006],[-87.70989096999995,43.735803159000056],[-87.69588696899996,43.76539616500003],[-87.72641298399998,43.81045317000007],[-87.73618399499998,43.88042918100007],[-87.68336699499997,44.020147207000036],[-87.65608898999994,44.05180221400008],[-87.64658899299997,44.10470222300006],[-87.56318697299997,44.14420323400003],[-87.51290896299997,44.192816245000074],[-87.50842496599995,44.229677251000055],[-87.54538798799996,44.32139326300006],[-87.46809899199997,44.551933305000034],[-87.35379497499997,44.70192333600005],[-87.31854497399996,44.788512351000065],[-87.26744696599997,44.84685936400007],[-87.20455094999994,44.87560137200006],[-87.21598295699994,44.90660537600007],[-87.17170594699996,44.931484383000054],[-87.18941295699994,44.96864038800004],[-87.16353495299995,45.004898395000055],[-87.13938994699998,45.01257339800003],[-87.12315494799998,45.065974407000056],[-87.07894593399999,45.057748408000066],[-87.09273194199994,45.092659413000035],[-87.06527993199995,45.07822241200006],[-87.04803292799994,45.08776641500003],[-87.05105493199994,45.116180419000045],[-87.08132294499995,45.14180242100008],[-87.07086494299995,45.15303342400006],[-87.04575393299996,45.13499542200003],[-87.02885292899998,45.14637842500008],[-87.04523093599994,45.15840942600005],[-87.03521294099994,45.22958243800008],[-87.00281192899996,45.21178143700007],[-86.98138492299995,45.21775743900008],[-86.97246592899995,45.28412545000003],[-86.99411793699994,45.29806945100006],[-87.04390095099996,45.284775446000026],[-87.06744895899999,45.29582844600003],[-87.07751995699994,45.25267743900008],[-87.10874896699994,45.25701143800006],[-87.11997796199995,45.19111142700007],[-87.16718497599999,45.183602423000025],[-87.17259197399994,45.15135741700004],[-87.23700299499995,45.16945741600006],[-87.28406399499994,45.046498394000025],[-87.30165200099998,45.05422239400008],[-87.32135700499998,45.03822339100003],[-87.40501101499996,44.911814366000044],[-87.38363700599996,44.88512336300005],[-87.385553,44.83114535400006],[-87.43855602199994,44.881017359000055],[-87.41911201599999,44.88538636100003],[-87.433134022,44.89274936100003],[-87.48561603299999,44.85457035200005],[-87.51884804499997,44.87203935200006],[-87.50415503899995,44.85625535100007],[-87.53395904799999,44.857261349000055],[-87.55668305099994,44.82490834300006],[-87.56571405399995,44.830134343000054],[-87.55029405199997,44.85129834700007],[-87.57831106099997,44.85339134600008],[-87.61491406999994,44.83502234100007],[-87.72089508799996,44.724556317000065],[-87.71978608399996,44.69325431200008],[-87.76578009199994,44.64203130100003],[-87.86400211899996,44.615493291000064],[-87.91363812899993,44.57759128200007],[-87.90118312399994,44.56893328100006],[-87.94380713199996,44.52970127300006],[-88.00870815299999,44.54172227000004],[-88.04345116699994,44.56979427300007],[-88.01492915999995,44.585539277000066],[-88.01350316299994,44.61447828200005],[-87.98046614999998,44.58638527900007],[-88.00977216499996,44.63708928500006],[-87.99543916499994,44.67332729200007],[-87.97703915699998,44.65332729000005],[-87.98350016699999,44.720204300000034],[-87.93887215799998,44.75912530900007],[-87.90114315499994,44.82737332200003],[-87.86624314599999,44.84048932600007],[-87.83277014099997,44.88094733500003],[-87.83903414899999,44.93172634200005],[-87.76687813099994,44.965262352000025],[-87.63030409099997,44.97687336200005],[-87.61040109699996,45.07562537900003],[-87.59718709499998,45.084162381000056],[-87.57528908599994,45.07046238000004],[-87.59204709399995,45.09426038300006],[-87.65995811599998,45.10752038100003],[-87.68390812799998,45.14414338500006],[-87.73651514799997,45.17339738600003],[-87.74173815199998,45.198209390000045],[-87.71045614999997,45.25933240100005],[-87.64813214099996,45.339404417000026],[-87.65735514799997,45.36876042100005],[-87.693962162,45.38990142200004],[-87.75411017499994,45.34945041200007],[-87.83261819899997,45.35225740800007],[-87.85013920299997,45.34044340500003],[-87.87024421199999,45.36644440800006],[-87.888058216,45.35470540500006],[-87.84932821099994,45.40388041500006],[-87.86170321799995,45.434481419000065],[-87.81298220699995,45.464167426000074],[-87.79277520599999,45.49997543300003],[-87.80339621399997,45.53828043800007],[-87.83359722599994,45.56253744000003],[-87.79237821299995,45.56306344300003],[-87.774688213,45.60203245000008],[-87.82410823399994,45.64714645400005],[-87.82317023599995,45.66274045600005],[-87.78162922399997,45.67328846100003],[-87.81015023799995,45.71023846400004],[-87.85548625399997,45.72695146400008],[-87.87581926299998,45.75389646700006],[-87.96345828999995,45.758228462000034],[-87.98966229999996,45.77203346300007],[-87.99145330399995,45.795401466000044],[-88.05064031999996,45.78098046000008],[-88.10325333699996,45.79136945800008],[-88.13507335099996,45.82170246100003],[-88.069891338,45.87272547300006],[-88.10182034899998,45.883512472000064],[-88.10291435399995,45.921877478000056],[-88.19199738499998,45.95274847700006],[-88.32695942699996,45.955079469000054],[-88.38018944799995,45.99166247100004],[-88.41692045699995,45.97533146600006],[-88.45866447299994,45.999399467000046],[-88.49250148199997,45.99216546400004],[-88.51460749199998,46.01993446600005],[-88.58900651299996,46.00508545900004],[-88.60144651799999,46.01760746100007],[-88.61641151899994,45.987708455000075],[-88.67083353599998,45.98855545200007],[-88.67913854099999,46.01354645500004],[-88.74000056199998,46.027316453000026],[-88.78016257199994,46.015403449000075],[-88.77863457399997,46.031279451000046],[-88.79618857999998,46.03372045000003],[-88.81603258399997,46.020594447000065],[-89.091636683,46.13851344700004],[-90.12049601999996,46.336860407000074],[-90.11883402299998,46.359249411000064],[-90.21660107299994,46.501767425000025],[-90.27298308999997,46.50514742100006],[-90.27713809399995,46.524495424000065],[-90.31699010499995,46.51732742000007],[-90.31086610599993,46.539373424000075],[-90.33189411499995,46.55328642400008],[-90.39332712999999,46.53262341700008],[-90.41814314199996,46.56610242000005]]]]}},{"type":"Feature","properties":{"adm0_a3":"USA","shape_name":"Oregon","ihme_name":"Oregon"},"geometry":{"type":"MultiPolygon","coordinates":[[[[-123.59140777899995,46.252355410000064],[-123.58375977699995,46.24900341100005],[-123.57297677499997,46.24981241200004],[-123.59140777899995,46.252355410000064]]],[[[-123.64152078599994,46.24886540400007],[-123.66500778799997,46.242696402000036],[-123.65065178599997,46.24407740300006],[-123.64152078599994,46.24886540400007]]],[[[-123.99459784199996,46.26302936800005],[-123.97832483899998,46.26120936900003],[-123.96468383799998,46.26398837100004],[-123.967698838,46.26561037100004],[-123.99459784199996,46.26302936800005]]],[[[-124.023829853,46.29204036600004],[-124.02834584899995,46.27397236500008],[-124.00695484399995,46.26427836600004],[-124.00291384399998,46.26592136700003],[-124.023829853,46.29204036600004]]],[[[-124.32178308899995,42.067310098000064],[-124.32377908799998,42.06444309800003],[-124.32210108799995,42.06423109800005],[-124.32178308899995,42.067310098000064]]],[[[-124.42536314399996,42.31530410400006],[-124.42694414399995,42.31285110400006],[-124.42505214399995,42.312831104000054],[-124.42536314399996,42.31530410400006]]],[[[-124.47710421099998,42.66717512100007],[-124.47587621099996,42.665500121000036],[-124.47490621099996,42.66803412100006],[-124.47710421099998,42.66717512100007]]],[[[-116.91600259499995,45.99541908100008],[-118.98714297099997,45.999860872000056],[-119.027069972,45.969139866000035],[-119.12613398099995,45.93286485400006],[-119.25716400599998,45.93993184100003],[-119.48784303899998,45.906312815000035],[-119.60056306099995,45.91958680400006],[-119.66989105999994,45.856872793000036],[-119.96575810399997,45.82437076100007],[-120.17046712499996,45.76195673600006],[-120.21076812499996,45.725956729000075],[-120.40397415199999,45.69925470800007],[-120.48237616399996,45.69445470000005],[-120.55947918599998,45.73835369500006],[-120.63498219999997,45.74585268800007],[-120.68938420299997,45.71585268000007],[-120.85568822099998,45.67155066000004],[-120.89558922199996,45.64295065400006],[-120.94399123299996,45.65645065000007],[-121.06438425199997,45.652554638000026],[-121.13196725399996,45.60976762800004],[-121.167866259,45.60610362400007],[-121.19657026599998,45.61669462200007],[-121.21579327999996,45.671243624000056],[-121.337784307,45.70495461300004],[-121.42360631899999,45.693995604000065],[-121.53312034399994,45.72654659500006],[-121.70737236499997,45.694814575000066],[-121.81131838399995,45.706766565000066],[-121.86718138999998,45.69328255800008],[-121.90828138899997,45.654404552000074],[-121.98305239399997,45.622817542000064],[-122.29491542699998,45.54354650500005],[-122.38031644699998,45.575946499000054],[-122.43868845399999,45.56359049200006],[-122.64392149599996,45.609744473000035],[-122.76382452399997,45.65714346400006],[-122.774525531,45.680442464000066],[-122.76146554499996,45.75916847000008],[-122.79561956099997,45.81000546900003],[-122.78504057199996,45.86770447400005],[-122.81152458599996,45.91273047300007],[-122.81401259599994,45.960989476000066],[-122.87810662099997,46.03128647300008],[-122.90413363699997,46.08373947300004],[-123.11591869199998,46.18527345600006],[-123.16642869999998,46.188978451000025],[-123.28018070799999,46.144848437000064],[-123.37144772199997,46.14637742700006],[-123.43100173899995,46.18157642300008],[-123.42764374899997,46.229353426000046],[-123.44760675599997,46.24983742500007],[-123.50125976899994,46.27100942000004],[-123.61952677499994,46.21531540500007],[-123.66676578299996,46.21823340000003],[-123.69344478099998,46.18981739600008],[-123.75760379499997,46.21300639000003],[-123.86422380599998,46.18953237800008],[-123.838429798,46.17105638000004],[-123.85481579799995,46.157347377000065],[-123.90251580699999,46.16870937300007],[-123.95398582299998,46.207164369000054],[-123.98983182899997,46.209229365000056],[-123.98888083299994,46.227155366000034],[-124.01264883899995,46.236855364000064],[-124.02144283899997,46.23011436300004],[-123.94754580299997,46.116136365000045],[-123.92934478399997,46.04198336300004],[-123.93748577099996,45.977311359000055],[-123.99371777299996,45.946436352000035],[-123.96275075199998,45.86997935100004],[-123.98259273099995,45.76182034300007],[-123.94604171999998,45.733254345000034],[-123.93966770999998,45.68898034400007],[-123.94945468099996,45.545394335000026],[-123.96210967199994,45.49718033100004],[-123.97866467299997,45.486859329000026],[-123.96204966099998,45.44321232800007],[-123.96574264999998,45.386247325000056],[-123.97341264499994,45.35479632200003],[-124.00777064599998,45.33681831800004],[-123.972913641,45.33689532200003],[-123.96290162799994,45.28022332000006],[-123.975439602,45.145481311000026],[-123.98954359299995,45.09405030700003],[-124.01586559099997,45.06476430200007],[-124.00551858499995,45.042936302000044],[-124.025150565,44.92818029400007],[-124.07408054599995,44.798112282000034],[-124.05791553199998,44.73516828000004],[-124.07926352299995,44.67720527500006],[-124.05829551699998,44.65887127600007],[-124.08688647099996,44.40519025900005],[-124.11521445199998,44.28649124900005],[-124.15028138599996,43.910855225000034],[-124.23203933399998,43.56239819700005],[-124.31502631399997,43.388394178000055],[-124.40282831199994,43.30587716500003],[-124.38247430299998,43.270172165000076],[-124.40174029099995,43.18490115800006],[-124.43786428299995,43.11402115100003],[-124.44688926999999,43.03181314500006],[-124.50015525799995,42.91750713300007],[-124.56625825299994,42.83639712200005],[-124.53608724499998,42.814180124000075],[-124.51367722799995,42.732954121000034],[-124.47387822199994,42.73267612500007],[-124.45075420899997,42.67580312300004],[-124.41678820199996,42.661599126000056],[-124.40119119299999,42.627197125000066],[-124.40830318899998,42.594820123000034],[-124.38999118299995,42.574763123000025],[-124.43513416699994,42.44193111100003],[-124.43307714699995,42.32398110400004],[-124.41182914099994,42.30739810500006],[-124.41416313199994,42.25216910100005],[-124.36102311299999,42.18075710200003],[-124.35404109899997,42.10354409800004],[-124.29128307999997,42.043984100000046],[-124.27047807799994,42.04555810200003],[-124.21161906199995,41.99846510400005],[-122.37852479199995,42.00949027000007],[-120.98042956999996,41.99302839300003],[-117.02620989899998,41.999895740000056],[-117.02156319899996,43.819407897000076],[-117.03289420299996,43.83003089700003],[-117.00901520099995,43.84232890000004],[-117.02108820599994,43.858969900000034],[-116.98295320099999,43.86771590500007],[-116.98193220799999,43.91248390800007],[-116.95876520599995,43.92325191200007],[-116.97234421499996,43.95836291300003],[-116.95921921399997,43.96636591500004],[-116.97619321899998,43.974724914000035],[-116.935597213,43.986879919000046],[-116.93735522099996,44.02938192200003],[-116.97319823099997,44.04943092100007],[-116.97736423899994,44.08536992300003],[-116.93371723299998,44.100044929000035],[-116.89409623699999,44.16019693700008],[-116.92540524799995,44.19154993700005],[-116.97168825799997,44.19726193300005],[-116.97591826699994,44.24284993600003],[-117.03187527799997,44.24864093200006],[-117.05304327799996,44.22908192800003],[-117.10422129699998,44.27994592700003],[-117.14340729999998,44.25826792200007],[-117.19816031299996,44.27383391800004],[-117.22266032199997,44.29758391800004],[-117.18978232299997,44.33659092400006],[-117.24268834399999,44.396553924000045],[-117.21508534399999,44.42716792900006],[-117.22508935599996,44.48235193200003],[-117.14925535199995,44.53615694400003],[-117.14826835799994,44.56437694600004],[-117.12476735699994,44.583839950000026],[-117.06228637199996,44.72714896700006],[-116.93471335999999,44.78388698400005],[-116.89816636599994,44.854324993000034],[-116.85244036399996,44.887583],[-116.832189369,44.93137900600004],[-116.85075037699994,44.95811900600006],[-116.82628437699998,44.982499010000026],[-116.85697738199997,44.975179007000065],[-116.84795738899999,45.022608012000035],[-116.72962038999998,45.14209703300003],[-116.703620404,45.23976304300004],[-116.67450640599998,45.276355049000074],[-116.67380641499994,45.32151705200005],[-116.58820842199998,45.442926070000055],[-116.55484241999994,45.46293607500007],[-116.557600429,45.503223078000076],[-116.52857143299997,45.55108408500007],[-116.46364843099997,45.60279109500004],[-116.48790744499996,45.64977509600004],[-116.53540946199996,45.69174009500006],[-116.54665647599995,45.750978098000076],[-116.59301748999997,45.77854709600007],[-116.66535750499997,45.782004089000054],[-116.71183552199994,45.82627308800005],[-116.78268953499997,45.82538208100004],[-116.79606454499998,45.85847908200003],[-116.85980856599997,45.907270080000046],[-116.87599357899995,45.95441608200008],[-116.91600259499995,45.99541908100008]]]]}},{"type":"Feature","properties":{"adm0_a3":"USA","shape_name":"North Dakota","ihme_name":"North Dakota"},"geometry":{"type":"Polygon","coordinates":[[[-96.56368081999995,45.93524688700006],[-96.57794883799994,46.026881898000056],[-96.55451584099995,46.083985907000056],[-96.57993486299995,46.17723691800006],[-96.59269086599994,46.17521891600006],[-96.58385086899995,46.208382922000055],[-96.59865387799994,46.24163392500003],[-96.58386587499996,46.25015992700003],[-96.60042388199997,46.261859927000046],[-96.59976989299997,46.330393936000064],[-96.64538090899998,46.350854936000076],[-96.68514292999998,46.413935941000034],[-96.70468793599997,46.41820794000006],[-96.70461193899996,46.438185943000065],[-96.72190594399996,46.440084941000066],[-96.71422694699999,46.470998946000066],[-96.73810095499994,46.47781994500008],[-96.73806096399994,46.53458795300003],[-96.75437897199998,46.55671995400007],[-96.74189596999997,46.564237956000056],[-96.77554098899998,46.621208961000036],[-96.78703099199998,46.61921296000003],[-96.77842499099995,46.627054961000056],[-96.79794999599994,46.62912096000008],[-96.78588699499994,46.64025696300007],[-96.80135300399996,46.668521965000025],[-96.78434800199994,46.68506196900006],[-96.79107500899994,46.717805972000065],[-96.779261008,46.72743697400006],[-96.78939801499996,46.75750897800003],[-96.77785901299995,46.76159597900005],[-96.78952801699995,46.76603197900005],[-96.77569501299996,46.766050980000045],[-96.79673102099997,46.77747198000003],[-96.78757701999996,46.786184981000076],[-96.80255302799998,46.81152898400006],[-96.78028002399998,46.825770987000055],[-96.79393402899996,46.83305898700007],[-96.77536802499998,46.83887098900004],[-96.78136703299998,46.879370994000055],[-96.76846702999995,46.87957099500005],[-96.77656703499997,46.895670996000035],[-96.75326603299999,46.92457100200005],[-96.79176704499997,46.928473],[-96.80467105099996,46.94747600100004],[-96.79500205199997,46.96544100400007],[-96.82186105999995,46.96938000200004],[-96.82135306599997,47.003653007000025],[-96.83955707099994,47.00673600600004],[-96.81273506899998,47.03827901200003],[-96.83039507799998,47.06083101300004],[-96.81683208199996,47.10912802100006],[-96.83757308999998,47.12198802100005],[-96.81998108699997,47.130942023000046],[-96.84111009599997,47.15140902400003],[-96.82271509199995,47.15623702600004],[-96.833392098,47.17633602800004],[-96.82156409599997,47.18432203000003],[-96.84472010399998,47.192910029000075],[-96.82723910099998,47.20168003200007],[-96.84564310899998,47.221115033000046],[-96.82888710699996,47.23425603600003],[-96.84732411699997,47.262765038000055],[-96.83460011399995,47.267020040000034],[-96.84752611899995,47.27178403900007],[-96.83070611999995,47.30542804500004],[-96.84698512599994,47.31584204500007],[-96.82880912299998,47.328146048000065],[-96.84601812799997,47.32841104600004],[-96.830622125,47.33865104900008],[-96.85822013799998,47.36761005000005],[-96.83778213299996,47.370816052000066],[-96.85463113799995,47.373788051000076],[-96.83745313599997,47.38928205500008],[-96.85274814299999,47.40591705600008],[-96.84231614099997,47.41189105700005],[-96.87167215099998,47.41940005600003],[-96.85282714799996,47.43229005900008],[-96.86356115499996,47.457302061000064],[-96.85190515599999,47.478704065000045],[-96.86842415999996,47.47901806400006],[-96.85219415699999,47.48585406600006],[-96.86507716199998,47.491552066000054],[-96.84228915799997,47.50864407000006],[-96.87103516999997,47.52787507000005],[-96.84539216499996,47.53957107300005],[-96.86175517299995,47.559504074000074],[-96.84750816999997,47.56623407600006],[-96.86838117599996,47.56577607500003],[-96.85170717099999,47.56850607600006],[-96.85106017599998,47.59794808000004],[-96.88858219399998,47.63845808200006],[-96.88512519899996,47.673816087000034],[-96.93086221999994,47.71539508800004],[-96.91856521799997,47.723871090000046],[-96.93518322999995,47.76747409500007],[-96.99101625299994,47.80768009500008],[-96.97419325099997,47.82298609800006],[-96.99830426099999,47.84173209900007],[-97.002465267,47.86868510200003],[-97.02316527399995,47.87398610100007],[-97.01776328099999,47.91978610700005],[-97.05456329599997,47.946287107000046],[-97.07226631899994,48.04807611800004],[-97.10449233299994,48.07243611900003],[-97.10225833699997,48.09670212200007],[-97.12321434399996,48.10665612100007],[-97.13347735299999,48.13710912400006],[-97.12233534999996,48.138605125000026],[-97.14667635799998,48.14321112400006],[-97.12102935299998,48.15909412800005],[-97.14634036199999,48.16859112700007],[-97.12922536499997,48.20961313300006],[-97.13896236899996,48.217083133000074],[-97.11784736199996,48.20977213400005],[-97.13506536899996,48.22065613400008],[-97.15175537299996,48.218940133000046],[-97.12075836499997,48.22583413600006],[-97.14443237299997,48.233195135000074],[-97.12296337299995,48.261674140000025],[-97.14512137999998,48.26775113900004],[-97.11657937399997,48.279669143000035],[-97.13809938199995,48.29085414200006],[-97.11224037599999,48.29648014500003],[-97.13799338599995,48.31012514500003],[-97.11559038199994,48.32393614800003],[-97.14172438999998,48.32573714600005],[-97.12592938799997,48.34058715000003],[-97.15628540199998,48.36620615000004],[-97.13338639799997,48.38203415400005],[-97.16329940799994,48.39199515300004],[-97.13148840199995,48.40659415700003],[-97.15485441099997,48.41747115700008],[-97.12246240199994,48.41828415900005],[-97.14576040999998,48.43027815900007],[-97.12658140699995,48.44313916200008],[-97.15055141399995,48.44121116000008],[-97.12934040999994,48.454056163000075],[-97.14614241899994,48.474060164000036],[-97.12812441399996,48.47360416600003],[-97.16267742399998,48.47779116300006],[-97.13224941799996,48.48844416700007],[-97.14995842699994,48.51199416800006],[-97.12687342199996,48.51976617100007],[-97.15406742999994,48.521934169000076],[-97.14097942899997,48.53423317200003],[-97.16603643899998,48.54919317200006],[-97.13835443199997,48.55440317400007],[-97.17533844399998,48.56246917200008],[-97.14917943799998,48.57002217500008],[-97.16064044299998,48.58094417600006],[-97.14366343799998,48.58236617700004],[-97.15398844399994,48.59508917800008],[-97.13449044099997,48.60785818100004],[-97.14980744599995,48.61273218100007],[-97.12041743899994,48.61802518400003],[-97.13079044399996,48.63211618400004],[-97.10935843799996,48.63264518600005],[-97.115723442,48.64449818700007],[-97.09874044099996,48.66129219100003],[-97.10926444399996,48.66415019000004],[-97.09033744299995,48.68452019400007],[-97.12007945399995,48.70144219400004],[-97.11000145299994,48.707784195000045],[-97.15300647399994,48.75285219700004],[-97.14592747399996,48.765611199000034],[-97.15898047999997,48.77575419900006],[-97.14729047699996,48.781148201000065],[-97.17356548699996,48.79332320000003],[-97.16258648499996,48.80012420200006],[-97.18123948999994,48.79789820000008],[-97.15876948599998,48.81093920400008],[-97.19032249599996,48.815722202000075],[-97.17382049599996,48.838317206000056],[-97.19045450599998,48.865300207000075],[-97.17779950399995,48.87532021000004],[-97.19955451099997,48.88135420900005],[-97.18976051099997,48.89449021100006],[-97.23406353399997,48.94761921400004],[-97.22873154299998,49.00057022000004],[-104.04874738599995,48.99988461100003],[-104.04545378399996,45.94531727900005],[-96.56368081999995,45.93524688700006]]]}},{"type":"Feature","properties":{"adm0_a3":"USA","shape_name":"Arkansas","ihme_name":"Arkansas"},"geometry":{"type":"Polygon","coordinates":[[[-90.30930294799998,34.99570045000007],[-90.29200194599997,35.04179946000005],[-90.20012991999994,35.03281946200008],[-90.16006391599996,35.12883648300004],[-90.10059889799999,35.11669748300005],[-90.06539788999999,35.13769748900006],[-90.11739890799998,35.187896496000064],[-90.07682589799998,35.20882350200003],[-90.07875589999998,35.22781250600008],[-90.10509890899993,35.25429451000008],[-90.152099922,35.25599550800007],[-90.16879992799994,35.27909451200003],[-90.15891892699995,35.300643517000026],[-90.10909891299997,35.30499352000004],[-90.11029891599998,35.34279252700003],[-90.074997909,35.384158537000076],[-90.13048092599996,35.41375154000008],[-90.14619692999997,35.39947453600007],[-90.13551592499994,35.37667453200004],[-90.17927093799995,35.385200532000056],[-90.16900793799994,35.42185954000007],[-90.09872492199997,35.47860155400008],[-90.06714391199995,35.46483955300005],[-90.06928890899997,35.40831254200003],[-90.05459090399995,35.389610539000046],[-90.04156890099995,35.396626541000046],[-90.05664990499997,35.40379254100003],[-90.01884789899998,35.46482255500007],[-90.05028291099995,35.51528156300003],[-90.02862590799998,35.55525557200008],[-89.98936889699996,35.56004957500005],[-89.94801588299998,35.52009656900003],[-89.90902787199997,35.52055457100005],[-89.90933787399996,35.547979576000046],[-89.94139888399997,35.556561576000036],[-89.95675488999996,35.590517582000075],[-89.85662486599995,35.63445059500003],[-89.851181866,35.657438600000035],[-89.86478786999999,35.67039160200005],[-89.89892187799995,35.65091059700006],[-89.93104188799998,35.660050597000065],[-89.95575889699995,35.69062760200006],[-89.95625989999996,35.73339261000007],[-89.91000188899994,35.759402617000035],[-89.87726187899995,35.74137561500004],[-89.82122186399994,35.75672262100005],[-89.78179885699996,35.80509063200003],[-89.70609083599999,35.81826663800007],[-89.70435683699998,35.83573264100005],[-89.77247285799996,35.86510464400004],[-89.76569485799996,35.89130564900006],[-89.74124685199996,35.90675565400005],[-89.66955883099996,35.883287652000035],[-89.64440082399994,35.89478865600006],[-89.65228482899994,35.92146866000007],[-89.71457084899998,35.96304066600004],[-89.73310085699995,36.00061467200004],[-90.37789603499994,35.99568964100007],[-90.31917402499994,36.08998266200007],[-90.23559100599994,36.13948067600006],[-90.22043100499997,36.184770685000046],[-90.12637198199997,36.229373698000074],[-90.11492798099994,36.26560170500005],[-90.08373697299999,36.27233870800006],[-90.06398596999998,36.303044715000055],[-90.081966976,36.32210371800005],[-90.06451997599999,36.38209173000007],[-90.08043198099995,36.40076973300006],[-90.13851799899999,36.41395873300007],[-90.15248700799998,36.49795874800003],[-94.61792621899997,36.49942052700004],[-94.43066908599997,35.39248433500006],[-94.48588198199997,33.63787300100006],[-94.44864397299995,33.64277200400005],[-94.47198097599994,33.60267099500004],[-94.43004596499998,33.591129995000074],[-94.41218195899995,33.568696991000024],[-94.38289395199996,33.58327399500007],[-94.38009794999994,33.56894899300005],[-94.40162295499994,33.55938399000007],[-94.38167394899995,33.54404098800006],[-94.355951942,33.54318598900005],[-94.34402994099997,33.56782999400008],[-94.30958893099995,33.55167899200006],[-94.28913592699996,33.58214999900002],[-94.29090792599999,33.558877995000046],[-94.27560792199995,33.557969995000065],[-94.24278391499996,33.58971500300004],[-94.25020391499999,33.55677099600007],[-94.20564090399995,33.567235],[-94.19640190099994,33.55512899800004],[-94.19440590199997,33.57368400200005],[-94.21720490799999,33.58074300200008],[-94.18391989999998,33.59468800600007],[-94.14216688899995,33.581396006000034],[-94.15146288999995,33.56839300300004],[-94.13514888599997,33.571039004000056],[-94.12866488299994,33.550958],[-94.11990888199995,33.567005004000066],[-94.08264787299998,33.57549800700008],[-94.05610286499996,33.56725800700008],[-94.07216286799996,33.55387000300004],[-94.04345686099998,33.552259004000064],[-94.04297082799997,33.01922490000004],[-91.16607905999996,33.00411201600008],[-91.12909405199997,33.033560023000064],[-91.12120105099996,33.059172029000024],[-91.20017307599994,33.10693603500005],[-91.20178607699995,33.12512703900006],[-91.18366807299998,33.14169704300008],[-91.13166505799995,33.12910704300003],[-91.08986804799997,33.13966104600007],[-91.09171705299997,33.22081906300008],[-91.07070304699994,33.227308065000045],[-91.04363004299995,33.27464207600008],[-91.07853605299994,33.28331207600007],[-91.10614805799997,33.24180506600004],[-91.14162107099997,33.29954507700006],[-91.14222507399995,33.34899508700005],[-91.07529905899997,33.40597210100003],[-91.05762705599994,33.44534711000006],[-91.08650406499999,33.45158211000006],[-91.10717606699995,33.39908409800006],[-91.15402307899996,33.378920092000044],[-91.20870809499996,33.40872509600007],[-91.13189107599999,33.43006910300005],[-91.11850107299995,33.44912210800004],[-91.12511507599999,33.472848112000065],[-91.16740908899999,33.49831011600003],[-91.17729908899997,33.44364410400004],[-91.23518710399998,33.43897810100003],[-91.18290709399997,33.50238511600003],[-91.23142410999998,33.56059912500007],[-91.15215408999995,33.58272713300005],[-91.13045108599994,33.60604013900007],[-91.17117409899998,33.64777214500003],[-91.21905411299997,33.66150914600007],[-91.22786311699997,33.683079150000026],[-91.16087209999995,33.707102158000055],[-91.09404607899995,33.658357151000075],[-91.03457106399998,33.673024156000054],[-91.03040806299998,33.687772159000076],[-91.05989707299995,33.714822164000054],[-91.11773908799995,33.70534815900004],[-91.14662409799996,33.73246216300004],[-91.13219109699997,33.783426174000056],[-91.02329106599996,33.762997175000066],[-90.98847205799996,33.78453618000003],[-91.04685507599999,33.81537118400007],[-91.07301708499995,33.85745519100004],[-91.01032407299994,33.92935820800005],[-91.08410109399995,33.95618521100005],[-91.08792709599999,33.975341214000025],[-91.01889607899994,34.00315722300007],[-91.00011407199997,33.96643421600004],[-90.96763806299998,33.96333021700008],[-90.96155406199995,33.97995122100008],[-90.98795407199998,34.01904422700005],[-90.89242604599997,34.02686623300008],[-90.87053404399995,34.080522245000054],[-90.88263404799994,34.09662124700003],[-90.91840105799997,34.09306024500006],[-90.94632906599998,34.10938024700005],[-90.95430606999997,34.138504253000065],[-90.91001605999998,34.165514260000066],[-90.84717404099996,34.13689025700006],[-90.81089003199997,34.15590926200008],[-90.81657803499996,34.18302926700005],[-90.88789005499996,34.181986264000045],[-90.916054063,34.19692226600006],[-90.93522606999994,34.21905626900008],[-90.92902106999998,34.24454727500006],[-90.84781404499995,34.20653627100006],[-90.82827304399996,34.27365628500007],[-90.76517102699995,34.28053028900007],[-90.74308802299998,34.302263294000056],[-90.76577003299997,34.36211530500003],[-90.67625100899994,34.371117311000035],[-90.69313500999993,34.32257630000004],[-90.66934900299998,34.31302629900006],[-90.65749400099998,34.322237302000076],[-90.65854800399995,34.37571131200008],[-90.57115098299994,34.42032532500008],[-90.58894799199999,34.49110333800007],[-90.54074198299998,34.54809135200003],[-90.58723,34.61573836300005],[-90.58842500399999,34.67096937400004],[-90.54986199499996,34.69548438000004],[-90.53806698999995,34.67323837600003],[-90.55413499199994,34.640877369000066],[-90.52448698299997,34.628510368000036],[-90.46255796999998,34.68758238300006],[-90.47519997499995,34.70083238500007],[-90.53897999199995,34.69878938100004],[-90.56565200099999,34.721059385000046],[-90.56355000099995,34.73867738800004],[-90.53541399399995,34.75006839200006],[-90.547618,34.78459539800008],[-90.51471199199995,34.801774403000024],[-90.50099998599995,34.77119339700005],[-90.52485799099998,34.750085392000074],[-90.52018698899997,34.73190838900007],[-90.45497397099996,34.735563392000074],[-90.47459597999995,34.793206403000056],[-90.45694097699999,34.82338941000006],[-90.48504398799997,34.869258417000026],[-90.46615998399994,34.89099542300005],[-90.43656697599994,34.88273742200005],[-90.42236096899995,34.83368141300008],[-90.34038594799995,34.860363422000034],[-90.30738993799997,34.846201421000046],[-90.31348194099996,34.871704425000075],[-90.25010092599996,34.90732643500007],[-90.24448192599993,34.937602441000024],[-90.30930294799998,34.99570045000007]]]}},{"type":"Feature","properties":{"adm0_a3":"USA","shape_name":"Indiana","ihme_name":"Indiana"},"geometry":{"type":"Polygon","coordinates":[[[-86.82483349999995,41.76024787800003],[-87.06603856199996,41.661852847000034],[-87.26163961599997,41.620530830000064],[-87.42077066499996,41.64101882400007],[-87.43404266999994,41.65573382600007],[-87.40852966399996,41.670620830000075],[-87.41582166799998,41.68819083300008],[-87.47074768299996,41.67284282700007],[-87.52417070199994,41.708321830000045],[-87.53165148899996,39.34806941000005],[-87.58485750399996,39.33733640500003],[-87.62049051199995,39.30714039800006],[-87.59732850399996,39.29696439700007],[-87.60495250299994,39.26021939000003],[-87.57133849299998,39.251388390000045],[-87.57456349099994,39.218411384000035],[-87.65875050799997,39.136004365000076],[-87.63510549999995,39.122305363000066],[-87.65280150399997,39.10684636000008],[-87.61488649299997,39.10266236100006],[-87.61596949199998,39.08257335700006],[-87.57259347699994,39.05729335500007],[-87.57865947399995,38.999509344000046],[-87.56043246799999,38.992432343000075],[-87.57653647199999,38.98671834100003],[-87.51219245099998,38.95442433900007],[-87.52770745299995,38.91845633100007],[-87.51673344799997,38.904130329000054],[-87.53570845199994,38.88721432500006],[-87.54409445499994,38.89510032600003],[-87.53492445099994,38.87888132300003],[-87.55339945499998,38.86241731900003],[-87.52589844599999,38.848802318000025],[-87.52734744399999,38.818128312000056],[-87.49591043299995,38.78544130800003],[-87.51455343699996,38.77182830500004],[-87.49822143199998,38.76831430500005],[-87.49608142899996,38.74212030000007],[-87.53123643499998,38.684043287000065],[-87.59725245199996,38.66532128100005],[-87.62012545699997,38.639496275000056],[-87.62735345599998,38.605447268000034],[-87.61196544999996,38.589255266000066],[-87.63763245799998,38.59266126500006],[-87.67007646299999,38.54524425500006],[-87.650097454,38.504613248000055],[-87.67238746099997,38.50740324700007],[-87.75536048099997,38.46396723500004],[-87.73037447299998,38.447891233000064],[-87.74525947399997,38.40900322500005],[-87.82341649199998,38.34597521000006],[-87.83898449099996,38.28233419700007],[-87.85965649699995,38.27671819500006],[-87.87054250299997,38.31222720100004],[-87.91111551099993,38.26803819100007],[-87.90954151199998,38.29606819600008],[-87.93356151899997,38.29590319500005],[-87.96023052199996,38.237125183000046],[-87.98762353199999,38.257388185000025],[-87.97582452399996,38.197841175000065],[-87.93430450899996,38.156466169000055],[-87.92290650699994,38.173298173000035],[-87.91143350199997,38.16174717100006],[-87.94547750899994,38.12662316300003],[-87.96576051599999,38.13262816300005],[-87.97530451699998,38.11006015800007],[-88.01312352699995,38.103534155000034],[-88.00470252299993,38.08397215200006],[-87.96046851199998,38.09909315700003],[-87.96723151099997,38.06711215000007],[-88.04213753099998,38.046352143000036],[-88.00763651999995,38.029152141000054],[-88.02583652299995,38.007252136000034],[-88.01293451599997,37.96655112900004],[-88.03679852199997,37.956800126000076],[-88.03535051899996,37.92553512000006],[-88.06961852899997,37.92685511900004],[-88.02251851499994,37.91476311900004],[-88.01336051099997,37.89486111600007],[-88.09776553599994,37.904033113000025],[-88.06504152199994,37.85317910500004],[-88.02592650999998,37.83270110300003],[-88.04383651399996,37.82153210000007],[-88.08573252599996,37.829395100000056],[-88.09004452699998,37.81677809700005],[-88.06772151899997,37.80057709500005],[-88.03762851099998,37.80987109800003],[-87.94451148199994,37.77526309600006],[-87.90380947399996,37.81776910600007],[-87.94084448899997,37.88334511700003],[-87.89806747999995,37.927521127000034],[-87.87254547299995,37.921006127000055],[-87.83058345699999,37.87652312100005],[-87.67573541499996,37.90193713300005],[-87.66346440999996,37.88663813100004],[-87.68163841299997,37.85592412400007],[-87.67554340899994,37.831739120000066],[-87.61540439199996,37.83198112300005],[-87.58374238699997,37.878087133000065],[-87.62839440299996,37.92757014000006],[-87.59002839599998,37.97547915100006],[-87.56207538499996,37.93329814500004],[-87.51150436799998,37.906433142000026],[-87.44779135299996,37.94243415200003],[-87.38543933399995,37.93767715400003],[-87.22034727999994,37.84908814500005],[-87.16232426299996,37.84016614600006],[-87.12963424899993,37.78661513700007],[-87.10433924199998,37.783409138000025],[-87.06591323299995,37.80759514400006],[-87.03417123099996,37.906272165000075],[-86.91795419999994,37.93724717600003],[-86.82007617599999,37.999399193000045],[-86.79551516799995,37.989460192000024],[-86.73146514299998,37.89434717700004],[-86.68093412899998,37.91501718300003],[-86.64708611899994,37.908628183000076],[-86.66164211899996,37.849721171000056],[-86.63827011199999,37.84272517100004],[-86.59811310199996,37.86738917800005],[-86.58858610299995,37.921166189000076],[-86.53416108699997,37.91701419000003],[-86.50662507999994,37.930726194000044],[-86.52517908799996,37.96823520100003],[-86.52183009299995,38.03833421400003],[-86.45219707299998,38.05049722000007],[-86.43009606899994,38.07864522600005],[-86.46386308099994,38.10118422900007],[-86.46325308199994,38.11928523200004],[-86.42954607199994,38.12528823500003],[-86.40188406299995,38.10433623200004],[-86.37978005799994,38.12928123800003],[-86.32385204299999,38.138419243000044],[-86.32393804399999,38.15238124500007],[-86.37743906099996,38.171386246000054],[-86.35772205699999,38.19881425300008],[-86.27285202799999,38.140842245000044],[-86.26720801999994,38.056805230000066],[-86.17656198999998,38.010237225000026],[-86.08634596399997,38.00493822800007],[-86.04231194799996,37.958178221000026],[-86.02951394599995,37.99264722800007],[-85.94711892299995,38.00509223500006],[-85.92565891799995,38.02179123900004],[-85.90527091699994,38.08894025300003],[-85.90387792299998,38.174149269000054],[-85.84438590999997,38.231055283000046],[-85.82922090899996,38.276515292000056],[-85.78103189599994,38.28848329700003],[-85.74508188399994,38.26719729400003],[-85.68356586799996,38.295476303000044],[-85.65136886099998,38.330749311000034],[-85.60446185599994,38.44082733400006],[-85.49887082699996,38.46824934400007],[-85.46686882099993,38.51084735400008],[-85.42244580999994,38.53293836000006],[-85.41582580999994,38.563565366000034],[-85.45648583099995,38.68507638800003],[-85.43630382899994,38.72849139700003],[-85.26849977999996,38.740172407000045],[-85.21326175999997,38.695453401000066],[-85.17305274799998,38.68802940100005],[-84.99193170199999,38.77854442700004],[-84.94364568699996,38.77543442900003],[-84.88728967199995,38.794783435000056],[-84.81288164899996,38.78609443700003],[-84.82996265799994,38.83063944500003],[-84.78580364799996,38.86950345400004],[-84.80025165399996,38.89107745800004],[-84.87703367799998,38.909023457000046],[-84.82986166799998,38.96939247100005],[-84.89691569499996,39.05748148500004],[-84.82016167599994,39.10548749700007],[-84.80255178399995,40.50181775800007],[-84.80588789599994,41.76022398400005],[-86.82483349999995,41.76024787800003]]]}},{"type":"Feature","properties":{"adm0_a3":"USA","shape_name":"Minnesota","ihme_name":"Minnesota"},"geometry":{"type":"MultiPolygon","coordinates":[[[[-89.57490309699995,47.980684678000046],[-89.58640109799995,47.958790675000046],[-89.55349308999996,47.97334767900003],[-89.57490309699995,47.980684678000046]]],[[[-89.66164911999994,47.95497266900003],[-89.66025411899994,47.95073466800005],[-89.65483911799998,47.95260266900004],[-89.66164911999994,47.95497266900003]]],[[[-91.55375555899997,47.089656415000036],[-91.55158655799994,47.08735141500006],[-91.55174555899998,47.09059341500006],[-91.55375555899997,47.089656415000036]]],[[[-96.45326843699996,43.50039755500006],[-91.21771297299995,43.50055790600004],[-91.24318998499996,43.54031691100005],[-91.23187198699998,43.58182991800004],[-91.26875500199998,43.61535592100006],[-91.26846201299998,43.70983193600006],[-91.24414201399998,43.77467494700005],[-91.28414503499994,43.847072956000034],[-91.43252909599994,43.996834970000066],[-91.59207714599995,44.03137996400005],[-91.70749818899998,44.10391396800003],[-91.72155919599999,44.130349971000044],[-91.87516524899996,44.20058297200006],[-91.89639526499997,44.27469798200008],[-91.92462027499994,44.29182298200004],[-91.91863227699997,44.322678987000074],[-91.97027329799994,44.36584999100006],[-92.05649332799999,44.40273699000005],[-92.23247938399999,44.44544198500006],[-92.29101240599994,44.48547198700004],[-92.33612142799996,44.554011994000064],[-92.54806748999994,44.567799982000054],[-92.56944150099997,44.603546986000026],[-92.62146351799998,44.61502498400006],[-92.63211252499997,44.64903498900003],[-92.80799558899997,44.75147799200005],[-92.76528558899997,44.83719400700005],[-92.77457859999998,44.89809201600008],[-92.75065259799999,44.93730702300007],[-92.76945260799994,44.972158027000035],[-92.76206761299994,45.02432803500005],[-92.80308662999994,45.06098603800007],[-92.73959161899995,45.11560605000005],[-92.76681563699998,45.18547405800007],[-92.75171563699996,45.21867406400003],[-92.76187564999998,45.28702107300006],[-92.70997563899994,45.321310082000025],[-92.70272764299995,45.35848008800008],[-92.65042963299999,45.39851509700003],[-92.64660963799997,45.441643104000036],[-92.72668467099999,45.51447010900006],[-92.72608967499997,45.541120113000034],[-92.77023069099994,45.566947113000026],[-92.88375672499996,45.57549110700006],[-92.88793673599997,45.639014115000066],[-92.86920074199998,45.717576128000076],[-92.78462872399996,45.76420414100005],[-92.75782272199996,45.806582149000064],[-92.76515372799997,45.830191151000065],[-92.70770971999997,45.89490916500006],[-92.63883170599996,45.93417417500007],[-92.55194068299994,45.95165918400005],[-92.52705968099997,45.98325319000003],[-92.46936166299997,45.973819193000054],[-92.42856265799998,46.02424920300007],[-92.35176763399994,46.01569320700003],[-92.33291963599999,46.06270521500005],[-92.29404062599997,46.07438521900008],[-92.29129971299994,46.66815030300006],[-92.27059970499994,46.650749303000055],[-92.20709968599994,46.65194930700005],[-92.17609868199997,46.68634931400004],[-92.20469869299995,46.70404931500008],[-92.18909869099997,46.71754931800007],[-92.14629867799994,46.71594832100004],[-92.14329767999999,46.734648323000044],[-92.116597674,46.74864832700007],[-92.08949766599994,46.74924832900007],[-92.03399764399995,46.70894732800008],[-92.01529763799994,46.70647732900005],[-92.07686866399996,46.758959332000074],[-92.09409667299997,46.78784733400005],[-92.08534767199995,46.79577533600008],[-91.84614962099994,46.92300337100005],[-91.77996460399999,46.94338237800008],[-91.70465659099995,47.00525439200004],[-91.63667857399997,47.02737140000005],[-91.64210957799997,47.038607402000025],[-91.57382456499994,47.08992541400005],[-91.46501253899999,47.13190842700004],[-91.24922049799994,47.28416446400007],[-91.15481948499996,47.380385484000044],[-91.04565346399994,47.45653350200007],[-90.77701040599999,47.60623854200003],[-90.53711234799994,47.703063572000076],[-90.08013322499994,47.80250461800006],[-89.97430319699998,47.830522630000075],[-89.92365618599996,47.862070638000034],[-89.79354615099999,47.891366651000055],[-89.68065112399995,47.94466966600004],[-89.68966412899994,47.95347466700008],[-89.67611612599995,47.96541166900005],[-89.63955211299998,47.953598670000076],[-89.64959811999995,47.97929867300007],[-89.623779115,47.99471767700004],[-89.58969610199995,47.980591677000064],[-89.49174607599997,48.005220688000065],[-89.58101410199998,47.99590768000007],[-89.61035811399995,48.01778868100007],[-89.65107212399994,48.00363367600005],[-89.77585716599998,48.02245767000005],[-89.89742119799996,47.98760765700007],[-89.93449621299999,48.01563665800006],[-89.99305723299994,48.02841265600006],[-90.02360225099994,48.08471666100007],[-90.13619828999998,48.112144657000044],[-90.37454935999995,48.09095063700005],[-90.46771939099995,48.108826633000035],[-90.55684541599999,48.09601662500006],[-90.56977042199998,48.10695962500006],[-90.55929742099994,48.121691628000065],[-90.57990442799996,48.12393062700005],[-90.75161547499994,48.09097661000004],[-90.78211549099996,48.13543561400007],[-90.79797749599999,48.136902613000075],[-90.777924494,48.16380961800007],[-90.79660349899996,48.159381616000076],[-90.82112251099994,48.184717618000036],[-90.83632051399996,48.17697161600006],[-90.83918352499995,48.23951962400008],[-90.88548753999999,48.24579262200007],[-91.08273858999996,48.18076459800005],[-91.26638762899995,48.078721571000074],[-91.42964967299997,48.04861655500008],[-91.45033768299999,48.06881455700005],[-91.48865369399994,48.06807355400008],[-91.56726171399998,48.04372754500008],[-91.57547871999998,48.06630254700008],[-91.55927972199999,48.10827655400004],[-91.64018274399996,48.09693454600006],[-91.65326875099998,48.11414554800007],[-91.68763076099998,48.11170654500006],[-91.68285276099994,48.12212654700005],[-91.71199376899995,48.114721544000076],[-91.69818176899997,48.14165154800003],[-91.70532577599994,48.170783552000046],[-91.72459178199995,48.17066555000008],[-91.71493878399997,48.19913855500005],[-91.86438982999994,48.20703954500004],[-91.89347784399996,48.23770754700007],[-91.95780586199999,48.23299754100003],[-91.95443986399994,48.25168654400005],[-91.97691086999998,48.24463454100004],[-92.00658488199997,48.26542954200005],[-92.01298788999998,48.297399546000065],[-92.00014088999995,48.32136355000006],[-92.04656990599995,48.33474854800005],[-92.055235913,48.359221551000076],[-92.14505694099995,48.36565954500003],[-92.21699095899999,48.345122537000066],[-92.26228797399995,48.35494153500008],[-92.30631698099995,48.31645052600004],[-92.29454896999994,48.27156852100006],[-92.26974995799998,48.24824952000006],[-92.36918198399997,48.22027650900003],[-92.46995603599999,48.35184451900005],[-92.47675804099998,48.371768521000035],[-92.45633304199998,48.414212528000064],[-92.50729306299996,48.447883528000034],[-92.656035106,48.436717516000044],[-92.71257012699994,48.46302151500004],[-92.69883212899998,48.494900520000044],[-92.62724510899994,48.503391527000076],[-92.63493911799998,48.542881531000035],[-92.72805414499999,48.53929852400006],[-92.94984722299995,48.608277516000044],[-92.95488422899996,48.63150151800005],[-93.17810329399998,48.62334750000008],[-93.20740630599994,48.64248250000003],[-93.25486231999997,48.64279249700007],[-93.46431637299997,48.59180047400008],[-93.46751236599994,48.54567246800008],[-93.61062640499995,48.52166945400006],[-93.62887341199996,48.531218453000065],[-93.65666041699996,48.51573944900008],[-93.79446245799994,48.51602943900008],[-93.81826146699996,48.530054439000025],[-93.80677147199998,48.57762444600007],[-93.84076249099996,48.62855644900003],[-94.22428460799995,48.64953542200004],[-94.25019961699996,48.65633142100006],[-94.26054962699999,48.69638942500006],[-94.29074563799998,48.70775542400003],[-94.41619967599996,48.710956415000055],[-94.45234068299999,48.692452409000055],[-94.533331708,48.70124040400003],[-94.64539574899999,48.74408740100006],[-94.69435576999996,48.78219240100003],[-94.70429278099994,48.82429240600004],[-94.68568977799998,48.84012740900005],[-94.68435578599997,48.88396641500003],[-94.75028684499995,49.09928143600007],[-94.77323185599994,49.12074143700005],[-94.79809187799998,49.19787944500007],[-94.82556390399998,49.294397454000034],[-94.81623090599999,49.32099545800003],[-94.957473957,49.37019445300007],[-95.05841298399997,49.35317844200006],[-95.153323017,49.384366439000075],[-95.15371994499998,48.998911391000036],[-97.22873154299998,49.00057022000004],[-97.23406353399997,48.94761921400004],[-97.18976051099997,48.89449021100006],[-97.19955451099997,48.88135420900005],[-97.17779950399995,48.87532021000004],[-97.19045450599998,48.865300207000075],[-97.17382049599996,48.838317206000056],[-97.19032249599996,48.815722202000075],[-97.15876948599998,48.81093920400008],[-97.18123948999994,48.79789820000008],[-97.16258648499996,48.80012420200006],[-97.17356548699996,48.79332320000003],[-97.14729047699996,48.781148201000065],[-97.15898047999997,48.77575419900006],[-97.14592747399996,48.765611199000034],[-97.15300647399994,48.75285219700004],[-97.11000145299994,48.707784195000045],[-97.12007945399995,48.70144219400004],[-97.09033744299995,48.68452019400007],[-97.10926444399996,48.66415019000004],[-97.09874044099996,48.66129219100003],[-97.115723442,48.64449818700007],[-97.10935843799996,48.63264518600005],[-97.13079044399996,48.63211618400004],[-97.12041743899994,48.61802518400003],[-97.14980744599995,48.61273218100007],[-97.13449044099997,48.60785818100004],[-97.15398844399994,48.59508917800008],[-97.14366343799998,48.58236617700004],[-97.16064044299998,48.58094417600006],[-97.14917943799998,48.57002217500008],[-97.17533844399998,48.56246917200008],[-97.13835443199997,48.55440317400007],[-97.16603643899998,48.54919317200006],[-97.14097942899997,48.53423317200003],[-97.15406742999994,48.521934169000076],[-97.12687342199996,48.51976617100007],[-97.14995842699994,48.51199416800006],[-97.13224941799996,48.48844416700007],[-97.16267742399998,48.47779116300006],[-97.12812441399996,48.47360416600003],[-97.14614241899994,48.474060164000036],[-97.12934040999994,48.454056163000075],[-97.15055141399995,48.44121116000008],[-97.12658140699995,48.44313916200008],[-97.14576040999998,48.43027815900007],[-97.12246240199994,48.41828415900005],[-97.14038640699994,48.421582158000035],[-97.15485441099997,48.41747115700008],[-97.13148840199995,48.40659415700003],[-97.16329940799994,48.39199515300004],[-97.13338639799997,48.38203415400005],[-97.15628540199998,48.36620615000004],[-97.12592938799997,48.34058715000003],[-97.14172438999998,48.32573714600005],[-97.11559038199994,48.32393614800003],[-97.13799338599995,48.31012514500003],[-97.11224037599999,48.29648014500003],[-97.13809938199995,48.29085414200006],[-97.11657937399997,48.279669143000035],[-97.14512137999998,48.26775113900004],[-97.12296337299995,48.261674140000025],[-97.14443237299997,48.233195135000074],[-97.12075836499997,48.22583413600006],[-97.13720036999996,48.22695913500007],[-97.15175537299996,48.218940133000046],[-97.13506536899996,48.22065613400008],[-97.11784736199996,48.20977213400005],[-97.13896236899996,48.217083133000074],[-97.12922536499997,48.20961313300006],[-97.14634036199999,48.16859112700007],[-97.12102935299998,48.15909412800005],[-97.14667635799998,48.14321112400006],[-97.12233534999996,48.138605125000026],[-97.13347735299999,48.13710912400006],[-97.12321434399996,48.10665612100007],[-97.10225833699997,48.09670212200007],[-97.10449233299994,48.07243611900003],[-97.07226631899994,48.04807611800004],[-97.05456329599997,47.946287107000046],[-97.01776328099999,47.91978610700005],[-97.02316527399995,47.87398610100007],[-97.002465267,47.86868510200003],[-96.99830426099999,47.84173209900007],[-96.97419325099997,47.82298609800006],[-96.99101625299994,47.80768009500008],[-96.93518322999995,47.76747409500007],[-96.91856521799997,47.723871090000046],[-96.93086221999994,47.71539508800004],[-96.88512519899996,47.673816087000034],[-96.88858219399998,47.63845808200006],[-96.85106017599998,47.59794808000004],[-96.85170717099999,47.56850607600006],[-96.86838117599996,47.56577607500003],[-96.84750816999997,47.56623407600006],[-96.86175517299995,47.559504074000074],[-96.84539216499996,47.53957107300005],[-96.87103516999997,47.52787507000005],[-96.84228915799997,47.50864407000006],[-96.86507716199998,47.491552066000054],[-96.85219415699999,47.48585406600006],[-96.86842415999996,47.47901806400006],[-96.85190515599999,47.478704065000045],[-96.86356115499996,47.457302061000064],[-96.85282714799996,47.43229005900008],[-96.87167215099998,47.41940005600003],[-96.84231614099997,47.41189105700005],[-96.85274814299999,47.40591705600008],[-96.83745313599997,47.38928205500008],[-96.85463113799995,47.373788051000076],[-96.83778213299996,47.370816052000066],[-96.85822013799998,47.36761005000005],[-96.830622125,47.33865104900008],[-96.84601812799997,47.32841104600004],[-96.82880912299998,47.328146048000065],[-96.84698512599994,47.31584204500007],[-96.83070611999995,47.30542804500004],[-96.84752611899995,47.27178403900007],[-96.83460011399995,47.267020040000034],[-96.84732411699997,47.262765038000055],[-96.82888710699996,47.23425603600003],[-96.84564310899998,47.221115033000046],[-96.82723910099998,47.20168003200007],[-96.83573810299998,47.20194103100005],[-96.84472010399998,47.192910029000075],[-96.82156409599997,47.18432203000003],[-96.833392098,47.17633602800004],[-96.82271509199995,47.15623702600004],[-96.84111009599997,47.15140902400003],[-96.81998108699997,47.130942023000046],[-96.83757308999998,47.12198802100005],[-96.81683208199996,47.10912802100006],[-96.83039507799998,47.06083101300004],[-96.81273506899998,47.03827901200003],[-96.83955707099994,47.00673600600004],[-96.82135306599997,47.003653007000025],[-96.82186105999995,46.96938000200004],[-96.79500205199997,46.96544100400007],[-96.80467105099996,46.94747600100004],[-96.79176704499997,46.928473],[-96.75326603299999,46.92457100200005],[-96.77656703499997,46.895670996000035],[-96.76846702999995,46.87957099500005],[-96.78136703299998,46.879370994000055],[-96.77536802499998,46.83887098900004],[-96.79393402899996,46.83305898700007],[-96.78028002399998,46.825770987000055],[-96.80255302799998,46.81152898400006],[-96.78757701999996,46.786184981000076],[-96.79673102099997,46.77747198000003],[-96.77569501299996,46.766050980000045],[-96.78952801699995,46.76603197900005],[-96.77785901299995,46.76159597900005],[-96.78939801499996,46.75750897800003],[-96.779261008,46.72743697400006],[-96.79107500899994,46.717805972000065],[-96.78434800199994,46.68506196900006],[-96.80135300399996,46.668521965000025],[-96.78588699499994,46.64025696300007],[-96.79108499599994,46.63835396200005],[-96.79794999599994,46.62912096000008],[-96.77842499099995,46.627054961000056],[-96.78703099199998,46.61921296000003],[-96.77554098899998,46.621208961000036],[-96.74189596999997,46.564237956000056],[-96.75437897199998,46.55671995400007],[-96.73806096399994,46.53458795300003],[-96.73810095499994,46.47781994500008],[-96.71422694699999,46.470998946000066],[-96.72190594399996,46.440084941000066],[-96.70461193899996,46.438185943000065],[-96.70468793599997,46.41820794000006],[-96.68514292999998,46.413935941000034],[-96.64538090899998,46.350854936000076],[-96.59976989299997,46.330393936000064],[-96.60042388199997,46.261859927000046],[-96.58386587499996,46.25015992700003],[-96.59865387799994,46.24163392500003],[-96.58385086899995,46.208382922000055],[-96.59269086599994,46.17521891600006],[-96.57993486299995,46.17723691800006],[-96.55451584099995,46.083985907000056],[-96.57794883799994,46.026881898000056],[-96.56134282099998,45.94566288800007],[-96.58309380699995,45.82003187000004],[-96.662603817,45.73868985300004],[-96.83577784999994,45.64965582800005],[-96.85775984999998,45.60596982000004],[-96.76528881099995,45.52142181600004],[-96.69254977499997,45.41734580700006],[-96.52179572199998,45.375652814000034],[-96.48907370999996,45.35707881400003],[-96.45307569199997,45.29812280900006],[-96.45326843699996,43.50039755500006]]]]}},{"type":"Feature","properties":{"adm0_a3":"USA","shape_name":"Connecticut","ihme_name":"Connecticut"},"geometry":{"type":"MultiPolygon","coordinates":[[[[-72.76142807999997,41.24234140300007],[-72.74105907399996,41.252699405000044],[-72.74030007399995,41.256462406000026],[-72.75886107999997,41.253851405000034],[-72.76142807999997,41.24234140300007]]],[[[-72.76234508099998,41.260364406000065],[-72.76311608099996,41.258045406000065],[-72.76118808099994,41.25900440600003],[-72.76234508099998,41.260364406000065]]],[[[-73.21716922099995,41.143914368000026],[-73.21669022099996,41.14197636800003],[-73.21498821999995,41.14448136800007],[-73.21716922099995,41.143914368000026]]],[[[-73.35375526199994,41.08751635200008],[-73.36977626699996,41.08881035200005],[-73.35509026199998,41.08349135100008],[-73.35375526199994,41.08751635200008]]],[[[-73.38818227199994,41.073283348000075],[-73.38617926999996,41.058399345000055],[-73.38131526999996,41.070694348000075],[-73.38818227199994,41.073283348000075]]],[[[-73.40477527699994,41.06213834600004],[-73.42216628099999,41.04757034200003],[-73.39981627499998,41.06242634600005],[-73.40477527699994,41.06213834600004]]],[[[-73.60972833799997,40.990794325000024],[-73.61252933899993,40.98748232400004],[-73.60757033799996,40.99040532500004],[-73.60972833799997,40.990794325000024]]],[[[-73.63057434399997,40.98071532200004],[-73.62186634199998,40.982478323000066],[-73.62948134399994,40.98365432200006],[-73.63057434399997,40.98071532200004]]],[[[-73.63843634799997,40.994100324000044],[-73.64082034799998,40.98924432300004],[-73.63914834799994,40.98955032300006],[-73.63843634799997,40.994100324000044]]],[[[-73.48731536499997,42.04964653300004],[-73.55096233799998,41.29543038600008],[-73.48271031099995,41.21276837200003],[-73.72777638299993,41.10070434200003],[-73.65525635399996,41.01225432700005],[-73.65733735299995,40.98517932200008],[-73.63988634899994,41.00312632600003],[-73.60395333799994,41.015062330000035],[-73.57006932599995,41.00160532800004],[-73.53533931699997,41.03192833500003],[-73.52886731399997,41.01640533200003],[-73.52297931299995,41.03732133700004],[-73.49332830399999,41.04818134000004],[-73.47736529799994,41.03600533800005],[-73.46824029599998,41.05135534100003],[-73.43325128499998,41.05581634300006],[-73.36825026799994,41.10720235600007],[-73.28676024299995,41.12790436200004],[-73.26238923399995,41.11820136100005],[-73.17777520999994,41.16670537400006],[-73.10302118499999,41.151420373000065],[-73.10800618699994,41.168773377000036],[-73.08204617999996,41.19297238200005],[-73.04959917099995,41.210788387000036],[-73.01455115899995,41.204743387000065],[-72.93130613599999,41.26230140100006],[-72.93771813899997,41.281994404000045],[-72.91308813199998,41.29674540800005],[-72.89384612399994,41.25990540200007],[-72.90410812599998,41.24764239900003],[-72.88144611899997,41.24260539900007],[-72.83584710399998,41.24834940100004],[-72.82705310199998,41.26353740400003],[-72.81854309899995,41.248528402000034],[-72.75747807999994,41.26692140800003],[-72.70644706299998,41.259876408000025],[-72.71059606399996,41.24448840500003],[-72.66566805099995,41.27014741100004],[-72.58333702399995,41.27170641400005],[-72.54394200999997,41.24871241100004],[-72.52941700599996,41.26442941500005],[-72.50697499799998,41.256904414000076],[-72.45192598199998,41.27889342000003],[-72.36761795399997,41.263537420000034],[-72.34261094599998,41.26885442200006],[-72.35050495099995,41.311758430000054],[-72.31776093799994,41.277790424000045],[-72.26148791999998,41.28293442700004],[-72.24117391499993,41.30016143100005],[-72.20510990199995,41.285195429000055],[-72.20302290299998,41.31320543500004],[-72.18412289799994,41.32400543800003],[-72.16440188999997,41.30372343400006],[-72.15632088799998,41.31318643700007],[-72.11182087299994,41.299106435000056],[-72.07410486199996,41.31900144000008],[-72.00514383899997,41.306695440000055],[-71.94565282099995,41.337807448000035],[-71.87752179899996,41.33603345000006],[-71.86051379299994,41.320256448000066],[-71.82938478399996,41.34242145300004],[-71.84256379199996,41.40986346600005],[-71.79768377799996,41.41671746800006],[-71.78699478799996,41.65600051500007],[-71.80065081399994,42.023577585000055],[-72.75583912599996,42.03620355600003],[-72.76674012799998,42.00300354900003],[-72.81674214299994,41.99760354600005],[-72.81354214499999,42.03650255400004],[-73.48731536499997,42.04964653300004]]]]}}]}